eval,gen,hv,igd+,icmop,cv,run
100.0,1.0,0.0,,-1.890018385235226,0.8900183852352259,1.0
200.0,2.0,0.0,,-1.8703717297445763,0.8703717297445763,1.0
300.0,3.0,0.0,,-1.862876624473453,0.8628766244734529,1.0
400.0,4.0,0.0,,-1.8292225848036707,0.8292225848036707,1.0
500.0,5.0,0.0,,-1.802035134362795,0.8020351343627949,1.0
600.0,6.0,0.0,,-1.7886263005668226,0.7886263005668226,1.0
700.0,7.0,0.0,,-1.71756078808327,0.71756078808327,1.0
1000.0,10.0,0.0,,-1.695507190329667,0.695507190329667,1.0
1200.0,12.0,0.0,,-1.6560402200147757,0.6560402200147755,1.0
1300.0,13.0,0.0,,-1.6242316731436144,0.6242316731436144,1.0
1400.0,14.0,0.0,,-1.59395977040895,0.5939597704089499,1.0
1600.0,16.0,0.0,,-1.5745606948686637,0.5745606948686635,1.0
1700.0,17.0,0.0,,-1.562471539541308,0.562471539541308,1.0
1800.0,18.0,0.0,,-1.526342486577712,0.526342486577712,1.0
1900.0,19.0,0.0,,-1.517289739440577,0.5172897394405771,1.0
2000.0,20.0,0.0,,-1.5082791677644274,0.5082791677644274,1.0
2100.0,21.0,0.0,,-1.505870351220885,0.5058703512208851,1.0
2200.0,22.0,0.0,,-1.5022832236920345,0.5022832236920345,1.0
2300.0,23.0,0.0,,-1.4985061545700629,0.4985061545700628,1.0
2400.0,24.0,0.0,,-1.485204150216723,0.485204150216723,1.0
2600.0,26.0,0.0,,-1.475912781372981,0.4759127813729813,1.0
2700.0,27.0,0.0,,-1.4665801737900088,0.4665801737900088,1.0
2800.0,28.0,0.0,,-1.4400182622477475,0.4400182622477475,1.0
2900.0,29.0,0.0,,-1.438220979250114,0.4382209792501139,1.0
3100.0,31.0,0.0,,-1.426727457560626,0.4267274575606261,1.0
3200.0,32.0,0.0,,-1.412879568420089,0.412879568420089,1.0
3300.0,33.0,0.0,,-1.395447071408118,0.3954470714081179,1.0
3500.0,35.0,0.0,,-1.382609541711052,0.382609541711052,1.0
3600.0,36.0,0.0,,-1.3709052295122004,0.3709052295122004,1.0
3700.0,37.0,0.0,,-1.3583664742097077,0.3583664742097074,1.0
4000.0,40.0,0.0,,-1.3553610795660214,0.3553610795660213,1.0
4100.0,41.0,0.0,,-1.3369071148456655,0.3369071148456657,1.0
4300.0,43.0,0.0,,-1.3336749328121384,0.3336749328121384,1.0
4400.0,44.0,0.0,,-1.3336715145695042,0.3336715145695041,1.0
4500.0,45.0,0.0,,-1.325737837602272,0.3257378376022719,1.0
4700.0,47.0,0.0,,-1.312491361884242,0.312491361884242,1.0
5000.0,50.0,0.0,,-1.3119359699616004,0.3119359699616004,1.0
5200.0,52.0,0.0,,-1.3096366159544766,0.3096366159544765,1.0
5600.0,56.0,0.0,,-1.3095714160601184,0.3095714160601184,1.0
5800.0,58.0,0.0,,-1.3095480097932102,0.3095480097932102,1.0
5900.0,59.0,0.0,,-1.309507564865143,0.3095075648651431,1.0
6100.0,61.0,0.0,,-1.309143175408093,0.3091431754080931,1.0
6300.0,63.0,0.0,,-1.3090879700915323,0.3090879700915325,1.0
6400.0,64.0,0.0,,-1.3090575154007429,0.3090575154007429,1.0
6800.0,68.0,0.0,,-1.3090520195511348,0.3090520195511348,1.0
7000.0,70.0,0.0,,-1.309051249567306,0.3090512495673061,1.0
7400.0,74.0,0.0,,-1.3089945454585514,0.3089945454585514,1.0
7700.0,77.0,0.0,,-1.3089591096333462,0.3089591096333461,1.0
7800.0,78.0,0.0,,-1.3089583492214558,0.3089583492214558,1.0
8000.0,80.0,0.0,,-1.308950683247225,0.3089506832472251,1.0
8400.0,84.0,0.0,,-1.3089489032600432,0.3089489032600432,1.0
8500.0,85.0,0.0,,-1.3089488935713054,0.3089488935713054,1.0
8600.0,86.0,0.0,,-1.3089488599668404,0.3089488599668404,1.0
8700.0,87.0,0.0,,-1.3089487866196652,0.3089487866196652,1.0
8800.0,88.0,0.0,,-1.3089486496938336,0.3089486496938336,1.0
9300.0,93.0,0.0,,-1.3089486487279092,0.3089486487279091,1.0
9500.0,95.0,0.0,,-1.2904142366055802,0.2904142366055802,1.0
9700.0,97.0,0.0,,-1.288354732132704,0.288354732132704,1.0
9800.0,98.0,0.0,,-1.2854946637671665,0.2854946637671665,1.0
10100.0,101.0,0.0,,-1.285488113346331,0.2854881133463309,1.0
10200.0,102.0,0.0,,-1.2843577696597608,0.2843577696597608,1.0
10300.0,103.0,0.0,,-1.2822567806247165,0.2822567806247162,1.0
10500.0,105.0,0.0,,-1.276181516394261,0.2761815163942609,1.0
10600.0,106.0,0.0,,-1.272972706018392,0.2729727060183919,1.0
10900.0,109.0,0.0,,-1.272065518922224,0.2720655189222241,1.0
11100.0,111.0,0.0,,-1.2720610236952856,0.2720610236952856,1.0
11200.0,112.0,0.0,,-1.2720597925499404,0.2720597925499404,1.0
11600.0,116.0,0.0,,-1.2720597922260757,0.2720597922260754,1.0
12600.0,126.0,0.0,,-1.2720597902236994,0.2720597902236994,1.0
13000.0,130.0,0.0,,-1.2709531206352875,0.2709531206352875,1.0
13200.0,132.0,0.0,,-1.2706916122255767,0.2706916122255767,1.0
13700.0,137.0,0.0,,-1.2706827404752814,0.2706827404752814,1.0
13800.0,138.0,0.0,,-1.27067771048839,0.2706777104883899,1.0
13900.0,139.0,0.0,,-1.2706760948771003,0.2706760948771005,1.0
14000.0,140.0,0.0,,-1.270643797506048,0.270643797506048,1.0
14300.0,143.0,0.0,,-1.2706437628636378,0.2706437628636378,1.0
14700.0,147.0,0.0,,-1.270333044681479,0.2703330446814789,1.0
14800.0,148.0,0.0,,-1.2703128361793856,0.2703128361793856,1.0
15100.0,151.0,0.0,,-1.2702924104854871,0.2702924104854871,1.0
15500.0,155.0,0.0,,-1.2702762954415237,0.2702762954415236,1.0
15600.0,156.0,0.0,,-1.2702725196684828,0.2702725196684827,1.0
15800.0,158.0,0.0,,-1.2702673881043467,0.2702673881043467,1.0
16200.0,162.0,0.0,,-1.2702668844492866,0.2702668844492866,1.0
16300.0,163.0,0.0,,-1.270266601469242,0.2702666014692421,1.0
16400.0,164.0,0.0,,-1.2702658897293424,0.2702658897293424,1.0
16500.0,165.0,0.0,,-1.270264530289041,0.2702645302890409,1.0
16800.0,168.0,0.0,,-1.2702643815987666,0.2702643815987666,1.0
16900.0,169.0,0.0,,-1.270264373970004,0.2702643739700041,1.0
17000.0,170.0,0.0,,-1.2702643595584382,0.2702643595584382,1.0
17100.0,171.0,0.0,,-1.2702642442911802,0.2702642442911802,1.0
17300.0,173.0,0.0,,-1.2699895736947435,0.2699895736947437,1.0
17600.0,176.0,0.0,,-1.2698715477655376,0.2698715477655375,1.0
17800.0,178.0,0.0,,-1.2694124513627694,0.2694124513627693,1.0
18000.0,180.0,0.0,,-1.2694092204226517,0.2694092204226515,1.0
18100.0,181.0,0.0,,-1.269403377977309,0.269403377977309,1.0
18200.0,182.0,0.0,,-1.26939112170938,0.26939112170938,1.0
18300.0,183.0,0.0,,-1.2693273061676964,0.2693273061676964,1.0
18500.0,185.0,0.0,,-1.269327042038493,0.269327042038493,1.0
18600.0,186.0,0.0,,-1.2693205116748776,0.2693205116748776,1.0
18900.0,189.0,0.0,,-1.2693145261299472,0.2693145261299472,1.0
19000.0,190.0,0.0,,-1.2692930980474104,0.2692930980474104,1.0
19100.0,191.0,0.0,,-1.2692564373473736,0.2692564373473736,1.0
19300.0,193.0,0.0,,-1.2692563631955949,0.2692563631955946,1.0
19400.0,194.0,0.0,,-1.26925352552365,0.2692535255236501,1.0
19600.0,196.0,0.0,,-1.269251600971682,0.2692516009716821,1.0
19800.0,198.0,0.0,,-1.268070489642772,0.2680704896427719,1.0
20200.0,202.0,0.0,,-1.26780130492011,0.26780130492011,1.0
20400.0,204.0,0.0,,-1.267781500844383,0.2677815008443829,1.0
20600.0,206.0,0.0,,-1.2673690636789017,0.2673690636789014,1.0
20900.0,209.0,0.0,,-1.2673659005908178,0.2673659005908178,1.0
21000.0,210.0,0.0,,-1.2673643229153804,0.2673643229153803,1.0
21200.0,212.0,0.0,,-1.2673634534869582,0.2673634534869582,1.0
21300.0,213.0,0.0,,-1.267363202117718,0.2673632021177181,1.0
21400.0,214.0,0.0,,-1.267362772329179,0.2673627723291789,1.0
21600.0,216.0,0.0,,-1.2673626975983694,0.2673626975983694,1.0
21800.0,218.0,0.0,,-1.2673596988391735,0.2673596988391735,1.0
21900.0,219.0,0.0,,-1.2673595920394476,0.2673595920394476,1.0
22200.0,222.0,0.0,,-1.2673595667336932,0.2673595667336932,1.0
22500.0,225.0,0.0,,-1.2673595097917765,0.2673595097917762,1.0
22600.0,226.0,0.0,,-1.267359407694677,0.267359407694677,1.0
22800.0,228.0,0.0,,-1.2673594074464345,0.2673594074464345,1.0
23000.0,230.0,0.0,,-1.2673594025187207,0.2673594025187207,1.0
23300.0,233.0,0.0,,-1.267359386616628,0.2673593866166279,1.0
23400.0,234.0,0.0,,-1.2673593688019271,0.2673593688019271,1.0
23600.0,236.0,0.0,,-1.2672950760097734,0.2672950760097734,1.0
23800.0,238.0,0.0,,-1.2672949512995535,0.2672949512995537,1.0
23900.0,239.0,0.0,,-1.26729448392472,0.26729448392472,1.0
24000.0,240.0,0.0,,-1.2672938645256002,0.2672938645256002,1.0
24400.0,244.0,0.0,,-1.2672782108763254,0.2672782108763254,1.0
24600.0,246.0,0.0,,-1.267278210869054,0.2672782108690539,1.0
24700.0,247.0,0.0,,-1.2672781648969091,0.2672781648969091,1.0
24800.0,248.0,0.0,,-1.2672781021840984,0.2672781021840984,1.0
24900.0,249.0,0.0,,-1.267278080537631,0.2672780805376309,1.0
25000.0,250.0,0.0,,-1.2672780468679066,0.2672780468679065,1.0
25300.0,253.0,0.0,,-1.2672780443620648,0.2672780443620648,1.0
25500.0,255.0,0.0,,-1.2672780417157752,0.2672780417157752,1.0
25900.0,259.0,0.0,,-1.267278041636535,0.267278041636535,1.0
26000.0,260.0,0.0,,-1.2672780416104503,0.2672780416104503,1.0
26100.0,261.0,0.0,,-1.2672780415823532,0.2672780415823532,1.0
26200.0,262.0,0.0,,-1.2672780415020957,0.2672780415020956,1.0
26300.0,263.0,0.0,,-1.2672780414986438,0.2672780414986437,1.0
26400.0,264.0,0.0,,-1.2672780414375169,0.2672780414375169,1.0
26500.0,265.0,0.0,,-1.2669832444750582,0.2669832444750581,1.0
26900.0,269.0,0.0,,-1.2669780424171762,0.2669780424171761,1.0
27000.0,270.0,0.0,,-1.2669775307160014,0.2669775307160014,1.0
27100.0,271.0,0.0,,-1.2669701655480643,0.2669701655480643,1.0
27300.0,273.0,0.0,,-1.266967631019878,0.2669676310198778,1.0
27400.0,274.0,0.0,,-1.2669659107482871,0.2669659107482873,1.0
27600.0,276.0,0.0,,-1.2669653573976494,0.2669653573976493,1.0
27800.0,278.0,0.0,,-1.2669648768894115,0.2669648768894117,1.0
27900.0,279.0,0.0,,-1.266964807834575,0.266964807834575,1.0
28000.0,280.0,0.0,,-1.266964569501122,0.266964569501122,1.0
28100.0,281.0,0.0,,-1.2669641458371403,0.2669641458371403,1.0
28400.0,284.0,0.0,,-1.2669641071561848,0.2669641071561848,1.0
28500.0,285.0,0.0,,-1.26696385560293,0.2669638556029299,1.0
28700.0,287.0,0.0,,-1.266963853785522,0.2669638537855219,1.0
29000.0,290.0,0.0,,-1.2669638526987632,0.2669638526987632,1.0
29200.0,292.0,0.0,,-1.2669638470273297,0.2669638470273296,1.0
29300.0,293.0,0.0,,-1.2669638456634371,0.2669638456634371,1.0
29400.0,294.0,0.0,,-1.2669638454856873,0.2669638454856873,1.0
29500.0,295.0,0.0,,-1.2669348827735296,0.2669348827735296,1.0
29600.0,296.0,0.0,,-1.266934877027346,0.2669348770273458,1.0
29700.0,297.0,0.0,,-1.2669328015995638,0.2669328015995638,1.0
29900.0,299.0,0.0,,-1.2667324458444174,0.2667324458444173,1.0
30400.0,304.0,0.0,,-1.2667313298643892,0.2667313298643892,1.0
30500.0,305.0,0.0,,-1.266727972027722,0.266727972027722,1.0
30700.0,307.0,0.0,,-1.266727848047188,0.2667278480471879,1.0
30800.0,308.0,0.0,,-1.2667271327782488,0.2667271327782488,1.0
30900.0,309.0,0.0,,-1.266727085022599,0.2667270850225987,1.0
31200.0,312.0,0.0,,-1.266727084991485,0.2667270849914849,1.0
31400.0,314.0,0.0,,-1.266727083301543,0.2667270833015429,1.0
31500.0,315.0,0.0,,-1.2667270832763555,0.2667270832763557,1.0
31600.0,316.0,0.0,,-1.2667270813852325,0.2667270813852325,1.0
31700.0,317.0,0.0,,-1.2667270768624377,0.2667270768624377,1.0
31900.0,319.0,0.0,,-1.2667270696263562,0.2667270696263562,1.0
32000.0,320.0,0.0,,-1.2667270598534048,0.2667270598534048,1.0
32100.0,321.0,0.0,,-1.266727055618135,0.2667270556181349,1.0
32300.0,323.0,0.0,,-1.2667270548250589,0.2667270548250589,1.0
32400.0,324.0,0.0,,-1.2667270548248737,0.2667270548248737,1.0
32500.0,325.0,0.0,,-1.2666826646117355,0.2666826646117357,1.0
32600.0,326.0,0.0,,-1.266682355659902,0.266682355659902,1.0
32900.0,329.0,0.0,,-1.2666810374538564,0.2666810374538564,1.0
33100.0,331.0,0.0,,-1.266671031798347,0.2666710317983469,1.0
33200.0,332.0,0.0,,-1.266670614705843,0.2666706147058431,1.0
33500.0,335.0,0.0,,-1.266667844291029,0.2666678442910291,1.0
33600.0,336.0,0.0,,-1.2666678044085318,0.2666678044085318,1.0
33700.0,337.0,0.0,,-1.2666652113759755,0.2666652113759755,1.0
34000.0,340.0,0.0,,-1.266665111518739,0.266665111518739,1.0
34100.0,341.0,0.0,,-1.2666648933118112,0.2666648933118112,1.0
34200.0,342.0,0.0,,-1.266664892715673,0.2666648927156729,1.0
34300.0,343.0,0.0,,-1.266664849573904,0.2666648495739041,1.0
34400.0,344.0,0.0,,-1.266664784658956,0.266664784658956,1.0
34500.0,345.0,0.0,,-1.2666645868980095,0.2666645868980095,1.0
35200.0,352.0,0.0,,-1.266664582401163,0.2666645824011631,1.0
35400.0,354.0,0.0,,-1.26666458211619,0.2666645821161899,1.0
35500.0,355.0,0.0,,-1.2666299330637878,0.2666299330637878,1.0
35600.0,356.0,0.0,,-1.2666299327796418,0.2666299327796417,1.0
35800.0,358.0,0.0,,-1.2666077729913552,0.2666077729913552,1.0
36200.0,362.0,0.0,,-1.2664805196203568,0.2664805196203568,1.0
36300.0,363.0,0.0,,-1.2664704875330386,0.2664704875330386,1.0
36400.0,364.0,0.0,,-1.2664652594321144,0.2664652594321144,1.0
36500.0,365.0,0.0,,-1.2664637825150262,0.2664637825150262,1.0
36700.0,367.0,0.0,,-1.266463687738845,0.2664636877388453,1.0
36800.0,368.0,0.0,,-1.266456060736148,0.2664560607361479,1.0
36900.0,369.0,0.0,,-1.2664560599026269,0.2664560599026266,1.0
37100.0,371.0,0.0,,-1.266456014617583,0.2664560146175829,1.0
37200.0,372.0,0.0,,-1.2664558360071243,0.2664558360071245,1.0
37600.0,376.0,0.0,,-1.2664554769003065,0.2664554769003064,1.0
37900.0,379.0,0.0,,-1.2664554697039765,0.2664554697039765,1.0
38100.0,381.0,0.0,,-1.2664554650612274,0.2664554650612274,1.0
38400.0,384.0,0.0,,-1.2664554492387785,0.2664554492387783,1.0
38500.0,385.0,0.0,,-1.2664553647154229,0.2664553647154228,1.0
39300.0,393.0,0.0,,-1.2664553641050214,0.2664553641050213,1.0
39500.0,395.0,0.0,,-1.266455361751156,0.266455361751156,1.0
39700.0,397.0,0.0,,-1.2664553610455531,0.2664553610455531,1.0
39900.0,399.0,0.0,,-1.2664553605823212,0.2664553605823212,1.0
40000.0,400.0,0.0,,-1.2664068737799017,0.2664068737799014,1.0
40400.0,404.0,0.0,,-1.26639281935822,0.2663928193582201,1.0
40700.0,407.0,0.0,,-1.2662860968208245,0.2662860968208242,1.0
40800.0,408.0,0.0,,-1.2662698501062133,0.2662698501062133,1.0
40900.0,409.0,0.0,,-1.2662667496249953,0.2662667496249953,1.0
41100.0,411.0,0.0,,-1.2662595133540688,0.2662595133540688,1.0
41200.0,412.0,0.0,,-1.2662582954985913,0.2662582954985912,1.0
41500.0,415.0,0.0,,-1.266258274823724,0.2662582748237241,1.0
41800.0,418.0,0.0,,-1.2662582408672396,0.2662582408672396,1.0
41900.0,419.0,0.0,,-1.2662582401304412,0.2662582401304412,1.0
42000.0,420.0,0.0,,-1.2662582337135169,0.2662582337135168,1.0
42100.0,421.0,0.0,,-1.2662549262911933,0.2662549262911933,1.0
42200.0,422.0,0.0,,-1.2661928730790368,0.2661928730790368,1.0
42300.0,423.0,0.0,,-1.2661915255561156,0.2661915255561156,1.0
42500.0,425.0,0.0,,-1.266187778106972,0.2661877781069719,1.0
42600.0,426.0,0.0,,-1.266186334057659,0.2661863340576587,1.0
42800.0,428.0,0.0,,-1.266118937930689,0.2661189379306889,1.0
43200.0,432.0,0.0,,-1.266118354932848,0.2661183549328478,1.0
43400.0,434.0,0.0,,-1.266116313145507,0.2661163131455073,1.0
43500.0,435.0,0.0,,-1.26611371549586,0.2661137154958599,1.0
43800.0,438.0,0.0,,-1.26607180110326,0.2660718011032599,1.0
44100.0,441.0,0.0,,-1.2660709415683424,0.2660709415683424,1.0
44200.0,442.0,0.0,,-1.2660420682073534,0.2660420682073534,1.0
44300.0,443.0,0.0,,-1.2660420099878469,0.2660420099878466,1.0
44400.0,444.0,0.0,,-1.2660410759386636,0.2660410759386635,1.0
44500.0,445.0,0.0,,-1.2660389402213297,0.2660389402213297,1.0
44600.0,446.0,0.0,,-1.2660386956175755,0.2660386956175755,1.0
44700.0,447.0,0.0,,-1.2660386496760725,0.2660386496760722,1.0
44900.0,449.0,0.0,,-1.266038584913045,0.2660385849130453,1.0
45200.0,452.0,0.0,,-1.2660385550414,0.2660385550413999,1.0
45300.0,453.0,0.0,,-1.2660385080245962,0.2660385080245961,1.0
45600.0,456.0,0.0,,-1.2660384308979349,0.2660384308979349,1.0
45700.0,457.0,0.0,,-1.2660384308877697,0.2660384308877694,1.0
45800.0,458.0,0.0,,-1.266038429419822,0.2660384294198221,1.0
46000.0,460.0,0.0,,-1.2660384128023885,0.2660384128023882,1.0
46300.0,463.0,0.0,,-1.266038412344849,0.2660384123448489,1.0
46500.0,465.0,0.0,,-1.2660384120757318,0.2660384120757317,1.0
46600.0,466.0,0.0,,-1.2659975781282582,0.2659975781282582,1.0
46800.0,468.0,0.0,,-1.265997420679679,0.2659974206796787,1.0
47100.0,471.0,0.0,,-1.2659895508270829,0.2659895508270828,1.0
47300.0,473.0,0.0,,-1.265989522816358,0.265989522816358,1.0
47400.0,474.0,0.0,,-1.2659878185156332,0.2659878185156332,1.0
47500.0,475.0,0.0,,-1.2659877385843,0.2659877385842999,1.0
47600.0,476.0,0.0,,-1.2659865925688931,0.2659865925688931,1.0
47700.0,477.0,0.0,,-1.2659859771569304,0.2659859771569304,1.0
47800.0,478.0,0.0,,-1.2659849563167298,0.2659849563167298,1.0
48000.0,480.0,0.0,,-1.265938720120254,0.2659387201202539,1.0
48200.0,482.0,0.0,,-1.265917808094578,0.2659178080945779,1.0
48400.0,484.0,0.0,,-1.2658609249552404,0.2658609249552404,1.0
48600.0,486.0,0.0,,-1.2658542478518964,0.2658542478518964,1.0
48800.0,488.0,0.0,,-1.2658537495408642,0.2658537495408641,1.0
48900.0,489.0,0.0,,-1.265851434456876,0.2658514344568758,1.0
49000.0,490.0,0.0,,-1.2658507945810809,0.2658507945810808,1.0
49200.0,492.0,0.0,,-1.2658507931310232,0.2658507931310232,1.0
49300.0,493.0,0.0,,-1.265850790185342,0.2658507901853419,1.0
49400.0,494.0,0.0,,-1.265850722482151,0.2658507224821509,1.0
49500.0,495.0,0.0,,-1.2658507217672363,0.2658507217672363,1.0
49900.0,499.0,0.0,,-1.2658507211624586,0.2658507211624585,1.0
50000.0,500.0,0.0,,-1.265850717126633,0.2658507171266331,1.0
50100.0,501.0,0.0,,-1.2658507134250567,0.2658507134250567,1.0
50200.0,502.0,0.0,,-1.2658507101961702,0.2658507101961702,1.0
50500.0,505.0,0.0,,-1.2657847484881386,0.2657847484881386,1.0
50700.0,507.0,0.0,,-1.2657846930586365,0.2657846930586365,1.0
51000.0,510.0,0.0,,-1.2657830621524335,0.2657830621524337,1.0
51100.0,511.0,0.0,,-1.2657830024201076,0.2657830024201075,1.0
51200.0,512.0,0.0,,-1.265771148879779,0.2657711488797789,1.0
51300.0,513.0,0.0,,-1.2657130403997647,0.2657130403997647,1.0
51400.0,514.0,0.0,,-1.2657130386049713,0.2657130386049713,1.0
51500.0,515.0,0.0,,-1.2656995564397704,0.2656995564397704,1.0
51700.0,517.0,0.0,,-1.2656946340165347,0.2656946340165347,1.0
51800.0,518.0,0.0,,-1.2656944268634231,0.2656944268634231,1.0
52100.0,521.0,0.0,,-1.26569424291788,0.2656942429178801,1.0
52200.0,522.0,0.0,,-1.265694191482662,0.265694191482662,1.0
52300.0,523.0,0.0,,-1.2656941018001788,0.2656941018001788,1.0
52400.0,524.0,0.0,,-1.2656883731935482,0.2656883731935482,1.0
52500.0,525.0,0.0,,-1.265688191121971,0.265688191121971,1.0
52600.0,526.0,0.0,,-1.2656502604225943,0.2656502604225945,1.0
52700.0,527.0,0.0,,-1.265649977175374,0.265649977175374,1.0
53000.0,530.0,0.0,,-1.2656493876259691,0.2656493876259693,1.0
53200.0,532.0,0.0,,-1.2656451396135506,0.2656451396135506,1.0
53500.0,535.0,0.0,,-1.265645129643284,0.265645129643284,1.0
53700.0,537.0,0.0,,-1.2656441828468747,0.2656441828468747,1.0
53800.0,538.0,0.0,,-1.2655443030748028,0.2655443030748028,1.0
53900.0,539.0,0.0,,-1.2655443029940925,0.2655443029940922,1.0
54200.0,542.0,0.0,,-1.2655440437905754,0.2655440437905754,1.0
54300.0,543.0,0.0,,-1.2655365742996545,0.2655365742996545,1.0
54400.0,544.0,0.0,,-1.2655275025353558,0.2655275025353558,1.0
54500.0,545.0,0.0,,-1.2655220455511276,0.2655220455511276,1.0
54700.0,547.0,0.0,,-1.2655205476074194,0.2655205476074194,1.0
54800.0,548.0,0.0,,-1.265519795441658,0.2655197954416579,1.0
54900.0,549.0,0.0,,-1.2655183826194594,0.2655183826194593,1.0
55000.0,550.0,0.0,,-1.2655168504140095,0.2655168504140097,1.0
56100.0,561.0,0.0,,-1.2655168361329532,0.2655168361329532,1.0
56200.0,562.0,0.0,,-1.2655168217831296,0.2655168217831296,1.0
56300.0,563.0,0.0,,-1.2655168106608548,0.2655168106608547,1.0
56500.0,565.0,0.0,,-1.2655167842862651,0.2655167842862651,1.0
56800.0,568.0,0.0,,-1.2655167838489827,0.2655167838489827,1.0
56900.0,569.0,0.0,,-1.2655167835346557,0.2655167835346557,1.0
57100.0,571.0,0.0,,-1.2655167835346333,0.2655167835346332,1.0
57200.0,572.0,0.0,,-1.265497979369691,0.265497979369691,1.0
57400.0,574.0,0.0,,-1.2654902964676398,0.2654902964676398,1.0
57500.0,575.0,0.0,,-1.2654896757621368,0.2654896757621368,1.0
57600.0,576.0,0.0,,-1.2653523982118038,0.2653523982118038,1.0
57800.0,578.0,0.0,,-1.2653391495425554,0.2653391495425554,1.0
57900.0,579.0,0.0,,-1.265339148822071,0.2653391488220711,1.0
58000.0,580.0,0.0,,-1.265295697662458,0.2652956976624581,1.0
58100.0,581.0,0.0,,-1.2652802391193003,0.2652802391193003,1.0
58200.0,582.0,0.0,,-1.2652800669066486,0.2652800669066486,1.0
58400.0,584.0,0.0,,-1.2651888710674442,0.2651888710674441,1.0
59000.0,590.0,0.0,,-1.265188698958633,0.2651886989586329,1.0
59300.0,593.0,0.0,,-1.265184663507171,0.265184663507171,1.0
59400.0,594.0,0.0,,-1.2651846634939954,0.2651846634939954,1.0
59500.0,595.0,0.0,,-1.2651826505763717,0.2651826505763717,1.0
59700.0,597.0,0.0,,-1.2651826275229316,0.2651826275229316,1.0
59800.0,598.0,0.0,,-1.2651824488406185,0.2651824488406185,1.0
59900.0,599.0,0.0,,-1.2651824179686009,0.2651824179686008,1.0
60000.0,600.0,0.0,,-1.2651824122029949,0.2651824122029946,1.0
60100.0,601.0,0.0,,-1.265181986787526,0.265181986787526,1.0
60300.0,603.0,0.0,,-1.265105857700687,0.265105857700687,1.0
60500.0,605.0,0.0,,-1.2651046781701671,0.2651046781701671,1.0
60700.0,607.0,0.0,,-1.2650795707187568,0.2650795707187567,1.0
61000.0,610.0,0.0,,-1.2650795668980943,0.2650795668980945,1.0
61100.0,611.0,0.0,,-1.265077158042895,0.265077158042895,1.0
61200.0,612.0,0.0,,-1.2650762055868032,0.2650762055868032,1.0
61300.0,613.0,0.0,,-1.265068692450079,0.2650686924500789,1.0
61400.0,614.0,0.0,,-1.265060827820018,0.2650608278200179,1.0
61500.0,615.0,0.0,,-1.265041935207284,0.2650419352072841,1.0
61600.0,616.0,0.0,,-1.2650381886035529,0.2650381886035526,1.0
61900.0,619.0,0.0,,-1.264997328482714,0.264997328482714,1.0
62000.0,620.0,0.0,,-1.264994283737217,0.264994283737217,1.0
62300.0,623.0,0.0,,-1.2649921194820202,0.2649921194820201,1.0
62400.0,624.0,0.0,,-1.264991205386614,0.2649912053866141,1.0
62500.0,625.0,0.0,,-1.264989272297958,0.2649892722979579,1.0
62800.0,628.0,0.0,,-1.26498712090872,0.26498712090872,1.0
62900.0,629.0,0.0,,-1.2649870907937375,0.2649870907937377,1.0
63000.0,630.0,0.0,,-1.264984196094548,0.264984196094548,1.0
63200.0,632.0,0.0,,-1.2649838009714398,0.2649838009714398,1.0
63300.0,633.0,0.0,,-1.2649833283065473,0.2649833283065472,1.0
63500.0,635.0,0.0,,-1.264983079374475,0.2649830793744749,1.0
63600.0,636.0,0.0,,-1.2649819964952624,0.2649819964952624,1.0
63700.0,637.0,0.0,,-1.2649819632903303,0.2649819632903303,1.0
63800.0,638.0,0.0,,-1.2649817392558609,0.2649817392558606,1.0
63900.0,639.0,0.0,,-1.264981594543383,0.2649815945433833,1.0
64300.0,643.0,0.0,,-1.2649815870198158,0.2649815870198158,1.0
64500.0,645.0,0.0,,-1.26498158694607,0.2649815869460699,1.0
64700.0,647.0,0.0,,-1.2649815866993872,0.2649815866993872,1.0
64800.0,648.0,0.0,,-1.26498156220234,0.2649815622023399,1.0
64900.0,649.0,0.0,,-1.2649815621410214,0.2649815621410214,1.0
65100.0,651.0,0.0,,-1.2649815619838738,0.2649815619838738,1.0
65400.0,654.0,0.0,,-1.2649815617800555,0.2649815617800555,1.0
65500.0,655.0,0.0,,-1.264981561593462,0.2649815615934618,1.0
65600.0,656.0,0.0,,-1.2649815615521405,0.2649815615521402,1.0
65700.0,657.0,0.0,,-1.264981561534804,0.2649815615348041,1.0
65900.0,659.0,0.0,,-1.2649815615347255,0.2649815615347257,1.0
66000.0,660.0,0.0,,-1.2649815615092317,0.2649815615092317,1.0
66100.0,661.0,0.0,,-1.2649815615089703,0.2649815615089703,1.0
66200.0,662.0,0.0,,-1.2649815614862665,0.2649815614862665,1.0
66300.0,663.0,0.0,,-1.2649815614713762,0.2649815614713762,1.0
66400.0,664.0,0.0,,-1.2649815614613793,0.2649815614613793,1.0
66500.0,665.0,0.0,,-1.2649815614613649,0.2649815614613648,1.0
66600.0,666.0,0.0,,-1.264981561453906,0.2649815614539059,1.0
66700.0,667.0,0.0,,-1.2649815614538171,0.2649815614538171,1.0
66800.0,668.0,0.0,,-1.2649815614529194,0.2649815614529194,1.0
66900.0,669.0,0.0,,-1.2649815614524968,0.2649815614524968,1.0
67000.0,670.0,0.0,,-1.2649171978120548,0.2649171978120548,1.0
67100.0,671.0,0.0,,-1.2649171289032386,0.2649171289032386,1.0
67400.0,674.0,0.0,,-1.264917043875864,0.2649170438758639,1.0
67500.0,675.0,0.0,,-1.2649170287382532,0.2649170287382532,1.0
67600.0,676.0,0.0,,-1.264916916008722,0.2649169160087221,1.0
67800.0,678.0,0.0,,-1.2648802215045083,0.2648802215045083,1.0
68000.0,680.0,0.0,,-1.2648618983575366,0.2648618983575366,1.0
68100.0,681.0,0.0,,-1.2648526160649016,0.2648526160649016,1.0
68300.0,683.0,0.0,,-1.2648526157395912,0.2648526157395912,1.0
68400.0,684.0,0.0,,-1.2648526078570543,0.2648526078570543,1.0
68500.0,685.0,0.0,,-1.2648524236380512,0.2648524236380511,1.0
68600.0,686.0,0.0,,-1.2648517753509778,0.2648517753509778,1.0
68800.0,688.0,0.0,,-1.2648516260635807,0.2648516260635807,1.0
68900.0,689.0,0.0,,-1.264850976210098,0.2648509762100979,1.0
69100.0,691.0,0.0,,-1.264773229127086,0.2647732291270861,1.0
69400.0,694.0,0.0,,-1.2647657720147687,0.2647657720147687,1.0
69700.0,697.0,0.0,,-1.264765753124807,0.2647657531248071,1.0
69800.0,698.0,0.0,,-1.264765236392262,0.2647652363922621,1.0
70000.0,700.0,0.0,,-1.264707610203241,0.2647076102032411,1.0
70100.0,701.0,0.0,,-1.2646957351169283,0.2646957351169283,1.0
70200.0,702.0,0.0,,-1.264695083916784,0.2646950839167838,1.0
70400.0,704.0,0.0,,-1.2646942689426668,0.2646942689426668,1.0
70500.0,705.0,0.0,,-1.2646913788088097,0.2646913788088096,1.0
70600.0,706.0,0.0,,-1.2646913673593074,0.2646913673593074,1.0
70800.0,708.0,0.0,,-1.2646912576231513,0.2646912576231512,1.0
71200.0,712.0,0.0,,-1.2646911904450375,0.2646911904450375,1.0
71300.0,713.0,0.0,,-1.2646909888100053,0.2646909888100053,1.0
71400.0,714.0,0.0,,-1.264690975322063,0.264690975322063,1.0
71700.0,717.0,0.0,,-1.2646410865863895,0.2646410865863895,1.0
71800.0,718.0,0.0,,-1.264640044601234,0.264640044601234,1.0
72000.0,720.0,0.0,,-1.2646365296595268,0.2646365296595268,1.0
72100.0,721.0,0.0,,-1.264635497873053,0.2646354978730529,1.0
72200.0,722.0,0.0,,-1.2646244529287771,0.2646244529287773,1.0
72400.0,724.0,0.0,,-1.264620465841408,0.2646204658414079,1.0
72500.0,725.0,0.0,,-1.2646164864433893,0.2646164864433893,1.0
72600.0,726.0,0.0,,-1.2646063214961822,0.2646063214961822,1.0
73100.0,731.0,0.0,,-1.2646048012789968,0.2646048012789967,1.0
73200.0,732.0,0.0,,-1.2646034417475298,0.2646034417475298,1.0
73300.0,733.0,0.0,,-1.2646033374322498,0.2646033374322498,1.0
73400.0,734.0,0.0,,-1.2646030275862286,0.2646030275862285,1.0
73600.0,736.0,0.0,,-1.2646030262023096,0.2646030262023096,1.0
73700.0,737.0,0.0,,-1.2646029703718564,0.2646029703718564,1.0
73800.0,738.0,0.0,,-1.2646029492097464,0.2646029492097463,1.0
73900.0,739.0,0.0,,-1.264538835035114,0.2645388350351139,1.0
74100.0,741.0,0.0,,-1.2645330887142423,0.2645330887142423,1.0
74200.0,742.0,0.0,,-1.264531265913482,0.2645312659134819,1.0
74300.0,743.0,0.0,,-1.2645309719147613,0.2645309719147612,1.0
74400.0,744.0,0.0,,-1.2645298812258097,0.2645298812258096,1.0
74500.0,745.0,0.0,,-1.2645092614019666,0.2645092614019666,1.0
74700.0,747.0,0.0,,-1.2644927590416408,0.2644927590416408,1.0
74800.0,748.0,0.0,,-1.2644913445451738,0.2644913445451737,1.0
75000.0,750.0,0.0,,-1.2644906375411065,0.2644906375411064,1.0
75200.0,752.0,0.0,,-1.264489227557737,0.264489227557737,1.0
75300.0,753.0,0.0,,-1.2644788962877294,0.2644788962877293,1.0
75400.0,754.0,0.0,,-1.264477245957046,0.2644772459570459,1.0
75500.0,755.0,0.0,,-1.2616809694567894,0.2616809694567894,1.0
75800.0,758.0,0.0,,-1.2556063675707203,0.2556063675707205,1.0
75900.0,759.0,0.0,,-1.2438738604977244,0.2438738604977244,1.0
76300.0,763.0,0.0,,-1.243873860496617,0.243873860496617,1.0
76400.0,764.0,0.0,,-1.2401124183953818,0.2401124183953817,1.0
76500.0,765.0,0.0,,-1.2398981863702632,0.2398981863702631,1.0
76600.0,766.0,0.0,,-1.23989663053481,0.23989663053481,1.0
76700.0,767.0,0.0,,-1.2398954111292388,0.2398954111292388,1.0
76900.0,769.0,0.0,,-1.239882045954273,0.2398820459542729,1.0
77100.0,771.0,0.0,,-1.239710082238443,0.239710082238443,1.0
77500.0,775.0,0.0,,-1.239572003019304,0.239572003019304,1.0
77700.0,777.0,0.0,,-1.2395195384409647,0.2395195384409647,1.0
78100.0,781.0,0.0,,-1.239513467140054,0.239513467140054,1.0
78600.0,786.0,0.0,,-1.2395134351589887,0.2395134351589887,1.0
78700.0,787.0,0.0,,-1.23951090717627,0.23951090717627,1.0
79000.0,790.0,0.0,,-1.2395105975842364,0.2395105975842364,1.0
79500.0,795.0,0.0,,-1.239510594989128,0.239510594989128,1.0
79600.0,796.0,0.0,,-1.2395105806656364,0.2395105806656363,1.0
79800.0,798.0,0.0,,-1.2395105806634366,0.2395105806634365,1.0
79900.0,799.0,0.0,,-1.23951058043006,0.2395105804300601,1.0
80000.0,800.0,0.0,,-1.2395105804297408,0.2395105804297408,1.0
80400.0,804.0,0.0,,-1.2394853019018766,0.2394853019018765,1.0
80800.0,808.0,0.0,,-1.2394847770362425,0.2394847770362422,1.0
81100.0,811.0,0.0,,-1.2393543884036058,0.2393543884036058,1.0
81300.0,813.0,0.0,,-1.2393497075098807,0.2393497075098807,1.0
81400.0,814.0,0.0,,-1.2392858537928588,0.2392858537928588,1.0
81500.0,815.0,0.0,,-1.2385762336058554,0.2385762336058554,1.0
81700.0,817.0,0.0,,-1.23844600477429,0.23844600477429,1.0
81900.0,819.0,0.0,,-1.238367722081403,0.2383677220814033,1.0
82100.0,821.0,0.0,,-1.2381894897023873,0.2381894897023873,1.0
82200.0,822.0,0.0,,-1.238113527220152,0.238113527220152,1.0
82300.0,823.0,0.0,,-1.2381095252326195,0.2381095252326195,1.0
82500.0,825.0,0.0,,-1.2379463677703204,0.2379463677703204,1.0
82600.0,826.0,0.0,,-1.2379338956861028,0.2379338956861028,1.0
82700.0,827.0,0.0,,-1.237925489954138,0.2379254899541381,1.0
83100.0,831.0,0.0,,-1.2379242713387466,0.2379242713387466,1.0
83300.0,833.0,0.0,,-1.237917686303656,0.237917686303656,1.0
83500.0,835.0,0.0,,-1.2379159044551713,0.2379159044551713,1.0
83900.0,839.0,0.0,,-1.2379151874632528,0.2379151874632528,1.0
84100.0,841.0,0.0,,-1.237915162193079,0.237915162193079,1.0
84300.0,843.0,0.0,,-1.2378518364864832,0.2378518364864832,1.0
84700.0,847.0,0.0,,-1.2378518335497,0.2378518335496999,1.0
84800.0,848.0,0.0,,-1.2378505734829317,0.2378505734829317,1.0
85100.0,851.0,0.0,,-1.23781150683537,0.2378115068353699,1.0
85200.0,852.0,0.0,,-1.237781965622867,0.237781965622867,1.0
85300.0,853.0,0.0,,-1.237779322731697,0.2377793227316971,1.0
85600.0,856.0,0.0,,-1.2377709054673007,0.2377709054673007,1.0
85700.0,857.0,0.0,,-1.237767062405709,0.2377670624057093,1.0
85800.0,858.0,0.0,,-1.2377338136751994,0.2377338136751994,1.0
86000.0,860.0,0.0,,-1.2377336402519152,0.2377336402519152,1.0
86100.0,861.0,0.0,,-1.2377160040263913,0.2377160040263912,1.0
86300.0,863.0,0.0,,-1.237701082711565,0.2377010827115651,1.0
86400.0,864.0,0.0,,-1.2377003652648395,0.2377003652648395,1.0
86500.0,865.0,0.0,,-1.2376898870185242,0.2376898870185242,1.0
86600.0,866.0,0.0,,-1.2376817075385491,0.2376817075385493,1.0
86900.0,869.0,0.0,,-1.2376803459352543,0.2376803459352543,1.0
87000.0,870.0,0.0,,-1.2376739266136934,0.2376739266136933,1.0
87100.0,871.0,0.0,,-1.2376712324459378,0.2376712324459378,1.0
87400.0,874.0,0.0,,-1.2376707634937274,0.2376707634937274,1.0
87500.0,875.0,0.0,,-1.2376682697763717,0.2376682697763716,1.0
87700.0,877.0,0.0,,-1.2376671668804289,0.2376671668804286,1.0
87800.0,878.0,0.0,,-1.2376522118763815,0.2376522118763817,1.0
87900.0,879.0,0.0,,-1.2376489312128336,0.2376489312128336,1.0
88100.0,881.0,0.0,,-1.237648453581132,0.237648453581132,1.0
88200.0,882.0,0.0,,-1.2376384780840195,0.2376384780840195,1.0
88300.0,883.0,0.0,,-1.2375926611205774,0.2375926611205774,1.0
88400.0,884.0,0.0,,-1.2375918995420534,0.2375918995420534,1.0
88500.0,885.0,0.0,,-1.2375735209294432,0.2375735209294431,1.0
88900.0,889.0,0.0,,-1.237569589930812,0.2375695899308121,1.0
89100.0,891.0,0.0,,-1.237478268546204,0.237478268546204,1.0
89300.0,893.0,0.0,,-1.2374687699506977,0.2374687699506976,1.0
89400.0,894.0,0.0,,-1.2374682410453706,0.2374682410453705,1.0
89500.0,895.0,0.0,,-1.2374661203085866,0.2374661203085866,1.0
89600.0,896.0,0.0,,-1.237465839542765,0.2374658395427649,1.0
89800.0,898.0,0.0,,-1.2374658299601644,0.2374658299601644,1.0
89900.0,899.0,0.0,,-1.23746564188433,0.2374656418843299,1.0
90100.0,901.0,0.0,,-1.2374377541094497,0.2374377541094496,1.0
90200.0,902.0,0.0,,-1.237435715062337,0.2374357150623369,1.0
90300.0,903.0,0.0,,-1.2374349923767087,0.2374349923767087,1.0
90500.0,905.0,0.0,,-1.2373833254916269,0.2373833254916266,1.0
90800.0,908.0,0.0,,-1.2373822366468183,0.2373822366468183,1.0
90900.0,909.0,0.0,,-1.2373816585376898,0.2373816585376897,1.0
91200.0,912.0,0.0,,-1.23726858552675,0.23726858552675,1.0
91700.0,917.0,0.0,,-1.2370778882927629,0.2370778882927626,1.0
92000.0,920.0,0.0,,-1.2370740187734504,0.2370740187734503,1.0
92100.0,921.0,0.0,,-1.2370721325406766,0.2370721325406766,1.0
92400.0,924.0,0.0,,-1.236993002428785,0.2369930024287849,1.0
92600.0,926.0,0.0,,-1.2369874562222922,0.2369874562222922,1.0
92700.0,927.0,0.0,,-1.2369871839299662,0.2369871839299662,1.0
93000.0,930.0,0.0,,-1.2369097420308963,0.2369097420308965,1.0
93100.0,931.0,0.0,,-1.2369001995296585,0.2369001995296584,1.0
93400.0,934.0,0.0,,-1.2368668636099889,0.2368668636099888,1.0
93600.0,936.0,0.0,,-1.2368661446442122,0.2368661446442121,1.0
93700.0,937.0,0.0,,-1.2367713429071574,0.2367713429071574,1.0
93800.0,938.0,0.0,,-1.2367713423988629,0.2367713423988626,1.0
94000.0,940.0,0.0,,-1.23677004929321,0.2367700492932098,1.0
94100.0,941.0,0.0,,-1.236768486708133,0.236768486708133,1.0
94200.0,942.0,0.0,,-1.236768479590713,0.236768479590713,1.0
94300.0,943.0,0.0,,-1.2367684795873082,0.2367684795873081,1.0
94400.0,944.0,0.0,,-1.23676847958264,0.2367684795826399,1.0
94500.0,945.0,0.0,,-1.236766236513017,0.2367662365130169,1.0
94600.0,946.0,0.0,,-1.2367619812499115,0.2367619812499115,1.0
94800.0,948.0,0.0,,-1.2367603117010122,0.2367603117010122,1.0
94900.0,949.0,0.0,,-1.2367446675159617,0.2367446675159614,1.0
95200.0,952.0,0.0,,-1.236743723263676,0.236743723263676,1.0
95300.0,953.0,0.0,,-1.2367418486231687,0.2367418486231687,1.0
95500.0,955.0,0.0,,-1.23674179457083,0.2367417945708299,1.0
95600.0,956.0,0.0,,-1.2367403812247684,0.2367403812247683,1.0
95700.0,957.0,0.0,,-1.236739735788869,0.2367397357888689,1.0
95800.0,958.0,0.0,,-1.236739438603157,0.2367394386031569,1.0
95900.0,959.0,0.0,,-1.236739413134578,0.2367394131345779,1.0
96000.0,960.0,0.0,,-1.236739127982879,0.236739127982879,1.0
96100.0,961.0,0.0,,-1.2367391229299187,0.2367391229299187,1.0
96200.0,962.0,0.0,,-1.2367391229299185,0.2367391229299185,1.0
96400.0,964.0,0.0,,-1.2367390942772636,0.2367390942772635,1.0
96500.0,965.0,0.0,,-1.236739036681623,0.2367390366816233,1.0
96800.0,968.0,0.0,,-1.2367388761312563,0.2367388761312565,1.0
97200.0,972.0,0.0,,-1.2367388643982251,0.2367388643982253,1.0
97400.0,974.0,0.0,,-1.2367388553787255,0.2367388553787255,1.0
97800.0,978.0,0.0,,-1.236738854443791,0.2367388544437909,1.0
97900.0,979.0,0.0,,-1.2367388494707738,0.2367388494707738,1.0
98100.0,981.0,0.0,,-1.2367388456956163,0.2367388456956165,1.0
98400.0,984.0,0.0,,-1.2367388424820311,0.2367388424820311,1.0
98700.0,987.0,0.0,,-1.2367388413323372,0.2367388413323372,1.0
98900.0,989.0,0.0,,-1.2367388407386632,0.2367388407386632,1.0
99000.0,990.0,0.0,,-1.236738840738656,0.2367388407386561,1.0
99100.0,991.0,0.0,,-1.2367388403688704,0.2367388403688703,1.0
99400.0,994.0,0.0,,-1.2367388403490336,0.2367388403490335,1.0
99500.0,995.0,0.0,,-1.2367388403146005,0.2367388403146004,1.0
99700.0,997.0,0.0,,-1.2367388403125603,0.2367388403125603,1.0
99800.0,998.0,0.0,,-1.2367388401967832,0.2367388401967831,1.0
100100.0,1001.0,0.0,,-1.2367388401885842,0.2367388401885841,1.0
100200.0,1002.0,0.0,,-1.236738840158581,0.236738840158581,1.0
100400.0,1004.0,0.0,,-1.2367388401478152,0.2367388401478152,1.0
100500.0,1005.0,0.0,,-1.2367388401462018,0.2367388401462018,1.0
100600.0,1006.0,0.0,,-1.2367388401442114,0.2367388401442114,1.0
100700.0,1007.0,0.0,,-1.2367388401440862,0.2367388401440862,1.0
100800.0,1008.0,0.0,,-1.2367388401383326,0.2367388401383325,1.0
100900.0,1009.0,0.0,,-1.2367388401379775,0.2367388401379777,1.0
101200.0,1012.0,0.0,,-1.236738840137691,0.2367388401376911,1.0
101300.0,1013.0,0.0,,-1.2367388401374853,0.2367388401374852,1.0
101400.0,1014.0,0.0,,-1.236738840137279,0.2367388401372789,1.0
102000.0,1020.0,0.0,,-1.2367388401372237,0.2367388401372236,1.0
102300.0,1023.0,0.0,,-1.2367388401372117,0.2367388401372114,1.0
102600.0,1026.0,0.0,,-1.2367388401370556,0.2367388401370556,1.0
102800.0,1028.0,0.0,,-1.2367388401370485,0.2367388401370485,1.0
103100.0,1031.0,0.0,,-1.2367388401370458,0.2367388401370458,1.0
103500.0,1035.0,0.0,,-1.236738840137044,0.236738840137044,1.0
103600.0,1036.0,0.0,,-1.23673884013704,0.23673884013704,1.0
104000.0,1040.0,0.0,,-1.2367388401370398,0.2367388401370398,1.0
104300.0,1043.0,0.0,,-1.2367388401370396,0.2367388401370396,1.0
105300.0,1053.0,0.0,,-1.2367388401370394,0.2367388401370393,1.0
106800.0,1068.0,0.0,,-1.2360111957071316,0.2360111957071315,1.0
107000.0,1070.0,0.0,,-1.2360111956981157,0.2360111956981156,1.0
107400.0,1074.0,0.0,,-1.2356102027817415,0.2356102027817417,1.0
107600.0,1076.0,0.0,,-1.2341918990835588,0.2341918990835587,1.0
107800.0,1078.0,0.0,,-1.2279686740633686,0.2279686740633686,1.0
107900.0,1079.0,0.0,,-1.227307743185239,0.227307743185239,1.0
108100.0,1081.0,0.0,,-1.2263572761698738,0.2263572761698737,1.0
108600.0,1086.0,0.0,,-1.2263446531110618,0.2263446531110617,1.0
108700.0,1087.0,0.0,,-1.2262861439441353,0.2262861439441352,1.0
108800.0,1088.0,0.0,,-1.2262097680736734,0.2262097680736734,1.0
108900.0,1089.0,0.0,,-1.225936086519564,0.2259360865195638,1.0
109000.0,1090.0,0.0,,-1.2259203054650931,0.2259203054650931,1.0
109100.0,1091.0,0.0,,-1.2258137674737082,0.2258137674737081,1.0
109200.0,1092.0,0.0,,-1.2258005263805052,0.2258005263805051,1.0
109300.0,1093.0,0.0,,-1.225772519449569,0.225772519449569,1.0
109500.0,1095.0,0.0,,-1.2256374955518023,0.2256374955518023,1.0
109700.0,1097.0,0.0,,-1.22563242955797,0.2256324295579701,1.0
109900.0,1099.0,0.0,,-1.2256312285249005,0.2256312285249002,1.0
110000.0,1100.0,0.0,,-1.2256287757558788,0.2256287757558788,1.0
110100.0,1101.0,0.0,,-1.2256265979972707,0.2256265979972707,1.0
110400.0,1104.0,0.0,,-1.2256256388466005,0.2256256388466004,1.0
110500.0,1105.0,0.0,,-1.2256255449818418,0.2256255449818418,1.0
110600.0,1106.0,0.0,,-1.225625180448758,0.2256251804487581,1.0
110700.0,1107.0,0.0,,-1.22556629569229,0.2255662956922901,1.0
110800.0,1108.0,0.0,,-1.2255661924199952,0.2255661924199952,1.0
111000.0,1110.0,0.0,,-1.2255647762035558,0.2255647762035557,1.0
111200.0,1112.0,0.0,,-1.2255624503310227,0.2255624503310227,1.0
111300.0,1113.0,0.0,,-1.2255624503232536,0.2255624503232536,1.0
111700.0,1117.0,0.0,,-1.2255399807801983,0.2255399807801985,1.0
111900.0,1119.0,0.0,,-1.2255348516580145,0.2255348516580144,1.0
112000.0,1120.0,0.0,,-1.2254854060374678,0.2254854060374678,1.0
112100.0,1121.0,0.0,,-1.2253716073891292,0.2253716073891292,1.0
112400.0,1124.0,0.0,,-1.2253710871550156,0.2253710871550156,1.0
113000.0,1130.0,0.0,,-1.225370900220384,0.225370900220384,1.0
113100.0,1131.0,0.0,,-1.2253317571952296,0.2253317571952295,1.0
113300.0,1133.0,0.0,,-1.2253308454273149,0.2253308454273148,1.0
113400.0,1134.0,0.0,,-1.2253305816220283,0.2253305816220283,1.0
113600.0,1136.0,0.0,,-1.225325510000094,0.2253255100000939,1.0
113700.0,1137.0,0.0,,-1.2253242775382185,0.2253242775382185,1.0
113900.0,1139.0,0.0,,-1.2253058710063254,0.2253058710063253,1.0
114100.0,1141.0,0.0,,-1.22528973219378,0.2252897321937799,1.0
114300.0,1143.0,0.0,,-1.2252408449713708,0.2252408449713707,1.0
114400.0,1144.0,0.0,,-1.2252400120306572,0.2252400120306572,1.0
114500.0,1145.0,0.0,,-1.2252399384477113,0.2252399384477112,1.0
114600.0,1146.0,0.0,,-1.225239418536862,0.225239418536862,1.0
114800.0,1148.0,0.0,,-1.2251804187876347,0.2251804187876347,1.0
114900.0,1149.0,0.0,,-1.225174757354287,0.225174757354287,1.0
115500.0,1155.0,0.0,,-1.2251742164165578,0.2251742164165577,1.0
115900.0,1159.0,0.0,,-1.2251742131258534,0.2251742131258534,1.0
116000.0,1160.0,0.0,,-1.2251741427375062,0.2251741427375062,1.0
116100.0,1161.0,0.0,,-1.2251323307127575,0.2251323307127577,1.0
116400.0,1164.0,0.0,,-1.2251269502236597,0.2251269502236597,1.0
116600.0,1166.0,0.0,,-1.2251259899843954,0.2251259899843953,1.0
116800.0,1168.0,0.0,,-1.2251215810449076,0.2251215810449076,1.0
116900.0,1169.0,0.0,,-1.2251190456175445,0.2251190456175442,1.0
117200.0,1172.0,0.0,,-1.2251190263097824,0.2251190263097824,1.0
117300.0,1173.0,0.0,,-1.225118969405843,0.225118969405843,1.0
117400.0,1174.0,0.0,,-1.2251178377036491,0.2251178377036493,1.0
117600.0,1176.0,0.0,,-1.2251171372953649,0.2251171372953648,1.0
117700.0,1177.0,0.0,,-1.225106341458476,0.2251063414584759,1.0
118100.0,1181.0,0.0,,-1.225102989508408,0.225102989508408,1.0
118200.0,1182.0,0.0,,-1.2250755189633884,0.2250755189633884,1.0
118300.0,1183.0,0.0,,-1.225073617678527,0.225073617678527,1.0
118400.0,1184.0,0.0,,-1.225072888358253,0.2250728883582526,1.0
118600.0,1186.0,0.0,,-1.2250722047791274,0.2250722047791273,1.0
118900.0,1189.0,0.0,,-1.2250176844809215,0.2250176844809217,1.0
119100.0,1191.0,0.0,,-1.225015903280638,0.225015903280638,1.0
119500.0,1195.0,0.0,,-1.2250120154598554,0.2250120154598553,1.0
119900.0,1199.0,0.0,,-1.2250093670128706,0.2250093670128705,1.0
120000.0,1200.0,0.0,,-1.2250028419602346,0.2250028419602345,1.0
120100.0,1201.0,0.0,,-1.2250025561105105,0.2250025561105104,1.0
120200.0,1202.0,0.0,,-1.224996517508986,0.224996517508986,1.0
120400.0,1204.0,0.0,,-1.224984539598464,0.2249845395984639,1.0
120600.0,1206.0,0.0,,-1.2249793779668634,0.2249793779668634,1.0
120700.0,1207.0,0.0,,-1.2249793285001151,0.2249793285001151,1.0
120800.0,1208.0,0.0,,-1.224977201132732,0.224977201132732,1.0
120900.0,1209.0,0.0,,-1.22497625021828,0.2249762502182799,1.0
121100.0,1211.0,0.0,,-1.2249690054112905,0.2249690054112902,1.0
121300.0,1213.0,0.0,,-1.2249445869083682,0.2249445869083681,1.0
121500.0,1215.0,0.0,,-1.224943458864211,0.2249434588642109,1.0
121700.0,1217.0,0.0,,-1.224942419042892,0.2249424190428919,1.0
121800.0,1218.0,0.0,,-1.2249381459679665,0.2249381459679664,1.0
122000.0,1220.0,0.0,,-1.2249332368691863,0.2249332368691865,1.0
122200.0,1222.0,0.0,,-1.2249235301522692,0.2249235301522691,1.0
122400.0,1224.0,0.0,,-1.224919805960011,0.224919805960011,1.0
122500.0,1225.0,0.0,,-1.2249002882822717,0.2249002882822717,1.0
122600.0,1226.0,0.0,,-1.224898289038434,0.2248982890384341,1.0
122800.0,1228.0,0.0,,-1.2248967218868234,0.2248967218868234,1.0
122900.0,1229.0,0.0,,-1.2248965846947033,0.2248965846947033,1.0
123100.0,1231.0,0.0,,-1.224896480816498,0.2248964808164979,1.0
123200.0,1232.0,0.0,,-1.2248962264749386,0.2248962264749385,1.0
123300.0,1233.0,0.0,,-1.2248958695366507,0.2248958695366507,1.0
123400.0,1234.0,0.0,,-1.2248609166892184,0.2248609166892183,1.0
123700.0,1237.0,0.0,,-1.224859947845466,0.224859947845466,1.0
123900.0,1239.0,0.0,,-1.2248594282281149,0.2248594282281146,1.0
124000.0,1240.0,0.0,,-1.2248591007557446,0.2248591007557445,1.0
124100.0,1241.0,0.0,,-1.224859068255829,0.2248590682558287,1.0
124300.0,1243.0,0.0,,-1.224858857933375,0.224858857933375,1.0
124400.0,1244.0,0.0,,-1.2248585096001288,0.2248585096001287,1.0
124500.0,1245.0,0.0,,-1.2248575123938346,0.2248575123938345,1.0
124800.0,1248.0,0.0,,-1.224856979923108,0.2248569799231079,1.0
124900.0,1249.0,0.0,,-1.2248569628222052,0.2248569628222052,1.0
125000.0,1250.0,0.0,,-1.2248568853256463,0.2248568853256465,1.0
125100.0,1251.0,0.0,,-1.224856538880834,0.2248565388808341,1.0
125200.0,1252.0,0.0,,-1.224856483485007,0.224856483485007,1.0
125300.0,1253.0,0.0,,-1.2248563381225115,0.2248563381225117,1.0
125500.0,1255.0,0.0,,-1.2248563170662474,0.2248563170662474,1.0
125700.0,1257.0,0.0,,-1.2248524712425743,0.2248524712425743,1.0
126000.0,1260.0,0.0,,-1.2248519200635557,0.2248519200635554,1.0
126200.0,1262.0,0.0,,-1.2248510822028265,0.2248510822028264,1.0
126300.0,1263.0,0.0,,-1.224837479381809,0.2248374793818093,1.0
126800.0,1268.0,0.0,,-1.2248374747453157,0.2248374747453154,1.0
126900.0,1269.0,0.0,,-1.2247874847775924,0.2247874847775923,1.0
127000.0,1270.0,0.0,,-1.2247864074424626,0.2247864074424626,1.0
127100.0,1271.0,0.0,,-1.2247847610349036,0.2247847610349036,1.0
127200.0,1272.0,0.0,,-1.2246947577575025,0.2246947577575024,1.0
127400.0,1274.0,0.0,,-1.2246725781252927,0.2246725781252927,1.0
127500.0,1275.0,0.0,,-1.2246721853605889,0.2246721853605888,1.0
127700.0,1277.0,0.0,,-1.2246698337997262,0.2246698337997261,1.0
128100.0,1281.0,0.0,,-1.2246697761968446,0.2246697761968445,1.0
128300.0,1283.0,0.0,,-1.2246696006329745,0.2246696006329744,1.0
128500.0,1285.0,0.0,,-1.224669404774362,0.224669404774362,1.0
128600.0,1286.0,0.0,,-1.224669186444325,0.2246691864443253,1.0
128700.0,1287.0,0.0,,-1.2246328842142402,0.2246328842142402,1.0
128900.0,1289.0,0.0,,-1.224626388265558,0.2246263882655579,1.0
129000.0,1290.0,0.0,,-1.224624663505783,0.2246246635057829,1.0
129100.0,1291.0,0.0,,-1.2246246362635789,0.2246246362635788,1.0
129200.0,1292.0,0.0,,-1.2246173862544345,0.2246173862544345,1.0
129400.0,1294.0,0.0,,-1.2244904561363494,0.2244904561363494,1.0
129500.0,1295.0,0.0,,-1.224473905167205,0.2244739051672049,1.0
130000.0,1300.0,0.0,,-1.2244716079913869,0.2244716079913866,1.0
130100.0,1301.0,0.0,,-1.2244711672724142,0.2244711672724142,1.0
130300.0,1303.0,0.0,,-1.2244697904244883,0.2244697904244883,1.0
130400.0,1304.0,0.0,,-1.2244680048683254,0.2244680048683254,1.0
130500.0,1305.0,0.0,,-1.224466619672655,0.224466619672655,1.0
130600.0,1306.0,0.0,,-1.224466600936915,0.2244666009369149,1.0
130900.0,1309.0,0.0,,-1.2244662541292697,0.2244662541292696,1.0
131000.0,1310.0,0.0,,-1.224464892704849,0.2244648927048489,1.0
131200.0,1312.0,0.0,,-1.22446442351451,0.2244644235145099,1.0
131300.0,1313.0,0.0,,-1.224464363931245,0.2244643639312449,1.0
131400.0,1314.0,0.0,,-1.2244642720286871,0.2244642720286871,1.0
131500.0,1315.0,0.0,,-1.2244642685876912,0.2244642685876912,1.0
131700.0,1317.0,0.0,,-1.2244642640079522,0.2244642640079521,1.0
131800.0,1318.0,0.0,,-1.2244642182516647,0.2244642182516647,1.0
132000.0,1320.0,0.0,,-1.2244642010502704,0.2244642010502704,1.0
132100.0,1321.0,0.0,,-1.2244641904153786,0.2244641904153785,1.0
132200.0,1322.0,0.0,,-1.224462067071213,0.2244620670712129,1.0
132400.0,1324.0,0.0,,-1.2244619663395042,0.2244619663395042,1.0
132500.0,1325.0,0.0,,-1.2244619458130082,0.2244619458130081,1.0
132600.0,1326.0,0.0,,-1.2244616365728884,0.2244616365728884,1.0
132700.0,1327.0,0.0,,-1.2244616306478628,0.2244616306478628,1.0
132800.0,1328.0,0.0,,-1.2244615104916068,0.2244615104916067,1.0
133100.0,1331.0,0.0,,-1.2244614836673056,0.2244614836673055,1.0
133200.0,1332.0,0.0,,-1.2244614828771216,0.2244614828771216,1.0
133300.0,1333.0,0.0,,-1.2244614397771092,0.2244614397771092,1.0
133400.0,1334.0,0.0,,-1.2244614307565005,0.2244614307565002,1.0
133500.0,1335.0,0.0,,-1.2244614084351153,0.2244614084351153,1.0
133600.0,1336.0,0.0,,-1.224461394064718,0.224461394064718,1.0
133900.0,1339.0,0.0,,-1.2244613733991998,0.2244613733991998,1.0
134000.0,1340.0,0.0,,-1.2244429159940988,0.2244429159940988,1.0
134100.0,1341.0,0.0,,-1.2244425837624122,0.2244425837624122,1.0
134500.0,1345.0,0.0,,-1.224442582177157,0.2244425821771569,1.0
134700.0,1347.0,0.0,,-1.2244425782246615,0.2244425782246615,1.0
134800.0,1348.0,0.0,,-1.2030931511125258,0.2030931511125258,1.0
134900.0,1349.0,0.0,,-1.2026305250304044,0.2026305250304043,1.0
135100.0,1351.0,0.0,,-1.2023569009807744,0.2023569009807744,1.0
135200.0,1352.0,0.0,,-1.2018192693249907,0.2018192693249907,1.0
135300.0,1353.0,0.0,,-1.2016789612939067,0.2016789612939067,1.0
135500.0,1355.0,0.0,,-1.1934258071834285,0.1934258071834285,1.0
135700.0,1357.0,0.0,,-1.1933978545163484,0.1933978545163484,1.0
135800.0,1358.0,0.0,,-1.1924207629428143,0.1924207629428145,1.0
135900.0,1359.0,0.0,,-1.1920461815034162,0.1920461815034162,1.0
136000.0,1360.0,0.0,,-1.1900224074250745,0.1900224074250742,1.0
136100.0,1361.0,0.0,,-1.1900220356155022,0.1900220356155022,1.0
136200.0,1362.0,0.0,,-1.1900124439165412,0.1900124439165411,1.0
136300.0,1363.0,0.0,,-1.1900007934736014,0.1900007934736014,1.0
136400.0,1364.0,0.0,,-1.189911331292301,0.1899113312923011,1.0
136600.0,1366.0,0.0,,-1.1899041652094844,0.1899041652094844,1.0
136700.0,1367.0,0.0,,-1.189902780696775,0.189902780696775,1.0
136900.0,1369.0,0.0,,-1.189844068826984,0.189844068826984,1.0
137100.0,1371.0,0.0,,-1.1898271891429073,0.1898271891429073,1.0
137300.0,1373.0,0.0,,-1.1897292379890103,0.1897292379890103,1.0
137700.0,1377.0,0.0,,-1.1897115549458963,0.1897115549458963,1.0
137800.0,1378.0,0.0,,-1.1897067627478053,0.1897067627478053,1.0
137900.0,1379.0,0.0,,-1.1897030127899884,0.1897030127899883,1.0
138100.0,1381.0,0.0,,-1.189697053604164,0.189697053604164,1.0
138300.0,1383.0,0.0,,-1.1896968776012384,0.1896968776012384,1.0
138600.0,1386.0,0.0,,-1.1896966978718162,0.1896966978718162,1.0
138800.0,1388.0,0.0,,-1.189696681096932,0.189696681096932,1.0
139000.0,1390.0,0.0,,-1.1896966317481843,0.1896966317481843,1.0
139200.0,1392.0,0.0,,-1.1896965979676952,0.1896965979676952,1.0
139300.0,1393.0,0.0,,-1.1896912139250215,0.1896912139250215,1.0
139500.0,1395.0,0.0,,-1.1896908684305385,0.1896908684305385,1.0
139700.0,1397.0,0.0,,-1.1896908548185312,0.1896908548185312,1.0
139800.0,1398.0,0.0,,-1.1896908030873183,0.1896908030873183,1.0
140000.0,1400.0,0.0,,-1.18969057950802,0.1896905795080199,1.0
140100.0,1401.0,0.0,,-1.189630123278934,0.1896301232789341,1.0
140400.0,1404.0,0.0,,-1.1896298806125072,0.1896298806125071,1.0
140600.0,1406.0,0.0,,-1.1896296495426548,0.1896296495426548,1.0
140800.0,1408.0,0.0,,-1.1896293416393842,0.1896293416393841,1.0
140900.0,1409.0,0.0,,-1.189629135061652,0.1896291350616521,1.0
141000.0,1410.0,0.0,,-1.1896227886248365,0.1896227886248362,1.0
141200.0,1412.0,0.0,,-1.1896224623643945,0.1896224623643942,1.0
141300.0,1413.0,0.0,,-1.189622254950044,0.1896222549500441,1.0
141400.0,1414.0,0.0,,-1.1896219146844424,0.1896219146844424,1.0
141500.0,1415.0,0.0,,-1.18957537308803,0.18957537308803,1.0
141600.0,1416.0,0.0,,-1.1895739376540746,0.1895739376540746,1.0
141700.0,1417.0,0.0,,-1.1895611779886706,0.1895611779886705,1.0
141800.0,1418.0,0.0,,-1.1895608492057554,0.1895608492057554,1.0
141900.0,1419.0,0.0,,-1.1895566806794866,0.1895566806794866,1.0
142200.0,1422.0,0.0,,-1.1895566769167136,0.1895566769167136,1.0
142300.0,1423.0,0.0,,-1.1895552716469395,0.1895552716469397,1.0
142600.0,1426.0,0.0,,-1.187162319271729,0.1871623192717291,1.0
142700.0,1427.0,0.0,,-1.1796766694259195,0.1796766694259195,1.0
142800.0,1428.0,0.0,,-1.1774293876376438,0.1774293876376438,1.0
142900.0,1429.0,0.0,,-1.1774292434030262,0.1774292434030262,1.0
143000.0,1430.0,0.0,,-1.1773568734916986,0.1773568734916986,1.0
143100.0,1431.0,0.0,,-1.17663637396918,0.1766363739691798,1.0
143200.0,1432.0,0.0,,-1.1727457731705266,0.1727457731705266,1.0
143500.0,1435.0,0.0,,-1.167117348578461,0.1671173485784609,1.0
143700.0,1437.0,0.0,,-1.1650955652598989,0.1650955652598986,1.0
143900.0,1439.0,0.0,,-1.165040973039377,0.1650409730393769,1.0
144000.0,1440.0,0.0,,-1.1587297477704146,0.1587297477704146,1.0
144500.0,1445.0,0.0,,-1.1587185740430217,0.1587185740430217,1.0
144700.0,1447.0,0.0,,-1.1585242354893568,0.1585242354893568,1.0
144800.0,1448.0,0.0,,-1.1585089266492057,0.1585089266492056,1.0
144900.0,1449.0,0.0,,-1.1585002987467103,0.1585002987467103,1.0
145000.0,1450.0,0.0,,-1.158448733286455,0.158448733286455,1.0
145100.0,1451.0,0.0,,-1.1584027091044264,0.1584027091044264,1.0
145300.0,1453.0,0.0,,-1.1568179298903851,0.1568179298903853,1.0
145400.0,1454.0,0.0,,-1.15677332873534,0.1567733287353399,1.0
145500.0,1455.0,0.0,,-1.1567729195929062,0.1567729195929061,1.0
145600.0,1456.0,0.0,,-1.1567729024374094,0.1567729024374093,1.0
145700.0,1457.0,0.0,,-1.1567587058028044,0.1567587058028043,1.0
145800.0,1458.0,0.0,,-1.156710225431737,0.1567102254317369,1.0
145900.0,1459.0,0.0,,-1.1567092057682062,0.1567092057682062,1.0
146000.0,1460.0,0.0,,-1.1564680841784305,0.1564680841784302,1.0
146300.0,1463.0,0.0,,-1.156467847285855,0.1564678472858549,1.0
146600.0,1466.0,0.0,,-1.156467846662289,0.156467846662289,1.0
146700.0,1467.0,0.0,,-1.15646756608006,0.15646756608006,1.0
146900.0,1469.0,0.0,,-1.1564675452976183,0.1564675452976183,1.0
147000.0,1470.0,0.0,,-1.1564628911572714,0.1564628911572714,1.0
147100.0,1471.0,0.0,,-1.1564626389157815,0.1564626389157817,1.0
147200.0,1472.0,0.0,,-1.1564616618200785,0.1564616618200784,1.0
147400.0,1474.0,0.0,,-1.1564616246235842,0.1564616246235841,1.0
147800.0,1478.0,0.0,,-1.1564612244369987,0.1564612244369987,1.0
147900.0,1479.0,0.0,,-1.1564611847278137,0.1564611847278134,1.0
148100.0,1481.0,0.0,,-1.1564608697919774,0.1564608697919773,1.0
148600.0,1486.0,0.0,,-1.1564608670960714,0.1564608670960714,1.0
148700.0,1487.0,0.0,,-1.1564608639891405,0.1564608639891405,1.0
149000.0,1490.0,0.0,,-1.1564608549438709,0.1564608549438708,1.0
149100.0,1491.0,0.0,,-1.1564608548953803,0.1564608548953805,1.0
149200.0,1492.0,0.0,,-1.156460854045692,0.156460854045692,1.0
149300.0,1493.0,0.0,,-1.1564608344379654,0.1564608344379654,1.0
149400.0,1494.0,0.0,,-1.1564608343494611,0.1564608343494611,1.0
149500.0,1495.0,0.0,,-1.1564608341730662,0.1564608341730662,1.0
149700.0,1497.0,0.0,,-1.1564608340480125,0.1564608340480124,1.0
149800.0,1498.0,0.0,,-1.1564608337737037,0.1564608337737034,1.0
150100.0,1501.0,0.0,,-1.1564608336130051,0.1564608336130053,1.0
150300.0,1503.0,0.0,,-1.156460833591028,0.156460833591028,1.0
150400.0,1504.0,0.0,,-1.1564608335874185,0.1564608335874184,1.0
150500.0,1505.0,0.0,,-1.1564608335778463,0.1564608335778463,1.0
150700.0,1507.0,0.0,,-1.1564168218169106,0.1564168218169106,1.0
150800.0,1508.0,0.0,,-1.1564056226886206,0.1564056226886205,1.0
150900.0,1509.0,0.0,,-1.1564044361056094,0.1564044361056094,1.0
151100.0,1511.0,0.0,,-1.1564043728657023,0.1564043728657023,1.0
151200.0,1512.0,0.0,,-1.156403570439834,0.1564035704398338,1.0
151400.0,1514.0,0.0,,-1.156403546952579,0.156403546952579,1.0
151500.0,1515.0,0.0,,-1.1564020092799707,0.1564020092799707,1.0
151800.0,1518.0,0.0,,-1.156400039753709,0.156400039753709,1.0
152300.0,1523.0,0.0,,-1.156397612829699,0.1563976128296991,1.0
152400.0,1524.0,0.0,,-1.1563963570522968,0.1563963570522968,1.0
152600.0,1526.0,0.0,,-1.15639600195419,0.1563960019541899,1.0
153000.0,1530.0,0.0,,-1.1563959439268745,0.1563959439268745,1.0
153200.0,1532.0,0.0,,-1.1563929828880086,0.1563929828880086,1.0
153300.0,1533.0,0.0,,-1.1563929812665537,0.1563929812665536,1.0
153400.0,1534.0,0.0,,-1.1563927002820469,0.1563927002820468,1.0
153500.0,1535.0,0.0,,-1.1563925368983945,0.1563925368983945,1.0
153600.0,1536.0,0.0,,-1.1563801975869186,0.1563801975869185,1.0
153700.0,1537.0,0.0,,-1.1563754129772617,0.1563754129772616,1.0
153800.0,1538.0,0.0,,-1.1563750645381332,0.1563750645381332,1.0
154100.0,1541.0,0.0,,-1.1563750459042292,0.1563750459042292,1.0
154200.0,1542.0,0.0,,-1.156374920049429,0.1563749200494291,1.0
154300.0,1543.0,0.0,,-1.1563749072325686,0.1563749072325686,1.0
154600.0,1546.0,0.0,,-1.1563743402838416,0.1563743402838415,1.0
154800.0,1548.0,0.0,,-1.1563346297114283,0.1563346297114283,1.0
154900.0,1549.0,0.0,,-1.1563177798592823,0.1563177798592825,1.0
155400.0,1554.0,0.0,,-1.1563177627294563,0.1563177627294565,1.0
155600.0,1556.0,0.0,,-1.15631730878464,0.1563173087846401,1.0
155800.0,1558.0,0.0,,-1.1563173076554876,0.1563173076554875,1.0
155900.0,1559.0,0.0,,-1.1563162332257173,0.1563162332257173,1.0
156200.0,1562.0,0.0,,-1.1562989519215086,0.1562989519215085,1.0
156600.0,1566.0,0.0,,-1.1562989492475757,0.1562989492475757,1.0
156700.0,1567.0,0.0,,-1.1562987210515483,0.1562987210515483,1.0
156800.0,1568.0,0.0,,-1.156298629002256,0.1562986290022558,1.0
156900.0,1569.0,0.0,,-1.1562938963927618,0.1562938963927618,1.0
157000.0,1570.0,0.0,,-1.1562938963155154,0.1562938963155153,1.0
157200.0,1572.0,0.0,,-1.156288079223088,0.156288079223088,1.0
157700.0,1577.0,0.0,,-1.1562880647111744,0.1562880647111744,1.0
157900.0,1579.0,0.0,,-1.1562880464373029,0.1562880464373028,1.0
158100.0,1581.0,0.0,,-1.1562880429486346,0.1562880429486346,1.0
158300.0,1583.0,0.0,,-1.15628802572442,0.1562880257244201,1.0
158500.0,1585.0,0.0,,-1.156288025448177,0.1562880254481773,1.0
158600.0,1586.0,0.0,,-1.156233956984869,0.1562339569848689,1.0
158700.0,1587.0,0.0,,-1.1562265423800804,0.1562265423800803,1.0
159100.0,1591.0,0.0,,-1.1562255287871768,0.1562255287871767,1.0
159300.0,1593.0,0.0,,-1.1562253951350598,0.1562253951350598,1.0
159500.0,1595.0,0.0,,-1.1562253467726875,0.1562253467726875,1.0
159600.0,1596.0,0.0,,-1.1562225734182163,0.1562225734182163,1.0
159700.0,1597.0,0.0,,-1.156222417909851,0.156222417909851,1.0
159800.0,1598.0,0.0,,-1.1562215817687111,0.1562215817687111,1.0
159900.0,1599.0,0.0,,-1.1562215699666167,0.1562215699666167,1.0
160000.0,1600.0,0.0,,-1.156221346187426,0.156221346187426,1.0
160200.0,1602.0,0.0,,-1.156221192719388,0.1562211927193879,1.0
160300.0,1603.0,0.0,,-1.156220279239336,0.1562202792393361,1.0
160500.0,1605.0,0.0,,-1.15622027811727,0.1562202781172699,1.0
160600.0,1606.0,0.0,,-1.1562195459904552,0.1562195459904551,1.0
160700.0,1607.0,0.0,,-1.1561834831217923,0.1561834831217925,1.0
161000.0,1610.0,0.0,,-1.1561458861619411,0.1561458861619411,1.0
161300.0,1613.0,0.0,,-1.1561324708327914,0.1561324708327913,1.0
161800.0,1618.0,0.0,,-1.1561321984483983,0.1561321984483985,1.0
161900.0,1619.0,0.0,,-1.1561321265416706,0.1561321265416706,1.0
162000.0,1620.0,0.0,,-1.1561321264439446,0.1561321264439445,1.0
162100.0,1621.0,0.0,,-1.1561317930490107,0.1561317930490107,1.0
162400.0,1624.0,0.0,,-1.1561316328613265,0.1561316328613264,1.0
162600.0,1626.0,0.0,,-1.1561316328612357,0.1561316328612356,1.0
162700.0,1627.0,0.0,,-1.156131623845354,0.156131623845354,1.0
163000.0,1630.0,0.0,,-1.1561316238296997,0.1561316238296997,1.0
163100.0,1631.0,0.0,,-1.1561316237943575,0.1561316237943577,1.0
163200.0,1632.0,0.0,,-1.1561316227819525,0.1561316227819524,1.0
163700.0,1637.0,0.0,,-1.1561316183866448,0.1561316183866448,1.0
163900.0,1639.0,0.0,,-1.156131618092275,0.1561316180922749,1.0
164200.0,1642.0,0.0,,-1.1561316177683598,0.1561316177683598,1.0
164700.0,1647.0,0.0,,-1.1561316176989491,0.1561316176989491,1.0
164800.0,1648.0,0.0,,-1.1561316176949326,0.1561316176949325,1.0
165200.0,1652.0,0.0,,-1.15613161768974,0.15613161768974,1.0
165400.0,1654.0,0.0,,-1.1561316176833385,0.1561316176833382,1.0
165600.0,1656.0,0.0,,-1.1561316176833043,0.1561316176833043,1.0
165700.0,1657.0,0.0,,-1.1560914283314905,0.1560914283314902,1.0
166000.0,1660.0,0.0,,-1.1560914283314867,0.1560914283314867,1.0
166300.0,1663.0,0.0,,-1.1560889251343551,0.1560889251343553,1.0
166500.0,1665.0,0.0,,-1.1560888771547306,0.1560888771547306,1.0
166800.0,1668.0,0.0,,-1.1560888447107518,0.1560888447107518,1.0
167100.0,1671.0,0.0,,-1.1560888395037,0.1560888395036999,1.0
167200.0,1672.0,0.0,,-1.1560888235999616,0.1560888235999615,1.0
167300.0,1673.0,0.0,,-1.1560887939742692,0.1560887939742692,1.0
167500.0,1675.0,0.0,,-1.1560887914078344,0.1560887914078343,1.0
167600.0,1676.0,0.0,,-1.1560887366466843,0.1560887366466845,1.0
167700.0,1677.0,0.0,,-1.1560887177390635,0.1560887177390637,1.0
167800.0,1678.0,0.0,,-1.1560883441775918,0.1560883441775917,1.0
167900.0,1679.0,0.0,,-1.1560882865031263,0.1560882865031263,1.0
168200.0,1682.0,0.0,,-1.1560882769661571,0.1560882769661571,1.0
168400.0,1684.0,0.0,,-1.1560669675540447,0.1560669675540447,1.0
168500.0,1685.0,0.0,,-1.156066899456118,0.156066899456118,1.0
168600.0,1686.0,0.0,,-1.1560668994425032,0.1560668994425031,1.0
168700.0,1687.0,0.0,,-1.1560659342924078,0.1560659342924077,1.0
168800.0,1688.0,0.0,,-1.1560658862029711,0.1560658862029711,1.0
168900.0,1689.0,0.0,,-1.1560657758516104,0.1560657758516104,1.0
169600.0,1696.0,0.0,,-1.156065774591826,0.1560657745918259,1.0
169700.0,1697.0,0.0,,-1.1560656814636747,0.1560656814636747,1.0
169800.0,1698.0,0.0,,-1.1560603506353462,0.1560603506353461,1.0
169900.0,1699.0,0.0,,-1.1560602810578315,0.1560602810578315,1.0
170200.0,1702.0,0.0,,-1.1560588970014285,0.1560588970014282,1.0
170500.0,1705.0,0.0,,-1.156058812611128,0.1560588126111279,1.0
170600.0,1706.0,0.0,,-1.1560583687822907,0.1560583687822907,1.0
171000.0,1710.0,0.0,,-1.1560583622969909,0.1560583622969906,1.0
171200.0,1712.0,0.0,,-1.1560583519829453,0.1560583519829452,1.0
171300.0,1713.0,0.0,,-1.1560582730979545,0.1560582730979545,1.0
171500.0,1715.0,0.0,,-1.156057732036284,0.1560577320362841,1.0
171900.0,1719.0,0.0,,-1.1560577267975247,0.1560577267975247,1.0
172000.0,1720.0,0.0,,-1.1560173619980858,0.1560173619980858,1.0
172200.0,1722.0,0.0,,-1.1560064629401732,0.1560064629401731,1.0
172300.0,1723.0,0.0,,-1.1560064306958304,0.1560064306958304,1.0
172400.0,1724.0,0.0,,-1.156006291818762,0.1560062918187619,1.0
172500.0,1725.0,0.0,,-1.1560062915084957,0.1560062915084956,1.0
172600.0,1726.0,0.0,,-1.1559946699002457,0.1559946699002456,1.0
172900.0,1729.0,0.0,,-1.1559723751964537,0.1559723751964536,1.0
173100.0,1731.0,0.0,,-1.1559723411739902,0.1559723411739901,1.0
173200.0,1732.0,0.0,,-1.1559697922735983,0.1559697922735985,1.0
173500.0,1735.0,0.0,,-1.1559695528135985,0.1559695528135982,1.0
173600.0,1736.0,0.0,,-1.1559694392863873,0.1559694392863873,1.0
173800.0,1738.0,0.0,,-1.1559694144463708,0.1559694144463708,1.0
173900.0,1739.0,0.0,,-1.1559694019012117,0.1559694019012116,1.0
174000.0,1740.0,0.0,,-1.1559693844020038,0.1559693844020038,1.0
174100.0,1741.0,0.0,,-1.155969361572723,0.1559693615727226,1.0
174200.0,1742.0,0.0,,-1.1559693606969184,0.1559693606969183,1.0
174300.0,1743.0,0.0,,-1.1559693040993813,0.1559693040993812,1.0
174700.0,1747.0,0.0,,-1.1559692763113751,0.1559692763113751,1.0
174800.0,1748.0,0.0,,-1.1559692705111806,0.1559692705111806,1.0
175000.0,1750.0,0.0,,-1.1559692684495086,0.1559692684495086,1.0
175100.0,1751.0,0.0,,-1.155969262610918,0.1559692626109181,1.0
175200.0,1752.0,0.0,,-1.1559381488728078,0.1559381488728077,1.0
175300.0,1753.0,0.0,,-1.1559381325414206,0.1559381325414206,1.0
175400.0,1754.0,0.0,,-1.155937922017917,0.1559379220179169,1.0
175500.0,1755.0,0.0,,-1.1559376833616637,0.1559376833616637,1.0
175700.0,1757.0,0.0,,-1.1559317465337848,0.1559317465337848,1.0
176000.0,1760.0,0.0,,-1.1559311238508423,0.1559311238508425,1.0
176100.0,1761.0,0.0,,-1.1559306891668748,0.1559306891668748,1.0
176200.0,1762.0,0.0,,-1.1559306886256322,0.1559306886256322,1.0
176300.0,1763.0,0.0,,-1.1559306675631582,0.1559306675631582,1.0
176400.0,1764.0,0.0,,-1.155930565592648,0.1559305655926479,1.0
176500.0,1765.0,0.0,,-1.1559288497396667,0.1559288497396667,1.0
176600.0,1766.0,0.0,,-1.15592817983139,0.15592817983139,1.0
176700.0,1767.0,0.0,,-1.1559280132729877,0.1559280132729876,1.0
176900.0,1769.0,0.0,,-1.1559278626432348,0.1559278626432347,1.0
177000.0,1770.0,0.0,,-1.1559276983384854,0.1559276983384854,1.0
177300.0,1773.0,0.0,,-1.1559275156941669,0.1559275156941668,1.0
177400.0,1774.0,0.0,,-1.155927508357188,0.155927508357188,1.0
177500.0,1775.0,0.0,,-1.1559274477059285,0.1559274477059282,1.0
177600.0,1776.0,0.0,,-1.1559266289932577,0.1559266289932577,1.0
177700.0,1777.0,0.0,,-1.1559264743180766,0.1559264743180766,1.0
177800.0,1778.0,0.0,,-1.1559261281508637,0.1559261281508634,1.0
177900.0,1779.0,0.0,,-1.1559259532510122,0.1559259532510122,1.0
178100.0,1781.0,0.0,,-1.1559259449261077,0.1559259449261074,1.0
178200.0,1782.0,0.0,,-1.1559255830435746,0.1559255830435746,1.0
178300.0,1783.0,0.0,,-1.1559255810360969,0.1559255810360968,1.0
178500.0,1785.0,0.0,,-1.1559255457588866,0.1559255457588866,1.0
178600.0,1786.0,0.0,,-1.155925416505207,0.155925416505207,1.0
178700.0,1787.0,0.0,,-1.1559252227151409,0.1559252227151408,1.0
178800.0,1788.0,0.0,,-1.1559252224784238,0.1559252224784237,1.0
178900.0,1789.0,0.0,,-1.155925213027835,0.155925213027835,1.0
179000.0,1790.0,0.0,,-1.1559252092812875,0.1559252092812875,1.0
179100.0,1791.0,0.0,,-1.155925192462975,0.1559251924629749,1.0
179200.0,1792.0,0.0,,-1.155872137830898,0.155872137830898,1.0
179300.0,1793.0,0.0,,-1.1558720627847836,0.1558720627847836,1.0
179400.0,1794.0,0.0,,-1.1558720614242033,0.1558720614242033,1.0
179600.0,1796.0,0.0,,-1.1558674157535644,0.1558674157535644,1.0
179900.0,1799.0,0.0,,-1.1558673729862674,0.1558673729862674,1.0
180000.0,1800.0,0.0,,-1.1558673254770977,0.1558673254770974,1.0
180300.0,1803.0,0.0,,-1.155867157302077,0.1558671573020766,1.0
180400.0,1804.0,0.0,,-1.155867134487282,0.1558671344872819,1.0
180600.0,1806.0,0.0,,-1.155867115331101,0.1558671153311011,1.0
180800.0,1808.0,0.0,,-1.1558670938931217,0.1558670938931217,1.0
180900.0,1809.0,0.0,,-1.1558670617134252,0.1558670617134252,1.0
181100.0,1811.0,0.0,,-1.1558670517278298,0.1558670517278297,1.0
181200.0,1812.0,0.0,,-1.155867051472369,0.155867051472369,1.0
181300.0,1813.0,0.0,,-1.1558670509275992,0.1558670509275992,1.0
181800.0,1818.0,0.0,,-1.15586704850808,0.1558670485080799,1.0
182700.0,1827.0,0.0,,-1.1558670484354716,0.1558670484354716,1.0
182800.0,1828.0,0.0,,-1.155867048424554,0.1558670484245541,1.0
182900.0,1829.0,0.0,,-1.155867048351084,0.155867048351084,1.0
183200.0,1832.0,0.0,,-1.1558670483381417,0.1558670483381414,1.0
183400.0,1834.0,0.0,,-1.1558670483248927,0.1558670483248927,1.0
183600.0,1836.0,0.0,,-1.1558670483244913,0.1558670483244912,1.0
183700.0,1837.0,0.0,,-1.1558458438723278,0.1558458438723278,1.0
183800.0,1838.0,0.0,,-1.1558386752966257,0.1558386752966256,1.0
184100.0,1841.0,0.0,,-1.155834270365972,0.1558342703659718,1.0
184200.0,1842.0,0.0,,-1.1558315544993965,0.1558315544993964,1.0
184400.0,1844.0,0.0,,-1.1558296797811818,0.1558296797811817,1.0
184600.0,1846.0,0.0,,-1.1558292156268737,0.1558292156268734,1.0
184800.0,1848.0,0.0,,-1.1558225015253374,0.1558225015253374,1.0
185000.0,1850.0,0.0,,-1.155814473078315,0.155814473078315,1.0
185200.0,1852.0,0.0,,-1.1558134803985394,0.1558134803985393,1.0
185300.0,1853.0,0.0,,-1.155780146353837,0.155780146353837,1.0
185400.0,1854.0,0.0,,-1.1557791968402586,0.1557791968402586,1.0
185500.0,1855.0,0.0,,-1.155777018906735,0.1557770189067346,1.0
185600.0,1856.0,0.0,,-1.1557768405880475,0.1557768405880475,1.0
185700.0,1857.0,0.0,,-1.1557741771189227,0.1557741771189227,1.0
185800.0,1858.0,0.0,,-1.155774171242974,0.1557741712429738,1.0
186200.0,1862.0,0.0,,-1.1557730842337188,0.1557730842337188,1.0
186300.0,1863.0,0.0,,-1.1557712207710105,0.1557712207710104,1.0
186400.0,1864.0,0.0,,-1.1557701421404427,0.1557701421404427,1.0
186600.0,1866.0,0.0,,-1.1557677241824322,0.1557677241824322,1.0
186800.0,1868.0,0.0,,-1.1557677221823155,0.1557677221823157,1.0
186900.0,1869.0,0.0,,-1.1557660482752912,0.1557660482752911,1.0
187100.0,1871.0,0.0,,-1.1557658591243851,0.1557658591243851,1.0
187200.0,1872.0,0.0,,-1.155765843076168,0.1557658430761681,1.0
187500.0,1875.0,0.0,,-1.155764994701101,0.155764994701101,1.0
187600.0,1876.0,0.0,,-1.155764972376539,0.155764972376539,1.0
188000.0,1880.0,0.0,,-1.1557649655024154,0.1557649655024153,1.0
188400.0,1884.0,0.0,,-1.1557649602630256,0.1557649602630255,1.0
188500.0,1885.0,0.0,,-1.1557649529773588,0.1557649529773588,1.0
188600.0,1886.0,0.0,,-1.155764952970215,0.1557649529702149,1.0
188700.0,1887.0,0.0,,-1.15576494647594,0.15576494647594,1.0
188800.0,1888.0,0.0,,-1.1557649427436978,0.1557649427436978,1.0
188900.0,1889.0,0.0,,-1.1557649391382208,0.1557649391382207,1.0
189000.0,1890.0,0.0,,-1.1557649371013543,0.1557649371013543,1.0
189100.0,1891.0,0.0,,-1.1557649235612195,0.1557649235612195,1.0
189200.0,1892.0,0.0,,-1.1557649164230246,0.1557649164230246,1.0
189300.0,1893.0,0.0,,-1.1557649164228423,0.1557649164228423,1.0
189600.0,1896.0,0.0,,-1.1557649158490388,0.1557649158490388,1.0
189800.0,1898.0,0.0,,-1.155764915569903,0.155764915569903,1.0
189900.0,1899.0,0.0,,-1.1557649141774475,0.1557649141774475,1.0
190200.0,1902.0,0.0,,-1.1557649141772772,0.1557649141772772,1.0
190300.0,1903.0,0.0,,-1.155762189058251,0.155762189058251,1.0
190700.0,1907.0,0.0,,-1.15576209257405,0.1557620925740499,1.0
190900.0,1909.0,0.0,,-1.1557619860929356,0.1557619860929355,1.0
191000.0,1910.0,0.0,,-1.155761293097507,0.1557612930975069,1.0
191100.0,1911.0,0.0,,-1.155760696080851,0.155760696080851,1.0
191300.0,1913.0,0.0,,-1.1557605334159011,0.1557605334159011,1.0
191500.0,1915.0,0.0,,-1.155760494864757,0.155760494864757,1.0
191600.0,1916.0,0.0,,-1.1557604238805084,0.1557604238805083,1.0
191700.0,1917.0,0.0,,-1.155760093079961,0.1557600930799609,1.0
191800.0,1918.0,0.0,,-1.1557600790578004,0.1557600790578004,1.0
192000.0,1920.0,0.0,,-1.1557600604605929,0.1557600604605926,1.0
192200.0,1922.0,0.0,,-1.155759933563297,0.1557599335632973,1.0
192300.0,1923.0,0.0,,-1.1557598931428883,0.1557598931428883,1.0
192600.0,1926.0,0.0,,-1.1557598905688449,0.1557598905688448,1.0
192900.0,1929.0,0.0,,-1.1557098413781692,0.1557098413781692,1.0
193000.0,1930.0,0.0,,-1.1556923199644753,0.1556923199644753,1.0
193400.0,1934.0,0.0,,-1.1556923192869173,0.1556923192869173,1.0
193600.0,1936.0,0.0,,-1.1556915737670708,0.1556915737670707,1.0
193700.0,1937.0,0.0,,-1.1556915735882172,0.1556915735882171,1.0
193800.0,1938.0,0.0,,-1.155691546922066,0.1556915469220661,1.0
193900.0,1939.0,0.0,,-1.1556915415733688,0.1556915415733688,1.0
194000.0,1940.0,0.0,,-1.155691540610096,0.155691540610096,1.0
194200.0,1942.0,0.0,,-1.15569153359605,0.15569153359605,1.0
194600.0,1946.0,0.0,,-1.1556915335828193,0.1556915335828192,1.0
194700.0,1947.0,0.0,,-1.1556915330384754,0.1556915330384753,1.0
195100.0,1951.0,0.0,,-1.1556915329855502,0.1556915329855501,1.0
195300.0,1953.0,0.0,,-1.1556915327918498,0.1556915327918497,1.0
195600.0,1956.0,0.0,,-1.1556915327918496,0.1556915327918495,1.0
195700.0,1957.0,0.0,,-1.1556915327912922,0.1556915327912922,1.0
195800.0,1958.0,0.0,,-1.155673876201399,0.1556738762013989,1.0
195900.0,1959.0,0.0,,-1.1556269265979653,0.1556269265979653,1.0
196100.0,1961.0,0.0,,-1.1556268445904585,0.1556268445904582,1.0
196300.0,1963.0,0.0,,-1.1556266946854958,0.1556266946854958,1.0
196400.0,1964.0,0.0,,-1.155626672912816,0.1556266729128159,1.0
196500.0,1965.0,0.0,,-1.1556266378240494,0.1556266378240494,1.0
196700.0,1967.0,0.0,,-1.1556266015192456,0.1556266015192455,1.0
197000.0,1970.0,0.0,,-1.1556265606389513,0.1556265606389513,1.0
197100.0,1971.0,0.0,,-1.1556265186951702,0.1556265186951702,1.0
197400.0,1974.0,0.0,,-1.1555698066429338,0.1555698066429338,1.0
197500.0,1975.0,0.0,,-1.1555697716026585,0.1555697716026582,1.0
197600.0,1976.0,0.0,,-1.1555613532999474,0.1555613532999473,1.0
197900.0,1979.0,0.0,,-1.1555613532536029,0.1555613532536028,1.0
198000.0,1980.0,0.0,,-1.1555613486344078,0.1555613486344078,1.0
198200.0,1982.0,0.0,,-1.1555613156555922,0.1555613156555921,1.0
198300.0,1983.0,0.0,,-1.155561263808674,0.155561263808674,1.0
198400.0,1984.0,0.0,,-1.1555612637961192,0.1555612637961192,1.0
198500.0,1985.0,0.0,,-1.1555612556652337,0.1555612556652337,1.0
198900.0,1989.0,0.0,,-1.1555612539224065,0.1555612539224062,1.0
199000.0,1990.0,0.0,,-1.1555612539224045,0.1555612539224045,1.0
199300.0,1993.0,0.0,,-1.155561253884243,0.155561253884243,1.0
199600.0,1996.0,0.0,,-1.1555464741947927,0.1555464741947927,1.0
199800.0,1998.0,0.0,,-1.155546185711973,0.1555461857119733,1.0
200100.0,2001.0,0.0,,-1.1555458426507006,0.1555458426507006,1.0
200200.0,2002.0,0.0,,-1.1555288547680491,0.1555288547680491,1.0
200600.0,2006.0,0.0,,-1.1555288162521913,0.1555288162521912,1.0
200800.0,2008.0,0.0,,-1.1555257416334743,0.1555257416334745,1.0
201100.0,2011.0,0.0,,-1.1554931482703548,0.1554931482703547,1.0
201200.0,2012.0,0.0,,-1.1554560329926562,0.1554560329926562,1.0
201300.0,2013.0,0.0,,-1.1553622030152226,0.1553622030152226,1.0
201600.0,2016.0,0.0,,-1.1553597401545312,0.1553597401545312,1.0
201700.0,2017.0,0.0,,-1.1553456595801703,0.1553456595801703,1.0
201800.0,2018.0,0.0,,-1.155335938533811,0.1553359385338109,1.0
202000.0,2020.0,0.0,,-1.1553347807763403,0.1553347807763403,1.0
202400.0,2024.0,0.0,,-1.155094099024229,0.1550940990242291,1.0
202500.0,2025.0,0.0,,-1.155090674928694,0.155090674928694,1.0
202600.0,2026.0,0.0,,-1.1550836849836543,0.1550836849836543,1.0
202700.0,2027.0,0.0,,-1.1550799024512863,0.1550799024512863,1.0
202800.0,2028.0,0.0,,-1.1550799022818643,0.1550799022818643,1.0
202900.0,2029.0,0.0,,-1.1550797379931663,0.1550797379931663,1.0
203000.0,2030.0,0.0,,-1.1550742181832925,0.1550742181832924,1.0
203300.0,2033.0,0.0,,-1.1550705772771548,0.1550705772771548,1.0
203500.0,2035.0,0.0,,-1.1550703644276847,0.1550703644276847,1.0
203900.0,2039.0,0.0,,-1.155070273908629,0.1550702739086289,1.0
204100.0,2041.0,0.0,,-1.155070107897128,0.1550701078971279,1.0
204200.0,2042.0,0.0,,-1.155070013576623,0.1550700135766229,1.0
204300.0,2043.0,0.0,,-1.1550700087739498,0.1550700087739498,1.0
204500.0,2045.0,0.0,,-1.1550666036357913,0.1550666036357912,1.0
204700.0,2047.0,0.0,,-1.155066458851545,0.1550664588515447,1.0
204900.0,2049.0,0.0,,-1.1550664472414982,0.1550664472414982,1.0
205000.0,2050.0,0.0,,-1.1550652020307923,0.1550652020307925,1.0
205200.0,2052.0,0.0,,-1.155064848563951,0.1550648485639509,1.0
205300.0,2053.0,0.0,,-1.1550648330890048,0.1550648330890047,1.0
205400.0,2054.0,0.0,,-1.1550648330755962,0.1550648330755961,1.0
205600.0,2056.0,0.0,,-1.1550648317047354,0.1550648317047354,1.0
205700.0,2057.0,0.0,,-1.1550648173231068,0.1550648173231068,1.0
205800.0,2058.0,0.0,,-1.155064808742104,0.155064808742104,1.0
205900.0,2059.0,0.0,,-1.1550648072348904,0.1550648072348903,1.0
206200.0,2062.0,0.0,,-1.1550647961512568,0.1550647961512568,1.0
206400.0,2064.0,0.0,,-1.155064796148747,0.155064796148747,1.0
206600.0,2066.0,0.0,,-1.1550647948319313,0.1550647948319312,1.0
206700.0,2067.0,0.0,,-1.1550527975692306,0.1550527975692306,1.0
207000.0,2070.0,0.0,,-1.1550375220350146,0.1550375220350146,1.0
207100.0,2071.0,0.0,,-1.1550374090151996,0.1550374090151995,1.0
207400.0,2074.0,0.0,,-1.155035494568598,0.1550354945685981,1.0
207500.0,2075.0,0.0,,-1.155030624503298,0.1550306245032979,1.0
208000.0,2080.0,0.0,,-1.1550304666032267,0.1550304666032267,1.0
208200.0,2082.0,0.0,,-1.1550262518052272,0.1550262518052272,1.0
208300.0,2083.0,0.0,,-1.1550261847513963,0.1550261847513965,1.0
208400.0,2084.0,0.0,,-1.1550261493416387,0.1550261493416387,1.0
208500.0,2085.0,0.0,,-1.1550260060356128,0.1550260060356127,1.0
208600.0,2086.0,0.0,,-1.1550259043664473,0.1550259043664472,1.0
208700.0,2087.0,0.0,,-1.1550255592098533,0.1550255592098532,1.0
208800.0,2088.0,0.0,,-1.1550255456605791,0.1550255456605791,1.0
208900.0,2089.0,0.0,,-1.1550245254677,0.1550245254677,1.0
209000.0,2090.0,0.0,,-1.1550150826273422,0.1550150826273422,1.0
209200.0,2092.0,0.0,,-1.1550106995722242,0.1550106995722242,1.0
209300.0,2093.0,0.0,,-1.1549879820709072,0.1549879820709072,1.0
209400.0,2094.0,0.0,,-1.154987940937109,0.1549879409371091,1.0
209500.0,2095.0,0.0,,-1.1549879341318556,0.1549879341318556,1.0
209600.0,2096.0,0.0,,-1.1549833600945667,0.1549833600945667,1.0
209700.0,2097.0,0.0,,-1.1549450215793684,0.1549450215793684,1.0
210000.0,2100.0,0.0,,-1.1549401801484074,0.1549401801484073,1.0
210100.0,2101.0,0.0,,-1.1549186503957722,0.1549186503957722,1.0
210400.0,2104.0,0.0,,-1.1549186311984452,0.1549186311984451,1.0
210500.0,2105.0,0.0,,-1.1549186267924758,0.1549186267924758,1.0
210600.0,2106.0,0.0,,-1.1548952953778018,0.1548952953778017,1.0
210700.0,2107.0,0.0,,-1.1548950423422986,0.1548950423422985,1.0
210900.0,2109.0,0.0,,-1.1548937403448376,0.1548937403448376,1.0
211000.0,2110.0,0.0,,-1.154850346955458,0.1548503469554578,1.0
211100.0,2111.0,0.0,,-1.1548493312689856,0.1548493312689856,1.0
211200.0,2112.0,0.0,,-1.154848482528149,0.1548484825281493,1.0
211400.0,2114.0,0.0,,-1.1548484544101836,0.1548484544101835,1.0
211500.0,2115.0,0.0,,-1.154848004948827,0.154848004948827,1.0
211600.0,2116.0,0.0,,-1.1458590115537384,0.1458590115537383,1.0
211800.0,2118.0,0.0,,-1.1364344084025668,0.1364344084025668,1.0
212000.0,2120.0,0.0,,-1.1364319890110643,0.1364319890110643,1.0
212200.0,2122.0,0.0,,-1.130410310850958,0.130410310850958,1.0
212300.0,2123.0,0.0,,-1.129509376115745,0.1295093761157453,1.0
213000.0,2130.0,0.0,,-1.1239567002879858,0.1239567002879857,1.0
213200.0,2132.0,0.0,,-1.1239422294535617,0.1239422294535614,1.0
213400.0,2134.0,0.0,,-1.1238448707191244,0.1238448707191244,1.0
213500.0,2135.0,0.0,,-1.1238400706371343,0.1238400706371343,1.0
213600.0,2136.0,0.0,,-1.1237023853471697,0.1237023853471697,1.0
213700.0,2137.0,0.0,,-1.1236961777333654,0.1236961777333653,1.0
213900.0,2139.0,0.0,,-1.1235232857358963,0.1235232857358965,1.0
214200.0,2142.0,0.0,,-1.1225173583704624,0.1225173583704624,1.0
214500.0,2145.0,0.0,,-1.1225013307849196,0.1225013307849196,1.0
214800.0,2148.0,0.0,,-1.122458427446358,0.122458427446358,1.0
214900.0,2149.0,0.0,,-1.1224082054436917,0.1224082054436914,1.0
215000.0,2150.0,0.0,,-1.1223973647530812,0.1223973647530811,1.0
215100.0,2151.0,0.0,,-1.1223704400928043,0.1223704400928045,1.0
215300.0,2153.0,0.0,,-1.1220369213371644,0.1220369213371643,1.0
215400.0,2154.0,0.0,,-1.1220365056918118,0.1220365056918117,1.0
215500.0,2155.0,0.0,,-1.1220359540175673,0.1220359540175672,1.0
215800.0,2158.0,0.0,,-1.1220349484730598,0.1220349484730598,1.0
215900.0,2159.0,0.0,,-1.1220294699683164,0.1220294699683164,1.0
216200.0,2162.0,0.0,,-1.122028996913328,0.1220289969133279,1.0
216300.0,2163.0,0.0,,-1.1220280653163448,0.1220280653163448,1.0
216400.0,2164.0,0.0,,-1.1220266445481857,0.1220266445481854,1.0
216500.0,2165.0,0.0,,-1.122025896389839,0.122025896389839,1.0
216700.0,2167.0,0.0,,-1.1220248741025316,0.1220248741025316,1.0
216800.0,2168.0,0.0,,-1.1220244129942136,0.1220244129942136,1.0
216900.0,2169.0,0.0,,-1.1220241236494255,0.1220241236494255,1.0
217000.0,2170.0,0.0,,-1.1220234365330424,0.1220234365330423,1.0
217200.0,2172.0,0.0,,-1.1220035297924655,0.1220035297924655,1.0
217400.0,2174.0,0.0,,-1.1220035074769086,0.1220035074769085,1.0
217600.0,2176.0,0.0,,-1.12200349912474,0.12200349912474,1.0
217700.0,2177.0,0.0,,-1.121998188360601,0.1219981883606009,1.0
218100.0,2181.0,0.0,,-1.1219981725118764,0.1219981725118763,1.0
218200.0,2182.0,0.0,,-1.1219981634102183,0.1219981634102185,1.0
218300.0,2183.0,0.0,,-1.1219981523792166,0.1219981523792166,1.0
218600.0,2186.0,0.0,,-1.121998151812177,0.1219981518121771,1.0
218700.0,2187.0,0.0,,-1.1219981507814931,0.1219981507814931,1.0
218900.0,2189.0,0.0,,-1.1219981506757517,0.1219981506757517,1.0
219000.0,2190.0,0.0,,-1.121998150540276,0.121998150540276,1.0
219100.0,2191.0,0.0,,-1.1219910756127247,0.1219910756127247,1.0
219200.0,2192.0,0.0,,-1.1219687559332772,0.1219687559332771,1.0
219500.0,2195.0,0.0,,-1.121967605853869,0.121967605853869,1.0
219600.0,2196.0,0.0,,-1.12196734611086,0.1219673461108599,1.0
219800.0,2198.0,0.0,,-1.1219659218008926,0.1219659218008926,1.0
219900.0,2199.0,0.0,,-1.1219528884271155,0.1219528884271154,1.0
220000.0,2200.0,0.0,,-1.1219500170848016,0.1219500170848015,1.0
220100.0,2201.0,0.0,,-1.1219478462072452,0.1219478462072451,1.0
220300.0,2203.0,0.0,,-1.1219476988895067,0.1219476988895067,1.0
220600.0,2206.0,0.0,,-1.121865561762606,0.1218655617626058,1.0
220800.0,2208.0,0.0,,-1.1218634688808933,0.1218634688808932,1.0
221000.0,2210.0,0.0,,-1.1218625275375709,0.1218625275375708,1.0
221300.0,2213.0,0.0,,-1.121862124049281,0.1218621240492809,1.0
221500.0,2215.0,0.0,,-1.1218618231032291,0.1218618231032293,1.0
221800.0,2218.0,0.0,,-1.1218613424131545,0.1218613424131542,1.0
222100.0,2221.0,0.0,,-1.12186134191299,0.1218613419129901,1.0
222200.0,2222.0,0.0,,-1.1218613409084803,0.1218613409084803,1.0
222400.0,2224.0,0.0,,-1.121861331423319,0.121861331423319,1.0
222600.0,2226.0,0.0,,-1.121861273865265,0.1218612738652649,1.0
222900.0,2229.0,0.0,,-1.1218611771258242,0.1218611771258242,1.0
223000.0,2230.0,0.0,,-1.121861126173447,0.121861126173447,1.0
223200.0,2232.0,0.0,,-1.121861123089875,0.1218611230898749,1.0
223300.0,2233.0,0.0,,-1.1218610993317304,0.1218610993317304,1.0
223500.0,2235.0,0.0,,-1.12186109249386,0.1218610924938599,1.0
223600.0,2236.0,0.0,,-1.1218610820530588,0.1218610820530587,1.0
224300.0,2243.0,0.0,,-1.1218610799506763,0.1218610799506763,1.0
224400.0,2244.0,0.0,,-1.1218610795770063,0.1218610795770065,1.0
224500.0,2245.0,0.0,,-1.121861079507444,0.1218610795074439,1.0
224700.0,2247.0,0.0,,-1.1218610776192797,0.1218610776192796,1.0
224800.0,2248.0,0.0,,-1.1218610770390025,0.1218610770390025,1.0
225000.0,2250.0,0.0,,-1.1218610770020654,0.1218610770020653,1.0
225100.0,2251.0,0.0,,-1.1218610757000549,0.1218610757000548,1.0
225400.0,2254.0,0.0,,-1.121861075685371,0.121861075685371,1.0
225500.0,2255.0,0.0,,-1.1218610751532545,0.1218610751532542,1.0
225600.0,2256.0,0.0,,-1.1218610747827678,0.1218610747827677,1.0
225800.0,2258.0,0.0,,-1.1218512966190124,0.1218512966190124,1.0
226000.0,2260.0,0.0,,-1.1218511786939112,0.1218511786939111,1.0
226200.0,2262.0,0.0,,-1.1218490415953082,0.1218490415953081,1.0
226500.0,2265.0,0.0,,-1.1218490415721494,0.1218490415721493,1.0
226600.0,2266.0,0.0,,-1.121848993848896,0.121848993848896,1.0
226700.0,2267.0,0.0,,-1.1218487916332631,0.1218487916332631,1.0
227000.0,2270.0,0.0,,-1.121848319183545,0.1218483191835453,1.0
227100.0,2271.0,0.0,,-1.1218477549860069,0.1218477549860068,1.0
227200.0,2272.0,0.0,,-1.121847391293607,0.1218473912936071,1.0
227600.0,2276.0,0.0,,-1.1218472898443528,0.1218472898443527,1.0
227700.0,2277.0,0.0,,-1.1218472684571004,0.1218472684571003,1.0
227800.0,2278.0,0.0,,-1.121847249968032,0.1218472499680318,1.0
227900.0,2279.0,0.0,,-1.12184708270541,0.1218470827054098,1.0
228100.0,2281.0,0.0,,-1.1218470789610309,0.1218470789610308,1.0
228500.0,2285.0,0.0,,-1.1218466553598694,0.1218466553598693,1.0
228700.0,2287.0,0.0,,-1.1218465442660237,0.1218465442660234,1.0
229100.0,2291.0,0.0,,-1.1218465251606484,0.1218465251606484,1.0
229200.0,2292.0,0.0,,-1.1218464880721857,0.1218464880721856,1.0
229600.0,2296.0,0.0,,-1.1218463733634128,0.1218463733634127,1.0
229700.0,2297.0,0.0,,-1.1218463479001275,0.1218463479001275,1.0
229800.0,2298.0,0.0,,-1.1218462570937913,0.1218462570937912,1.0
229900.0,2299.0,0.0,,-1.1218462421497533,0.1218462421497532,1.0
230100.0,2301.0,0.0,,-1.1218462419269568,0.1218462419269568,1.0
230300.0,2303.0,0.0,,-1.1218462415755353,0.1218462415755352,1.0
230400.0,2304.0,0.0,,-1.1218462406841605,0.1218462406841602,1.0
230600.0,2306.0,0.0,,-1.12184623854061,0.12184623854061,1.0
231100.0,2311.0,0.0,,-1.1218461931751234,0.1218461931751233,1.0
231300.0,2313.0,0.0,,-1.1218461912218916,0.1218461912218915,1.0
231400.0,2314.0,0.0,,-1.121846189031141,0.121846189031141,1.0
231600.0,2316.0,0.0,,-1.1218461890277776,0.1218461890277775,1.0
231700.0,2317.0,0.0,,-1.121846187926563,0.1218461879265631,1.0
231800.0,2318.0,0.0,,-1.1218461876147,0.1218461876147001,1.0
231900.0,2319.0,0.0,,-1.1218461873432388,0.1218461873432388,1.0
232000.0,2320.0,0.0,,-1.1218461837399063,0.1218461837399065,1.0
232100.0,2321.0,0.0,,-1.1218461836659683,0.1218461836659683,1.0
232300.0,2323.0,0.0,,-1.121846183544828,0.1218461835448279,1.0
232400.0,2324.0,0.0,,-1.121846183540049,0.121846183540049,1.0
232500.0,2325.0,0.0,,-1.1218461833272977,0.1218461833272976,1.0
232600.0,2326.0,0.0,,-1.1218461833187252,0.1218461833187252,1.0
232800.0,2328.0,0.0,,-1.1218241250713232,0.1218241250713232,1.0
233100.0,2331.0,0.0,,-1.121824125071302,0.1218241250713019,1.0
233200.0,2332.0,0.0,,-1.1218241249803962,0.1218241249803961,1.0
233300.0,2333.0,0.0,,-1.1218231006774328,0.1218231006774328,1.0
233400.0,2334.0,0.0,,-1.121822343580615,0.1218223435806149,1.0
233600.0,2336.0,0.0,,-1.1218220573022215,0.1218220573022215,1.0
233700.0,2337.0,0.0,,-1.1218220145498474,0.1218220145498474,1.0
233900.0,2339.0,0.0,,-1.1218220145498472,0.1218220145498472,1.0
234100.0,2341.0,0.0,,-1.1218220115338915,0.1218220115338917,1.0
234200.0,2342.0,0.0,,-1.121822005190051,0.1218220051900509,1.0
234300.0,2343.0,0.0,,-1.1218219918676835,0.1218219918676837,1.0
234500.0,2345.0,0.0,,-1.121821990242227,0.121821990242227,1.0
234600.0,2346.0,0.0,,-1.1218219236375455,0.1218219236375455,1.0
234700.0,2347.0,0.0,,-1.1218219190631613,0.1218219190631613,1.0
235300.0,2353.0,0.0,,-1.1218219139951755,0.1218219139951757,1.0
235400.0,2354.0,0.0,,-1.1218219134719551,0.1218219134719551,1.0
235500.0,2355.0,0.0,,-1.1218219074267937,0.1218219074267936,1.0
235600.0,2356.0,0.0,,-1.1218218965238205,0.1218218965238204,1.0
235900.0,2359.0,0.0,,-1.1218218948132892,0.1218218948132892,1.0
236000.0,2360.0,0.0,,-1.1218218934301156,0.1218218934301156,1.0
236100.0,2361.0,0.0,,-1.121821893384272,0.1218218933842718,1.0
236300.0,2363.0,0.0,,-1.1218193762677875,0.1218193762677875,1.0
236400.0,2364.0,0.0,,-1.1218190169250315,0.1218190169250315,1.0
236900.0,2369.0,0.0,,-1.1218179413987457,0.1218179413987454,1.0
237100.0,2371.0,0.0,,-1.121817338344406,0.1218173383444061,1.0
237600.0,2376.0,0.0,,-1.1218172966738509,0.1218172966738508,1.0
238000.0,2380.0,0.0,,-1.1218172880334274,0.1218172880334274,1.0
238200.0,2382.0,0.0,,-1.1218172846698948,0.1218172846698948,1.0
238400.0,2384.0,0.0,,-1.1218172845914205,0.1218172845914202,1.0
238500.0,2385.0,0.0,,-1.1218172765961243,0.1218172765961242,1.0
238600.0,2386.0,0.0,,-1.1218172699235942,0.1218172699235942,1.0
238700.0,2387.0,0.0,,-1.121816350949407,0.121816350949407,1.0
238800.0,2388.0,0.0,,-1.121816217886637,0.1218162178866373,1.0
239200.0,2392.0,0.0,,-1.1218157495158914,0.1218157495158913,1.0
239500.0,2395.0,0.0,,-1.1217260152150197,0.1217260152150196,1.0
239800.0,2398.0,0.0,,-1.121708650189395,0.1217086501893949,1.0
239900.0,2399.0,0.0,,-1.1217063753979712,0.1217063753979712,1.0
240000.0,2400.0,0.0,,-1.121695654080453,0.121695654080453,1.0
240600.0,2406.0,0.0,,-1.098283694217974,0.0982836942179739,1.0
240900.0,2409.0,0.0,,-1.097635922870641,0.0976359228706409,1.0
241000.0,2410.0,0.0,,-1.09763421141518,0.09763421141518,1.0
241100.0,2411.0,0.0,,-1.097550014869474,0.0975500148694739,1.0
241200.0,2412.0,0.0,,-1.0973952474914876,0.0973952474914876,1.0
241300.0,2413.0,0.0,,-1.0973185464671635,0.0973185464671635,1.0
241400.0,2414.0,0.0,,-1.0971029832356929,0.0971029832356928,1.0
241700.0,2417.0,0.0,,-1.0953399189217945,0.0953399189217945,1.0
242100.0,2421.0,0.0,,-1.0912853686485,0.0912853686485,1.0
242200.0,2422.0,0.0,,-1.0912092311430843,0.0912092311430843,1.0
242400.0,2424.0,0.0,,-1.0908054058440144,0.0908054058440144,1.0
242600.0,2426.0,0.0,,-1.090350547477036,0.0903505474770358,1.0
242800.0,2428.0,0.0,,-1.0895950174736275,0.0895950174736277,1.0
243600.0,2436.0,0.0,,-1.089182379591562,0.089182379591562,1.0
243900.0,2439.0,0.0,,-1.0891736841390354,0.0891736841390353,1.0
244200.0,2442.0,0.0,,-1.0891003149928145,0.0891003149928144,1.0
244500.0,2445.0,0.0,,-1.0890956140490022,0.0890956140490022,1.0
244700.0,2447.0,0.0,,-1.0890953634239038,0.0890953634239037,1.0
245100.0,2451.0,0.0,,-1.0890774404821293,0.0890774404821292,1.0
245300.0,2453.0,0.0,,-1.0890766914338768,0.0890766914338767,1.0
245400.0,2454.0,0.0,,-1.0890750048766165,0.0890750048766164,1.0
245700.0,2457.0,0.0,,-1.0890724128147404,0.0890724128147404,1.0
246000.0,2460.0,0.0,,-1.089071645083912,0.0890716450839119,1.0
246200.0,2462.0,0.0,,-1.089071083143193,0.0890710831431926,1.0
246400.0,2464.0,0.0,,-1.089070900224089,0.089070900224089,1.0
246500.0,2465.0,0.0,,-1.0890708769219843,0.0890708769219843,1.0
246600.0,2466.0,0.0,,-1.0890706620721513,0.0890706620721513,1.0
246800.0,2468.0,0.0,,-1.089070601523422,0.0890706015234219,1.0
246900.0,2469.0,0.0,,-1.0890704771823585,0.0890704771823582,1.0
247200.0,2472.0,0.0,,-1.0890704516587997,0.0890704516587996,1.0
247300.0,2473.0,0.0,,-1.0890704396324038,0.0890704396324038,1.0
247400.0,2474.0,0.0,,-1.0890175815686771,0.0890175815686771,1.0
247800.0,2478.0,0.0,,-1.089013871762213,0.089013871762213,1.0
247900.0,2479.0,0.0,,-1.0890135625383983,0.0890135625383983,1.0
248000.0,2480.0,0.0,,-1.0890037560283077,0.0890037560283076,1.0
248100.0,2481.0,0.0,,-1.0889973308124914,0.0889973308124914,1.0
248200.0,2482.0,0.0,,-1.0889860630363903,0.0889860630363903,1.0
248400.0,2484.0,0.0,,-1.0889843199139613,0.0889843199139612,1.0
248500.0,2485.0,0.0,,-1.0889832581111758,0.0889832581111758,1.0
248700.0,2487.0,0.0,,-1.0889800713575395,0.0889800713575394,1.0
248800.0,2488.0,0.0,,-1.0889774054914094,0.0889774054914094,1.0
248900.0,2489.0,0.0,,-1.0889737117212142,0.0889737117212141,1.0
249000.0,2490.0,0.0,,-1.0889330220189355,0.0889330220189354,1.0
249100.0,2491.0,0.0,,-1.0889041514468258,0.0889041514468258,1.0
249300.0,2493.0,0.0,,-1.088888934631341,0.088888934631341,1.0
249500.0,2495.0,0.0,,-1.0888786285823118,0.0888786285823117,1.0
249600.0,2496.0,0.0,,-1.088856439872481,0.0888564398724809,1.0
249700.0,2497.0,0.0,,-1.0888560677547097,0.0888560677547096,1.0
249900.0,2499.0,0.0,,-1.0888507922294308,0.0888507922294308,1.0
250300.0,2503.0,0.0,,-1.088847624499658,0.0888476244996581,1.0
250400.0,2504.0,0.0,,-1.0888475780606115,0.0888475780606115,1.0
250500.0,2505.0,0.0,,-1.0888473433057275,0.0888473433057275,1.0
250600.0,2506.0,0.0,,-1.088847022856063,0.0888470228560629,1.0
250700.0,2507.0,0.0,,-1.0888470123369798,0.0888470123369797,1.0
250800.0,2508.0,0.0,,-1.0888463437841869,0.0888463437841866,1.0
251000.0,2510.0,0.0,,-1.0888361210351774,0.0888361210351773,1.0
251100.0,2511.0,0.0,,-1.0888333222737987,0.0888333222737987,1.0
251200.0,2512.0,0.0,,-1.0888328989763063,0.0888328989763063,1.0
251500.0,2515.0,0.0,,-1.0888323987699573,0.0888323987699573,1.0
251600.0,2516.0,0.0,,-1.088831324477615,0.0888313244776153,1.0
251700.0,2517.0,0.0,,-1.088830885554006,0.0888308855540058,1.0
251800.0,2518.0,0.0,,-1.088791808734246,0.0887918087342458,1.0
252500.0,2525.0,0.0,,-1.0887917897245818,0.0887917897245818,1.0
252700.0,2527.0,0.0,,-1.0887550195106463,0.0887550195106463,1.0
253000.0,2530.0,0.0,,-1.0887533370298768,0.0887533370298767,1.0
253100.0,2531.0,0.0,,-1.0887489470420997,0.0887489470420996,1.0
253300.0,2533.0,0.0,,-1.0887353649500773,0.0887353649500772,1.0
253400.0,2534.0,0.0,,-1.0887346936354056,0.0887346936354056,1.0
253700.0,2537.0,0.0,,-1.0887344635536595,0.0887344635536595,1.0
253900.0,2539.0,0.0,,-1.0887343879841969,0.0887343879841968,1.0
254000.0,2540.0,0.0,,-1.088734363975724,0.0887343639757241,1.0
254100.0,2541.0,0.0,,-1.0887340702417856,0.0887340702417855,1.0
254200.0,2542.0,0.0,,-1.0887340593795534,0.0887340593795533,1.0
254500.0,2545.0,0.0,,-1.088734021255112,0.0887340212551119,1.0
254700.0,2547.0,0.0,,-1.088733321657632,0.088733321657632,1.0
254900.0,2549.0,0.0,,-1.0887333083486126,0.0887333083486126,1.0
255000.0,2550.0,0.0,,-1.0887329221875373,0.0887329221875372,1.0
255400.0,2554.0,0.0,,-1.0887329153899834,0.0887329153899834,1.0
255500.0,2555.0,0.0,,-1.0887329120259726,0.0887329120259725,1.0
255900.0,2559.0,0.0,,-1.0887329114368156,0.0887329114368156,1.0
256100.0,2561.0,0.0,,-1.088684622925555,0.0886846229255546,1.0
256200.0,2562.0,0.0,,-1.0886821190533569,0.0886821190533568,1.0
256300.0,2563.0,0.0,,-1.0886820445361003,0.0886820445361005,1.0
256500.0,2565.0,0.0,,-1.0886815353538526,0.0886815353538525,1.0
256700.0,2567.0,0.0,,-1.0886815298919374,0.0886815298919374,1.0
257200.0,2572.0,0.0,,-1.0886815208757417,0.0886815208757416,1.0
257500.0,2575.0,0.0,,-1.0886815194961583,0.0886815194961583,1.0
257600.0,2576.0,0.0,,-1.0886752309157586,0.0886752309157585,1.0
257900.0,2579.0,0.0,,-1.0886735872155018,0.0886735872155017,1.0
258200.0,2582.0,0.0,,-1.0886732806277108,0.0886732806277108,1.0
258300.0,2583.0,0.0,,-1.0886673352400835,0.0886673352400835,1.0
258400.0,2584.0,0.0,,-1.0886629940142,0.0886629940141998,1.0
258500.0,2585.0,0.0,,-1.0886622360759004,0.0886622360759004,1.0
258600.0,2586.0,0.0,,-1.0886622034346074,0.0886622034346074,1.0
258800.0,2588.0,0.0,,-1.088662181407149,0.0886621814071491,1.0
259000.0,2590.0,0.0,,-1.0886619499485863,0.0886619499485863,1.0
259200.0,2592.0,0.0,,-1.0886619291142752,0.0886619291142751,1.0
259400.0,2594.0,0.0,,-1.0886618718435122,0.0886618718435121,1.0
259500.0,2595.0,0.0,,-1.0886099849193795,0.0886099849193795,1.0
259600.0,2596.0,0.0,,-1.0886084801177045,0.0886084801177045,1.0
259900.0,2599.0,0.0,,-1.088606522282728,0.0886065222827281,1.0
260000.0,2600.0,0.0,,-1.0886036963992085,0.0886036963992085,1.0
260300.0,2603.0,0.0,,-1.0886025810734454,0.0886025810734454,1.0
260400.0,2604.0,0.0,,-1.0886016738254882,0.0886016738254882,1.0
260500.0,2605.0,0.0,,-1.0885984116388143,0.0885984116388143,1.0
260800.0,2608.0,0.0,,-1.0885983678420506,0.0885983678420505,1.0
261000.0,2610.0,0.0,,-1.0885979885151138,0.0885979885151138,1.0
261100.0,2611.0,0.0,,-1.0885959042261766,0.0885959042261765,1.0
261200.0,2612.0,0.0,,-1.0885959024064302,0.0885959024064302,1.0
261500.0,2615.0,0.0,,-1.0885957214863011,0.0885957214863011,1.0
261600.0,2616.0,0.0,,-1.0885956587882446,0.0885956587882446,1.0
261800.0,2618.0,0.0,,-1.0885954600503065,0.0885954600503065,1.0
262200.0,2622.0,0.0,,-1.088595356374192,0.0885953563741919,1.0
262400.0,2624.0,0.0,,-1.0885952819525264,0.0885952819525264,1.0
262500.0,2625.0,0.0,,-1.0885952813709645,0.0885952813709645,1.0
262600.0,2626.0,0.0,,-1.0885952766402132,0.0885952766402131,1.0
262800.0,2628.0,0.0,,-1.088595262705544,0.0885952627055439,1.0
262900.0,2629.0,0.0,,-1.0885951689046045,0.0885951689046045,1.0
263500.0,2635.0,0.0,,-1.0885951658652049,0.0885951658652046,1.0
263600.0,2636.0,0.0,,-1.088595157741045,0.0885951577410453,1.0
263800.0,2638.0,0.0,,-1.088595148901795,0.0885951489017953,1.0
263900.0,2639.0,0.0,,-1.0885951466502868,0.0885951466502867,1.0
264000.0,2640.0,0.0,,-1.0885951386384347,0.0885951386384347,1.0
264400.0,2644.0,0.0,,-1.0885951329745958,0.0885951329745957,1.0
264600.0,2646.0,0.0,,-1.0885951328425052,0.0885951328425052,1.0
264700.0,2647.0,0.0,,-1.0885951032202985,0.0885951032202982,1.0
264900.0,2649.0,0.0,,-1.0885950266790063,0.0885950266790065,1.0
265000.0,2650.0,0.0,,-1.0885950228887844,0.0885950228887844,1.0
265200.0,2652.0,0.0,,-1.0885950225401424,0.0885950225401424,1.0
265300.0,2653.0,0.0,,-1.0885950181095865,0.0885950181095862,1.0
265400.0,2654.0,0.0,,-1.088595007413256,0.0885950074132559,1.0
265500.0,2655.0,0.0,,-1.0885946407279972,0.0885946407279971,1.0
265800.0,2658.0,0.0,,-1.0885945210071988,0.0885945210071987,1.0
265900.0,2659.0,0.0,,-1.0885945035160856,0.0885945035160855,1.0
266100.0,2661.0,0.0,,-1.088594472725341,0.0885944727253409,1.0
266200.0,2662.0,0.0,,-1.0885944624523507,0.0885944624523507,1.0
266300.0,2663.0,0.0,,-1.0885944609848384,0.0885944609848383,1.0
266400.0,2664.0,0.0,,-1.0885944549000863,0.0885944549000865,1.0
266500.0,2665.0,0.0,,-1.0885919582973596,0.0885919582973595,1.0
266700.0,2667.0,0.0,,-1.0885919133348445,0.0885919133348445,1.0
266800.0,2668.0,0.0,,-1.0885914525806306,0.0885914525806306,1.0
267000.0,2670.0,0.0,,-1.088583518878635,0.088583518878635,1.0
267100.0,2671.0,0.0,,-1.0885834789666882,0.0885834789666881,1.0
267300.0,2673.0,0.0,,-1.088578643628639,0.0885786436286393,1.0
267400.0,2674.0,0.0,,-1.0885784760116888,0.0885784760116887,1.0
267600.0,2676.0,0.0,,-1.088578237825225,0.0885782378252246,1.0
268000.0,2680.0,0.0,,-1.0885782162641853,0.0885782162641852,1.0
268100.0,2681.0,0.0,,-1.0885781751171184,0.0885781751171184,1.0
268300.0,2683.0,0.0,,-1.088578135350452,0.088578135350452,1.0
268400.0,2684.0,0.0,,-1.088578126899523,0.0885781268995229,1.0
268500.0,2685.0,0.0,,-1.0885781216225938,0.0885781216225938,1.0
268600.0,2686.0,0.0,,-1.0885714471784649,0.0885714471784646,1.0
268900.0,2689.0,0.0,,-1.0885713036928588,0.0885713036928588,1.0
269000.0,2690.0,0.0,,-1.0885712061921595,0.0885712061921597,1.0
269500.0,2695.0,0.0,,-1.0885711961880895,0.0885711961880897,1.0
269600.0,2696.0,0.0,,-1.0885711749543605,0.0885711749543602,1.0
269700.0,2697.0,0.0,,-1.0885711319714262,0.0885711319714261,1.0
269900.0,2699.0,0.0,,-1.0885711109827534,0.0885711109827533,1.0
270100.0,2701.0,0.0,,-1.0885710780800777,0.0885710780800774,1.0
270200.0,2702.0,0.0,,-1.088570688273252,0.0885706882732519,1.0
270300.0,2703.0,0.0,,-1.0885706769501469,0.0885706769501468,1.0
270600.0,2706.0,0.0,,-1.0885706688949468,0.0885706688949468,1.0
270700.0,2707.0,0.0,,-1.0885706633051493,0.0885706633051492,1.0
270800.0,2708.0,0.0,,-1.0885706579861916,0.0885706579861915,1.0
270900.0,2709.0,0.0,,-1.0885706428953283,0.0885706428953283,1.0
271200.0,2712.0,0.0,,-1.0885706397592607,0.0885706397592607,1.0
271400.0,2714.0,0.0,,-1.0885706360533245,0.0885706360533242,1.0
271500.0,2715.0,0.0,,-1.0885706349993969,0.0885706349993966,1.0
271700.0,2717.0,0.0,,-1.088570627847043,0.088570627847043,1.0
271800.0,2718.0,0.0,,-1.0885706273860531,0.0885706273860531,1.0
271900.0,2719.0,0.0,,-1.0885706271164537,0.0885706271164536,1.0
272000.0,2720.0,0.0,,-1.0885074858608486,0.0885074858608485,1.0
272400.0,2724.0,0.0,,-1.0885074728617972,0.0885074728617971,1.0
272600.0,2726.0,0.0,,-1.088507471422024,0.0885074714220239,1.0
272800.0,2728.0,0.0,,-1.0885059959426675,0.0885059959426677,1.0
273000.0,2730.0,0.0,,-1.0885059177528025,0.0885059177528024,1.0
273100.0,2731.0,0.0,,-1.088505904660795,0.088505904660795,1.0
273200.0,2732.0,0.0,,-1.0885059031786857,0.0885059031786856,1.0
273300.0,2733.0,0.0,,-1.0885058986320928,0.0885058986320928,1.0
273500.0,2735.0,0.0,,-1.088457334857773,0.088457334857773,1.0
273700.0,2737.0,0.0,,-1.0884557539306738,0.0884557539306738,1.0
274000.0,2740.0,0.0,,-1.0884557539025166,0.0884557539025165,1.0
274100.0,2741.0,0.0,,-1.0884536627016763,0.0884536627016763,1.0
274400.0,2744.0,0.0,,-1.088452214767044,0.0884522147670441,1.0
274500.0,2745.0,0.0,,-1.0884399991036786,0.0884399991036786,1.0
274700.0,2747.0,0.0,,-1.088439906495292,0.0884399064952918,1.0
274900.0,2749.0,0.0,,-1.0884383321709912,0.0884383321709911,1.0
275200.0,2752.0,0.0,,-1.0884382335963838,0.0884382335963838,1.0
275300.0,2753.0,0.0,,-1.0884381450199745,0.0884381450199742,1.0
275400.0,2754.0,0.0,,-1.0883646163073009,0.0883646163073008,1.0
275800.0,2758.0,0.0,,-1.0883604040740578,0.0883604040740577,1.0
276100.0,2761.0,0.0,,-1.0882069168093518,0.0882069168093517,1.0
276600.0,2766.0,0.0,,-1.0881414174519972,0.0881414174519972,1.0
276900.0,2769.0,0.0,,-1.0881207996941216,0.0881207996941215,1.0
277200.0,2772.0,0.0,,-1.0881160145522797,0.0881160145522796,1.0
277300.0,2773.0,0.0,,-1.0881153768784593,0.0881153768784592,1.0
277400.0,2774.0,0.0,,-1.0881152537903998,0.0881152537903997,1.0
277500.0,2775.0,0.0,,-1.0881143898709915,0.0881143898709915,1.0
277600.0,2776.0,0.0,,-1.0881143692030566,0.0881143692030566,1.0
277800.0,2778.0,0.0,,-1.088105849549818,0.0881058495498181,1.0
278700.0,2787.0,0.0,,-1.0881033634812465,0.0881033634812462,1.0
278800.0,2788.0,0.0,,-1.0881030775479683,0.0881030775479685,1.0
279000.0,2790.0,0.0,,-1.088051784841598,0.088051784841598,1.0
279200.0,2792.0,0.0,,-1.0880470098217363,0.0880470098217365,1.0
279600.0,2796.0,0.0,,-1.088038978967269,0.088038978967269,1.0
279700.0,2797.0,0.0,,-1.0880375789882066,0.0880375789882066,1.0
280000.0,2800.0,0.0,,-1.088037433523857,0.0880374335238569,1.0
280300.0,2803.0,0.0,,-1.0880372754012633,0.0880372754012632,1.0
280400.0,2804.0,0.0,,-1.0880088149688016,0.0880088149688016,1.0
280500.0,2805.0,0.0,,-1.0880088149601932,0.0880088149601932,1.0
280600.0,2806.0,0.0,,-1.088008630466532,0.0880086304665319,1.0
280700.0,2807.0,0.0,,-1.0880021990585362,0.0880021990585362,1.0
280800.0,2808.0,0.0,,-1.0880016531445664,0.0880016531445664,1.0
280900.0,2809.0,0.0,,-1.0880014186110984,0.0880014186110984,1.0
281200.0,2812.0,0.0,,-1.0880014086522607,0.0880014086522607,1.0
281300.0,2813.0,0.0,,-1.0880013180531407,0.0880013180531407,1.0
281400.0,2814.0,0.0,,-1.0880012721920636,0.0880012721920635,1.0
281500.0,2815.0,0.0,,-1.0880011529208602,0.0880011529208601,1.0
281700.0,2817.0,0.0,,-1.0880009875963097,0.0880009875963094,1.0
282000.0,2820.0,0.0,,-1.0880009871502052,0.0880009871502052,1.0
282100.0,2821.0,0.0,,-1.0880009733479337,0.0880009733479336,1.0
282200.0,2822.0,0.0,,-1.088000955041918,0.088000955041918,1.0
282500.0,2825.0,0.0,,-1.0880008729716864,0.0880008729716863,1.0
282700.0,2827.0,0.0,,-1.0880008647730257,0.0880008647730254,1.0
282800.0,2828.0,0.0,,-1.0880008512047876,0.0880008512047876,1.0
282900.0,2829.0,0.0,,-1.0880008480479568,0.0880008480479568,1.0
283000.0,2830.0,0.0,,-1.0880008432664838,0.0880008432664838,1.0
283100.0,2831.0,0.0,,-1.0880008248301545,0.0880008248301544,1.0
283300.0,2833.0,0.0,,-1.0880008241113654,0.0880008241113654,1.0
283400.0,2834.0,0.0,,-1.0879574581015783,0.0879574581015782,1.0
283900.0,2839.0,0.0,,-1.0879573379633332,0.0879573379633331,1.0
284000.0,2840.0,0.0,,-1.0879571076127197,0.0879571076127196,1.0
284100.0,2841.0,0.0,,-1.087955131778809,0.0879551317788089,1.0
284300.0,2843.0,0.0,,-1.087954459513893,0.087954459513893,1.0
284400.0,2844.0,0.0,,-1.0879544595034063,0.0879544595034063,1.0
284500.0,2845.0,0.0,,-1.087954453397351,0.087954453397351,1.0
284800.0,2848.0,0.0,,-1.0879164309325169,0.0879164309325166,1.0
284900.0,2849.0,0.0,,-1.0879164309323976,0.0879164309323976,1.0
285000.0,2850.0,0.0,,-1.087913578744891,0.087913578744891,1.0
285500.0,2855.0,0.0,,-1.0879135342566857,0.0879135342566854,1.0
285600.0,2856.0,0.0,,-1.0879135214478997,0.0879135214478996,1.0
285700.0,2857.0,0.0,,-1.0879132546396502,0.0879132546396501,1.0
286100.0,2861.0,0.0,,-1.0878442832430333,0.0878442832430332,1.0
286600.0,2866.0,0.0,,-1.0878356886722105,0.0878356886722102,1.0
286900.0,2869.0,0.0,,-1.0878010336164394,0.0878010336164394,1.0
287100.0,2871.0,0.0,,-1.087798778161578,0.0877987781615778,1.0
287400.0,2874.0,0.0,,-1.0877987116109478,0.0877987116109477,1.0
287500.0,2875.0,0.0,,-1.0877986768389685,0.0877986768389684,1.0
287700.0,2877.0,0.0,,-1.0877986004247429,0.0877986004247428,1.0
287800.0,2878.0,0.0,,-1.0877985026257126,0.0877985026257126,1.0
287900.0,2879.0,0.0,,-1.0877984455709626,0.0877984455709626,1.0
288300.0,2883.0,0.0,,-1.0877984419324094,0.0877984419324093,1.0
288400.0,2884.0,0.0,,-1.087798425888131,0.087798425888131,1.0
288800.0,2888.0,0.0,,-1.087798422353897,0.087798422353897,1.0
289100.0,2891.0,0.0,,-1.087798416524083,0.087798416524083,1.0
289400.0,2894.0,0.0,,-1.0877984159736636,0.0877984159736635,1.0
289700.0,2897.0,0.0,,-1.0877984143663555,0.0877984143663557,1.0
290000.0,2900.0,0.0,,-1.0877948368568464,0.0877948368568464,1.0
290400.0,2904.0,0.0,,-1.0877948283281615,0.0877948283281615,1.0
290600.0,2906.0,0.0,,-1.0877923398346916,0.0877923398346915,1.0
290700.0,2907.0,0.0,,-1.0877902211695103,0.0877902211695103,1.0
290800.0,2908.0,0.0,,-1.0877874623075825,0.0877874623075825,1.0
291100.0,2911.0,0.0,,-1.0877830341233965,0.0877830341233962,1.0
291200.0,2912.0,0.0,,-1.0877437561653622,0.0877437561653622,1.0
291300.0,2913.0,0.0,,-1.087734872251708,0.0877348722517079,1.0
291500.0,2915.0,0.0,,-1.087668762322962,0.0876687623229619,1.0
291800.0,2918.0,0.0,,-1.0876444313116296,0.0876444313116295,1.0
291900.0,2919.0,0.0,,-1.087643843743329,0.0876438437433286,1.0
292100.0,2921.0,0.0,,-1.0876438262940564,0.0876438262940564,1.0
292200.0,2922.0,0.0,,-1.0876416978792145,0.0876416978792145,1.0
292300.0,2923.0,0.0,,-1.0876416972047078,0.0876416972047078,1.0
292500.0,2925.0,0.0,,-1.087641080349539,0.0876410803495393,1.0
292700.0,2927.0,0.0,,-1.0876404717471762,0.0876404717471761,1.0
292800.0,2928.0,0.0,,-1.0876402478699632,0.0876402478699631,1.0
292900.0,2929.0,0.0,,-1.0876399615863903,0.0876399615863903,1.0
293100.0,2931.0,0.0,,-1.087639796779062,0.0876397967790618,1.0
293200.0,2932.0,0.0,,-1.087639278067912,0.087639278067912,1.0
293300.0,2933.0,0.0,,-1.0876392771340515,0.0876392771340515,1.0
293400.0,2934.0,0.0,,-1.0876392000408712,0.0876392000408712,1.0
293500.0,2935.0,0.0,,-1.087639020658118,0.0876390206581181,1.0
293600.0,2936.0,0.0,,-1.087638980982326,0.0876389809823259,1.0
293700.0,2937.0,0.0,,-1.0876389631083858,0.0876389631083858,1.0
293900.0,2939.0,0.0,,-1.087638960738068,0.0876389607380678,1.0
294100.0,2941.0,0.0,,-1.0876389266311024,0.0876389266311024,1.0
294600.0,2946.0,0.0,,-1.0876389210527644,0.0876389210527643,1.0
294800.0,2948.0,0.0,,-1.0876389206621546,0.0876389206621546,1.0
294900.0,2949.0,0.0,,-1.0876389158816766,0.0876389158816766,1.0
295100.0,2951.0,0.0,,-1.0876326280369244,0.0876326280369244,1.0
295400.0,2954.0,0.0,,-1.0876325169997645,0.0876325169997642,1.0
295500.0,2955.0,0.0,,-1.0876325169331993,0.0876325169331992,1.0
295600.0,2956.0,0.0,,-1.0876324207124917,0.0876324207124916,1.0
295700.0,2957.0,0.0,,-1.0876320105371522,0.0876320105371522,1.0
295800.0,2958.0,0.0,,-1.0876320093870795,0.0876320093870794,1.0
295900.0,2959.0,0.0,,-1.0876319889585273,0.0876319889585273,1.0
296100.0,2961.0,0.0,,-1.0876319874292215,0.0876319874292217,1.0
296800.0,2968.0,0.0,,-1.087623585192868,0.0876235851928679,1.0
296900.0,2969.0,0.0,,-1.0876168220635152,0.0876168220635151,1.0
297000.0,2970.0,0.0,,-1.087616822041745,0.087616822041745,1.0
297100.0,2971.0,0.0,,-1.0876168220015785,0.0876168220015785,1.0
297200.0,2972.0,0.0,,-1.0876153896135938,0.0876153896135938,1.0
297300.0,2973.0,0.0,,-1.0876140872072182,0.0876140872072182,1.0
297500.0,2975.0,0.0,,-1.0876140872071716,0.0876140872071715,1.0
297600.0,2976.0,0.0,,-1.087613999766758,0.0876139997667579,1.0
297800.0,2978.0,0.0,,-1.08761399794746,0.0876139979474599,1.0
297900.0,2979.0,0.0,,-1.0875833488032158,0.0875833488032158,1.0
298000.0,2980.0,0.0,,-1.0875833488011064,0.0875833488011064,1.0
298300.0,2983.0,0.0,,-1.0875782402536094,0.0875782402536093,1.0
298400.0,2984.0,0.0,,-1.0874915678316726,0.0874915678316725,1.0
298600.0,2986.0,0.0,,-1.08745980109508,0.08745980109508,1.0
298700.0,2987.0,0.0,,-1.087406293237292,0.0874062932372921,1.0
298800.0,2988.0,0.0,,-1.087405434847302,0.0874054348473021,1.0
298900.0,2989.0,0.0,,-1.0874040383013803,0.0874040383013803,1.0
299000.0,2990.0,0.0,,-1.0874035519603464,0.0874035519603464,1.0
299200.0,2992.0,0.0,,-1.0873975765745338,0.0873975765745338,1.0
299400.0,2994.0,0.0,,-1.087397576574436,0.0873975765744359,1.0
299500.0,2995.0,0.0,,-1.0873975756553371,0.0873975756553371,1.0
299600.0,2996.0,0.0,,-1.087397575585879,0.0873975755858786,1.0
299700.0,2997.0,0.0,,-1.0873974336981858,0.0873974336981857,1.0
299900.0,2999.0,0.0,,-1.0873972057873549,0.0873972057873546,1.0
100.0,1.0,0.0,,-1.8796649547208284,0.8796649547208284,2.0
200.0,2.0,0.0,,-1.8600873347792195,0.8600873347792195,2.0
300.0,3.0,0.0,,-1.8367563473200268,0.8367563473200268,2.0
400.0,4.0,0.0,,-1.8222296449343656,0.8222296449343658,2.0
500.0,5.0,0.0,,-1.78722820183222,0.7872282018322201,2.0
600.0,6.0,0.0,,-1.7798795710886908,0.7798795710886908,2.0
700.0,7.0,0.0,,-1.7507109807050638,0.7507109807050638,2.0
800.0,8.0,0.0,,-1.713778689833553,0.713778689833553,2.0
1000.0,10.0,0.0,,-1.6528698866574425,0.6528698866574423,2.0
1100.0,11.0,0.0,,-1.6403223567301797,0.6403223567301795,2.0
1200.0,12.0,0.0,,-1.5928355833942285,0.5928355833942283,2.0
1400.0,14.0,0.0,,-1.5517248718831256,0.5517248718831256,2.0
1500.0,15.0,0.0,,-1.5428978570789056,0.5428978570789056,2.0
1600.0,16.0,0.0,,-1.5013170819338344,0.5013170819338344,2.0
1700.0,17.0,0.0,,-1.4752796980254836,0.4752796980254836,2.0
1800.0,18.0,0.0,,-1.4682039532405051,0.4682039532405051,2.0
1900.0,19.0,0.0,,-1.4552930620545066,0.4552930620545066,2.0
2000.0,20.0,0.0,,-1.409053952624011,0.4090539526240107,2.0
2100.0,21.0,0.0,,-1.3947294850370962,0.3947294850370961,2.0
2200.0,22.0,0.0,,-1.3610762587678071,0.3610762587678071,2.0
2300.0,23.0,0.0,,-1.356961607467618,0.356961607467618,2.0
2500.0,25.0,0.0,,-1.3344631833208207,0.3344631833208207,2.0
2600.0,26.0,0.0,,-1.3217235818269186,0.3217235818269186,2.0
2700.0,27.0,0.0,,-1.3048760501313783,0.3048760501313785,2.0
2800.0,28.0,0.0,,-1.2998011107929122,0.2998011107929121,2.0
2900.0,29.0,0.0,,-1.2850311410073043,0.2850311410073045,2.0
3000.0,30.0,0.0,,-1.27076489025288,0.2707648902528801,2.0
3100.0,31.0,0.0,,-1.266207674542737,0.2662076745427371,2.0
3200.0,32.0,0.0,,-1.2338057702981626,0.2338057702981626,2.0
3300.0,33.0,0.0,,-1.2301477314257123,0.2301477314257125,2.0
3400.0,34.0,0.0,,-1.222255370788603,0.222255370788603,2.0
3500.0,35.0,0.0,,-1.2150142639666546,0.2150142639666545,2.0
3600.0,36.0,0.0,,-1.2054333141127498,0.2054333141127498,2.0
3700.0,37.0,0.0,,-1.1989797788998175,0.1989797788998175,2.0
3900.0,39.0,0.0,,-1.1973802405372178,0.1973802405372178,2.0
4000.0,40.0,0.0,,-1.1897280086422448,0.1897280086422448,2.0
4100.0,41.0,0.0,,-1.1851303142119072,0.1851303142119071,2.0
4200.0,42.0,0.0,,-1.185040701836616,0.185040701836616,2.0
4300.0,43.0,0.0,,-1.1850381358556397,0.1850381358556396,2.0
4400.0,44.0,0.0,,-1.1845237258474048,0.1845237258474048,2.0
4600.0,46.0,0.0,,-1.174213394071136,0.1742133940711361,2.0
4900.0,49.0,0.0,,-1.173850594777538,0.1738505947775379,2.0
5000.0,50.0,0.0,,-1.1722579939323283,0.1722579939323283,2.0
5600.0,56.0,0.0,,-1.1722409574235213,0.1722409574235213,2.0
5700.0,57.0,0.0,,-1.1720321023938545,0.1720321023938544,2.0
5900.0,59.0,0.0,,-1.1718589500405812,0.1718589500405811,2.0
6400.0,64.0,0.0,,-1.1713586556179472,0.1713586556179471,2.0
6800.0,68.0,0.0,,-1.1696483450999609,0.1696483450999608,2.0
7300.0,73.0,0.0,,-1.1695291181007297,0.1695291181007294,2.0
7400.0,74.0,0.0,,-1.1695117250114837,0.1695117250114837,2.0
7700.0,77.0,0.0,,-1.169313505210886,0.169313505210886,2.0
8100.0,81.0,0.0,,-1.169303804910001,0.169303804910001,2.0
8300.0,83.0,0.0,,-1.1693029213020474,0.1693029213020473,2.0
8500.0,85.0,0.0,,-1.1692866664242685,0.1692866664242684,2.0
8700.0,87.0,0.0,,-1.1692534322304564,0.1692534322304564,2.0
8800.0,88.0,0.0,,-1.1692532657403738,0.1692532657403738,2.0
9000.0,90.0,0.0,,-1.16925318148389,0.16925318148389,2.0
9100.0,91.0,0.0,,-1.1692531227901088,0.1692531227901088,2.0
9500.0,95.0,0.0,,-1.1692504055126698,0.1692504055126698,2.0
10300.0,103.0,0.0,,-1.169250382342097,0.169250382342097,2.0
10600.0,106.0,0.0,,-1.1692502780937977,0.1692502780937976,2.0
11500.0,115.0,0.0,,-1.1692501880141035,0.1692501880141037,2.0
12400.0,124.0,0.0,,-1.1692499971446362,0.1692499971446361,2.0
12900.0,129.0,0.0,,-1.1692499932070894,0.1692499932070894,2.0
13100.0,131.0,0.0,,-1.1692499932062812,0.1692499932062812,2.0
13400.0,134.0,0.0,,-1.169249984649807,0.169249984649807,2.0
13500.0,135.0,0.0,,-1.16924998184149,0.1692499818414898,2.0
13700.0,137.0,0.0,,-1.1692499777619718,0.1692499777619718,2.0
14100.0,141.0,0.0,,-1.1692499773456675,0.1692499773456677,2.0
14200.0,142.0,0.0,,-1.169249976768814,0.169249976768814,2.0
14500.0,145.0,0.0,,-1.169249976740348,0.1692499767403479,2.0
15000.0,150.0,0.0,,-1.169227851259103,0.169227851259103,2.0
15100.0,151.0,0.0,,-1.1691819477963754,0.1691819477963754,2.0
15400.0,154.0,0.0,,-1.1690713490433966,0.1690713490433966,2.0
15500.0,155.0,0.0,,-1.1690705617617598,0.1690705617617598,2.0
16400.0,164.0,0.0,,-1.1690669589606726,0.1690669589606726,2.0
17100.0,171.0,0.0,,-1.1690669447099362,0.1690669447099362,2.0
17300.0,173.0,0.0,,-1.1690667591381296,0.1690667591381296,2.0
17600.0,176.0,0.0,,-1.169043833880336,0.1690438338803359,2.0
17800.0,178.0,0.0,,-1.1689898358381203,0.1689898358381203,2.0
17900.0,179.0,0.0,,-1.1689800580055183,0.1689800580055185,2.0
18000.0,180.0,0.0,,-1.16894274722456,0.1689427472245599,2.0
18100.0,181.0,0.0,,-1.1689388229655913,0.1689388229655912,2.0
18200.0,182.0,0.0,,-1.1689169673971236,0.1689169673971235,2.0
18400.0,184.0,0.0,,-1.1688893308499304,0.1688893308499304,2.0
18500.0,185.0,0.0,,-1.1688850801767543,0.1688850801767545,2.0
18600.0,186.0,0.0,,-1.168884746558971,0.1688847465589706,2.0
18700.0,187.0,0.0,,-1.1688838246035134,0.1688838246035133,2.0
19300.0,193.0,0.0,,-1.1688835723982802,0.1688835723982802,2.0
19500.0,195.0,0.0,,-1.1688834891134172,0.1688834891134172,2.0
19600.0,196.0,0.0,,-1.1688833674845194,0.1688833674845193,2.0
19800.0,198.0,0.0,,-1.1688833047608551,0.1688833047608551,2.0
19900.0,199.0,0.0,,-1.1688395283304849,0.1688395283304846,2.0
20500.0,205.0,0.0,,-1.1688131842311669,0.1688131842311668,2.0
20600.0,206.0,0.0,,-1.168720989748819,0.1687209897488193,2.0
21000.0,210.0,0.0,,-1.1686785735472485,0.1686785735472484,2.0
21200.0,212.0,0.0,,-1.1686781344890464,0.1686781344890464,2.0
21400.0,214.0,0.0,,-1.1686744413305166,0.1686744413305165,2.0
21600.0,216.0,0.0,,-1.1686710336213153,0.1686710336213153,2.0
22100.0,221.0,0.0,,-1.1686708645315107,0.1686708645315107,2.0
23600.0,236.0,0.0,,-1.1686708645312347,0.1686708645312347,2.0
23700.0,237.0,0.0,,-1.1686708643586825,0.1686708643586825,2.0
23900.0,239.0,0.0,,-1.1686708636685337,0.1686708636685336,2.0
24200.0,242.0,0.0,,-1.1686708611168988,0.1686708611168987,2.0
24900.0,249.0,0.0,,-1.1686708602617513,0.1686708602617512,2.0
25500.0,255.0,0.0,,-1.1686708601678584,0.1686708601678583,2.0
25600.0,256.0,0.0,,-1.168670860166492,0.1686708601664919,2.0
25700.0,257.0,0.0,,-1.1686708601533642,0.1686708601533642,2.0
25900.0,259.0,0.0,,-1.1686708601213194,0.1686708601213193,2.0
26300.0,263.0,0.0,,-1.1686708601194342,0.1686708601194342,2.0
26400.0,264.0,0.0,,-1.1686708601188185,0.1686708601188185,2.0
26800.0,268.0,0.0,,-1.1686708601187816,0.1686708601187816,2.0
27000.0,270.0,0.0,,-1.1686708601184228,0.1686708601184228,2.0
27100.0,271.0,0.0,,-1.168607756279033,0.1686077562790329,2.0
27200.0,272.0,0.0,,-1.1676833717243116,0.1676833717243115,2.0
27300.0,273.0,0.0,,-1.1676805543710125,0.1676805543710124,2.0
28100.0,281.0,0.0,,-1.167626873072089,0.1676268730720889,2.0
28300.0,283.0,0.0,,-1.1676124019560317,0.1676124019560316,2.0
28400.0,284.0,0.0,,-1.167607799008339,0.1676077990083393,2.0
28500.0,285.0,0.0,,-1.167597723360415,0.1675977233604149,2.0
28600.0,286.0,0.0,,-1.167597343347203,0.1675973433472031,2.0
28900.0,289.0,0.0,,-1.1675887564952452,0.1675887564952451,2.0
29200.0,292.0,0.0,,-1.1675881536825004,0.1675881536825003,2.0
29400.0,294.0,0.0,,-1.167588104558878,0.167588104558878,2.0
29800.0,298.0,0.0,,-1.167588053725821,0.1675880537258209,2.0
30100.0,301.0,0.0,,-1.167588042784092,0.1675880427840921,2.0
30300.0,303.0,0.0,,-1.1675880399915162,0.1675880399915161,2.0
30500.0,305.0,0.0,,-1.167560625805519,0.1675606258055186,2.0
30600.0,306.0,0.0,,-1.1675598213521368,0.1675598213521367,2.0
30700.0,307.0,0.0,,-1.1675463494510574,0.1675463494510574,2.0
30800.0,308.0,0.0,,-1.1675430147316412,0.1675430147316412,2.0
31100.0,311.0,0.0,,-1.167496008305394,0.167496008305394,2.0
31300.0,313.0,0.0,,-1.1673652308065838,0.1673652308065838,2.0
32100.0,321.0,0.0,,-1.167364463409128,0.167364463409128,2.0
32200.0,322.0,0.0,,-1.1673644226736746,0.1673644226736745,2.0
32400.0,324.0,0.0,,-1.1673639366763855,0.1673639366763857,2.0
32500.0,325.0,0.0,,-1.1673639361314627,0.1673639361314627,2.0
32600.0,326.0,0.0,,-1.1673639186274514,0.1673639186274513,2.0
32700.0,327.0,0.0,,-1.167363766591364,0.1673637665913638,2.0
32900.0,329.0,0.0,,-1.167363745910116,0.167363745910116,2.0
33000.0,330.0,0.0,,-1.1673636623748205,0.1673636623748204,2.0
33200.0,332.0,0.0,,-1.167363565137414,0.1673635651374141,2.0
33300.0,333.0,0.0,,-1.167363535509232,0.167363535509232,2.0
33600.0,336.0,0.0,,-1.167363319011951,0.167363319011951,2.0
33900.0,339.0,0.0,,-1.167363291557512,0.167363291557512,2.0
34400.0,344.0,0.0,,-1.1673632803442375,0.1673632803442375,2.0
34800.0,348.0,0.0,,-1.1673632775381977,0.1673632775381974,2.0
35000.0,350.0,0.0,,-1.1673006294796129,0.1673006294796128,2.0
35200.0,352.0,0.0,,-1.167300577815193,0.167300577815193,2.0
35300.0,353.0,0.0,,-1.1672764804290885,0.1672764804290882,2.0
35500.0,355.0,0.0,,-1.1672761605881257,0.1672761605881256,2.0
35700.0,357.0,0.0,,-1.1672575303391752,0.1672575303391752,2.0
35800.0,358.0,0.0,,-1.1672575228974258,0.1672575228974258,2.0
35900.0,359.0,0.0,,-1.1672550024762631,0.1672550024762633,2.0
36000.0,360.0,0.0,,-1.1672534969031985,0.1672534969031984,2.0
36200.0,362.0,0.0,,-1.1672521941799092,0.1672521941799092,2.0
36500.0,365.0,0.0,,-1.1672497380396336,0.1672497380396336,2.0
36800.0,368.0,0.0,,-1.1672484094114814,0.1672484094114814,2.0
36900.0,369.0,0.0,,-1.167248184228708,0.1672481842287081,2.0
37500.0,375.0,0.0,,-1.1672481824854684,0.1672481824854683,2.0
37700.0,377.0,0.0,,-1.1672481821675211,0.1672481821675211,2.0
37800.0,378.0,0.0,,-1.167248171126286,0.1672481711262858,2.0
37900.0,379.0,0.0,,-1.167016724670539,0.1670167246705389,2.0
38000.0,380.0,0.0,,-1.1670147284369716,0.1670147284369716,2.0
38200.0,382.0,0.0,,-1.1670132317692143,0.1670132317692143,2.0
38600.0,386.0,0.0,,-1.1669861346224542,0.1669861346224541,2.0
39000.0,390.0,0.0,,-1.1669675447405912,0.1669675447405911,2.0
39200.0,392.0,0.0,,-1.1669670320847467,0.1669670320847467,2.0
39400.0,394.0,0.0,,-1.16696214959765,0.1669621495976501,2.0
39500.0,395.0,0.0,,-1.1669592715395058,0.1669592715395058,2.0
39700.0,397.0,0.0,,-1.166959160738212,0.1669591607382119,2.0
39900.0,399.0,0.0,,-1.166958712287271,0.1669587122872713,2.0
40100.0,401.0,0.0,,-1.1669587122405662,0.1669587122405662,2.0
40200.0,402.0,0.0,,-1.1669586473037683,0.1669586473037685,2.0
40300.0,403.0,0.0,,-1.1669586197542925,0.1669586197542925,2.0
40400.0,404.0,0.0,,-1.1669585874708246,0.1669585874708246,2.0
40600.0,406.0,0.0,,-1.1669585810864642,0.1669585810864642,2.0
40800.0,408.0,0.0,,-1.1669585810549132,0.1669585810549132,2.0
40900.0,409.0,0.0,,-1.166958580812931,0.166958580812931,2.0
41100.0,411.0,0.0,,-1.166958578887208,0.1669585788872081,2.0
41400.0,414.0,0.0,,-1.166958578567694,0.1669585785676941,2.0
41600.0,416.0,0.0,,-1.166958578366697,0.1669585783666969,2.0
41700.0,417.0,0.0,,-1.1669585781098395,0.1669585781098395,2.0
41900.0,419.0,0.0,,-1.1669585780896654,0.1669585780896654,2.0
42000.0,420.0,0.0,,-1.1669585778601883,0.1669585778601885,2.0
42100.0,421.0,0.0,,-1.166958577797086,0.1669585777970859,2.0
42200.0,422.0,0.0,,-1.166927706343572,0.1669277063435719,2.0
42500.0,425.0,0.0,,-1.1669257656627918,0.1669257656627918,2.0
42800.0,428.0,0.0,,-1.1669173178771115,0.1669173178771115,2.0
42900.0,429.0,0.0,,-1.1669159866847114,0.1669159866847114,2.0
43000.0,430.0,0.0,,-1.166771324199788,0.1667713241997879,2.0
43200.0,432.0,0.0,,-1.1667324636298064,0.1667324636298064,2.0
43300.0,433.0,0.0,,-1.1667323089398336,0.1667323089398336,2.0
43800.0,438.0,0.0,,-1.166732257233543,0.166732257233543,2.0
43900.0,439.0,0.0,,-1.166716098901682,0.166716098901682,2.0
44000.0,440.0,0.0,,-1.1667153706725315,0.1667153706725315,2.0
44100.0,441.0,0.0,,-1.166715216981043,0.166715216981043,2.0
44200.0,442.0,0.0,,-1.1667147664519086,0.1667147664519086,2.0
44300.0,443.0,0.0,,-1.1667146624472462,0.1667146624472462,2.0
44500.0,445.0,0.0,,-1.1667141570481154,0.1667141570481154,2.0
44600.0,446.0,0.0,,-1.16671412765137,0.1667141276513699,2.0
44700.0,447.0,0.0,,-1.166654837178524,0.1666548371785241,2.0
44800.0,448.0,0.0,,-1.1666531481693856,0.1666531481693856,2.0
44900.0,449.0,0.0,,-1.166651838013533,0.1666518380135329,2.0
45000.0,450.0,0.0,,-1.1666512843435526,0.1666512843435525,2.0
45100.0,451.0,0.0,,-1.1666341363283557,0.1666341363283556,2.0
45300.0,453.0,0.0,,-1.1665878863820112,0.1665878863820111,2.0
45400.0,454.0,0.0,,-1.1665787443102178,0.1665787443102178,2.0
45800.0,458.0,0.0,,-1.1665765383242297,0.1665765383242297,2.0
45900.0,459.0,0.0,,-1.166576308298759,0.166576308298759,2.0
46100.0,461.0,0.0,,-1.1665723845067708,0.1665723845067708,2.0
46200.0,462.0,0.0,,-1.166570209978059,0.166570209978059,2.0
46300.0,463.0,0.0,,-1.1665702044330453,0.1665702044330452,2.0
46400.0,464.0,0.0,,-1.1665642817628534,0.1665642817628534,2.0
46800.0,468.0,0.0,,-1.1665641399803326,0.1665641399803326,2.0
47100.0,471.0,0.0,,-1.1665638866844577,0.1665638866844576,2.0
47300.0,473.0,0.0,,-1.1665112115953382,0.1665112115953382,2.0
47600.0,476.0,0.0,,-1.1664669316053289,0.1664669316053286,2.0
48000.0,480.0,0.0,,-1.1664442282460712,0.1664442282460712,2.0
48300.0,483.0,0.0,,-1.1664397368019357,0.1664397368019354,2.0
48400.0,484.0,0.0,,-1.1664352665072144,0.1664352665072144,2.0
48600.0,486.0,0.0,,-1.1664339140852975,0.1664339140852975,2.0
48700.0,487.0,0.0,,-1.1664175900102536,0.1664175900102535,2.0
48800.0,488.0,0.0,,-1.1664088103052386,0.1664088103052385,2.0
49000.0,490.0,0.0,,-1.1664064385067998,0.1664064385067998,2.0
49100.0,491.0,0.0,,-1.1663633368641553,0.1663633368641552,2.0
49300.0,493.0,0.0,,-1.166360309981331,0.1663603099813309,2.0
49600.0,496.0,0.0,,-1.1663590234511212,0.1663590234511212,2.0
49700.0,497.0,0.0,,-1.1663551761851871,0.1663551761851871,2.0
49800.0,498.0,0.0,,-1.1661080453991066,0.1661080453991066,2.0
50200.0,502.0,0.0,,-1.1656129752769235,0.1656129752769235,2.0
50400.0,504.0,0.0,,-1.1656004466459888,0.1656004466459888,2.0
50500.0,505.0,0.0,,-1.1653724972960815,0.1653724972960815,2.0
50600.0,506.0,0.0,,-1.1653614632647136,0.1653614632647135,2.0
50700.0,507.0,0.0,,-1.1652034538026916,0.1652034538026916,2.0
50800.0,508.0,0.0,,-1.165202650922125,0.1652026509221249,2.0
51000.0,510.0,0.0,,-1.165140368347585,0.1651403683475849,2.0
51100.0,511.0,0.0,,-1.165132654098474,0.1651326540984738,2.0
51300.0,513.0,0.0,,-1.1651292402028073,0.1651292402028072,2.0
51400.0,514.0,0.0,,-1.1651292349704685,0.1651292349704685,2.0
51500.0,515.0,0.0,,-1.165129122025477,0.1651291220254769,2.0
51700.0,517.0,0.0,,-1.1651289879208786,0.1651289879208786,2.0
51800.0,518.0,0.0,,-1.1651280452224448,0.1651280452224448,2.0
51900.0,519.0,0.0,,-1.1651279483091448,0.1651279483091448,2.0
52000.0,520.0,0.0,,-1.165127834821929,0.1651278348219289,2.0
52100.0,521.0,0.0,,-1.1649718649126672,0.1649718649126672,2.0
52500.0,525.0,0.0,,-1.164939806908711,0.1649398069087109,2.0
52600.0,526.0,0.0,,-1.164928598608268,0.164928598608268,2.0
52700.0,527.0,0.0,,-1.164864602908955,0.1648646029089551,2.0
52800.0,528.0,0.0,,-1.164837351955863,0.164837351955863,2.0
52900.0,529.0,0.0,,-1.1648370088256692,0.1648370088256692,2.0
53000.0,530.0,0.0,,-1.1648364189886318,0.1648364189886317,2.0
53300.0,533.0,0.0,,-1.1645824661393611,0.1645824661393611,2.0
54100.0,541.0,0.0,,-1.1644887586594252,0.1644887586594252,2.0
54300.0,543.0,0.0,,-1.1644886431505854,0.1644886431505854,2.0
54500.0,545.0,0.0,,-1.16448703169383,0.16448703169383,2.0
54700.0,547.0,0.0,,-1.164485069632654,0.164485069632654,2.0
54900.0,549.0,0.0,,-1.1644850178229769,0.1644850178229768,2.0
55000.0,550.0,0.0,,-1.1644827485001543,0.1644827485001545,2.0
55200.0,552.0,0.0,,-1.1644825074505871,0.1644825074505871,2.0
55800.0,558.0,0.0,,-1.1644825054158063,0.1644825054158063,2.0
55900.0,559.0,0.0,,-1.16448245224721,0.1644824522472099,2.0
56000.0,560.0,0.0,,-1.1644823388930512,0.1644823388930512,2.0
56100.0,561.0,0.0,,-1.1644822822072476,0.1644822822072476,2.0
56300.0,563.0,0.0,,-1.1644821633159117,0.1644821633159117,2.0
56500.0,565.0,0.0,,-1.1644821467677655,0.1644821467677655,2.0
56600.0,566.0,0.0,,-1.164424844082463,0.1644248440824629,2.0
57300.0,573.0,0.0,,-1.164424621499804,0.1644246214998039,2.0
57400.0,574.0,0.0,,-1.164412313864323,0.1644123138643229,2.0
57500.0,575.0,0.0,,-1.1644108687292407,0.1644108687292407,2.0
57600.0,576.0,0.0,,-1.1644055104383984,0.1644055104383983,2.0
57800.0,578.0,0.0,,-1.1644049900228652,0.1644049900228652,2.0
57900.0,579.0,0.0,,-1.164379446474263,0.1643794464742629,2.0
58000.0,580.0,0.0,,-1.1643641258551352,0.1643641258551351,2.0
58100.0,581.0,0.0,,-1.1643243529840732,0.1643243529840732,2.0
58300.0,583.0,0.0,,-1.1643241843813492,0.1643241843813492,2.0
58500.0,585.0,0.0,,-1.164323514370643,0.1643235143706429,2.0
58600.0,586.0,0.0,,-1.148990412135477,0.148990412135477,2.0
58800.0,588.0,0.0,,-1.1160442310507503,0.1160442310507503,2.0
59000.0,590.0,0.0,,-1.1147914974568214,0.1147914974568213,2.0
59100.0,591.0,0.0,,-1.1122816726444222,0.1122816726444222,2.0
59200.0,592.0,0.0,,-1.108532183556738,0.1085321835567381,2.0
59300.0,593.0,0.0,,-1.1030340165319703,0.1030340165319705,2.0
59500.0,595.0,0.0,,-1.1027962688561748,0.1027962688561747,2.0
59900.0,599.0,0.0,,-1.0794592943139656,0.0794592943139655,2.0
60000.0,600.0,0.0,,-1.0775682848293362,0.0775682848293362,2.0
60100.0,601.0,0.0,,-1.0724400728430368,0.0724400728430367,2.0
60300.0,603.0,0.0,,-1.066037531287053,0.0660375312870529,2.0
60400.0,604.0,0.0,,-1.0659540638672176,0.0659540638672175,2.0
60600.0,606.0,0.0,,-1.0655123406677578,0.0655123406677578,2.0
61000.0,610.0,0.0,,-1.0654906829729036,0.0654906829729036,2.0
62000.0,620.0,0.0,,-1.0654792946034506,0.0654792946034505,2.0
62400.0,624.0,0.0,,-1.065400087713771,0.065400087713771,2.0
62500.0,625.0,0.0,,-1.065374895279568,0.065374895279568,2.0
62900.0,629.0,0.0,,-1.0653458876558537,0.0653458876558534,2.0
63000.0,630.0,0.0,,-1.065324838642416,0.0653248386424159,2.0
63300.0,633.0,0.0,,-1.065318226432246,0.065318226432246,2.0
63400.0,634.0,0.0,,-1.0653182161525758,0.0653182161525758,2.0
63500.0,635.0,0.0,,-1.0652266328952442,0.0652266328952442,2.0
63700.0,637.0,0.0,,-1.0652159286252532,0.0652159286252531,2.0
63800.0,638.0,0.0,,-1.065185571243952,0.0651855712439519,2.0
64600.0,646.0,0.0,,-1.065185565285948,0.0651855652859481,2.0
64700.0,647.0,0.0,,-1.0651843465160842,0.0651843465160841,2.0
64800.0,648.0,0.0,,-1.0651827730957597,0.0651827730957597,2.0
65000.0,650.0,0.0,,-1.0651787633192953,0.0651787633192952,2.0
65100.0,651.0,0.0,,-1.0651714729958863,0.0651714729958865,2.0
65600.0,656.0,0.0,,-1.0651713196739307,0.0651713196739307,2.0
65900.0,659.0,0.0,,-1.065171291022141,0.0651712910221409,2.0
66100.0,661.0,0.0,,-1.0651712603029555,0.0651712603029555,2.0
66200.0,662.0,0.0,,-1.0651326594808994,0.0651326594808994,2.0
66400.0,664.0,0.0,,-1.0651321300264176,0.0651321300264176,2.0
66600.0,666.0,0.0,,-1.0651320325270726,0.0651320325270725,2.0
66700.0,667.0,0.0,,-1.065129000656465,0.0651290006564653,2.0
66800.0,668.0,0.0,,-1.0651032296746723,0.0651032296746723,2.0
67000.0,670.0,0.0,,-1.0651021604645892,0.0651021604645891,2.0
67300.0,673.0,0.0,,-1.0650997404936573,0.0650997404936573,2.0
67500.0,675.0,0.0,,-1.0650949591538938,0.0650949591538938,2.0
67800.0,678.0,0.0,,-1.0650232683009826,0.0650232683009826,2.0
68000.0,680.0,0.0,,-1.0650101100524076,0.0650101100524076,2.0
68100.0,681.0,0.0,,-1.064989195582748,0.0649891955827479,2.0
68400.0,684.0,0.0,,-1.0649883207122164,0.0649883207122163,2.0
68500.0,685.0,0.0,,-1.064988236382335,0.064988236382335,2.0
68700.0,687.0,0.0,,-1.0649822778160063,0.0649822778160065,2.0
68900.0,689.0,0.0,,-1.064764831600109,0.064764831600109,2.0
69000.0,690.0,0.0,,-1.0647632296501552,0.0647632296501552,2.0
69100.0,691.0,0.0,,-1.0647402688624648,0.0647402688624647,2.0
69200.0,692.0,0.0,,-1.0647253386016704,0.0647253386016704,2.0
69300.0,693.0,0.0,,-1.0646313515476538,0.0646313515476537,2.0
69400.0,694.0,0.0,,-1.064606269783974,0.0646062697839739,2.0
70200.0,702.0,0.0,,-1.064604011960157,0.0646040119601569,2.0
70300.0,703.0,0.0,,-1.0646004589784006,0.0646004589784006,2.0
70600.0,706.0,0.0,,-1.0646002716227736,0.0646002716227736,2.0
70700.0,707.0,0.0,,-1.0645997972369572,0.0645997972369571,2.0
70800.0,708.0,0.0,,-1.0645997934910794,0.0645997934910793,2.0
70900.0,709.0,0.0,,-1.0645987963385717,0.0645987963385714,2.0
71000.0,710.0,0.0,,-1.0645981694918063,0.0645981694918065,2.0
71100.0,711.0,0.0,,-1.0645969640037671,0.0645969640037671,2.0
71200.0,712.0,0.0,,-1.0645969587930402,0.0645969587930401,2.0
71400.0,714.0,0.0,,-1.0645961788501055,0.0645961788501057,2.0
71500.0,715.0,0.0,,-1.0645954728901543,0.0645954728901545,2.0
71700.0,717.0,0.0,,-1.0645947710408488,0.0645947710408487,2.0
71800.0,718.0,0.0,,-1.0645947659286454,0.0645947659286454,2.0
72000.0,720.0,0.0,,-1.0645947413158248,0.0645947413158247,2.0
72200.0,722.0,0.0,,-1.0645947309764858,0.0645947309764858,2.0
72300.0,723.0,0.0,,-1.0645946832583095,0.0645946832583097,2.0
72400.0,724.0,0.0,,-1.0645934385391116,0.0645934385391115,2.0
72600.0,726.0,0.0,,-1.0645934094749665,0.0645934094749665,2.0
72900.0,729.0,0.0,,-1.0645932600650136,0.0645932600650136,2.0
73000.0,730.0,0.0,,-1.064592900209132,0.0645929002091318,2.0
73300.0,733.0,0.0,,-1.0645918152419171,0.0645918152419171,2.0
73400.0,734.0,0.0,,-1.0645914899493858,0.0645914899493858,2.0
73500.0,735.0,0.0,,-1.064591362141132,0.064591362141132,2.0
73600.0,736.0,0.0,,-1.0645911101244117,0.0645911101244116,2.0
73800.0,738.0,0.0,,-1.064591100995392,0.0645911009953918,2.0
74000.0,740.0,0.0,,-1.064591100995272,0.0645911009952719,2.0
74100.0,741.0,0.0,,-1.064591065398431,0.0645910653984309,2.0
74200.0,742.0,0.0,,-1.0645910210579546,0.0645910210579545,2.0
74400.0,744.0,0.0,,-1.0645909362655126,0.0645909362655126,2.0
74800.0,748.0,0.0,,-1.0645908883998725,0.0645908883998722,2.0
75000.0,750.0,0.0,,-1.0645908580329204,0.0645908580329204,2.0
75200.0,752.0,0.0,,-1.0645908577754972,0.0645908577754972,2.0
75400.0,754.0,0.0,,-1.0645908551539958,0.0645908551539957,2.0
75800.0,758.0,0.0,,-1.0645908516574845,0.0645908516574844,2.0
75900.0,759.0,0.0,,-1.0645908498614165,0.0645908498614165,2.0
76000.0,760.0,0.0,,-1.0645908497451146,0.0645908497451146,2.0
76200.0,762.0,0.0,,-1.0645908496377146,0.0645908496377145,2.0
76500.0,765.0,0.0,,-1.064590848565841,0.064590848565841,2.0
76600.0,766.0,0.0,,-1.064590848492502,0.0645908484925019,2.0
77100.0,771.0,0.0,,-1.0645908484916016,0.0645908484916015,2.0
77200.0,772.0,0.0,,-1.0645908484246238,0.0645908484246238,2.0
77500.0,775.0,0.0,,-1.064590848424412,0.0645908484244119,2.0
77900.0,779.0,0.0,,-1.0645908484242,0.0645908484241999,2.0
78100.0,781.0,0.0,,-1.0645908484239683,0.0645908484239683,2.0
78200.0,782.0,0.0,,-1.0645908484235491,0.0645908484235491,2.0
78600.0,786.0,0.0,,-1.064590848423116,0.0645908484231159,2.0
78900.0,789.0,0.0,,-1.0645908484230768,0.0645908484230768,2.0
79000.0,790.0,0.0,,-1.064590848422828,0.0645908484228281,2.0
79100.0,791.0,0.0,,-1.0645908484228146,0.0645908484228146,2.0
79200.0,792.0,0.0,,-1.0645908484227005,0.0645908484227004,2.0
79400.0,794.0,0.0,,-1.0645908484226354,0.0645908484226354,2.0
79600.0,796.0,0.0,,-1.06459084842257,0.0645908484225701,2.0
79700.0,797.0,0.0,,-1.0645908484225477,0.0645908484225477,2.0
79800.0,798.0,0.0,,-1.0645908484225406,0.0645908484225405,2.0
79900.0,799.0,0.0,,-1.0645908484225306,0.0645908484225306,2.0
80000.0,800.0,0.0,,-1.0645908484225102,0.0645908484225101,2.0
80100.0,801.0,0.0,,-1.0645908484225082,0.0645908484225081,2.0
80300.0,803.0,0.0,,-1.0645908484225055,0.0645908484225055,2.0
80700.0,807.0,0.0,,-1.064590848422503,0.064590848422503,2.0
81000.0,810.0,0.0,,-1.064590848422502,0.0645908484225019,2.0
81100.0,811.0,0.0,,-1.0645908484225015,0.0645908484225017,2.0
81200.0,812.0,0.0,,-1.0645908484225015,0.0645908484225015,2.0
81600.0,816.0,0.0,,-1.064590848422501,0.064590848422501,2.0
82000.0,820.0,0.0,,-1.0645908484225008,0.0645908484225008,2.0
82500.0,825.0,0.0,,-1.0645908484225006,0.0645908484225006,2.0
83300.0,833.0,0.0,,-1.0645908484225004,0.0645908484225004,2.0
100.0,1.0,0.0,,-1.8683040702669895,0.8683040702669897,3.0
200.0,2.0,0.0,,-1.8431791473022772,0.8431791473022774,3.0
300.0,3.0,0.0,,-1.832597007208291,0.8325970072082911,3.0
400.0,4.0,0.0,,-1.7858023523904434,0.7858023523904434,3.0
500.0,5.0,0.0,,-1.784250523934592,0.784250523934592,3.0
700.0,7.0,0.0,,-1.7515685075510894,0.7515685075510894,3.0
800.0,8.0,0.0,,-1.7094714140186928,0.7094714140186928,3.0
900.0,9.0,0.0,,-1.687136399144796,0.6871363991447959,3.0
1000.0,10.0,0.0,,-1.6304500406507731,0.6304500406507731,3.0
1200.0,12.0,0.0,,-1.6097109685325046,0.6097109685325046,3.0
1300.0,13.0,0.0,,-1.5488060803051489,0.5488060803051487,3.0
1500.0,15.0,0.0,,-1.5480575657291706,0.5480575657291706,3.0
1600.0,16.0,0.0,,-1.5232192442713992,0.5232192442713992,3.0
1700.0,17.0,0.0,,-1.5047885809556505,0.5047885809556503,3.0
1800.0,18.0,0.0,,-1.481995427973531,0.481995427973531,3.0
1900.0,19.0,0.0,,-1.4475390272339663,0.4475390272339663,3.0
2000.0,20.0,0.0,,-1.4076308715339425,0.4076308715339425,3.0
2100.0,21.0,0.0,,-1.4029611161959226,0.4029611161959225,3.0
2200.0,22.0,0.0,,-1.3949149906008276,0.3949149906008276,3.0
2300.0,23.0,0.0,,-1.3731072672630922,0.3731072672630922,3.0
2500.0,25.0,0.0,,-1.3579418259419926,0.3579418259419926,3.0
2600.0,26.0,0.0,,-1.332360643633428,0.3323606436334279,3.0
2700.0,27.0,0.0,,-1.314232900552804,0.3142329005528039,3.0
2800.0,28.0,0.0,,-1.3005594754383285,0.3005594754383283,3.0
2900.0,29.0,0.0,,-1.292886082559938,0.292886082559938,3.0
3100.0,31.0,0.0,,-1.258894713744624,0.258894713744624,3.0
3300.0,33.0,0.0,,-1.24832772729751,0.2483277272975099,3.0
3400.0,34.0,0.0,,-1.2422395175360406,0.2422395175360405,3.0
3500.0,35.0,0.0,,-1.229885537390789,0.2298855373907893,3.0
3600.0,36.0,0.0,,-1.2241072624214808,0.2241072624214808,3.0
3700.0,37.0,0.0,,-1.2136512259306007,0.2136512259306007,3.0
3800.0,38.0,0.0,,-1.2100669239219295,0.2100669239219297,3.0
3900.0,39.0,0.0,,-1.1764122907098489,0.1764122907098486,3.0
4300.0,43.0,0.0,,-1.1633897931935535,0.1633897931935537,3.0
4500.0,45.0,0.0,,-1.1539560795017396,0.1539560795017396,3.0
4700.0,47.0,0.0,,-1.1527282540676194,0.1527282540676193,3.0
4800.0,48.0,0.0,,-1.151553641715558,0.1515536417155578,3.0
4900.0,49.0,0.0,,-1.1514047676928292,0.1514047676928291,3.0
5000.0,50.0,0.0,,-1.1511617264763423,0.1511617264763425,3.0
5100.0,51.0,0.0,,-1.1511182105174078,0.1511182105174078,3.0
5400.0,54.0,0.0,,-1.1507664660182315,0.1507664660182317,3.0
5500.0,55.0,0.0,,-1.1488126508371117,0.1488126508371117,3.0
6000.0,60.0,0.0,,-1.1487990859612895,0.1487990859612895,3.0
6100.0,61.0,0.0,,-1.148779025886264,0.148779025886264,3.0
6500.0,65.0,0.0,,-1.1486969805955392,0.1486969805955391,3.0
6700.0,67.0,0.0,,-1.148655220144691,0.1486552201446906,3.0
7100.0,71.0,0.0,,-1.1486539573672785,0.1486539573672782,3.0
7200.0,72.0,0.0,,-1.1486536898268735,0.1486536898268735,3.0
7400.0,74.0,0.0,,-1.1486180961278225,0.1486180961278225,3.0
7800.0,78.0,0.0,,-1.1486161190113535,0.1486161190113535,3.0
8100.0,81.0,0.0,,-1.1486049666757865,0.1486049666757865,3.0
8200.0,82.0,0.0,,-1.1486028585440349,0.1486028585440348,3.0
8300.0,83.0,0.0,,-1.1486014853646482,0.1486014853646482,3.0
8400.0,84.0,0.0,,-1.1486014500452808,0.1486014500452808,3.0
8500.0,85.0,0.0,,-1.1486014500452228,0.1486014500452228,3.0
8700.0,87.0,0.0,,-1.148600216170789,0.1486002161707886,3.0
9200.0,92.0,0.0,,-1.1485572479060429,0.1485572479060428,3.0
9500.0,95.0,0.0,,-1.1483652053826052,0.1483652053826052,3.0
9800.0,98.0,0.0,,-1.1483649178637156,0.1483649178637156,3.0
9900.0,99.0,0.0,,-1.1483644076977524,0.1483644076977524,3.0
10000.0,100.0,0.0,,-1.1482188614913422,0.1482188614913422,3.0
10300.0,103.0,0.0,,-1.1288145774771607,0.1288145774771607,3.0
10500.0,105.0,0.0,,-1.1287514348083234,0.1287514348083234,3.0
10700.0,107.0,0.0,,-1.125355375348542,0.1253553753485421,3.0
10800.0,108.0,0.0,,-1.1240815371646211,0.1240815371646211,3.0
10900.0,109.0,0.0,,-1.1194085258166289,0.1194085258166288,3.0
11100.0,111.0,0.0,,-1.1189795174077843,0.1189795174077843,3.0
11200.0,112.0,0.0,,-1.1140829789570217,0.1140829789570214,3.0
11400.0,114.0,0.0,,-1.1130086764853664,0.1130086764853663,3.0
11500.0,115.0,0.0,,-1.111518621697364,0.111518621697364,3.0
11600.0,116.0,0.0,,-1.1115134532842608,0.1115134532842607,3.0
11700.0,117.0,0.0,,-1.1114771333555449,0.1114771333555448,3.0
11800.0,118.0,0.0,,-1.1114756282338685,0.1114756282338682,3.0
12100.0,121.0,0.0,,-1.1112612554674246,0.1112612554674246,3.0
12300.0,123.0,0.0,,-1.1110105965886543,0.1110105965886543,3.0
12500.0,125.0,0.0,,-1.1109762713889832,0.1109762713889832,3.0
12600.0,126.0,0.0,,-1.1108273301903706,0.1108273301903706,3.0
12900.0,129.0,0.0,,-1.1108260981164082,0.1108260981164082,3.0
13100.0,131.0,0.0,,-1.1108248594739314,0.1108248594739313,3.0
13300.0,133.0,0.0,,-1.1108247709068055,0.1108247709068055,3.0
13400.0,134.0,0.0,,-1.1108245557043834,0.1108245557043834,3.0
13600.0,136.0,0.0,,-1.1108228230224186,0.1108228230224186,3.0
13700.0,137.0,0.0,,-1.1108227668118518,0.1108227668118517,3.0
13800.0,138.0,0.0,,-1.1094931728353956,0.1094931728353956,3.0
14300.0,143.0,0.0,,-1.1090861446565132,0.1090861446565132,3.0
14500.0,145.0,0.0,,-1.1088455884854769,0.1088455884854768,3.0
14800.0,148.0,0.0,,-1.1087569881386086,0.1087569881386085,3.0
14900.0,149.0,0.0,,-1.1082473508889497,0.1082473508889496,3.0
15800.0,158.0,0.0,,-1.108183188729614,0.108183188729614,3.0
16100.0,161.0,0.0,,-1.1081649897833497,0.1081649897833496,3.0
17400.0,174.0,0.0,,-1.1081646506148382,0.1081646506148381,3.0
17600.0,176.0,0.0,,-1.1081623162488137,0.1081623162488134,3.0
17800.0,178.0,0.0,,-1.1080902352966815,0.1080902352966814,3.0
18000.0,180.0,0.0,,-1.1080787485601875,0.1080787485601875,3.0
18200.0,182.0,0.0,,-1.1080615639335585,0.1080615639335582,3.0
18400.0,184.0,0.0,,-1.1080172319654875,0.1080172319654877,3.0
18700.0,187.0,0.0,,-1.1079672770487368,0.1079672770487367,3.0
18900.0,189.0,0.0,,-1.1079672501679674,0.1079672501679673,3.0
19100.0,191.0,0.0,,-1.1079446861772837,0.1079446861772837,3.0
19300.0,193.0,0.0,,-1.1071113876749443,0.1071113876749445,3.0
19900.0,199.0,0.0,,-1.1071113876747676,0.1071113876747675,3.0
20400.0,204.0,0.0,,-1.1067174361727672,0.1067174361727671,3.0
20800.0,208.0,0.0,,-1.104628107780786,0.104628107780786,3.0
20900.0,209.0,0.0,,-1.104221964633876,0.104221964633876,3.0
21200.0,212.0,0.0,,-1.1042126285621037,0.1042126285621036,3.0
21300.0,213.0,0.0,,-1.1041479193118833,0.1041479193118832,3.0
21800.0,218.0,0.0,,-1.1029207238051757,0.1029207238051757,3.0
22600.0,226.0,0.0,,-1.102710925894805,0.1027109258948049,3.0
22700.0,227.0,0.0,,-1.1026962255925934,0.1026962255925934,3.0
23100.0,231.0,0.0,,-1.102635355242116,0.1026353552421159,3.0
23500.0,235.0,0.0,,-1.1026290864825825,0.1026290864825822,3.0
23600.0,236.0,0.0,,-1.10240634616279,0.1024063461627899,3.0
23700.0,237.0,0.0,,-1.102406160068517,0.1024061600685173,3.0
23900.0,239.0,0.0,,-1.102272628755612,0.1022726287556119,3.0
24400.0,244.0,0.0,,-1.1022488773599632,0.1022488773599632,3.0
24500.0,245.0,0.0,,-1.102246957564338,0.1022469575643378,3.0
24700.0,247.0,0.0,,-1.1020409862382146,0.1020409862382145,3.0
24800.0,248.0,0.0,,-1.1020058135041089,0.1020058135041088,3.0
24900.0,249.0,0.0,,-1.1016636934213722,0.1016636934213721,3.0
25000.0,250.0,0.0,,-1.1016478962939518,0.1016478962939517,3.0
25300.0,253.0,0.0,,-1.1016264972247785,0.1016264972247784,3.0
25500.0,255.0,0.0,,-1.1016253058303336,0.1016253058303335,3.0
25600.0,256.0,0.0,,-1.1016116538232923,0.1016116538232925,3.0
26200.0,262.0,0.0,,-1.1015876326183671,0.1015876326183671,3.0
26300.0,263.0,0.0,,-1.1015861629746715,0.1015861629746717,3.0
26400.0,264.0,0.0,,-1.1015765681564622,0.1015765681564622,3.0
26600.0,266.0,0.0,,-1.1014715461873954,0.1014715461873954,3.0
26900.0,269.0,0.0,,-1.1014611476340657,0.1014611476340656,3.0
27000.0,270.0,0.0,,-1.1014436550106197,0.1014436550106194,3.0
27400.0,274.0,0.0,,-1.1014167280238565,0.1014167280238564,3.0
28100.0,281.0,0.0,,-1.1014140092266531,0.1014140092266531,3.0
28200.0,282.0,0.0,,-1.1014133678800635,0.1014133678800635,3.0
28300.0,283.0,0.0,,-1.1014125043294654,0.1014125043294653,3.0
28400.0,284.0,0.0,,-1.1014119446937127,0.1014119446937127,3.0
28500.0,285.0,0.0,,-1.1014119410519387,0.1014119410519387,3.0
28800.0,288.0,0.0,,-1.1014118497711585,0.1014118497711584,3.0
29100.0,291.0,0.0,,-1.101411849709087,0.101411849709087,3.0
29200.0,292.0,0.0,,-1.1014118453386663,0.1014118453386665,3.0
29400.0,294.0,0.0,,-1.1014118277497988,0.1014118277497988,3.0
29600.0,296.0,0.0,,-1.1014118260948984,0.1014118260948984,3.0
29700.0,297.0,0.0,,-1.1014118245758762,0.1014118245758761,3.0
29800.0,298.0,0.0,,-1.1013379674645578,0.1013379674645578,3.0
31100.0,311.0,0.0,,-1.1012907354154728,0.1012907354154728,3.0
31300.0,313.0,0.0,,-1.101289640239631,0.101289640239631,3.0
31500.0,315.0,0.0,,-1.10128150509873,0.1012815050987299,3.0
31700.0,317.0,0.0,,-1.1012746279348646,0.1012746279348646,3.0
31800.0,318.0,0.0,,-1.1012738407895346,0.1012738407895346,3.0
31900.0,319.0,0.0,,-1.1012726495684024,0.1012726495684024,3.0
32000.0,320.0,0.0,,-1.1012583894113297,0.1012583894113297,3.0
32100.0,321.0,0.0,,-1.101258167166658,0.1012581671666581,3.0
32200.0,322.0,0.0,,-1.101200040171117,0.101200040171117,3.0
32400.0,324.0,0.0,,-1.1011436347573786,0.1011436347573786,3.0
32800.0,328.0,0.0,,-1.1011435264527054,0.1011435264527054,3.0
32900.0,329.0,0.0,,-1.1011400027843443,0.1011400027843445,3.0
33000.0,330.0,0.0,,-1.1011393694406104,0.1011393694406104,3.0
33200.0,332.0,0.0,,-1.1011390756769937,0.1011390756769936,3.0
33300.0,333.0,0.0,,-1.1011390509888104,0.1011390509888103,3.0
33400.0,334.0,0.0,,-1.1011390130511112,0.1011390130511111,3.0
33500.0,335.0,0.0,,-1.1011389848470037,0.1011389848470034,3.0
33800.0,338.0,0.0,,-1.101138920463277,0.1011389204632771,3.0
34100.0,341.0,0.0,,-1.101138918065986,0.101138918065986,3.0
34500.0,345.0,0.0,,-1.1011389179519473,0.1011389179519473,3.0
34600.0,346.0,0.0,,-1.1011389164895804,0.1011389164895804,3.0
35000.0,350.0,0.0,,-1.1011389155418063,0.1011389155418063,3.0
35100.0,351.0,0.0,,-1.1011389152841824,0.1011389152841824,3.0
35200.0,352.0,0.0,,-1.101138915240201,0.1011389152402006,3.0
35300.0,353.0,0.0,,-1.101099570486805,0.1010995704868049,3.0
35500.0,355.0,0.0,,-1.1010959512619432,0.1010959512619431,3.0
35600.0,356.0,0.0,,-1.1010923191686994,0.1010923191686994,3.0
35900.0,359.0,0.0,,-1.1010864395556257,0.1010864395556256,3.0
36000.0,360.0,0.0,,-1.1010864395555753,0.1010864395555752,3.0
36100.0,361.0,0.0,,-1.1010852536560642,0.1010852536560642,3.0
36200.0,362.0,0.0,,-1.1010685894633108,0.1010685894633107,3.0
36300.0,363.0,0.0,,-1.1010675546448476,0.1010675546448476,3.0
36600.0,366.0,0.0,,-1.1010674987698292,0.1010674987698292,3.0
36700.0,367.0,0.0,,-1.1010671541917338,0.1010671541917338,3.0
36800.0,368.0,0.0,,-1.1010669410619178,0.1010669410619178,3.0
36900.0,369.0,0.0,,-1.101066864861568,0.101066864861568,3.0
37000.0,370.0,0.0,,-1.1010665556295385,0.1010665556295384,3.0
37100.0,371.0,0.0,,-1.101065827347692,0.1010658273476918,3.0
37400.0,374.0,0.0,,-1.1010658263611066,0.1010658263611066,3.0
37500.0,375.0,0.0,,-1.1010653467919385,0.1010653467919384,3.0
37600.0,376.0,0.0,,-1.1010648910008138,0.1010648910008138,3.0
37700.0,377.0,0.0,,-1.1010646769755228,0.1010646769755228,3.0
37800.0,378.0,0.0,,-1.1010646623469234,0.1010646623469233,3.0
37900.0,379.0,0.0,,-1.1010640382013763,0.1010640382013765,3.0
38000.0,380.0,0.0,,-1.1010640102258504,0.1010640102258504,3.0
38100.0,381.0,0.0,,-1.1010639661040225,0.1010639661040224,3.0
38300.0,383.0,0.0,,-1.1010639650878664,0.1010639650878664,3.0
38400.0,384.0,0.0,,-1.1010639590007187,0.1010639590007187,3.0
38500.0,385.0,0.0,,-1.1009852183435345,0.1009852183435344,3.0
38700.0,387.0,0.0,,-1.100985068953566,0.100985068953566,3.0
38900.0,389.0,0.0,,-1.1009848135655502,0.1009848135655502,3.0
39000.0,390.0,0.0,,-1.100984189724843,0.1009841897248429,3.0
39100.0,391.0,0.0,,-1.1004292257476205,0.1004292257476202,3.0
39500.0,395.0,0.0,,-1.100384516312416,0.1003845163124159,3.0
39700.0,397.0,0.0,,-1.1003729880535733,0.1003729880535733,3.0
39800.0,398.0,0.0,,-1.1003310748183963,0.1003310748183965,3.0
40100.0,401.0,0.0,,-1.1003199230379834,0.1003199230379834,3.0
40500.0,405.0,0.0,,-1.1003159066138877,0.1003159066138874,3.0
40600.0,406.0,0.0,,-1.100315586994085,0.100315586994085,3.0
40700.0,407.0,0.0,,-1.100311197704709,0.100311197704709,3.0
40800.0,408.0,0.0,,-1.1003072011315478,0.1003072011315477,3.0
41200.0,412.0,0.0,,-1.1003072011178814,0.1003072011178813,3.0
41600.0,416.0,0.0,,-1.1002195657656153,0.1002195657656153,3.0
41700.0,417.0,0.0,,-1.1002018385437295,0.1002018385437295,3.0
41900.0,419.0,0.0,,-1.1000880098947832,0.1000880098947831,3.0
42000.0,420.0,0.0,,-1.0997338878969425,0.0997338878969424,3.0
42200.0,422.0,0.0,,-1.089543803834233,0.0895438038342333,3.0
42300.0,423.0,0.0,,-1.0842231886371805,0.0842231886371804,3.0
42400.0,424.0,0.0,,-1.0833775016202984,0.0833775016202984,3.0
42500.0,425.0,0.0,,-1.0774442418566583,0.0774442418566583,3.0
42700.0,427.0,0.0,,-1.076297975130322,0.0762979751303218,3.0
42900.0,429.0,0.0,,-1.067674022743366,0.0676740227433658,3.0
43100.0,431.0,0.0,,-1.067161639918261,0.067161639918261,3.0
43200.0,432.0,0.0,,-1.0669451464781303,0.0669451464781305,3.0
43300.0,433.0,0.0,,-1.0667031689912467,0.0667031689912467,3.0
43400.0,434.0,0.0,,-1.06665838746853,0.06665838746853,3.0
43500.0,435.0,0.0,,-1.065374149740249,0.0653741497402486,3.0
43600.0,436.0,0.0,,-1.0653552923537233,0.0653552923537232,3.0
43700.0,437.0,0.0,,-1.0638646107386032,0.0638646107386031,3.0
43800.0,438.0,0.0,,-1.0638110797032558,0.0638110797032558,3.0
43900.0,439.0,0.0,,-1.0634820140116208,0.0634820140116207,3.0
44000.0,440.0,0.0,,-1.0634745232061094,0.0634745232061093,3.0
44100.0,441.0,0.0,,-1.06343591437065,0.0634359143706499,3.0
44300.0,443.0,0.0,,-1.063346528465686,0.063346528465686,3.0
44600.0,446.0,0.0,,-1.063345199714676,0.0633451997146758,3.0
44700.0,447.0,0.0,,-1.063343759178185,0.0633437591781849,3.0
44900.0,449.0,0.0,,-1.0633436981529192,0.0633436981529191,3.0
45000.0,450.0,0.0,,-1.0633436073210518,0.0633436073210518,3.0
45200.0,452.0,0.0,,-1.0633435312726742,0.0633435312726742,3.0
46300.0,463.0,0.0,,-1.0633435278441696,0.0633435278441696,3.0
47000.0,470.0,0.0,,-1.063343527611854,0.0633435276118539,3.0
47200.0,472.0,0.0,,-1.0633435275212644,0.0633435275212643,3.0
47400.0,474.0,0.0,,-1.0633435269362603,0.0633435269362603,3.0
47600.0,476.0,0.0,,-1.063343526902509,0.0633435269025091,3.0
47700.0,477.0,0.0,,-1.063271944744253,0.0632719447442529,3.0
47800.0,478.0,0.0,,-1.063271572150351,0.0632715721503509,3.0
47900.0,479.0,0.0,,-1.0632538463983774,0.0632538463983773,3.0
48000.0,480.0,0.0,,-1.0632480140998757,0.0632480140998756,3.0
48100.0,481.0,0.0,,-1.0632453784396485,0.0632453784396485,3.0
48200.0,482.0,0.0,,-1.0632445984519432,0.0632445984519431,3.0
48300.0,483.0,0.0,,-1.0632408260217758,0.0632408260217758,3.0
48400.0,484.0,0.0,,-1.0632399691717065,0.0632399691717064,3.0
48600.0,486.0,0.0,,-1.0632360626298718,0.0632360626298718,3.0
49000.0,490.0,0.0,,-1.0632352752866716,0.0632352752866716,3.0
49200.0,492.0,0.0,,-1.0632343735164167,0.0632343735164167,3.0
49300.0,493.0,0.0,,-1.0632340755606495,0.0632340755606495,3.0
49900.0,499.0,0.0,,-1.0632340625597898,0.0632340625597898,3.0
50000.0,500.0,0.0,,-1.0632340549108532,0.0632340549108532,3.0
50100.0,501.0,0.0,,-1.0631763891649,0.0631763891648999,3.0
50300.0,503.0,0.0,,-1.0631750377504132,0.0631750377504132,3.0
50600.0,506.0,0.0,,-1.063172215508005,0.063172215508005,3.0
50700.0,507.0,0.0,,-1.0631443824454712,0.0631443824454711,3.0
50800.0,508.0,0.0,,-1.0631278385251308,0.0631278385251308,3.0
51000.0,510.0,0.0,,-1.0631208814494837,0.0631208814494834,3.0
51500.0,515.0,0.0,,-1.0631195248417489,0.0631195248417488,3.0
51800.0,518.0,0.0,,-1.063119515423911,0.063119515423911,3.0
51900.0,519.0,0.0,,-1.063119474111697,0.0631194741116969,3.0
52000.0,520.0,0.0,,-1.0628822984630792,0.0628822984630792,3.0
52400.0,524.0,0.0,,-1.0628822857568745,0.0628822857568744,3.0
52700.0,527.0,0.0,,-1.062882284206541,0.062882284206541,3.0
52800.0,528.0,0.0,,-1.0628788092187045,0.0628788092187042,3.0
53100.0,531.0,0.0,,-1.062872507014083,0.0628725070140829,3.0
53200.0,532.0,0.0,,-1.0628710027907495,0.0628710027907495,3.0
53500.0,535.0,0.0,,-1.0627953614094814,0.0627953614094813,3.0
53700.0,537.0,0.0,,-1.0627725481842485,0.0627725481842482,3.0
53900.0,539.0,0.0,,-1.0627663765579518,0.0627663765579518,3.0
54000.0,540.0,0.0,,-1.0627651412993837,0.0627651412993834,3.0
54100.0,541.0,0.0,,-1.0625276977211533,0.0625276977211533,3.0
54300.0,543.0,0.0,,-1.0625260050039909,0.0625260050039908,3.0
54500.0,545.0,0.0,,-1.0625248454234415,0.0625248454234417,3.0
54600.0,546.0,0.0,,-1.0625188928590592,0.0625188928590592,3.0
54800.0,548.0,0.0,,-1.0625037026682824,0.0625037026682824,3.0
55000.0,550.0,0.0,,-1.0625036205792666,0.0625036205792666,3.0
55300.0,553.0,0.0,,-1.0625031912620433,0.0625031912620432,3.0
55400.0,554.0,0.0,,-1.0625029352448878,0.0625029352448878,3.0
55500.0,555.0,0.0,,-1.0625020341249385,0.0625020341249382,3.0
55700.0,557.0,0.0,,-1.0624995980401373,0.0624995980401372,3.0
55800.0,558.0,0.0,,-1.0624993307637598,0.0624993307637598,3.0
56300.0,563.0,0.0,,-1.0624993167022443,0.0624993167022445,3.0
56400.0,564.0,0.0,,-1.0624992521446988,0.0624992521446987,3.0
56700.0,567.0,0.0,,-1.062499251772381,0.062499251772381,3.0
56800.0,568.0,0.0,,-1.0624992340468078,0.0624992340468077,3.0
57200.0,572.0,0.0,,-1.0624992340387185,0.0624992340387184,3.0
57400.0,574.0,0.0,,-1.0624992339403123,0.0624992339403123,3.0
57500.0,575.0,0.0,,-1.062499233499035,0.062499233499035,3.0
57600.0,576.0,0.0,,-1.062499232875533,0.0624992328755329,3.0
57800.0,578.0,0.0,,-1.0624992328106806,0.0624992328106805,3.0
58000.0,580.0,0.0,,-1.062499231150306,0.0624992311503058,3.0
58100.0,581.0,0.0,,-1.0624992306944605,0.0624992306944602,3.0
58400.0,584.0,0.0,,-1.062499230652172,0.0624992306521718,3.0
58500.0,585.0,0.0,,-1.0624992304373082,0.0624992304373082,3.0
58700.0,587.0,0.0,,-1.0624992302582652,0.0624992302582652,3.0
59000.0,590.0,0.0,,-1.0624992301216418,0.0624992301216418,3.0
59400.0,594.0,0.0,,-1.0624459010413518,0.0624459010413518,3.0
59800.0,598.0,0.0,,-1.062444830460072,0.0624448304600719,3.0
59900.0,599.0,0.0,,-1.0624332678440722,0.0624332678440722,3.0
60000.0,600.0,0.0,,-1.062428332767548,0.0624283327675481,3.0
60100.0,601.0,0.0,,-1.062423529462556,0.0624235294625561,3.0
60200.0,602.0,0.0,,-1.062421259407996,0.062421259407996,3.0
60300.0,603.0,0.0,,-1.0624206822062532,0.0624206822062531,3.0
60400.0,604.0,0.0,,-1.0624204956517458,0.0624204956517457,3.0
60500.0,605.0,0.0,,-1.0624192021955663,0.0624192021955665,3.0
60700.0,607.0,0.0,,-1.0624180668219705,0.0624180668219704,3.0
61000.0,610.0,0.0,,-1.062398790977516,0.0623987909775161,3.0
61100.0,611.0,0.0,,-1.062396170086826,0.0623961700868258,3.0
61400.0,614.0,0.0,,-1.0623947019566005,0.0623947019566004,3.0
61600.0,616.0,0.0,,-1.0623946411761032,0.0623946411761031,3.0
61900.0,619.0,0.0,,-1.0623931638965332,0.0623931638965331,3.0
62000.0,620.0,0.0,,-1.0623931638836446,0.0623931638836445,3.0
62300.0,623.0,0.0,,-1.062393163839681,0.062393163839681,3.0
62500.0,625.0,0.0,,-1.0623930588382329,0.0623930588382326,3.0
62700.0,627.0,0.0,,-1.0623930587767965,0.0623930587767964,3.0
63000.0,630.0,0.0,,-1.062393055273362,0.062393055273362,3.0
63100.0,631.0,0.0,,-1.0623930503956804,0.0623930503956804,3.0
63200.0,632.0,0.0,,-1.0623930482053294,0.0623930482053294,3.0
63400.0,634.0,0.0,,-1.062393038093582,0.0623930380935819,3.0
63700.0,637.0,0.0,,-1.062393038091214,0.0623930380912141,3.0
63800.0,638.0,0.0,,-1.062393036811104,0.062393036811104,3.0
64100.0,641.0,0.0,,-1.0623930363593388,0.0623930363593387,3.0
64500.0,645.0,0.0,,-1.0623930363444083,0.0623930363444085,3.0
64700.0,647.0,0.0,,-1.0623930362865992,0.0623930362865992,3.0
65000.0,650.0,0.0,,-1.0623930362818894,0.0623930362818894,3.0
65100.0,651.0,0.0,,-1.0623930362350502,0.0623930362350502,3.0
66100.0,661.0,0.0,,-1.062393036234439,0.0623930362344389,3.0
66200.0,662.0,0.0,,-1.0623930362342444,0.0623930362342444,3.0
66300.0,663.0,0.0,,-1.062393036233258,0.0623930362332578,3.0
66400.0,664.0,0.0,,-1.0623896613531896,0.0623896613531895,3.0
66800.0,668.0,0.0,,-1.06238966135284,0.06238966135284,3.0
66900.0,669.0,0.0,,-1.0623896606269787,0.0623896606269787,3.0
67000.0,670.0,0.0,,-1.0623893725864746,0.0623893725864745,3.0
67300.0,673.0,0.0,,-1.0623893488585503,0.0623893488585503,3.0
67500.0,675.0,0.0,,-1.062389340361827,0.0623893403618269,3.0
67700.0,677.0,0.0,,-1.0623893052430171,0.0623893052430173,3.0
68200.0,682.0,0.0,,-1.0623892978650424,0.0623892978650424,3.0
68300.0,683.0,0.0,,-1.062389295522721,0.0623892955227209,3.0
68700.0,687.0,0.0,,-1.062389295317173,0.0623892953171729,3.0
69100.0,691.0,0.0,,-1.06238929523234,0.0623892952323399,3.0
69200.0,692.0,0.0,,-1.0623892949365117,0.0623892949365114,3.0
69300.0,693.0,0.0,,-1.0618299475346755,0.0618299475346755,3.0
69600.0,696.0,0.0,,-1.061633289945381,0.061633289945381,3.0
69700.0,697.0,0.0,,-1.061453303576775,0.061453303576775,3.0
69800.0,698.0,0.0,,-1.0611723663423227,0.0611723663423227,3.0
69900.0,699.0,0.0,,-1.0611529204783312,0.0611529204783312,3.0
70000.0,700.0,0.0,,-1.0611242670349244,0.0611242670349243,3.0
70200.0,702.0,0.0,,-1.0610170842518347,0.0610170842518347,3.0
70400.0,704.0,0.0,,-1.061013732928869,0.0610137329288689,3.0
70500.0,705.0,0.0,,-1.0609832854235846,0.0609832854235845,3.0
70600.0,706.0,0.0,,-1.060981594707607,0.0609815947076068,3.0
70700.0,707.0,0.0,,-1.0609815655695685,0.0609815655695684,3.0
70900.0,709.0,0.0,,-1.06097441070143,0.06097441070143,3.0
71100.0,711.0,0.0,,-1.0609707272902094,0.0609707272902093,3.0
71200.0,712.0,0.0,,-1.0609684902304228,0.0609684902304228,3.0
71300.0,713.0,0.0,,-1.0609675914106345,0.0609675914106344,3.0
71500.0,715.0,0.0,,-1.060967572287997,0.0609675722879969,3.0
71700.0,717.0,0.0,,-1.0609675611396767,0.0609675611396767,3.0
71900.0,719.0,0.0,,-1.0609675379809465,0.0609675379809464,3.0
72300.0,723.0,0.0,,-1.0609674971462744,0.0609674971462743,3.0
72500.0,725.0,0.0,,-1.0609674743318689,0.0609674743318688,3.0
72700.0,727.0,0.0,,-1.0609674694676152,0.0609674694676152,3.0
72800.0,728.0,0.0,,-1.060967467811247,0.060967467811247,3.0
73200.0,732.0,0.0,,-1.060967462687305,0.0609674626873046,3.0
73500.0,735.0,0.0,,-1.0609674617812646,0.0609674617812645,3.0
73900.0,739.0,0.0,,-1.0609320783334262,0.0609320783334261,3.0
74000.0,740.0,0.0,,-1.0609285722726325,0.0609285722726324,3.0
74100.0,741.0,0.0,,-1.0609285489938107,0.0609285489938107,3.0
74300.0,743.0,0.0,,-1.060923052314408,0.0609230523144079,3.0
74700.0,747.0,0.0,,-1.0607597847226833,0.0607597847226832,3.0
74900.0,749.0,0.0,,-1.0607597846326613,0.0607597846326612,3.0
75200.0,752.0,0.0,,-1.0607516459606547,0.0607516459606547,3.0
75500.0,755.0,0.0,,-1.060751044076632,0.0607510440766319,3.0
75800.0,758.0,0.0,,-1.060731762502399,0.0607317625023993,3.0
76000.0,760.0,0.0,,-1.0606466305724096,0.0606466305724096,3.0
76400.0,764.0,0.0,,-1.0605413313419536,0.0605413313419536,3.0
76600.0,766.0,0.0,,-1.0605346989971511,0.0605346989971511,3.0
77000.0,770.0,0.0,,-1.060534687774542,0.0605346877745418,3.0
77200.0,772.0,0.0,,-1.0605343785108692,0.0605343785108691,3.0
77300.0,773.0,0.0,,-1.0605303042672032,0.0605303042672031,3.0
77500.0,775.0,0.0,,-1.0605267474712283,0.0605267474712285,3.0
77600.0,776.0,0.0,,-1.060509383524261,0.0605093835242609,3.0
77700.0,777.0,0.0,,-1.0605059952920763,0.0605059952920763,3.0
77800.0,778.0,0.0,,-1.060484474744768,0.0604844747447679,3.0
78000.0,780.0,0.0,,-1.0604806583777893,0.0604806583777892,3.0
78100.0,781.0,0.0,,-1.0604616753786753,0.0604616753786753,3.0
78300.0,783.0,0.0,,-1.0604581272107807,0.0604581272107807,3.0
79200.0,792.0,0.0,,-1.0604576350632369,0.0604576350632368,3.0
79700.0,797.0,0.0,,-1.060457629808592,0.0604576298085919,3.0
80000.0,800.0,0.0,,-1.060457629449148,0.0604576294491479,3.0
80200.0,802.0,0.0,,-1.0604576273800896,0.0604576273800896,3.0
80600.0,806.0,0.0,,-1.0604295204085248,0.0604295204085247,3.0
80700.0,807.0,0.0,,-1.0604290666917695,0.0604290666917695,3.0
80800.0,808.0,0.0,,-1.060428692237587,0.0604286922375869,3.0
81100.0,811.0,0.0,,-1.060425897634776,0.060425897634776,3.0
81200.0,812.0,0.0,,-1.0604257667413777,0.0604257667413776,3.0
81400.0,814.0,0.0,,-1.060424026035104,0.0604240260351038,3.0
81600.0,816.0,0.0,,-1.06042398546115,0.0604239854611501,3.0
81700.0,817.0,0.0,,-1.0604239752177589,0.0604239752177586,3.0
81800.0,818.0,0.0,,-1.060423804101443,0.0604238041014431,3.0
82000.0,820.0,0.0,,-1.0604237661157248,0.0604237661157247,3.0
82200.0,822.0,0.0,,-1.060423746652711,0.0604237466527113,3.0
82500.0,825.0,0.0,,-1.060423711769799,0.0604237117697989,3.0
82600.0,826.0,0.0,,-1.0604237113901385,0.0604237113901384,3.0
82700.0,827.0,0.0,,-1.0604236977406178,0.0604236977406178,3.0
83200.0,832.0,0.0,,-1.0604236967736909,0.0604236967736908,3.0
83600.0,836.0,0.0,,-1.0604236963982256,0.0604236963982256,3.0
83900.0,839.0,0.0,,-1.060423696381677,0.0604236963816771,3.0
84000.0,840.0,0.0,,-1.0604236963679468,0.0604236963679467,3.0
84100.0,841.0,0.0,,-1.06042369632293,0.0604236963229301,3.0
84400.0,844.0,0.0,,-1.0604236963220377,0.0604236963220377,3.0
84800.0,848.0,0.0,,-1.060423696315375,0.060423696315375,3.0
85200.0,852.0,0.0,,-1.0604236963150555,0.0604236963150555,3.0
85300.0,853.0,0.0,,-1.0604236963150464,0.0604236963150464,3.0
85800.0,858.0,0.0,,-1.0604236963145517,0.0604236963145514,3.0
86300.0,863.0,0.0,,-1.0604046772988804,0.0604046772988804,3.0
86400.0,864.0,0.0,,-1.0604029592213402,0.0604029592213402,3.0
86900.0,869.0,0.0,,-1.0603968248974167,0.0603968248974167,3.0
87000.0,870.0,0.0,,-1.060387276294715,0.060387276294715,3.0
87100.0,871.0,0.0,,-1.060212413198682,0.0602124131986818,3.0
87200.0,872.0,0.0,,-1.060208046428831,0.060208046428831,3.0
87500.0,875.0,0.0,,-1.0602080462785115,0.0602080462785117,3.0
87700.0,877.0,0.0,,-1.060186376581319,0.0601863765813193,3.0
87800.0,878.0,0.0,,-1.060185803149428,0.060185803149428,3.0
88000.0,880.0,0.0,,-1.0601754680538642,0.0601754680538642,3.0
88300.0,883.0,0.0,,-1.0601749922908488,0.0601749922908487,3.0
88500.0,885.0,0.0,,-1.0601749914293033,0.0601749914293032,3.0
88600.0,886.0,0.0,,-1.060173789978814,0.0601737899788139,3.0
88900.0,889.0,0.0,,-1.0601737267853713,0.0601737267853712,3.0
89100.0,891.0,0.0,,-1.060173693529426,0.0601736935294259,3.0
89200.0,892.0,0.0,,-1.060173693160309,0.0601736931603089,3.0
89300.0,893.0,0.0,,-1.060146968902057,0.060146968902057,3.0
89500.0,895.0,0.0,,-1.0601341396638746,0.0601341396638746,3.0
89900.0,899.0,0.0,,-1.0599372363202526,0.0599372363202526,3.0
90100.0,901.0,0.0,,-1.0596317150952712,0.0596317150952712,3.0
90700.0,907.0,0.0,,-1.059615148868207,0.059615148868207,3.0
91100.0,911.0,0.0,,-1.0596150370711392,0.0596150370711392,3.0
91500.0,915.0,0.0,,-1.0596137624987665,0.0596137624987662,3.0
91700.0,917.0,0.0,,-1.059613485935871,0.059613485935871,3.0
91900.0,919.0,0.0,,-1.0596134752303112,0.0596134752303112,3.0
92100.0,921.0,0.0,,-1.0596134169698594,0.0596134169698594,3.0
92300.0,923.0,0.0,,-1.0596134032264977,0.0596134032264976,3.0
92400.0,924.0,0.0,,-1.0596133979125113,0.0596133979125113,3.0
92800.0,928.0,0.0,,-1.0596133951257205,0.0596133951257202,3.0
92900.0,929.0,0.0,,-1.0595592767256463,0.0595592767256465,3.0
93000.0,930.0,0.0,,-1.0595592720061109,0.0595592720061106,3.0
93100.0,931.0,0.0,,-1.059555764986986,0.059555764986986,3.0
93300.0,933.0,0.0,,-1.0595001344464972,0.0595001344464971,3.0
93600.0,936.0,0.0,,-1.0594665189160195,0.0594665189160195,3.0
93700.0,937.0,0.0,,-1.0594596022329958,0.0594596022329958,3.0
93800.0,938.0,0.0,,-1.0594427219966516,0.0594427219966515,3.0
94000.0,940.0,0.0,,-1.0594408588079305,0.0594408588079302,3.0
94300.0,943.0,0.0,,-1.0594370972762874,0.0594370972762874,3.0
94400.0,944.0,0.0,,-1.059436737363022,0.059436737363022,3.0
94500.0,945.0,0.0,,-1.0594366229807288,0.0594366229807288,3.0
94600.0,946.0,0.0,,-1.0592667821670112,0.0592667821670112,3.0
94700.0,947.0,0.0,,-1.0592006530629534,0.0592006530629534,3.0
94900.0,949.0,0.0,,-1.059199952551613,0.0591999525516129,3.0
95000.0,950.0,0.0,,-1.059193547439306,0.0591935474393059,3.0
95100.0,951.0,0.0,,-1.0591921683317551,0.0591921683317551,3.0
95300.0,953.0,0.0,,-1.0591649590873995,0.0591649590873994,3.0
95500.0,955.0,0.0,,-1.059159845444119,0.0591598454441189,3.0
95900.0,959.0,0.0,,-1.0591593875791268,0.0591593875791267,3.0
96200.0,962.0,0.0,,-1.0591578992247688,0.0591578992247687,3.0
96500.0,965.0,0.0,,-1.059157894662913,0.0591578946629129,3.0
96900.0,969.0,0.0,,-1.0591578576824936,0.0591578576824936,3.0
97100.0,971.0,0.0,,-1.0591576943324292,0.0591576943324292,3.0
97300.0,973.0,0.0,,-1.059157683360059,0.0591576833600591,3.0
97500.0,975.0,0.0,,-1.0591576822765298,0.0591576822765298,3.0
97600.0,976.0,0.0,,-1.0591576618608352,0.0591576618608351,3.0
97800.0,978.0,0.0,,-1.0591576502006073,0.0591576502006072,3.0
98500.0,985.0,0.0,,-1.05915764938141,0.0591576493814098,3.0
98700.0,987.0,0.0,,-1.0591576493665509,0.0591576493665506,3.0
98800.0,988.0,0.0,,-1.059157644434832,0.059157644434832,3.0
99100.0,991.0,0.0,,-1.0591576443835298,0.0591576443835297,3.0
99200.0,992.0,0.0,,-1.0591576441814186,0.0591576441814185,3.0
99300.0,993.0,0.0,,-1.0591576439901418,0.0591576439901417,3.0
99400.0,994.0,0.0,,-1.0591576435560532,0.0591576435560532,3.0
99700.0,997.0,0.0,,-1.0591576435482124,0.0591576435482124,3.0
99800.0,998.0,0.0,,-1.0591576434943335,0.0591576434943335,3.0
99900.0,999.0,0.0,,-1.0591576434313197,0.0591576434313194,3.0
100000.0,1000.0,0.0,,-1.0591576433314729,0.0591576433314726,3.0
100100.0,1001.0,0.0,,-1.0591576433304088,0.0591576433304088,3.0
100500.0,1005.0,0.0,,-1.0591006487246335,0.0591006487246335,3.0
100600.0,1006.0,0.0,,-1.059094229711419,0.0590942297114189,3.0
100700.0,1007.0,0.0,,-1.0590939915316753,0.0590939915316752,3.0
100800.0,1008.0,0.0,,-1.05909358049067,0.05909358049067,3.0
100900.0,1009.0,0.0,,-1.0590485067223971,0.0590485067223971,3.0
101100.0,1011.0,0.0,,-1.0590483616974264,0.0590483616974264,3.0
101200.0,1012.0,0.0,,-1.0590470791580977,0.0590470791580974,3.0
101300.0,1013.0,0.0,,-1.059047071342553,0.059047071342553,3.0
101400.0,1014.0,0.0,,-1.0590449455365911,0.0590449455365913,3.0
101500.0,1015.0,0.0,,-1.0590445550995145,0.0590445550995144,3.0
101600.0,1016.0,0.0,,-1.0590310496967934,0.0590310496967934,3.0
101800.0,1018.0,0.0,,-1.059031046712505,0.059031046712505,3.0
101900.0,1019.0,0.0,,-1.059030992199943,0.059030992199943,3.0
102000.0,1020.0,0.0,,-1.0590297476244042,0.0590297476244041,3.0
102100.0,1021.0,0.0,,-1.059029040633115,0.0590290406331153,3.0
102200.0,1022.0,0.0,,-1.059028957740884,0.059028957740884,3.0
102300.0,1023.0,0.0,,-1.059028810234635,0.059028810234635,3.0
102500.0,1025.0,0.0,,-1.059028609462152,0.0590286094621519,3.0
102900.0,1029.0,0.0,,-1.059028509064073,0.0590285090640729,3.0
103000.0,1030.0,0.0,,-1.0590284942203183,0.0590284942203183,3.0
103200.0,1032.0,0.0,,-1.059028481892968,0.059028481892968,3.0
103500.0,1035.0,0.0,,-1.0590284617034802,0.0590284617034801,3.0
103700.0,1037.0,0.0,,-1.059028458985516,0.0590284589855161,3.0
104400.0,1044.0,0.0,,-1.0590284571540758,0.0590284571540757,3.0
104500.0,1045.0,0.0,,-1.0590284571018358,0.0590284571018357,3.0
104900.0,1049.0,0.0,,-1.058966161335099,0.0589661613350986,3.0
105200.0,1052.0,0.0,,-1.058964711798165,0.0589647117981653,3.0
105300.0,1053.0,0.0,,-1.0589010579459492,0.0589010579459492,3.0
105500.0,1055.0,0.0,,-1.0589010579405644,0.0589010579405644,3.0
105600.0,1056.0,0.0,,-1.0589009830508491,0.0589009830508491,3.0
105700.0,1057.0,0.0,,-1.0589008847652592,0.0589008847652592,3.0
105800.0,1058.0,0.0,,-1.058892537757235,0.0588925377572346,3.0
105900.0,1059.0,0.0,,-1.058874620270796,0.0588746202707959,3.0
106100.0,1061.0,0.0,,-1.0588746151800232,0.0588746151800232,3.0
106200.0,1062.0,0.0,,-1.0588743735126516,0.0588743735126515,3.0
106300.0,1063.0,0.0,,-1.0588648826609133,0.0588648826609132,3.0
106500.0,1065.0,0.0,,-1.0588647674452043,0.0588647674452045,3.0
106600.0,1066.0,0.0,,-1.058864227058819,0.0588642270588193,3.0
106700.0,1067.0,0.0,,-1.0588628406889633,0.0588628406889633,3.0
107100.0,1071.0,0.0,,-1.0588628406806564,0.0588628406806563,3.0
107200.0,1072.0,0.0,,-1.0588628336850374,0.0588628336850374,3.0
107400.0,1074.0,0.0,,-1.058862796244468,0.0588627962444678,3.0
107500.0,1075.0,0.0,,-1.0588627222807454,0.0588627222807454,3.0
107700.0,1077.0,0.0,,-1.058862721949606,0.058862721949606,3.0
108100.0,1081.0,0.0,,-1.0588627219489637,0.0588627219489636,3.0
108200.0,1082.0,0.0,,-1.0588627168738542,0.0588627168738542,3.0
108300.0,1083.0,0.0,,-1.0588627148897072,0.0588627148897071,3.0
108600.0,1086.0,0.0,,-1.0588332362191195,0.0588332362191195,3.0
108900.0,1089.0,0.0,,-1.0588298052966656,0.0588298052966655,3.0
109400.0,1094.0,0.0,,-1.0588262455054565,0.0588262455054564,3.0
109600.0,1096.0,0.0,,-1.0586492251921336,0.0586492251921335,3.0
110000.0,1100.0,0.0,,-1.05864648608797,0.0586464860879698,3.0
110300.0,1103.0,0.0,,-1.058629689128256,0.058629689128256,3.0
110500.0,1105.0,0.0,,-1.0586279339085447,0.0586279339085447,3.0
110700.0,1107.0,0.0,,-1.0586279316907898,0.0586279316907898,3.0
110800.0,1108.0,0.0,,-1.0586278727220555,0.0586278727220554,3.0
110900.0,1109.0,0.0,,-1.0586272791251348,0.0586272791251347,3.0
111000.0,1110.0,0.0,,-1.0586249941119783,0.0586249941119785,3.0
111100.0,1111.0,0.0,,-1.058623275256247,0.058623275256247,3.0
111300.0,1113.0,0.0,,-1.0586232249567609,0.0586232249567608,3.0
111400.0,1114.0,0.0,,-1.0586232201339203,0.0586232201339202,3.0
111600.0,1116.0,0.0,,-1.0585888740925318,0.0585888740925317,3.0
111800.0,1118.0,0.0,,-1.0585340098366551,0.0585340098366551,3.0
112200.0,1122.0,0.0,,-1.0585329585560082,0.0585329585560081,3.0
112300.0,1123.0,0.0,,-1.0585191907990428,0.0585191907990427,3.0
112400.0,1124.0,0.0,,-1.058518518449412,0.0585185184494119,3.0
112700.0,1127.0,0.0,,-1.0585144044416042,0.0585144044416041,3.0
112900.0,1129.0,0.0,,-1.0585141346535492,0.0585141346535491,3.0
113100.0,1131.0,0.0,,-1.0585125311183512,0.0585125311183511,3.0
113300.0,1133.0,0.0,,-1.0585121797240895,0.0585121797240895,3.0
113600.0,1136.0,0.0,,-1.0585117027002475,0.0585117027002477,3.0
113800.0,1138.0,0.0,,-1.058511700742688,0.058511700742688,3.0
114100.0,1141.0,0.0,,-1.0585116992679762,0.0585116992679761,3.0
114400.0,1144.0,0.0,,-1.058511673389552,0.0585116733895518,3.0
114700.0,1147.0,0.0,,-1.0585116676415092,0.0585116676415091,3.0
114800.0,1148.0,0.0,,-1.0585116658275695,0.0585116658275697,3.0
115000.0,1150.0,0.0,,-1.0584545044523723,0.0584545044523723,3.0
115100.0,1151.0,0.0,,-1.058358739370198,0.058358739370198,3.0
115600.0,1156.0,0.0,,-1.0583568649092727,0.0583568649092727,3.0
116000.0,1160.0,0.0,,-1.058353890531949,0.0583538905319489,3.0
116100.0,1161.0,0.0,,-1.0583394698715414,0.0583394698715413,3.0
116900.0,1169.0,0.0,,-1.058339425440137,0.058339425440137,3.0
117500.0,1175.0,0.0,,-1.0583394251813407,0.0583394251813407,3.0
117600.0,1176.0,0.0,,-1.058339145207718,0.0583391452077179,3.0
119200.0,1192.0,0.0,,-1.05833913397665,0.0583391339766501,3.0
119400.0,1194.0,0.0,,-1.05831636816056,0.05831636816056,3.0
120300.0,1203.0,0.0,,-1.058143666593074,0.0581436665930741,3.0
120400.0,1204.0,0.0,,-1.0581427740526514,0.0581427740526514,3.0
120500.0,1205.0,0.0,,-1.0581303406366194,0.0581303406366193,3.0
120600.0,1206.0,0.0,,-1.0581144054593774,0.0581144054593774,3.0
121000.0,1210.0,0.0,,-1.0581005076135157,0.0581005076135157,3.0
121200.0,1212.0,0.0,,-1.0580969201750416,0.0580969201750416,3.0
121300.0,1213.0,0.0,,-1.0580959680546609,0.0580959680546608,3.0
121400.0,1214.0,0.0,,-1.057936010302985,0.0579360103029849,3.0
121500.0,1215.0,0.0,,-1.0575556615078567,0.0575556615078567,3.0
121600.0,1216.0,0.0,,-1.0574515709589745,0.0574515709589744,3.0
122100.0,1221.0,0.0,,-1.057447872573681,0.0574478725736808,3.0
122200.0,1222.0,0.0,,-1.0574317386923398,0.0574317386923397,3.0
122300.0,1223.0,0.0,,-1.0573835323223788,0.0573835323223788,3.0
122400.0,1224.0,0.0,,-1.0573805025447482,0.0573805025447482,3.0
122600.0,1226.0,0.0,,-1.0573617513067333,0.0573617513067332,3.0
122700.0,1227.0,0.0,,-1.0573119080782245,0.0573119080782242,3.0
122800.0,1228.0,0.0,,-1.0573101487226462,0.0573101487226461,3.0
122900.0,1229.0,0.0,,-1.0573081805328908,0.0573081805328907,3.0
123000.0,1230.0,0.0,,-1.0573020733831542,0.0573020733831541,3.0
123200.0,1232.0,0.0,,-1.057300950113696,0.057300950113696,3.0
123300.0,1233.0,0.0,,-1.05729814016747,0.0572981401674699,3.0
123600.0,1236.0,0.0,,-1.0572977147888516,0.0572977147888515,3.0
123700.0,1237.0,0.0,,-1.057296275729842,0.0572962757298418,3.0
124900.0,1249.0,0.0,,-1.0568297562613127,0.0568297562613127,3.0
125000.0,1250.0,0.0,,-1.0566974012073165,0.0566974012073162,3.0
125100.0,1251.0,0.0,,-1.056449203747216,0.0564492037472159,3.0
125200.0,1252.0,0.0,,-1.05630312776877,0.05630312776877,3.0
125300.0,1253.0,0.0,,-1.0562561199369245,0.0562561199369244,3.0
125400.0,1254.0,0.0,,-1.0562170649871665,0.0562170649871665,3.0
125500.0,1255.0,0.0,,-1.056087887716666,0.0560878877166659,3.0
125700.0,1257.0,0.0,,-1.05600697823598,0.05600697823598,3.0
125800.0,1258.0,0.0,,-1.0560066280866918,0.0560066280866917,3.0
125900.0,1259.0,0.0,,-1.055975141491007,0.055975141491007,3.0
126300.0,1263.0,0.0,,-1.0559386810967433,0.0559386810967432,3.0
126400.0,1264.0,0.0,,-1.055916038480022,0.0559160384800221,3.0
126500.0,1265.0,0.0,,-1.0557925218469033,0.0557925218469033,3.0
126700.0,1267.0,0.0,,-1.0557880932637955,0.0557880932637957,3.0
126900.0,1269.0,0.0,,-1.0557793885317115,0.0557793885317114,3.0
127000.0,1270.0,0.0,,-1.055779125028363,0.055779125028363,3.0
127100.0,1271.0,0.0,,-1.0557711765283326,0.0557711765283326,3.0
127500.0,1275.0,0.0,,-1.0557619585922242,0.0557619585922242,3.0
127600.0,1276.0,0.0,,-1.0555635227348377,0.0555635227348376,3.0
127700.0,1277.0,0.0,,-1.0554938024875935,0.0554938024875937,3.0
128200.0,1282.0,0.0,,-1.0554938006030572,0.0554938006030572,3.0
128300.0,1283.0,0.0,,-1.055493679378244,0.0554936793782441,3.0
128400.0,1284.0,0.0,,-1.0554934037540855,0.0554934037540855,3.0
128500.0,1285.0,0.0,,-1.055493252810034,0.055493252810034,3.0
128600.0,1286.0,0.0,,-1.055482844684416,0.055482844684416,3.0
128900.0,1289.0,0.0,,-1.0554782586083309,0.0554782586083308,3.0
129000.0,1290.0,0.0,,-1.0553885484418783,0.0553885484418783,3.0
129200.0,1292.0,0.0,,-1.0553873007874195,0.0553873007874194,3.0
129300.0,1293.0,0.0,,-1.055309549433833,0.0553095494338329,3.0
129500.0,1295.0,0.0,,-1.055309144479691,0.0553091444796909,3.0
129700.0,1297.0,0.0,,-1.0552969410367825,0.0552969410367825,3.0
129900.0,1299.0,0.0,,-1.0552740660812971,0.0552740660812971,3.0
130000.0,1300.0,0.0,,-1.0552586167739335,0.0552586167739335,3.0
130100.0,1301.0,0.0,,-1.0552521981309175,0.0552521981309175,3.0
130300.0,1303.0,0.0,,-1.055251698051268,0.055251698051268,3.0
130400.0,1304.0,0.0,,-1.0551660325849193,0.0551660325849192,3.0
130900.0,1309.0,0.0,,-1.055165368494636,0.055165368494636,3.0
131000.0,1310.0,0.0,,-1.055156680619515,0.0551566806195149,3.0
131300.0,1313.0,0.0,,-1.0551565593140335,0.0551565593140335,3.0
131700.0,1317.0,0.0,,-1.055155923613568,0.0551559236135681,3.0
132200.0,1322.0,0.0,,-1.055100405638711,0.0551004056387109,3.0
132500.0,1325.0,0.0,,-1.055097309114045,0.0550973091140449,3.0
132700.0,1327.0,0.0,,-1.0550912999376034,0.0550912999376034,3.0
132800.0,1328.0,0.0,,-1.055083431811354,0.055083431811354,3.0
132900.0,1329.0,0.0,,-1.0550706623335335,0.0550706623335335,3.0
133300.0,1333.0,0.0,,-1.055014892565814,0.055014892565814,3.0
133400.0,1334.0,0.0,,-1.0549995939555885,0.0549995939555882,3.0
133500.0,1335.0,0.0,,-1.0549977767934695,0.0549977767934697,3.0
134000.0,1340.0,0.0,,-1.0549972896389346,0.0549972896389345,3.0
134200.0,1342.0,0.0,,-1.054997289413849,0.054997289413849,3.0
134300.0,1343.0,0.0,,-1.054996979213412,0.0549969792134119,3.0
134500.0,1345.0,0.0,,-1.0549969662245655,0.0549969662245655,3.0
134700.0,1347.0,0.0,,-1.0549969632855354,0.0549969632855353,3.0
134800.0,1348.0,0.0,,-1.0549969353865207,0.0549969353865207,3.0
135200.0,1352.0,0.0,,-1.0549969339660148,0.0549969339660147,3.0
135600.0,1356.0,0.0,,-1.0549969339427647,0.0549969339427647,3.0
136100.0,1361.0,0.0,,-1.0549969339404504,0.0549969339404503,3.0
136300.0,1363.0,0.0,,-1.0549383935462713,0.0549383935462712,3.0
136700.0,1367.0,0.0,,-1.0549370873564894,0.0549370873564893,3.0
136900.0,1369.0,0.0,,-1.0549348733738957,0.0549348733738954,3.0
137000.0,1370.0,0.0,,-1.0549322173268374,0.0549322173268373,3.0
137100.0,1371.0,0.0,,-1.0549249710677429,0.0549249710677428,3.0
137200.0,1372.0,0.0,,-1.0549194764680694,0.0549194764680693,3.0
137400.0,1374.0,0.0,,-1.0549113130573666,0.0549113130573666,3.0
137600.0,1376.0,0.0,,-1.054910695744269,0.0549106957442693,3.0
137800.0,1378.0,0.0,,-1.0549098235960042,0.0549098235960041,3.0
138000.0,1380.0,0.0,,-1.0549097198114934,0.0549097198114933,3.0
138100.0,1381.0,0.0,,-1.0549069171786003,0.0549069171786005,3.0
138300.0,1383.0,0.0,,-1.0548968514843624,0.0548968514843624,3.0
138500.0,1385.0,0.0,,-1.054896688627956,0.054896688627956,3.0
138600.0,1386.0,0.0,,-1.0548964256359576,0.0548964256359576,3.0
138700.0,1387.0,0.0,,-1.0548933873833872,0.0548933873833872,3.0
139200.0,1392.0,0.0,,-1.0548034321425348,0.0548034321425348,3.0
139300.0,1393.0,0.0,,-1.0548030655454417,0.0548030655454414,3.0
139400.0,1394.0,0.0,,-1.054778227248129,0.0547782272481289,3.0
139700.0,1397.0,0.0,,-1.054761855993224,0.0547618559932239,3.0
139900.0,1399.0,0.0,,-1.054755929024083,0.0547559290240833,3.0
140100.0,1401.0,0.0,,-1.0547556814074188,0.0547556814074188,3.0
140300.0,1403.0,0.0,,-1.0547553131214629,0.0547553131214628,3.0
140400.0,1404.0,0.0,,-1.054750626628535,0.0547506266285349,3.0
140700.0,1407.0,0.0,,-1.0547499684389112,0.0547499684389112,3.0
140800.0,1408.0,0.0,,-1.0547409973055892,0.0547409973055892,3.0
141000.0,1410.0,0.0,,-1.0538014924716237,0.0538014924716234,3.0
141300.0,1413.0,0.0,,-1.0537330441975268,0.0537330441975267,3.0
141500.0,1415.0,0.0,,-1.05364561204185,0.05364561204185,3.0
142000.0,1420.0,0.0,,-1.053643044182198,0.053643044182198,3.0
142100.0,1421.0,0.0,,-1.0536330956827855,0.0536330956827857,3.0
142300.0,1423.0,0.0,,-1.0536113379553838,0.0536113379553837,3.0
142600.0,1426.0,0.0,,-1.0535714026159515,0.0535714026159515,3.0
142700.0,1427.0,0.0,,-1.0535270401474084,0.0535270401474083,3.0
142900.0,1429.0,0.0,,-1.0535260853823532,0.0535260853823531,3.0
143200.0,1432.0,0.0,,-1.0535219378834502,0.0535219378834501,3.0
143300.0,1433.0,0.0,,-1.0534886574038866,0.0534886574038866,3.0
143800.0,1438.0,0.0,,-1.0534885964955911,0.0534885964955911,3.0
144100.0,1441.0,0.0,,-1.053487216366524,0.0534872163665238,3.0
144300.0,1443.0,0.0,,-1.0533851080784689,0.0533851080784688,3.0
144500.0,1445.0,0.0,,-1.053281788145682,0.0532817881456819,3.0
144700.0,1447.0,0.0,,-1.0532807789606615,0.0532807789606615,3.0
144800.0,1448.0,0.0,,-1.0532807552938568,0.0532807552938567,3.0
144900.0,1449.0,0.0,,-1.0532782300706194,0.0532782300706193,3.0
145000.0,1450.0,0.0,,-1.0532765098352386,0.0532765098352385,3.0
145200.0,1452.0,0.0,,-1.053276509779388,0.0532765097793879,3.0
145500.0,1455.0,0.0,,-1.0532765031921754,0.0532765031921753,3.0
145800.0,1458.0,0.0,,-1.0532763795662663,0.0532763795662662,3.0
145900.0,1459.0,0.0,,-1.0532760001400376,0.0532760001400376,3.0
146000.0,1460.0,0.0,,-1.0532569381332677,0.0532569381332674,3.0
146300.0,1463.0,0.0,,-1.0532467349159906,0.0532467349159906,3.0
146800.0,1468.0,0.0,,-1.0531588328925394,0.0531588328925394,3.0
146900.0,1469.0,0.0,,-1.053153492274464,0.053153492274464,3.0
147100.0,1471.0,0.0,,-1.0531487028133726,0.0531487028133725,3.0
147200.0,1472.0,0.0,,-1.0531483421557652,0.0531483421557652,3.0
147300.0,1473.0,0.0,,-1.0531462086950891,0.0531462086950891,3.0
147400.0,1474.0,0.0,,-1.0530451063532325,0.0530451063532324,3.0
147500.0,1475.0,0.0,,-1.0530450712483133,0.0530450712483132,3.0
147600.0,1476.0,0.0,,-1.0530386469806838,0.0530386469806838,3.0
147700.0,1477.0,0.0,,-1.0530264127659448,0.0530264127659447,3.0
148000.0,1480.0,0.0,,-1.0530224964120427,0.0530224964120427,3.0
148100.0,1481.0,0.0,,-1.0530217651905618,0.0530217651905617,3.0
148200.0,1482.0,0.0,,-1.05293353195854,0.05293353195854,3.0
148400.0,1484.0,0.0,,-1.0529270104361743,0.0529270104361743,3.0
148500.0,1485.0,0.0,,-1.052861838791102,0.0528618387911019,3.0
148700.0,1487.0,0.0,,-1.0528602738134452,0.0528602738134451,3.0
148800.0,1488.0,0.0,,-1.052831542081048,0.0528315420810481,3.0
148900.0,1489.0,0.0,,-1.052831541386745,0.052831541386745,3.0
149000.0,1490.0,0.0,,-1.0528271649439829,0.0528271649439826,3.0
149100.0,1491.0,0.0,,-1.0528055062080213,0.0528055062080212,3.0
149200.0,1492.0,0.0,,-1.0527857122739068,0.0527857122739068,3.0
149300.0,1493.0,0.0,,-1.0527296331148432,0.0527296331148432,3.0
149500.0,1495.0,0.0,,-1.0527294177077464,0.0527294177077464,3.0
149600.0,1496.0,0.0,,-1.052729056442042,0.0527290564420419,3.0
149700.0,1497.0,0.0,,-1.052717913294504,0.0527179132945039,3.0
149800.0,1498.0,0.0,,-1.0527009642213994,0.0527009642213993,3.0
150000.0,1500.0,0.0,,-1.0527009613678002,0.0527009613678002,3.0
150200.0,1502.0,0.0,,-1.0526957484828627,0.0526957484828627,3.0
150300.0,1503.0,0.0,,-1.0526938814300977,0.0526938814300976,3.0
150600.0,1506.0,0.0,,-1.0526935694009925,0.0526935694009924,3.0
150700.0,1507.0,0.0,,-1.0526926416337288,0.0526926416337287,3.0
150800.0,1508.0,0.0,,-1.0526911102273202,0.0526911102273202,3.0
150900.0,1509.0,0.0,,-1.0526900184973491,0.0526900184973493,3.0
151100.0,1511.0,0.0,,-1.0526891064647674,0.0526891064647674,3.0
151200.0,1512.0,0.0,,-1.0526786556014605,0.0526786556014604,3.0
151300.0,1513.0,0.0,,-1.0526786555871013,0.0526786555871012,3.0
151500.0,1515.0,0.0,,-1.0526780593114828,0.0526780593114828,3.0
151600.0,1516.0,0.0,,-1.0526707348520508,0.0526707348520507,3.0
151800.0,1518.0,0.0,,-1.0526706860303994,0.0526706860303993,3.0
151900.0,1519.0,0.0,,-1.0526664125265712,0.0526664125265712,3.0
152000.0,1520.0,0.0,,-1.052665308572323,0.0526653085723229,3.0
152100.0,1521.0,0.0,,-1.0526629614445009,0.0526629614445006,3.0
152400.0,1524.0,0.0,,-1.0526629432870818,0.0526629432870817,3.0
152600.0,1526.0,0.0,,-1.0526595269243728,0.0526595269243728,3.0
152700.0,1527.0,0.0,,-1.0526369349654148,0.0526369349654147,3.0
153100.0,1531.0,0.0,,-1.05263686263012,0.0526368626301201,3.0
153200.0,1532.0,0.0,,-1.0526366899510862,0.0526366899510861,3.0
153300.0,1533.0,0.0,,-1.0526259934350548,0.0526259934350548,3.0
153400.0,1534.0,0.0,,-1.0526259934128392,0.0526259934128392,3.0
153700.0,1537.0,0.0,,-1.05260697297279,0.05260697297279,3.0
154100.0,1541.0,0.0,,-1.0526019995223093,0.0526019995223092,3.0
154300.0,1543.0,0.0,,-1.052593067831569,0.0525930678315689,3.0
154400.0,1544.0,0.0,,-1.052589239468252,0.0525892394682518,3.0
154500.0,1545.0,0.0,,-1.052587046153164,0.0525870461531641,3.0
154600.0,1546.0,0.0,,-1.0525848321618283,0.0525848321618285,3.0
154700.0,1547.0,0.0,,-1.052580428125835,0.052580428125835,3.0
154800.0,1548.0,0.0,,-1.052579414070015,0.052579414070015,3.0
154900.0,1549.0,0.0,,-1.0525789491429915,0.0525789491429915,3.0
155000.0,1550.0,0.0,,-1.0525783842505612,0.0525783842505611,3.0
155100.0,1551.0,0.0,,-1.052575964349081,0.052575964349081,3.0
155400.0,1554.0,0.0,,-1.0525738754343252,0.0525738754343252,3.0
155800.0,1558.0,0.0,,-1.0525732523053613,0.0525732523053612,3.0
155900.0,1559.0,0.0,,-1.0525715191518483,0.0525715191518485,3.0
156100.0,1561.0,0.0,,-1.0525713989071446,0.0525713989071445,3.0
156400.0,1564.0,0.0,,-1.0525207242990715,0.0525207242990717,3.0
156600.0,1566.0,0.0,,-1.052520698342193,0.052520698342193,3.0
156700.0,1567.0,0.0,,-1.0525202528642603,0.0525202528642605,3.0
156900.0,1569.0,0.0,,-1.0524929721584082,0.0524929721584082,3.0
157000.0,1570.0,0.0,,-1.0524916091646788,0.0524916091646787,3.0
157200.0,1572.0,0.0,,-1.0524601417788098,0.0524601417788097,3.0
157500.0,1575.0,0.0,,-1.0524569743574907,0.0524569743574907,3.0
157800.0,1578.0,0.0,,-1.0524563584685465,0.0524563584685464,3.0
158100.0,1581.0,0.0,,-1.05245604647004,0.0524560464700398,3.0
158200.0,1582.0,0.0,,-1.0524559521293595,0.0524559521293594,3.0
158400.0,1584.0,0.0,,-1.052455862327098,0.052455862327098,3.0
158600.0,1586.0,0.0,,-1.052451741597792,0.0524517415977918,3.0
158800.0,1588.0,0.0,,-1.0524274796457127,0.0524274796457127,3.0
159000.0,1590.0,0.0,,-1.0524274647463694,0.0524274647463693,3.0
159100.0,1591.0,0.0,,-1.0524257234705725,0.0524257234705722,3.0
159300.0,1593.0,0.0,,-1.0524248786409585,0.0524248786409584,3.0
159400.0,1594.0,0.0,,-1.052415031784648,0.0524150317846479,3.0
159800.0,1598.0,0.0,,-1.052414611168637,0.0524146111686369,3.0
160100.0,1601.0,0.0,,-1.0523880687234015,0.0523880687234017,3.0
160300.0,1603.0,0.0,,-1.0523880650719115,0.0523880650719117,3.0
160400.0,1604.0,0.0,,-1.0523860647401782,0.0523860647401781,3.0
160600.0,1606.0,0.0,,-1.0523665138058138,0.0523665138058138,3.0
160800.0,1608.0,0.0,,-1.0523578985608095,0.0523578985608095,3.0
160900.0,1609.0,0.0,,-1.0523572645072148,0.0523572645072147,3.0
161100.0,1611.0,0.0,,-1.052350972169383,0.0523509721693826,3.0
161200.0,1612.0,0.0,,-1.0523499383990371,0.0523499383990373,3.0
161300.0,1613.0,0.0,,-1.0523499221396868,0.0523499221396868,3.0
161400.0,1614.0,0.0,,-1.0523468655818111,0.0523468655818111,3.0
161600.0,1616.0,0.0,,-1.0523463100494046,0.0523463100494046,3.0
161700.0,1617.0,0.0,,-1.0523407082573908,0.0523407082573907,3.0
161900.0,1619.0,0.0,,-1.0523395561416051,0.0523395561416051,3.0
162100.0,1621.0,0.0,,-1.0523364240180246,0.0523364240180246,3.0
162300.0,1623.0,0.0,,-1.0523311476118091,0.0523311476118093,3.0
162400.0,1624.0,0.0,,-1.0523297734729091,0.0523297734729091,3.0
162500.0,1625.0,0.0,,-1.0523293585436804,0.0523293585436803,3.0
162700.0,1627.0,0.0,,-1.052327474628364,0.0523274746283639,3.0
163300.0,1633.0,0.0,,-1.0523222461989878,0.0523222461989878,3.0
163500.0,1635.0,0.0,,-1.0523222276012614,0.0523222276012613,3.0
163600.0,1636.0,0.0,,-1.0523222257500195,0.0523222257500195,3.0
163700.0,1637.0,0.0,,-1.0523220969085103,0.0523220969085105,3.0
163800.0,1638.0,0.0,,-1.0523210534036431,0.0523210534036431,3.0
163900.0,1639.0,0.0,,-1.0523208314990926,0.0523208314990926,3.0
164100.0,1641.0,0.0,,-1.0523204411887346,0.0523204411887345,3.0
164200.0,1642.0,0.0,,-1.052315868319899,0.0523158683198989,3.0
164600.0,1646.0,0.0,,-1.0523157942345711,0.0523157942345711,3.0
164700.0,1647.0,0.0,,-1.0523156553325008,0.0523156553325008,3.0
164800.0,1648.0,0.0,,-1.052315016606656,0.0523150166066559,3.0
164900.0,1649.0,0.0,,-1.0523148984515014,0.0523148984515013,3.0
165100.0,1651.0,0.0,,-1.0523138111296548,0.0523138111296548,3.0
165200.0,1652.0,0.0,,-1.052313768715662,0.052313768715662,3.0
165500.0,1655.0,0.0,,-1.0523128676907847,0.0523128676907846,3.0
165600.0,1656.0,0.0,,-1.0523128389625118,0.0523128389625118,3.0
165700.0,1657.0,0.0,,-1.052312758898151,0.0523127588981506,3.0
165800.0,1658.0,0.0,,-1.052312569076135,0.052312569076135,3.0
166000.0,1660.0,0.0,,-1.0523117372057622,0.0523117372057622,3.0
166300.0,1663.0,0.0,,-1.0523116389186034,0.0523116389186033,3.0
166400.0,1664.0,0.0,,-1.052311574978356,0.052311574978356,3.0
166500.0,1665.0,0.0,,-1.0523115540404206,0.0523115540404206,3.0
166600.0,1666.0,0.0,,-1.0523108403410504,0.0523108403410503,3.0
166700.0,1667.0,0.0,,-1.0523108310217886,0.0523108310217885,3.0
166800.0,1668.0,0.0,,-1.0523100249295405,0.0523100249295405,3.0
166900.0,1669.0,0.0,,-1.0523013725044426,0.0523013725044425,3.0
167300.0,1673.0,0.0,,-1.052300333875419,0.0523003338754191,3.0
167600.0,1676.0,0.0,,-1.0522999079344242,0.0522999079344241,3.0
167700.0,1677.0,0.0,,-1.0522997093976096,0.0522997093976096,3.0
168000.0,1680.0,0.0,,-1.0522947738329484,0.0522947738329484,3.0
168400.0,1684.0,0.0,,-1.0522946996441522,0.0522946996441522,3.0
168700.0,1687.0,0.0,,-1.052294685023832,0.0522946850238319,3.0
168900.0,1689.0,0.0,,-1.052294668877899,0.0522946688778986,3.0
169000.0,1690.0,0.0,,-1.052294641042233,0.0522946410422329,3.0
169100.0,1691.0,0.0,,-1.0522946410279728,0.0522946410279727,3.0
169200.0,1692.0,0.0,,-1.0522946092634482,0.0522946092634482,3.0
169300.0,1693.0,0.0,,-1.0522945808914344,0.0522945808914343,3.0
169700.0,1697.0,0.0,,-1.052294577363726,0.052294577363726,3.0
169800.0,1698.0,0.0,,-1.052294574009116,0.0522945740091158,3.0
169900.0,1699.0,0.0,,-1.0522945705734563,0.0522945705734565,3.0
170000.0,1700.0,0.0,,-1.0522945671677824,0.0522945671677823,3.0
170400.0,1704.0,0.0,,-1.0522945669303336,0.0522945669303336,3.0
170500.0,1705.0,0.0,,-1.0522945665458472,0.0522945665458471,3.0
170600.0,1706.0,0.0,,-1.0522945650203763,0.0522945650203765,3.0
170700.0,1707.0,0.0,,-1.0522945650126467,0.0522945650126467,3.0
170900.0,1709.0,0.0,,-1.0522945649900228,0.0522945649900228,3.0
171100.0,1711.0,0.0,,-1.0405694192971913,0.0405694192971912,3.0
171400.0,1714.0,0.0,,-1.032844577750272,0.0328445777502719,3.0
171600.0,1716.0,0.0,,-1.032470534168823,0.0324705341688229,3.0
171700.0,1717.0,0.0,,-1.029570339235235,0.0295703392352351,3.0
171800.0,1718.0,0.0,,-1.027787638081281,0.0277876380812809,3.0
171900.0,1719.0,0.0,,-1.0277404413813611,0.0277404413813611,3.0
172200.0,1722.0,0.0,,-1.0277056224160557,0.0277056224160556,3.0
172300.0,1723.0,0.0,,-1.0180066208320997,0.0180066208320996,3.0
172600.0,1726.0,0.0,,-1.0179468994017375,0.0179468994017375,3.0
172800.0,1728.0,0.0,,-1.0178816547676044,0.0178816547676043,3.0
173100.0,1731.0,0.0,,-1.0178635289858404,0.0178635289858404,3.0
173200.0,1732.0,0.0,,-1.017860761435617,0.0178607614356169,3.0
173300.0,1733.0,0.0,,-1.017857998586396,0.017857998586396,3.0
173500.0,1735.0,0.0,,-1.0177768170558803,0.0177768170558803,3.0
173600.0,1736.0,0.0,,-1.017773494090027,0.0177734940900269,3.0
173800.0,1738.0,0.0,,-1.017773025155995,0.0177730251559953,3.0
174100.0,1741.0,0.0,,-1.0177728254450469,0.0177728254450468,3.0
174200.0,1742.0,0.0,,-1.0177726790899486,0.0177726790899486,3.0
174300.0,1743.0,0.0,,-1.0177719885225844,0.0177719885225844,3.0
174400.0,1744.0,0.0,,-1.0177719441302713,0.0177719441302712,3.0
174500.0,1745.0,0.0,,-1.0177718452744189,0.0177718452744188,3.0
174600.0,1746.0,0.0,,-1.0177717714105627,0.0177717714105627,3.0
174700.0,1747.0,0.0,,-1.0177696323628498,0.0177696323628497,3.0
174800.0,1748.0,0.0,,-1.0177693161564076,0.0177693161564076,3.0
174900.0,1749.0,0.0,,-1.0177073630663278,0.0177073630663278,3.0
175200.0,1752.0,0.0,,-1.0177061782903036,0.0177061782903036,3.0
175400.0,1754.0,0.0,,-1.0176978411647195,0.0176978411647195,3.0
175500.0,1755.0,0.0,,-1.0176976317935027,0.0176976317935027,3.0
175600.0,1756.0,0.0,,-1.0176941254754608,0.0176941254754607,3.0
175800.0,1758.0,0.0,,-1.0176925981377944,0.0176925981377944,3.0
176000.0,1760.0,0.0,,-1.01769185731622,0.0176918573162199,3.0
176300.0,1763.0,0.0,,-1.0176904550188666,0.0176904550188665,3.0
176500.0,1765.0,0.0,,-1.01769004109447,0.01769004109447,3.0
176700.0,1767.0,0.0,,-1.017689580822479,0.017689580822479,3.0
177000.0,1770.0,0.0,,-1.0176884520102445,0.0176884520102444,3.0
177100.0,1771.0,0.0,,-1.017680920281677,0.017680920281677,3.0
177200.0,1772.0,0.0,,-1.017680917476158,0.0176809174761578,3.0
177400.0,1774.0,0.0,,-1.0176799898285094,0.0176799898285093,3.0
177600.0,1776.0,0.0,,-1.0176796126768557,0.0176796126768554,3.0
177700.0,1777.0,0.0,,-1.017679332115291,0.017679332115291,3.0
177800.0,1778.0,0.0,,-1.0176780888649328,0.0176780888649328,3.0
178000.0,1780.0,0.0,,-1.0176775866833014,0.0176775866833014,3.0
178200.0,1782.0,0.0,,-1.0176774166514635,0.0176774166514634,3.0
178300.0,1783.0,0.0,,-1.0176769596021904,0.0176769596021904,3.0
178500.0,1785.0,0.0,,-1.01767671715522,0.0176767171552199,3.0
178700.0,1787.0,0.0,,-1.0176765195256638,0.0176765195256638,3.0
178900.0,1789.0,0.0,,-1.0176762547333027,0.0176762547333027,3.0
179200.0,1792.0,0.0,,-1.0176760689813709,0.0176760689813708,3.0
179500.0,1795.0,0.0,,-1.0176759508955968,0.0176759508955968,3.0
179600.0,1796.0,0.0,,-1.0176753404953616,0.0176753404953615,3.0
179900.0,1799.0,0.0,,-1.0176752718750657,0.0176752718750656,3.0
180100.0,1801.0,0.0,,-1.0176642272821967,0.0176642272821967,3.0
180300.0,1803.0,0.0,,-1.0176642154004636,0.0176642154004635,3.0
180500.0,1805.0,0.0,,-1.0176626561092217,0.0176626561092216,3.0
180700.0,1807.0,0.0,,-1.0176562811265928,0.0176562811265927,3.0
180800.0,1808.0,0.0,,-1.017654905205405,0.0176549052054049,3.0
181000.0,1810.0,0.0,,-1.017638662288456,0.0176386622884558,3.0
181300.0,1813.0,0.0,,-1.0176386391529555,0.0176386391529554,3.0
181400.0,1814.0,0.0,,-1.0176323953694184,0.0176323953694184,3.0
181500.0,1815.0,0.0,,-1.0176322536278068,0.0176322536278068,3.0
181600.0,1816.0,0.0,,-1.0176318024515454,0.0176318024515453,3.0
181700.0,1817.0,0.0,,-1.0176311952417287,0.0176311952417287,3.0
181800.0,1818.0,0.0,,-1.0176307603451489,0.0176307603451486,3.0
182100.0,1821.0,0.0,,-1.0176307251729828,0.0176307251729828,3.0
182200.0,1822.0,0.0,,-1.0176303115270706,0.0176303115270706,3.0
182400.0,1824.0,0.0,,-1.017630264350281,0.017630264350281,3.0
182500.0,1825.0,0.0,,-1.017630188917837,0.0176301889178369,3.0
182600.0,1826.0,0.0,,-1.0176296434419194,0.0176296434419194,3.0
182900.0,1829.0,0.0,,-1.0176295757470286,0.0176295757470286,3.0
183100.0,1831.0,0.0,,-1.0176293122518678,0.0176293122518678,3.0
183200.0,1832.0,0.0,,-1.0176291546393694,0.0176291546393694,3.0
183900.0,1839.0,0.0,,-1.0176291279166718,0.0176291279166718,3.0
184000.0,1840.0,0.0,,-1.0176291208800128,0.0176291208800127,3.0
184200.0,1842.0,0.0,,-1.01762907470355,0.0176290747035501,3.0
184400.0,1844.0,0.0,,-1.017629051774845,0.0176290517748449,3.0
184800.0,1848.0,0.0,,-1.017629051155028,0.0176290511550278,3.0
184900.0,1849.0,0.0,,-1.017629044844136,0.017629044844136,3.0
185000.0,1850.0,0.0,,-1.0176290435285449,0.0176290435285446,3.0
185100.0,1851.0,0.0,,-1.017629043195639,0.0176290431956389,3.0
185200.0,1852.0,0.0,,-1.017629041461117,0.0176290414611171,3.0
185300.0,1853.0,0.0,,-1.0176288780022065,0.0176288780022064,3.0
185500.0,1855.0,0.0,,-1.0176288670306537,0.0176288670306536,3.0
185700.0,1857.0,0.0,,-1.0176288655441568,0.0176288655441567,3.0
185900.0,1859.0,0.0,,-1.0176288649166396,0.0176288649166396,3.0
186000.0,1860.0,0.0,,-1.017627577451803,0.0176275774518031,3.0
186400.0,1864.0,0.0,,-1.0176275712546423,0.0176275712546425,3.0
186500.0,1865.0,0.0,,-1.017627426418546,0.0176274264185458,3.0
186700.0,1867.0,0.0,,-1.0176274150640867,0.0176274150640867,3.0
186800.0,1868.0,0.0,,-1.0176262201479007,0.0176262201479007,3.0
186900.0,1869.0,0.0,,-1.0176262200465005,0.0176262200465004,3.0
187100.0,1871.0,0.0,,-1.0176262120493529,0.0176262120493528,3.0
187300.0,1873.0,0.0,,-1.0176261920327307,0.0176261920327307,3.0
187400.0,1874.0,0.0,,-1.0176261910015143,0.0176261910015145,3.0
187700.0,1877.0,0.0,,-1.0176261897212902,0.0176261897212901,3.0
188000.0,1880.0,0.0,,-1.017626187769737,0.017626187769737,3.0
188300.0,1883.0,0.0,,-1.017626185913794,0.017626185913794,3.0
188600.0,1886.0,0.0,,-1.0176261857683055,0.0176261857683055,3.0
188700.0,1887.0,0.0,,-1.0176261853147086,0.0176261853147086,3.0
188800.0,1888.0,0.0,,-1.0176261851433188,0.0176261851433188,3.0
188900.0,1889.0,0.0,,-1.0176261843207133,0.0176261843207132,3.0
189500.0,1895.0,0.0,,-1.0176261842920304,0.0176261842920304,3.0
189700.0,1897.0,0.0,,-1.0176261841304628,0.0176261841304627,3.0
190000.0,1900.0,0.0,,-1.0176261841013616,0.0176261841013616,3.0
190200.0,1902.0,0.0,,-1.017626184063033,0.0176261840630329,3.0
190400.0,1904.0,0.0,,-1.0176261840544432,0.0176261840544431,3.0
190600.0,1906.0,0.0,,-1.0176218883782142,0.0176218883782142,3.0
190700.0,1907.0,0.0,,-1.017621888323112,0.017621888323112,3.0
190900.0,1909.0,0.0,,-1.0176218882856178,0.0176218882856178,3.0
191100.0,1911.0,0.0,,-1.0176218089022688,0.0176218089022688,3.0
191200.0,1912.0,0.0,,-1.0176214289064611,0.0176214289064613,3.0
191400.0,1914.0,0.0,,-1.017620827396336,0.0176208273963358,3.0
191500.0,1915.0,0.0,,-1.017620827327352,0.0176208273273519,3.0
191700.0,1917.0,0.0,,-1.0176184355966074,0.0176184355966073,3.0
191800.0,1918.0,0.0,,-1.0176184355958868,0.0176184355958868,3.0
191900.0,1919.0,0.0,,-1.017618434556359,0.017618434556359,3.0
192000.0,1920.0,0.0,,-1.0176184006101532,0.0176184006101531,3.0
192100.0,1921.0,0.0,,-1.0176178715425022,0.0176178715425021,3.0
192200.0,1922.0,0.0,,-1.0176178589538347,0.0176178589538347,3.0
192300.0,1923.0,0.0,,-1.0176178093318275,0.0176178093318275,3.0
192500.0,1925.0,0.0,,-1.0176178021926154,0.0176178021926154,3.0
192600.0,1926.0,0.0,,-1.0176177402519109,0.0176177402519108,3.0
192700.0,1927.0,0.0,,-1.017617262245287,0.017617262245287,3.0
193100.0,1931.0,0.0,,-1.0176172549428966,0.0176172549428965,3.0
193400.0,1934.0,0.0,,-1.0176172212613226,0.0176172212613225,3.0
193500.0,1935.0,0.0,,-1.01761719359126,0.0176171935912599,3.0
193700.0,1937.0,0.0,,-1.0176171839814043,0.0176171839814045,3.0
193800.0,1938.0,0.0,,-1.0176168152430367,0.0176168152430367,3.0
193900.0,1939.0,0.0,,-1.0176167262923097,0.0176167262923097,3.0
194000.0,1940.0,0.0,,-1.0176167158023115,0.0176167158023115,3.0
194300.0,1943.0,0.0,,-1.0176158057051974,0.0176158057051973,3.0
194600.0,1946.0,0.0,,-1.0176154002167723,0.0176154002167725,3.0
194800.0,1948.0,0.0,,-1.0176143841249283,0.0176143841249283,3.0
195200.0,1952.0,0.0,,-1.017614310700661,0.0176143107006609,3.0
195500.0,1955.0,0.0,,-1.0176143088286558,0.0176143088286557,3.0
195600.0,1956.0,0.0,,-1.0176133889475227,0.0176133889475227,3.0
195700.0,1957.0,0.0,,-1.0176133766512885,0.0176133766512884,3.0
195800.0,1958.0,0.0,,-1.0176133432417074,0.0176133432417073,3.0
195900.0,1959.0,0.0,,-1.0176131797914278,0.0176131797914278,3.0
196100.0,1961.0,0.0,,-1.017612934956015,0.017612934956015,3.0
196300.0,1963.0,0.0,,-1.0176129259995208,0.0176129259995208,3.0
196400.0,1964.0,0.0,,-1.0176127533147143,0.0176127533147143,3.0
196600.0,1966.0,0.0,,-1.01761269501993,0.01761269501993,3.0
196700.0,1967.0,0.0,,-1.0176126617838293,0.0176126617838292,3.0
196800.0,1968.0,0.0,,-1.0176111688104743,0.0176111688104743,3.0
196900.0,1969.0,0.0,,-1.0176111687825589,0.0176111687825588,3.0
197100.0,1971.0,0.0,,-1.0176111397217045,0.0176111397217044,3.0
197200.0,1972.0,0.0,,-1.0176111390231686,0.0176111390231685,3.0
197300.0,1973.0,0.0,,-1.0176111373186982,0.0176111373186982,3.0
197400.0,1974.0,0.0,,-1.0176111364238394,0.0176111364238393,3.0
197700.0,1977.0,0.0,,-1.0176111361392843,0.0176111361392843,3.0
197800.0,1978.0,0.0,,-1.0176111360317948,0.0176111360317947,3.0
198000.0,1980.0,0.0,,-1.0176111360176427,0.0176111360176427,3.0
198100.0,1981.0,0.0,,-1.0176111359338131,0.0176111359338131,3.0
198300.0,1983.0,0.0,,-1.0176111352497446,0.0176111352497445,3.0
198600.0,1986.0,0.0,,-1.0176111347136385,0.0176111347136382,3.0
198900.0,1989.0,0.0,,-1.017611134675815,0.0176111346758149,3.0
199400.0,1994.0,0.0,,-1.0176111346701413,0.0176111346701413,3.0
199500.0,1995.0,0.0,,-1.0176111346536545,0.0176111346536544,3.0
199600.0,1996.0,0.0,,-1.017611134640058,0.017611134640058,3.0
200000.0,2000.0,0.0,,-1.0176111346391932,0.0176111346391931,3.0
200100.0,2001.0,0.0,,-1.0176111346379992,0.0176111346379992,3.0
200200.0,2002.0,0.0,,-1.0176111346279315,0.0176111346279315,3.0
200300.0,2003.0,0.0,,-1.0176070722601709,0.0176070722601708,3.0
200400.0,2004.0,0.0,,-1.0176070722599486,0.0176070722599486,3.0
200600.0,2006.0,0.0,,-1.0176070722555517,0.0176070722555516,3.0
200700.0,2007.0,0.0,,-1.017606826973008,0.0176068269730078,3.0
200900.0,2009.0,0.0,,-1.0176067597169678,0.0176067597169677,3.0
201000.0,2010.0,0.0,,-1.0176064320431135,0.0176064320431137,3.0
201200.0,2012.0,0.0,,-1.0176064320425997,0.0176064320425997,3.0
201300.0,2013.0,0.0,,-1.0176064253892152,0.0176064253892151,3.0
201500.0,2015.0,0.0,,-1.0176063991702191,0.0176063991702193,3.0
201700.0,2017.0,0.0,,-1.0176063877458406,0.0176063877458405,3.0
201800.0,2018.0,0.0,,-1.0176061063512774,0.0176061063512773,3.0
201900.0,2019.0,0.0,,-1.0176060820840391,0.0176060820840391,3.0
202000.0,2020.0,0.0,,-1.017566184110685,0.0175661841106848,3.0
202200.0,2022.0,0.0,,-1.0175661741988504,0.0175661741988504,3.0
202300.0,2023.0,0.0,,-1.0175661610298874,0.0175661610298873,3.0
202500.0,2025.0,0.0,,-1.0175657245220118,0.0175657245220117,3.0
202600.0,2026.0,0.0,,-1.0175657244060652,0.0175657244060651,3.0
202700.0,2027.0,0.0,,-1.0175656153332595,0.0175656153332595,3.0
202900.0,2029.0,0.0,,-1.0175656152298034,0.0175656152298033,3.0
203200.0,2032.0,0.0,,-1.0175655369241785,0.0175655369241782,3.0
203400.0,2034.0,0.0,,-1.0175654412709048,0.0175654412709047,3.0
203500.0,2035.0,0.0,,-1.0175653878624171,0.0175653878624173,3.0
203600.0,2036.0,0.0,,-1.0175653639478466,0.0175653639478465,3.0
203700.0,2037.0,0.0,,-1.0175653606680473,0.0175653606680472,3.0
203800.0,2038.0,0.0,,-1.0175641346605049,0.0175641346605048,3.0
204000.0,2040.0,0.0,,-1.0175641217504727,0.0175641217504727,3.0
204200.0,2042.0,0.0,,-1.0175637910310225,0.0175637910310224,3.0
204300.0,2043.0,0.0,,-1.01756353472728,0.01756353472728,3.0
204500.0,2045.0,0.0,,-1.0175635316449887,0.0175635316449886,3.0
204700.0,2047.0,0.0,,-1.0175615222311891,0.0175615222311893,3.0
205100.0,2051.0,0.0,,-1.0175610005281428,0.0175610005281428,3.0
205200.0,2052.0,0.0,,-1.017560942940884,0.017560942940884,3.0
205300.0,2053.0,0.0,,-1.017560915642015,0.0175609156420148,3.0
205600.0,2056.0,0.0,,-1.0175609147464777,0.0175609147464774,3.0
205800.0,2058.0,0.0,,-1.017560895378296,0.0175608953782959,3.0
206000.0,2060.0,0.0,,-1.017560886620244,0.0175608866202439,3.0
206200.0,2062.0,0.0,,-1.017560869755617,0.0175608697556173,3.0
206400.0,2064.0,0.0,,-1.0175608591244325,0.0175608591244325,3.0
206600.0,2066.0,0.0,,-1.0175608589641283,0.0175608589641285,3.0
206900.0,2069.0,0.0,,-1.0175608585838172,0.0175608585838171,3.0
207000.0,2070.0,0.0,,-1.0175608572582773,0.0175608572582772,3.0
207400.0,2074.0,0.0,,-1.017560856948437,0.0175608569484366,3.0
207600.0,2076.0,0.0,,-1.0175537820556717,0.0175537820556717,3.0
207700.0,2077.0,0.0,,-1.0175537817661666,0.0175537817661666,3.0
207800.0,2078.0,0.0,,-1.017553780980375,0.0175537809803749,3.0
208100.0,2081.0,0.0,,-1.0175537809799744,0.0175537809799743,3.0
208400.0,2084.0,0.0,,-1.0175537797418452,0.0175537797418452,3.0
208700.0,2087.0,0.0,,-1.0175537797417609,0.0175537797417608,3.0
208800.0,2088.0,0.0,,-1.0175537796096794,0.0175537796096794,3.0
209100.0,2091.0,0.0,,-1.0175537792383174,0.0175537792383173,3.0
209200.0,2092.0,0.0,,-1.017553779145049,0.017553779145049,3.0
209300.0,2093.0,0.0,,-1.017553778974741,0.017553778974741,3.0
209500.0,2095.0,0.0,,-1.0175537702790405,0.0175537702790404,3.0
210000.0,2100.0,0.0,,-1.0175537683781228,0.0175537683781228,3.0
210100.0,2101.0,0.0,,-1.0175537681315503,0.0175537681315505,3.0
210200.0,2102.0,0.0,,-1.01755376696049,0.0175537669604899,3.0
210300.0,2103.0,0.0,,-1.017553762259357,0.0175537622593566,3.0
210400.0,2104.0,0.0,,-1.0175537611289178,0.0175537611289178,3.0
210500.0,2105.0,0.0,,-1.01755376112524,0.01755376112524,3.0
210900.0,2109.0,0.0,,-1.0175537610997816,0.0175537610997815,3.0
211000.0,2110.0,0.0,,-1.017553757854692,0.017553757854692,3.0
211100.0,2111.0,0.0,,-1.017553756695425,0.0175537566954249,3.0
211200.0,2112.0,0.0,,-1.0175535805108078,0.0175535805108077,3.0
211700.0,2117.0,0.0,,-1.0175535775831694,0.0175535775831694,3.0
211800.0,2118.0,0.0,,-1.0175535747103843,0.0175535747103843,3.0
211900.0,2119.0,0.0,,-1.0175535745702442,0.0175535745702442,3.0
212000.0,2120.0,0.0,,-1.017553566793794,0.017553566793794,3.0
212100.0,2121.0,0.0,,-1.0175535659705353,0.0175535659705352,3.0
212600.0,2126.0,0.0,,-1.0175535656871733,0.0175535656871732,3.0
212800.0,2128.0,0.0,,-1.017553565659568,0.017553565659568,3.0
212900.0,2129.0,0.0,,-1.0175535655772605,0.0175535655772602,3.0
213200.0,2132.0,0.0,,-1.0175535655243464,0.0175535655243463,3.0
213300.0,2133.0,0.0,,-1.017553565521368,0.0175535655213678,3.0
213600.0,2136.0,0.0,,-1.0175535655026158,0.0175535655026157,3.0
213700.0,2137.0,0.0,,-1.0175535654960304,0.0175535654960303,3.0
214000.0,2140.0,0.0,,-1.01755356549476,0.01755356549476,3.0
214100.0,2141.0,0.0,,-1.0175535654943304,0.0175535654943304,3.0
214300.0,2143.0,0.0,,-1.017553565494033,0.017553565494033,3.0
214400.0,2144.0,0.0,,-1.0175535654909895,0.0175535654909895,3.0
214600.0,2146.0,0.0,,-1.01755356548951,0.01755356548951,3.0
214700.0,2147.0,0.0,,-1.0175535654878227,0.0175535654878227,3.0
214900.0,2149.0,0.0,,-1.0175535654876453,0.0175535654876453,3.0
215000.0,2150.0,0.0,,-1.0175535654868253,0.0175535654868252,3.0
215400.0,2154.0,0.0,,-1.017553565486766,0.017553565486766,3.0
215500.0,2155.0,0.0,,-1.0175485961834916,0.0175485961834915,3.0
215800.0,2158.0,0.0,,-1.0175485961827384,0.0175485961827384,3.0
216100.0,2161.0,0.0,,-1.0175483922829174,0.0175483922829173,3.0
216200.0,2162.0,0.0,,-1.0175482843926116,0.0175482843926115,3.0
216300.0,2163.0,0.0,,-1.0175482462377277,0.0175482462377276,3.0
216400.0,2164.0,0.0,,-1.0175481705013578,0.0175481705013578,3.0
216800.0,2168.0,0.0,,-1.0175479269707943,0.0175479269707945,3.0
216900.0,2169.0,0.0,,-1.0175479231006923,0.0175479231006923,3.0
217000.0,2170.0,0.0,,-1.0175475925022912,0.0175475925022912,3.0
217200.0,2172.0,0.0,,-1.0175473821779852,0.0175473821779852,3.0
217300.0,2173.0,0.0,,-1.0175473642360124,0.0175473642360124,3.0
217600.0,2176.0,0.0,,-1.0175473639299402,0.0175473639299401,3.0
217700.0,2177.0,0.0,,-1.0175469142299982,0.0175469142299982,3.0
217800.0,2178.0,0.0,,-1.017546914187785,0.0175469141877853,3.0
218100.0,2181.0,0.0,,-1.0175469141877682,0.0175469141877682,3.0
218200.0,2182.0,0.0,,-1.017546901476298,0.0175469014762981,3.0
218400.0,2184.0,0.0,,-1.017546895298783,0.0175468952987829,3.0
218600.0,2186.0,0.0,,-1.0175468868316633,0.0175468868316632,3.0
218700.0,2187.0,0.0,,-1.0175468820990476,0.0175468820990476,3.0
218800.0,2188.0,0.0,,-1.0175468058862744,0.0175468058862744,3.0
219000.0,2190.0,0.0,,-1.017546784404924,0.0175467844049239,3.0
219200.0,2192.0,0.0,,-1.0175467782565897,0.0175467782565896,3.0
219500.0,2195.0,0.0,,-1.0175467440284531,0.0175467440284531,3.0
219600.0,2196.0,0.0,,-1.0175467321381848,0.0175467321381848,3.0
219700.0,2197.0,0.0,,-1.0175466932184647,0.0175466932184646,3.0
220600.0,2206.0,0.0,,-1.017546693021832,0.0175466930218319,3.0
220700.0,2207.0,0.0,,-1.0175466929097745,0.0175466929097742,3.0
221000.0,2210.0,0.0,,-1.0175466928658603,0.0175466928658603,3.0
221100.0,2211.0,0.0,,-1.017546692418618,0.017546692418618,3.0
221300.0,2213.0,0.0,,-1.0175466922651837,0.0175466922651836,3.0
221400.0,2214.0,0.0,,-1.0175466922351462,0.0175466922351461,3.0
221600.0,2216.0,0.0,,-1.0175466922343577,0.0175466922343574,3.0
221700.0,2217.0,0.0,,-1.0175466915271314,0.0175466915271313,3.0
222100.0,2221.0,0.0,,-1.017546691524707,0.0175466915247066,3.0
222300.0,2223.0,0.0,,-1.0175466914580342,0.0175466914580342,3.0
222400.0,2224.0,0.0,,-1.0175466914295832,0.0175466914295832,3.0
222500.0,2225.0,0.0,,-1.017546691429539,0.017546691429539,3.0
222700.0,2227.0,0.0,,-1.0175466914267564,0.0175466914267563,3.0
222800.0,2228.0,0.0,,-1.0175466914216114,0.0175466914216113,3.0
222900.0,2229.0,0.0,,-1.0175466914040994,0.0175466914040993,3.0
223100.0,2231.0,0.0,,-1.0175466914035562,0.0175466914035562,3.0
223200.0,2232.0,0.0,,-1.0175466913739255,0.0175466913739255,3.0
223400.0,2234.0,0.0,,-1.0175466913738926,0.0175466913738926,3.0
223500.0,2235.0,0.0,,-1.0175465473982812,0.0175465473982812,3.0
223600.0,2236.0,0.0,,-1.0175465469576108,0.0175465469576108,3.0
223700.0,2237.0,0.0,,-1.017546546954596,0.0175465469545959,3.0
223800.0,2238.0,0.0,,-1.0175465468171383,0.0175465468171382,3.0
224000.0,2240.0,0.0,,-1.017546546557405,0.0175465465574049,3.0
224100.0,2241.0,0.0,,-1.0175465404171218,0.0175465404171217,3.0
224200.0,2242.0,0.0,,-1.0175465308412284,0.0175465308412283,3.0
224300.0,2243.0,0.0,,-1.0175465308412142,0.0175465308412141,3.0
224400.0,2244.0,0.0,,-1.0175465308410776,0.0175465308410776,3.0
224500.0,2245.0,0.0,,-1.0175465305492437,0.0175465305492434,3.0
224600.0,2246.0,0.0,,-1.0175465303810902,0.0175465303810902,3.0
224700.0,2247.0,0.0,,-1.0175465299367272,0.0175465299367272,3.0
225000.0,2250.0,0.0,,-1.017546529936714,0.0175465299367139,3.0
225100.0,2251.0,0.0,,-1.0175465299365325,0.0175465299365322,3.0
225300.0,2253.0,0.0,,-1.0175465299086837,0.0175465299086836,3.0
225500.0,2255.0,0.0,,-1.0175461634288971,0.0175461634288971,3.0
225900.0,2259.0,0.0,,-1.0175461632051048,0.0175461632051048,3.0
226000.0,2260.0,0.0,,-1.0175461631829965,0.0175461631829962,3.0
226100.0,2261.0,0.0,,-1.0175461631818798,0.0175461631818798,3.0
226200.0,2262.0,0.0,,-1.0175461568998958,0.0175461568998958,3.0
226300.0,2263.0,0.0,,-1.0175461562871866,0.0175461562871865,3.0
226500.0,2265.0,0.0,,-1.017546156285685,0.0175461562856846,3.0
226800.0,2268.0,0.0,,-1.017546156225494,0.0175461562254939,3.0
227000.0,2270.0,0.0,,-1.017546156162838,0.017546156162838,3.0
227200.0,2272.0,0.0,,-1.0175450307169625,0.0175450307169624,3.0
227400.0,2274.0,0.0,,-1.017545002177596,0.017545002177596,3.0
227700.0,2277.0,0.0,,-1.017545002176764,0.017545002176764,3.0
227800.0,2278.0,0.0,,-1.017544989241879,0.017544989241879,3.0
227900.0,2279.0,0.0,,-1.0175449696065242,0.0175449696065241,3.0
228200.0,2282.0,0.0,,-1.017544969606055,0.017544969606055,3.0
228300.0,2283.0,0.0,,-1.0175449695336714,0.0175449695336713,3.0
228400.0,2284.0,0.0,,-1.0175449688967202,0.0175449688967201,3.0
228500.0,2285.0,0.0,,-1.0175449685426137,0.0175449685426136,3.0
228600.0,2286.0,0.0,,-1.0175449680584063,0.0175449680584063,3.0
228700.0,2287.0,0.0,,-1.017544968058402,0.0175449680584021,3.0
228800.0,2288.0,0.0,,-1.0175449680536182,0.0175449680536181,3.0
229000.0,2290.0,0.0,,-1.0175449679601174,0.0175449679601173,3.0
229100.0,2291.0,0.0,,-1.0175449675829205,0.0175449675829204,3.0
229400.0,2294.0,0.0,,-1.0175449675829074,0.0175449675829073,3.0
229600.0,2296.0,0.0,,-1.017544967497742,0.0175449674977419,3.0
229800.0,2298.0,0.0,,-1.0175449674559334,0.0175449674559333,3.0
230100.0,2301.0,0.0,,-1.0175449674516754,0.0175449674516754,3.0
230200.0,2302.0,0.0,,-1.0175449674452013,0.0175449674452012,3.0
230300.0,2303.0,0.0,,-1.01754496744415,0.0175449674441501,3.0
230400.0,2304.0,0.0,,-1.0175449674206445,0.0175449674206442,3.0
230500.0,2305.0,0.0,,-1.0175449674196095,0.0175449674196095,3.0
230600.0,2306.0,0.0,,-1.0175449673984944,0.0175449673984944,3.0
230700.0,2307.0,0.0,,-1.0175449673834536,0.0175449673834535,3.0
230900.0,2309.0,0.0,,-1.0175449673663943,0.0175449673663943,3.0
231000.0,2310.0,0.0,,-1.0175449673609411,0.0175449673609411,3.0
231100.0,2311.0,0.0,,-1.0175449673586012,0.0175449673586012,3.0
231200.0,2312.0,0.0,,-1.0175449673564352,0.0175449673564351,3.0
231400.0,2314.0,0.0,,-1.0175449673559251,0.0175449673559251,3.0
231500.0,2315.0,0.0,,-1.0175449673559245,0.0175449673559244,3.0
231700.0,2317.0,0.0,,-1.0175449673557655,0.0175449673557654,3.0
232000.0,2320.0,0.0,,-1.017544967354843,0.0175449673548429,3.0
232100.0,2321.0,0.0,,-1.0175449673547234,0.0175449673547234,3.0
232400.0,2324.0,0.0,,-1.0175449673546837,0.0175449673546834,3.0
232500.0,2325.0,0.0,,-1.0175449673545969,0.0175449673545966,3.0
232600.0,2326.0,0.0,,-1.0175449673545962,0.0175449673545962,3.0
232700.0,2327.0,0.0,,-1.0175449673544177,0.0175449673544176,3.0
233000.0,2330.0,0.0,,-1.017544967354362,0.0175449673543619,3.0
233100.0,2331.0,0.0,,-1.0175449673543304,0.0175449673543304,3.0
233200.0,2332.0,0.0,,-1.0175449673543109,0.0175449673543108,3.0
233400.0,2334.0,0.0,,-1.017544967354309,0.0175449673543091,3.0
233500.0,2335.0,0.0,,-1.0175449673542971,0.0175449673542971,3.0
233600.0,2336.0,0.0,,-1.0175449673542902,0.0175449673542902,3.0
233700.0,2337.0,0.0,,-1.01754496735429,0.01754496735429,3.0
233800.0,2338.0,0.0,,-1.0175449673542896,0.0175449673542895,3.0
233900.0,2339.0,0.0,,-1.0175449673542856,0.0175449673542855,3.0
234100.0,2341.0,0.0,,-1.017544967354283,0.0175449673542826,3.0
234200.0,2342.0,0.0,,-1.0175449673542805,0.0175449673542804,3.0
234300.0,2343.0,0.0,,-1.0175449673542714,0.0175449673542713,3.0
234800.0,2348.0,0.0,,-1.017544967354271,0.0175449673542709,3.0
234900.0,2349.0,0.0,,-1.0175449673542707,0.0175449673542706,3.0
235100.0,2351.0,0.0,,-1.0175449673542702,0.0175449673542702,3.0
235200.0,2352.0,0.0,,-1.0175449542987325,0.0175449542987324,3.0
235300.0,2353.0,0.0,,-1.0175449540520582,0.0175449540520582,3.0
235500.0,2355.0,0.0,,-1.017544953774676,0.0175449537746761,3.0
235600.0,2356.0,0.0,,-1.0175449532736485,0.0175449532736484,3.0
235700.0,2357.0,0.0,,-1.0175446762725953,0.0175446762725952,3.0
235900.0,2359.0,0.0,,-1.0175446674224944,0.0175446674224943,3.0
236600.0,2366.0,0.0,,-1.0175446639659471,0.0175446639659473,3.0
236900.0,2369.0,0.0,,-1.0175446361462417,0.0175446361462416,3.0
237000.0,2370.0,0.0,,-1.0175445980051696,0.0175445980051696,3.0
237400.0,2374.0,0.0,,-1.0175445906185447,0.0175445906185447,3.0
237500.0,2375.0,0.0,,-1.0175445580330735,0.0175445580330735,3.0
237600.0,2376.0,0.0,,-1.01754454288972,0.01754454288972,3.0
238000.0,2380.0,0.0,,-1.017544164641907,0.017544164641907,3.0
238600.0,2386.0,0.0,,-1.01754410001112,0.01754410001112,3.0
238800.0,2388.0,0.0,,-1.0175440871080408,0.0175440871080407,3.0
238900.0,2389.0,0.0,,-1.0175440824005768,0.0175440824005768,3.0
239100.0,2391.0,0.0,,-1.0175440751171272,0.0175440751171271,3.0
239300.0,2393.0,0.0,,-1.0175440713072157,0.0175440713072154,3.0
239600.0,2396.0,0.0,,-1.0175440712949826,0.0175440712949825,3.0
239800.0,2398.0,0.0,,-1.0175440711826689,0.0175440711826686,3.0
240100.0,2401.0,0.0,,-1.017544071068844,0.0175440710688441,3.0
241000.0,2410.0,0.0,,-1.017543964467627,0.0175439644676269,3.0
241300.0,2413.0,0.0,,-1.0175439481567408,0.0175439481567407,3.0
241400.0,2414.0,0.0,,-1.017543940591215,0.017543940591215,3.0
241500.0,2415.0,0.0,,-1.0175439079304018,0.0175439079304018,3.0
241600.0,2416.0,0.0,,-1.0175438262793723,0.0175438262793723,3.0
241700.0,2417.0,0.0,,-1.0175437307870066,0.0175437307870065,3.0
242200.0,2422.0,0.0,,-1.0175437260613838,0.0175437260613837,3.0
242400.0,2424.0,0.0,,-1.0175437229679525,0.0175437229679522,3.0
242500.0,2425.0,0.0,,-1.017543716792823,0.0175437167928229,3.0
242600.0,2426.0,0.0,,-1.017543694017211,0.0175436940172108,3.0
242800.0,2428.0,0.0,,-1.0175436938903952,0.0175436938903952,3.0
242900.0,2429.0,0.0,,-1.0175436916863418,0.0175436916863418,3.0
243100.0,2431.0,0.0,,-1.017543684430479,0.017543684430479,3.0
243200.0,2432.0,0.0,,-1.0175436559757918,0.0175436559757917,3.0
243400.0,2434.0,0.0,,-1.0175436551348531,0.0175436551348533,3.0
243600.0,2436.0,0.0,,-1.0175436538533915,0.0175436538533915,3.0
243700.0,2437.0,0.0,,-1.0175436403445517,0.0175436403445514,3.0
243800.0,2438.0,0.0,,-1.0175435314243209,0.0175435314243208,3.0
244500.0,2445.0,0.0,,-1.0175435312541776,0.0175435312541776,3.0
244700.0,2447.0,0.0,,-1.0175435312481096,0.0175435312481095,3.0
244900.0,2449.0,0.0,,-1.017543531175768,0.0175435311757681,3.0
245200.0,2452.0,0.0,,-1.0175435310547911,0.0175435310547911,3.0
246100.0,2461.0,0.0,,-1.0175435310507854,0.0175435310507854,3.0
246200.0,2462.0,0.0,,-1.0175435310423668,0.0175435310423668,3.0
246500.0,2465.0,0.0,,-1.0175435310404883,0.0175435310404883,3.0
246800.0,2468.0,0.0,,-1.0175435310399283,0.0175435310399283,3.0
247200.0,2472.0,0.0,,-1.0175435310393908,0.0175435310393907,3.0
247500.0,2475.0,0.0,,-1.017543531039341,0.017543531039341,3.0
247700.0,2477.0,0.0,,-1.0175435310392236,0.0175435310392235,3.0
247900.0,2479.0,0.0,,-1.0175435310391212,0.0175435310391212,3.0
248200.0,2482.0,0.0,,-1.0175435310390628,0.0175435310390628,3.0
248600.0,2486.0,0.0,,-1.01754353103906,0.0175435310390599,3.0
248700.0,2487.0,0.0,,-1.0175435310390597,0.0175435310390594,3.0
248900.0,2489.0,0.0,,-1.0175435310390593,0.0175435310390592,3.0
249000.0,2490.0,0.0,,-1.0175435310390548,0.0175435310390548,3.0
249100.0,2491.0,0.0,,-1.0175435310390546,0.0175435310390545,3.0
249200.0,2492.0,0.0,,-1.0175435310390524,0.0175435310390523,3.0
249600.0,2496.0,0.0,,-1.0175435310390517,0.0175435310390514,3.0
249700.0,2497.0,0.0,,-1.0175435310390486,0.0175435310390486,3.0
249800.0,2498.0,0.0,,-1.0175435310390435,0.0175435310390437,3.0
249900.0,2499.0,0.0,,-1.0175435310390435,0.0175435310390434,3.0
250100.0,2501.0,0.0,,-1.0175435310390428,0.0175435310390428,3.0
250200.0,2502.0,0.0,,-1.0175435310390426,0.0175435310390426,3.0
250500.0,2505.0,0.0,,-1.017543428799506,0.0175434287995059,3.0
250700.0,2507.0,0.0,,-1.0175434287995058,0.0175434287995057,3.0
251000.0,2510.0,0.0,,-1.0175434219934876,0.0175434219934875,3.0
251400.0,2514.0,0.0,,-1.0175434218934083,0.0175434218934082,3.0
252000.0,2520.0,0.0,,-1.017543421692883,0.0175434216928829,3.0
252100.0,2521.0,0.0,,-1.0175434216928827,0.0175434216928827,3.0
252200.0,2522.0,0.0,,-1.0175433681009167,0.0175433681009167,3.0
252600.0,2526.0,0.0,,-1.0175433680980803,0.0175433680980805,3.0
252800.0,2528.0,0.0,,-1.0175433677657528,0.0175433677657528,3.0
252900.0,2529.0,0.0,,-1.0175433677651735,0.0175433677651735,3.0
253000.0,2530.0,0.0,,-1.0175433673568963,0.0175433673568965,3.0
253100.0,2531.0,0.0,,-1.0175433658273625,0.0175433658273622,3.0
253200.0,2532.0,0.0,,-1.0175433654488588,0.0175433654488588,3.0
253500.0,2535.0,0.0,,-1.017543365417079,0.0175433654170789,3.0
254100.0,2541.0,0.0,,-1.017543365409293,0.0175433654092926,3.0
254200.0,2542.0,0.0,,-1.0175433653936914,0.0175433653936913,3.0
254400.0,2544.0,0.0,,-1.0175433653838846,0.0175433653838845,3.0
254600.0,2546.0,0.0,,-1.0175433653837664,0.0175433653837664,3.0
255000.0,2550.0,0.0,,-1.0175433653836337,0.0175433653836336,3.0
255100.0,2551.0,0.0,,-1.017543365381691,0.0175433653816909,3.0
255400.0,2554.0,0.0,,-1.0175433653816393,0.0175433653816392,3.0
255700.0,2557.0,0.0,,-1.0175433653816297,0.0175433653816294,3.0
255800.0,2558.0,0.0,,-1.0175433653816075,0.0175433653816077,3.0
256000.0,2560.0,0.0,,-1.0175433653816055,0.0175433653816057,3.0
256100.0,2561.0,0.0,,-1.017537786511739,0.0175377865117389,3.0
256200.0,2562.0,0.0,,-1.0175377865116355,0.0175377865116357,3.0
256400.0,2564.0,0.0,,-1.0175377486674546,0.0175377486674546,3.0
256600.0,2566.0,0.0,,-1.0175376726989738,0.0175376726989737,3.0
256700.0,2567.0,0.0,,-1.0175376726434964,0.0175376726434963,3.0
256800.0,2568.0,0.0,,-1.0175376710639417,0.0175376710639416,3.0
257100.0,2571.0,0.0,,-1.017537670637612,0.017537670637612,3.0
257300.0,2573.0,0.0,,-1.0175376668021423,0.0175376668021423,3.0
257400.0,2574.0,0.0,,-1.0175376076442406,0.0175376076442406,3.0
257500.0,2575.0,0.0,,-1.0175374651221984,0.0175374651221984,3.0
257600.0,2576.0,0.0,,-1.0175374636398675,0.0175374636398677,3.0
257700.0,2577.0,0.0,,-1.017537463106521,0.017537463106521,3.0
258200.0,2582.0,0.0,,-1.0175373950922169,0.0175373950922168,3.0
258400.0,2584.0,0.0,,-1.017537386669268,0.0175373866692678,3.0
258500.0,2585.0,0.0,,-1.0175373853702976,0.0175373853702975,3.0
258600.0,2586.0,0.0,,-1.0175372405226075,0.0175372405226075,3.0
258800.0,2588.0,0.0,,-1.0175372374366558,0.0175372374366558,3.0
259000.0,2590.0,0.0,,-1.01753723512046,0.0175372351204599,3.0
259100.0,2591.0,0.0,,-1.0175372278123478,0.0175372278123477,3.0
259200.0,2592.0,0.0,,-1.0175372004844414,0.0175372004844414,3.0
260000.0,2600.0,0.0,,-1.0175371996241307,0.0175371996241306,3.0
260200.0,2602.0,0.0,,-1.0175371954986354,0.0175371954986354,3.0
260300.0,2603.0,0.0,,-1.0175371756428786,0.0175371756428786,3.0
260500.0,2605.0,0.0,,-1.0175371476885262,0.0175371476885262,3.0
260700.0,2607.0,0.0,,-1.0175371467860006,0.0175371467860006,3.0
260800.0,2608.0,0.0,,-1.017537135615196,0.0175371356151958,3.0
260900.0,2609.0,0.0,,-1.0175371355692893,0.0175371355692892,3.0
261000.0,2610.0,0.0,,-1.0175371269508358,0.0175371269508357,3.0
261400.0,2614.0,0.0,,-1.0175371230561174,0.0175371230561174,3.0
261800.0,2618.0,0.0,,-1.0175370727470725,0.0175370727470722,3.0
261900.0,2619.0,0.0,,-1.0175370727469488,0.0175370727469488,3.0
262400.0,2624.0,0.0,,-1.0175370688150815,0.0175370688150815,3.0
262600.0,2626.0,0.0,,-1.0175370686570615,0.0175370686570617,3.0
262700.0,2627.0,0.0,,-1.0175370686541116,0.0175370686541116,3.0
262800.0,2628.0,0.0,,-1.0175370683707874,0.0175370683707873,3.0
263300.0,2633.0,0.0,,-1.0175370683491438,0.0175370683491438,3.0
263400.0,2634.0,0.0,,-1.0175370682050804,0.0175370682050803,3.0
263700.0,2637.0,0.0,,-1.017537068076277,0.0175370680762769,3.0
263900.0,2639.0,0.0,,-1.017537067988162,0.0175370679881621,3.0
264000.0,2640.0,0.0,,-1.0175370679728504,0.0175370679728503,3.0
264100.0,2641.0,0.0,,-1.017537067972348,0.0175370679723478,3.0
264200.0,2642.0,0.0,,-1.0175370679653504,0.0175370679653503,3.0
264300.0,2643.0,0.0,,-1.0175370679636144,0.0175370679636144,3.0
264400.0,2644.0,0.0,,-1.017537067948129,0.017537067948129,3.0
264600.0,2646.0,0.0,,-1.0175370679466802,0.0175370679466801,3.0
264800.0,2648.0,0.0,,-1.017537067941869,0.0175370679418689,3.0
265000.0,2650.0,0.0,,-1.0175370679409692,0.0175370679409692,3.0
265100.0,2651.0,0.0,,-1.0175370679347076,0.0175370679347075,3.0
265200.0,2652.0,0.0,,-1.017537067934433,0.0175370679344333,3.0
265400.0,2654.0,0.0,,-1.0175370679343223,0.0175370679343225,3.0
265500.0,2655.0,0.0,,-1.017537067927874,0.0175370679278741,3.0
265600.0,2656.0,0.0,,-1.017537067927775,0.017537067927775,3.0
265800.0,2658.0,0.0,,-1.017537067927165,0.0175370679271649,3.0
265900.0,2659.0,0.0,,-1.0175370679264375,0.0175370679264375,3.0
266000.0,2660.0,0.0,,-1.0175370679225246,0.0175370679225246,3.0
266500.0,2665.0,0.0,,-1.017537067922481,0.0175370679224811,3.0
266700.0,2667.0,0.0,,-1.0175370679219558,0.0175370679219557,3.0
267100.0,2671.0,0.0,,-1.017537067921711,0.017537067921711,3.0
267200.0,2672.0,0.0,,-1.0175370679216516,0.0175370679216515,3.0
267300.0,2673.0,0.0,,-1.017537067921464,0.0175370679214639,3.0
267400.0,2674.0,0.0,,-1.0175370679212803,0.0175370679212805,3.0
267500.0,2675.0,0.0,,-1.0175370679212503,0.0175370679212505,3.0
267900.0,2679.0,0.0,,-1.0175370679212066,0.0175370679212065,3.0
268000.0,2680.0,0.0,,-1.0175370679210782,0.0175370679210782,3.0
268200.0,2682.0,0.0,,-1.0175370679210776,0.0175370679210775,3.0
268300.0,2683.0,0.0,,-1.0175370679210554,0.0175370679210553,3.0
268400.0,2684.0,0.0,,-1.0175370679210545,0.0175370679210542,3.0
268500.0,2685.0,0.0,,-1.0175370679209876,0.0175370679209876,3.0
268900.0,2689.0,0.0,,-1.0175370679209748,0.0175370679209747,3.0
269300.0,2693.0,0.0,,-1.0175370679209732,0.0175370679209732,3.0
269400.0,2694.0,0.0,,-1.0175370679209716,0.0175370679209716,3.0
269500.0,2695.0,0.0,,-1.01753706792097,0.01753706792097,3.0
269600.0,2696.0,0.0,,-1.0175370679209654,0.0175370679209654,3.0
269900.0,2699.0,0.0,,-1.0175370679209634,0.0175370679209634,3.0
270100.0,2701.0,0.0,,-1.0175370679209623,0.0175370679209625,3.0
270300.0,2703.0,0.0,,-1.017537067920961,0.0175370679209609,3.0
270400.0,2704.0,0.0,,-1.0175370679209608,0.0175370679209607,3.0
270900.0,2709.0,0.0,,-1.0175370679209603,0.0175370679209605,3.0
271000.0,2710.0,0.0,,-1.0175370679209603,0.0175370679209603,3.0
271100.0,2711.0,0.0,,-1.01753706792096,0.0175370679209598,3.0
271500.0,2715.0,0.0,,-1.0175370679209597,0.0175370679209596,3.0
271600.0,2716.0,0.0,,-1.0175370679209594,0.0175370679209594,3.0
272200.0,2722.0,0.0,,-1.0175370679209592,0.0175370679209592,3.0
272900.0,2729.0,0.0,,-1.017536695039176,0.0175366950391759,3.0
273000.0,2730.0,0.0,,-1.017536692184107,0.0175366921841069,3.0
273500.0,2735.0,0.0,,-1.0175366906655356,0.0175366906655356,3.0
273700.0,2737.0,0.0,,-1.0175366892690485,0.0175366892690485,3.0
274200.0,2742.0,0.0,,-1.0175366892646882,0.0175366892646882,3.0
274300.0,2743.0,0.0,,-1.01753668914204,0.01753668914204,3.0
274700.0,2747.0,0.0,,-1.017536689092229,0.017536689092229,3.0
275000.0,2750.0,0.0,,-1.0175366890891644,0.0175366890891643,3.0
275700.0,2757.0,0.0,,-1.0175366890891635,0.0175366890891635,3.0
275800.0,2758.0,0.0,,-1.0175366890891622,0.0175366890891621,3.0
276000.0,2760.0,0.0,,-1.0175366890889896,0.0175366890889896,3.0
276200.0,2762.0,0.0,,-1.01753668908898,0.0175366890889798,3.0
276400.0,2764.0,0.0,,-1.01753668908897,0.0175366890889698,3.0
276700.0,2767.0,0.0,,-1.017536689088968,0.0175366890889681,3.0
277000.0,2770.0,0.0,,-1.017536689088968,0.0175366890889678,3.0
277100.0,2771.0,0.0,,-1.0175366890889672,0.0175366890889672,3.0
285700.0,2857.0,0.0,,-1.017536678116833,0.0175366781168329,3.0
286100.0,2861.0,0.0,,-1.017536664066981,0.0175366640669809,3.0
286300.0,2863.0,0.0,,-1.017536652686967,0.0175366526869669,3.0
286400.0,2864.0,0.0,,-1.0175366525699727,0.0175366525699727,3.0
286800.0,2868.0,0.0,,-1.017536649791786,0.0175366497917859,3.0
287300.0,2873.0,0.0,,-1.0175366497263716,0.0175366497263715,3.0
287400.0,2874.0,0.0,,-1.0175366495354137,0.0175366495354134,3.0
287500.0,2875.0,0.0,,-1.0175366495262193,0.0175366495262192,3.0
287600.0,2876.0,0.0,,-1.0175366492222837,0.0175366492222837,3.0
288200.0,2882.0,0.0,,-1.0175366492212976,0.0175366492212976,3.0
288300.0,2883.0,0.0,,-1.0175366492160562,0.0175366492160562,3.0
288400.0,2884.0,0.0,,-1.0175366490971716,0.0175366490971715,3.0
288500.0,2885.0,0.0,,-1.0175366490888025,0.0175366490888022,3.0
288600.0,2886.0,0.0,,-1.0175366490805742,0.0175366490805741,3.0
288700.0,2887.0,0.0,,-1.0175366490690978,0.0175366490690978,3.0
288900.0,2889.0,0.0,,-1.0175366490663815,0.0175366490663815,3.0
289100.0,2891.0,0.0,,-1.0175366490490094,0.0175366490490094,3.0
289300.0,2893.0,0.0,,-1.0175366490487026,0.0175366490487025,3.0
289500.0,2895.0,0.0,,-1.0175366490482112,0.0175366490482111,3.0
289600.0,2896.0,0.0,,-1.017536649045863,0.017536649045863,3.0
289800.0,2898.0,0.0,,-1.0175366490451967,0.0175366490451966,3.0
290400.0,2904.0,0.0,,-1.0175366490448017,0.0175366490448016,3.0
290600.0,2906.0,0.0,,-1.0175366490447817,0.0175366490447814,3.0
290700.0,2907.0,0.0,,-1.0175366490447484,0.0175366490447483,3.0
291100.0,2911.0,0.0,,-1.0175360433794909,0.0175360433794906,3.0
291700.0,2917.0,0.0,,-1.0175360177730564,0.0175360177730563,3.0
291900.0,2919.0,0.0,,-1.0175359897937195,0.0175359897937197,3.0
292000.0,2920.0,0.0,,-1.0175359897936609,0.0175359897936608,3.0
292200.0,2922.0,0.0,,-1.0175359893620577,0.0175359893620576,3.0
292400.0,2924.0,0.0,,-1.017535988546295,0.0175359885462946,3.0
292500.0,2925.0,0.0,,-1.017535986758086,0.0175359867580859,3.0
292700.0,2927.0,0.0,,-1.017535986758062,0.017535986758062,3.0
293000.0,2930.0,0.0,,-1.0175359867352636,0.0175359867352635,3.0
293300.0,2933.0,0.0,,-1.0175359867352574,0.0175359867352573,3.0
293600.0,2936.0,0.0,,-1.0175359867246483,0.0175359867246485,3.0
293700.0,2937.0,0.0,,-1.0175359867246456,0.0175359867246456,3.0
294000.0,2940.0,0.0,,-1.01753598672435,0.01753598672435,3.0
294100.0,2941.0,0.0,,-1.0175359867240965,0.0175359867240965,3.0
294200.0,2942.0,0.0,,-1.0175359867235836,0.0175359867235835,3.0
294300.0,2943.0,0.0,,-1.0175359867235432,0.0175359867235431,3.0
294700.0,2947.0,0.0,,-1.0175359867235407,0.0175359867235407,3.0
294800.0,2948.0,0.0,,-1.0175359867235194,0.0175359867235194,3.0
295000.0,2950.0,0.0,,-1.0175359867235167,0.0175359867235167,3.0
295300.0,2953.0,0.0,,-1.0175359867235152,0.0175359867235151,3.0
295900.0,2959.0,0.0,,-1.0175359867235143,0.0175359867235143,3.0
296700.0,2967.0,0.0,,-1.017535986723514,0.017535986723514,3.0
100.0,1.0,0.0,,-1.8601748664635969,0.8601748664635969,4.0
300.0,3.0,0.0,,-1.817928343235612,0.8179283432356121,4.0
400.0,4.0,0.0,,-1.7824820474728935,0.7824820474728937,4.0
500.0,5.0,0.0,,-1.7760365062080328,0.7760365062080328,4.0
600.0,6.0,0.0,,-1.7397626539823203,0.7397626539823203,4.0
800.0,8.0,0.0,,-1.6999959425629512,0.6999959425629512,4.0
900.0,9.0,0.0,,-1.6987497063014487,0.6987497063014487,4.0
1000.0,10.0,0.0,,-1.6885321255031225,0.6885321255031225,4.0
1100.0,11.0,0.0,,-1.627457610092372,0.6274576100923719,4.0
1200.0,12.0,0.0,,-1.6030388777813798,0.6030388777813798,4.0
1300.0,13.0,0.0,,-1.5876744561910812,0.5876744561910812,4.0
1400.0,14.0,0.0,,-1.5548157213956508,0.5548157213956508,4.0
1500.0,15.0,0.0,,-1.541557203030407,0.541557203030407,4.0
1600.0,16.0,0.0,,-1.490510208795249,0.4905102087952493,4.0
1800.0,18.0,0.0,,-1.485167766270114,0.4851677662701139,4.0
1900.0,19.0,0.0,,-1.4812433589010503,0.4812433589010505,4.0
2000.0,20.0,0.0,,-1.4410899841049332,0.4410899841049331,4.0
2100.0,21.0,0.0,,-1.427202045661228,0.427202045661228,4.0
2200.0,22.0,0.0,,-1.413232038891416,0.4132320388914161,4.0
2300.0,23.0,0.0,,-1.4045549618001734,0.4045549618001733,4.0
2400.0,24.0,0.0,,-1.403311925444706,0.4033119254447059,4.0
2500.0,25.0,0.0,,-1.3941910148216965,0.3941910148216963,4.0
2600.0,26.0,0.0,,-1.391563238544398,0.3915632385443981,4.0
2700.0,27.0,0.0,,-1.3878564174967307,0.3878564174967307,4.0
2800.0,28.0,0.0,,-1.3740463270758307,0.3740463270758307,4.0
2900.0,29.0,0.0,,-1.3735448042294571,0.3735448042294571,4.0
3000.0,30.0,0.0,,-1.35234713061316,0.35234713061316,4.0
3100.0,31.0,0.0,,-1.345125474975097,0.3451254749750969,4.0
3200.0,32.0,0.0,,-1.3407009207922174,0.3407009207922173,4.0
3300.0,33.0,0.0,,-1.3301142805352328,0.3301142805352328,4.0
3400.0,34.0,0.0,,-1.3281401029497562,0.3281401029497561,4.0
3600.0,36.0,0.0,,-1.3198810063618391,0.3198810063618391,4.0
3700.0,37.0,0.0,,-1.3068155663642158,0.3068155663642158,4.0
3800.0,38.0,0.0,,-1.306815566364211,0.3068155663642109,4.0
4000.0,40.0,0.0,,-1.285505150040147,0.2855051500401471,4.0
4300.0,43.0,0.0,,-1.2789336667014068,0.2789336667014068,4.0
4500.0,45.0,0.0,,-1.270757720826428,0.270757720826428,4.0
4900.0,49.0,0.0,,-1.257170077986408,0.2571700779864079,4.0
5100.0,51.0,0.0,,-1.2512424868839762,0.2512424868839762,4.0
5300.0,53.0,0.0,,-1.2450979860073248,0.2450979860073248,4.0
5400.0,54.0,0.0,,-1.2440214345995084,0.2440214345995084,4.0
5500.0,55.0,0.0,,-1.241253628070709,0.2412536280707089,4.0
5600.0,56.0,0.0,,-1.2406164679963885,0.2406164679963882,4.0
6000.0,60.0,0.0,,-1.2392059109003746,0.2392059109003745,4.0
6200.0,62.0,0.0,,-1.239129945935392,0.2391299459353919,4.0
6600.0,66.0,0.0,,-1.239085910243267,0.2390859102432669,4.0
6900.0,69.0,0.0,,-1.2385107864245095,0.2385107864245097,4.0
7300.0,73.0,0.0,,-1.2381996842714795,0.2381996842714795,4.0
7500.0,75.0,0.0,,-1.23818786516988,0.2381878651698801,4.0
8100.0,81.0,0.0,,-1.2381840482832924,0.2381840482832924,4.0
8200.0,82.0,0.0,,-1.2381800860246075,0.2381800860246077,4.0
8700.0,87.0,0.0,,-1.2381800243623775,0.2381800243623777,4.0
8800.0,88.0,0.0,,-1.2381800039178366,0.2381800039178365,4.0
8900.0,89.0,0.0,,-1.2381799997714482,0.2381799997714482,4.0
9100.0,91.0,0.0,,-1.2381799969661615,0.2381799969661615,4.0
9900.0,99.0,0.0,,-1.2381799968999476,0.2381799968999476,4.0
10800.0,108.0,0.0,,-1.2381799968528504,0.2381799968528504,4.0
11000.0,110.0,0.0,,-1.2381454212139071,0.2381454212139071,4.0
11100.0,111.0,0.0,,-1.2381220015548182,0.2381220015548182,4.0
11400.0,114.0,0.0,,-1.238121963358822,0.238121963358822,4.0
11700.0,117.0,0.0,,-1.238121922601262,0.238121922601262,4.0
11900.0,119.0,0.0,,-1.2364451072177984,0.2364451072177984,4.0
12200.0,122.0,0.0,,-1.2361914604940274,0.2361914604940274,4.0
12300.0,123.0,0.0,,-1.2265464800577734,0.2265464800577734,4.0
12600.0,126.0,0.0,,-1.214510240220524,0.2145102402205239,4.0
12800.0,128.0,0.0,,-1.213541274174576,0.2135412741745759,4.0
13000.0,130.0,0.0,,-1.2135344983226473,0.2135344983226472,4.0
13100.0,131.0,0.0,,-1.2135256382805095,0.2135256382805097,4.0
13300.0,133.0,0.0,,-1.213172522740817,0.213172522740817,4.0
13900.0,139.0,0.0,,-1.2065238501654871,0.2065238501654871,4.0
14700.0,147.0,0.0,,-1.206485812373879,0.206485812373879,4.0
14800.0,148.0,0.0,,-1.203462044171869,0.203462044171869,4.0
14900.0,149.0,0.0,,-1.2033982677757074,0.2033982677757073,4.0
15000.0,150.0,0.0,,-1.2021645716525653,0.2021645716525653,4.0
15100.0,151.0,0.0,,-1.2021511076499565,0.2021511076499562,4.0
15200.0,152.0,0.0,,-1.2020883035732306,0.2020883035732306,4.0
15300.0,153.0,0.0,,-1.201484082410199,0.2014840824101993,4.0
15400.0,154.0,0.0,,-1.2007726831519387,0.2007726831519387,4.0
15700.0,157.0,0.0,,-1.2007658041239333,0.2007658041239333,4.0
16100.0,161.0,0.0,,-1.2006569762058192,0.2006569762058192,4.0
16500.0,165.0,0.0,,-1.2004437978402651,0.2004437978402653,4.0
16700.0,167.0,0.0,,-1.1992781503353152,0.1992781503353151,4.0
16800.0,168.0,0.0,,-1.199249976285055,0.199249976285055,4.0
17100.0,171.0,0.0,,-1.1991885721802409,0.1991885721802408,4.0
17200.0,172.0,0.0,,-1.199179415926406,0.1991794159264059,4.0
17300.0,173.0,0.0,,-1.199115450139908,0.1991154501399079,4.0
17400.0,174.0,0.0,,-1.199105960495796,0.1991059604957961,4.0
17500.0,175.0,0.0,,-1.199105066547301,0.1991050665473011,4.0
17600.0,176.0,0.0,,-1.1991044926800418,0.1991044926800418,4.0
17700.0,177.0,0.0,,-1.1991034942255792,0.1991034942255791,4.0
17900.0,179.0,0.0,,-1.1990860246628956,0.1990860246628956,4.0
18100.0,181.0,0.0,,-1.1990122140339274,0.1990122140339274,4.0
18500.0,185.0,0.0,,-1.1990118138229926,0.1990118138229926,4.0
18700.0,187.0,0.0,,-1.1990114265391816,0.1990114265391815,4.0
18800.0,188.0,0.0,,-1.1988727376022088,0.1988727376022088,4.0
19100.0,191.0,0.0,,-1.1988709114605474,0.1988709114605473,4.0
19200.0,192.0,0.0,,-1.1958002052628025,0.1958002052628022,4.0
19400.0,194.0,0.0,,-1.1957990611160765,0.1957990611160764,4.0
19500.0,195.0,0.0,,-1.1833544353144867,0.1833544353144867,4.0
19600.0,196.0,0.0,,-1.1746838614040522,0.1746838614040522,4.0
19800.0,198.0,0.0,,-1.16576578917899,0.1657657891789901,4.0
19900.0,199.0,0.0,,-1.1657572290322864,0.1657572290322864,4.0
20200.0,202.0,0.0,,-1.1652826604638973,0.1652826604638972,4.0
20400.0,204.0,0.0,,-1.164772762393441,0.1647727623934409,4.0
20500.0,205.0,0.0,,-1.1641909001567483,0.1641909001567483,4.0
20700.0,207.0,0.0,,-1.1640705030319782,0.1640705030319782,4.0
20900.0,209.0,0.0,,-1.1640524511921662,0.1640524511921661,4.0
21000.0,210.0,0.0,,-1.1640482095241809,0.1640482095241808,4.0
21100.0,211.0,0.0,,-1.164017172742006,0.1640171727420059,4.0
21200.0,212.0,0.0,,-1.164016928278772,0.164016928278772,4.0
21400.0,214.0,0.0,,-1.1640166545653894,0.1640166545653893,4.0
22500.0,225.0,0.0,,-1.1640166359693394,0.1640166359693393,4.0
22600.0,226.0,0.0,,-1.164016633044747,0.164016633044747,4.0
22700.0,227.0,0.0,,-1.164016615872374,0.1640166158723739,4.0
22900.0,229.0,0.0,,-1.1640166158648113,0.1640166158648113,4.0
24500.0,245.0,0.0,,-1.1640166158568743,0.1640166158568745,4.0
24600.0,246.0,0.0,,-1.164016615833103,0.1640166158331029,4.0
24700.0,247.0,0.0,,-1.1639520415775235,0.1639520415775237,4.0
24900.0,249.0,0.0,,-1.1617089470035826,0.1617089470035826,4.0
25300.0,253.0,0.0,,-1.161708947003553,0.1617089470035531,4.0
25400.0,254.0,0.0,,-1.1616384761283596,0.1616384761283595,4.0
25600.0,256.0,0.0,,-1.1614999472469387,0.1614999472469387,4.0
25800.0,258.0,0.0,,-1.161432195895293,0.1614321958952929,4.0
26000.0,260.0,0.0,,-1.1614321951703783,0.1614321951703783,4.0
26100.0,261.0,0.0,,-1.1614301150593802,0.1614301150593802,4.0
26300.0,263.0,0.0,,-1.1614238255124911,0.1614238255124911,4.0
26400.0,264.0,0.0,,-1.1614207305714448,0.1614207305714448,4.0
26500.0,265.0,0.0,,-1.1614124891811477,0.1614124891811477,4.0
26600.0,266.0,0.0,,-1.1614114289160875,0.1614114289160877,4.0
26700.0,267.0,0.0,,-1.1614083381766618,0.1614083381766617,4.0
26800.0,268.0,0.0,,-1.1614035533767362,0.1614035533767361,4.0
26900.0,269.0,0.0,,-1.161401812121829,0.161401812121829,4.0
27100.0,271.0,0.0,,-1.1614018038770568,0.1614018038770568,4.0
27200.0,272.0,0.0,,-1.161393910540029,0.161393910540029,4.0
27700.0,277.0,0.0,,-1.1613939104322186,0.1613939104322186,4.0
27800.0,278.0,0.0,,-1.1613936396612,0.1613936396612001,4.0
28000.0,280.0,0.0,,-1.1613936166018344,0.1613936166018343,4.0
28300.0,283.0,0.0,,-1.1613935862053222,0.1613935862053221,4.0
28700.0,287.0,0.0,,-1.1613935824582389,0.1613935824582388,4.0
29000.0,290.0,0.0,,-1.161393577379194,0.1613935773791939,4.0
29100.0,291.0,0.0,,-1.1613935773394286,0.1613935773394286,4.0
29200.0,292.0,0.0,,-1.1613935771052268,0.1613935771052268,4.0
29500.0,295.0,0.0,,-1.1613935770612638,0.1613935770612637,4.0
30000.0,300.0,0.0,,-1.1613935770604578,0.1613935770604577,4.0
30300.0,303.0,0.0,,-1.1613935770596735,0.1613935770596737,4.0
30500.0,305.0,0.0,,-1.1613935770584531,0.1613935770584531,4.0
30700.0,307.0,0.0,,-1.161355328759648,0.1613553287596478,4.0
30900.0,309.0,0.0,,-1.1613474640570212,0.1613474640570211,4.0
31100.0,311.0,0.0,,-1.1613422212227191,0.1613422212227191,4.0
31200.0,312.0,0.0,,-1.1613410204631824,0.1613410204631824,4.0
31400.0,314.0,0.0,,-1.161340698468143,0.1613406984681429,4.0
31500.0,315.0,0.0,,-1.1613406502318242,0.1613406502318242,4.0
31600.0,316.0,0.0,,-1.1613406466542076,0.1613406466542075,4.0
31700.0,317.0,0.0,,-1.1613405391933265,0.1613405391933264,4.0
31800.0,318.0,0.0,,-1.1613405391933114,0.1613405391933113,4.0
32000.0,320.0,0.0,,-1.161340504981747,0.1613405049817466,4.0
32200.0,322.0,0.0,,-1.161340500274198,0.1613405002741981,4.0
32400.0,324.0,0.0,,-1.161277601532716,0.1612776015327159,4.0
32500.0,325.0,0.0,,-1.1612769024167144,0.1612769024167144,4.0
32700.0,327.0,0.0,,-1.161209838611881,0.1612098386118809,4.0
32800.0,328.0,0.0,,-1.1610011253836134,0.1610011253836134,4.0
33300.0,333.0,0.0,,-1.1610011253718713,0.1610011253718712,4.0
33600.0,336.0,0.0,,-1.160994646584675,0.160994646584675,4.0
33700.0,337.0,0.0,,-1.1609946465710048,0.1609946465710048,4.0
33900.0,339.0,0.0,,-1.1609944671987054,0.1609944671987053,4.0
34000.0,340.0,0.0,,-1.1609660411723175,0.1609660411723177,4.0
34100.0,341.0,0.0,,-1.160953477661672,0.1609534776616721,4.0
34200.0,342.0,0.0,,-1.160950708551181,0.160950708551181,4.0
34300.0,343.0,0.0,,-1.1609501972100684,0.1609501972100684,4.0
34500.0,345.0,0.0,,-1.160949884718833,0.1609498847188333,4.0
34600.0,346.0,0.0,,-1.1609495626296429,0.1609495626296426,4.0
34900.0,349.0,0.0,,-1.1609495478216398,0.1609495478216398,4.0
35000.0,350.0,0.0,,-1.160949533270221,0.1609495332702213,4.0
35100.0,351.0,0.0,,-1.1609495302857111,0.1609495302857111,4.0
35300.0,353.0,0.0,,-1.160949529013354,0.160949529013354,4.0
35400.0,354.0,0.0,,-1.144601288766239,0.1446012887662389,4.0
35500.0,355.0,0.0,,-1.1398579655554972,0.1398579655554972,4.0
35600.0,356.0,0.0,,-1.138609106962161,0.1386091069621613,4.0
35800.0,358.0,0.0,,-1.1374947620630276,0.1374947620630275,4.0
36000.0,360.0,0.0,,-1.1367625804156485,0.1367625804156482,4.0
36100.0,361.0,0.0,,-1.1283682538132005,0.1283682538132005,4.0
36600.0,366.0,0.0,,-1.1278971209753883,0.1278971209753885,4.0
36700.0,367.0,0.0,,-1.127893164340635,0.1278931643406349,4.0
36900.0,369.0,0.0,,-1.1278788451552293,0.1278788451552293,4.0
37000.0,370.0,0.0,,-1.127611104906115,0.127611104906115,4.0
37100.0,371.0,0.0,,-1.1275806965034203,0.1275806965034205,4.0
37400.0,374.0,0.0,,-1.1274392690227952,0.1274392690227952,4.0
37700.0,377.0,0.0,,-1.1274103809523133,0.1274103809523132,4.0
37800.0,378.0,0.0,,-1.1273863303857752,0.1273863303857751,4.0
37900.0,379.0,0.0,,-1.1128204639044468,0.1128204639044467,4.0
38100.0,381.0,0.0,,-1.0990597025146105,0.0990597025146102,4.0
38600.0,386.0,0.0,,-1.0989384499770851,0.0989384499770853,4.0
38700.0,387.0,0.0,,-1.0980289467425977,0.0980289467425976,4.0
38800.0,388.0,0.0,,-1.0964588374542192,0.0964588374542192,4.0
38900.0,389.0,0.0,,-1.09342129013578,0.09342129013578,4.0
39000.0,390.0,0.0,,-1.093338215679216,0.0933382156792159,4.0
39100.0,391.0,0.0,,-1.0924942480032458,0.0924942480032458,4.0
39200.0,392.0,0.0,,-1.091832031766076,0.0918320317660759,4.0
39300.0,393.0,0.0,,-1.0917556228466925,0.0917556228466922,4.0
39500.0,395.0,0.0,,-1.0908081621505317,0.0908081621505316,4.0
39700.0,397.0,0.0,,-1.0905577687833352,0.0905577687833352,4.0
39800.0,398.0,0.0,,-1.0905275518438144,0.0905275518438144,4.0
40000.0,400.0,0.0,,-1.0905062188862569,0.0905062188862568,4.0
40400.0,404.0,0.0,,-1.0905052558746784,0.0905052558746783,4.0
40500.0,405.0,0.0,,-1.09050437845511,0.09050437845511,4.0
40800.0,408.0,0.0,,-1.0905037662028936,0.0905037662028935,4.0
40900.0,409.0,0.0,,-1.0905037638467758,0.0905037638467758,4.0
41200.0,412.0,0.0,,-1.0905037516865754,0.0905037516865754,4.0
41600.0,416.0,0.0,,-1.0905036876743603,0.0905036876743603,4.0
42100.0,421.0,0.0,,-1.0905036874190894,0.0905036874190894,4.0
42400.0,424.0,0.0,,-1.0905036846855358,0.0905036846855358,4.0
43000.0,430.0,0.0,,-1.0905036845896194,0.0905036845896194,4.0
43600.0,436.0,0.0,,-1.0905036843758031,0.0905036843758031,4.0
44100.0,441.0,0.0,,-1.0905036843488574,0.0905036843488573,4.0
44900.0,449.0,0.0,,-1.066747646487899,0.0667476464878991,4.0
45300.0,453.0,0.0,,-1.065395689425443,0.065395689425443,4.0
45500.0,455.0,0.0,,-1.0653420517468095,0.0653420517468095,4.0
45600.0,456.0,0.0,,-1.0598645293933888,0.0598645293933888,4.0
45800.0,458.0,0.0,,-1.0576186188774162,0.0576186188774161,4.0
46100.0,461.0,0.0,,-1.0567768636263648,0.0567768636263648,4.0
46300.0,463.0,0.0,,-1.0556911811802945,0.0556911811802944,4.0
46400.0,464.0,0.0,,-1.0554199114431606,0.0554199114431606,4.0
46500.0,465.0,0.0,,-1.0553058502870774,0.0553058502870773,4.0
46600.0,466.0,0.0,,-1.055180752163971,0.0551807521639708,4.0
46700.0,467.0,0.0,,-1.0551668713816855,0.0551668713816857,4.0
47000.0,470.0,0.0,,-1.0550007779884532,0.0550007779884531,4.0
47300.0,473.0,0.0,,-1.0549795206723616,0.0549795206723615,4.0
47900.0,479.0,0.0,,-1.0549697559847089,0.0549697559847088,4.0
48000.0,480.0,0.0,,-1.0549580051013745,0.0549580051013742,4.0
48800.0,488.0,0.0,,-1.0549571268559157,0.0549571268559156,4.0
48900.0,489.0,0.0,,-1.0549138207599316,0.0549138207599315,4.0
49000.0,490.0,0.0,,-1.0548596416531115,0.0548596416531115,4.0
49200.0,492.0,0.0,,-1.054859626953709,0.0548596269537089,4.0
49300.0,493.0,0.0,,-1.0548528862374462,0.0548528862374462,4.0
49400.0,494.0,0.0,,-1.0548498740922412,0.0548498740922411,4.0
49500.0,495.0,0.0,,-1.0548473370261495,0.0548473370261497,4.0
49800.0,498.0,0.0,,-1.054847296445358,0.0548472964453579,4.0
50100.0,501.0,0.0,,-1.0548456414424583,0.0548456414424582,4.0
50600.0,506.0,0.0,,-1.0548453965880835,0.0548453965880835,4.0
50700.0,507.0,0.0,,-1.054845395661856,0.0548453956618559,4.0
51100.0,511.0,0.0,,-1.0548453745983484,0.0548453745983483,4.0
51300.0,513.0,0.0,,-1.0548453727934444,0.0548453727934443,4.0
51400.0,514.0,0.0,,-1.0548453335823074,0.0548453335823073,4.0
51700.0,517.0,0.0,,-1.0548453300174907,0.0548453300174907,4.0
51800.0,518.0,0.0,,-1.054845323264331,0.0548453232643308,4.0
52000.0,520.0,0.0,,-1.0548453207448198,0.0548453207448198,4.0
52100.0,521.0,0.0,,-1.0548453198756993,0.0548453198756992,4.0
52200.0,522.0,0.0,,-1.054845316278347,0.0548453162783471,4.0
52300.0,523.0,0.0,,-1.0548453159486424,0.0548453159486423,4.0
53200.0,532.0,0.0,,-1.0547817243270128,0.0547817243270127,4.0
53300.0,533.0,0.0,,-1.054771905606263,0.0547719056062629,4.0
53900.0,539.0,0.0,,-1.054704718950772,0.0547047189507718,4.0
54100.0,541.0,0.0,,-1.0547045612966084,0.0547045612966083,4.0
54300.0,543.0,0.0,,-1.0546991987160548,0.0546991987160547,4.0
54400.0,544.0,0.0,,-1.054697251351516,0.054697251351516,4.0
54500.0,545.0,0.0,,-1.0546968543800248,0.0546968543800248,4.0
54700.0,547.0,0.0,,-1.0546928373926328,0.0546928373926327,4.0
54800.0,548.0,0.0,,-1.0546928359020245,0.0546928359020244,4.0
54900.0,549.0,0.0,,-1.054691375816964,0.054691375816964,4.0
55000.0,550.0,0.0,,-1.054690836741392,0.0546908367413918,4.0
55300.0,553.0,0.0,,-1.0546908342634709,0.0546908342634706,4.0
55500.0,555.0,0.0,,-1.0546908318975197,0.0546908318975196,4.0
55600.0,556.0,0.0,,-1.0546908257636618,0.0546908257636618,4.0
55800.0,558.0,0.0,,-1.0546301155946771,0.0546301155946771,4.0
56400.0,564.0,0.0,,-1.054627566160263,0.0546275661602633,4.0
56500.0,565.0,0.0,,-1.054623716339157,0.0546237163391569,4.0
56600.0,566.0,0.0,,-1.054576883404075,0.0545768834040749,4.0
56700.0,567.0,0.0,,-1.054576883404066,0.0545768834040658,4.0
56800.0,568.0,0.0,,-1.0545731736508046,0.0545731736508046,4.0
57100.0,571.0,0.0,,-1.054568383850755,0.0545683838507546,4.0
57300.0,573.0,0.0,,-1.0545679617003585,0.0545679617003584,4.0
57400.0,574.0,0.0,,-1.0545520809671487,0.0545520809671487,4.0
57500.0,575.0,0.0,,-1.0545494163899771,0.0545494163899771,4.0
57600.0,576.0,0.0,,-1.0545491785460763,0.0545491785460765,4.0
57700.0,577.0,0.0,,-1.054544589944291,0.0545445899442906,4.0
57800.0,578.0,0.0,,-1.0545429671777984,0.0545429671777983,4.0
57900.0,579.0,0.0,,-1.0545412875955806,0.0545412875955806,4.0
58000.0,580.0,0.0,,-1.0545403877453832,0.0545403877453831,4.0
58100.0,581.0,0.0,,-1.0545395100577468,0.0545395100577468,4.0
58200.0,582.0,0.0,,-1.054539156022522,0.0545391560225219,4.0
58500.0,585.0,0.0,,-1.0545391250961622,0.0545391250961622,4.0
58600.0,586.0,0.0,,-1.0545390723906378,0.0545390723906378,4.0
58800.0,588.0,0.0,,-1.0545390598036877,0.0545390598036874,4.0
58900.0,589.0,0.0,,-1.0545388572015235,0.0545388572015235,4.0
59000.0,590.0,0.0,,-1.0543245880459025,0.0543245880459024,4.0
59100.0,591.0,0.0,,-1.0543038611449325,0.0543038611449324,4.0
59300.0,593.0,0.0,,-1.0543028956845155,0.0543028956845155,4.0
59500.0,595.0,0.0,,-1.054085897315966,0.0540858973159659,4.0
59900.0,599.0,0.0,,-1.0540813760620156,0.0540813760620155,4.0
60100.0,601.0,0.0,,-1.0540328825451415,0.0540328825451414,4.0
60300.0,603.0,0.0,,-1.0540130719149798,0.0540130719149798,4.0
60500.0,605.0,0.0,,-1.0540100425627486,0.0540100425627485,4.0
60600.0,606.0,0.0,,-1.054003838784613,0.0540038387846126,4.0
60900.0,609.0,0.0,,-1.0540028570064923,0.0540028570064925,4.0
61300.0,613.0,0.0,,-1.0540018395315502,0.0540018395315502,4.0
61700.0,617.0,0.0,,-1.054001819460884,0.054001819460884,4.0
61900.0,619.0,0.0,,-1.0540016026033776,0.0540016026033776,4.0
62000.0,620.0,0.0,,-1.054001579016177,0.0540015790161769,4.0
62200.0,622.0,0.0,,-1.0539244164405486,0.0539244164405485,4.0
62300.0,623.0,0.0,,-1.0538879354947586,0.0538879354947585,4.0
62700.0,627.0,0.0,,-1.0538843962848117,0.0538843962848116,4.0
62900.0,629.0,0.0,,-1.0538842842297342,0.0538842842297342,4.0
63100.0,631.0,0.0,,-1.0538818563820214,0.0538818563820213,4.0
63200.0,632.0,0.0,,-1.0538800459008724,0.0538800459008723,4.0
63300.0,633.0,0.0,,-1.0538793166584162,0.0538793166584161,4.0
63400.0,634.0,0.0,,-1.053879228492159,0.0538792284921589,4.0
63500.0,635.0,0.0,,-1.0538650775669474,0.0538650775669473,4.0
63600.0,636.0,0.0,,-1.0538647357590194,0.0538647357590194,4.0
63900.0,639.0,0.0,,-1.0538566401468,0.0538566401468001,4.0
64000.0,640.0,0.0,,-1.0537868215915986,0.0537868215915986,4.0
64100.0,641.0,0.0,,-1.0537851593294498,0.0537851593294498,4.0
64200.0,642.0,0.0,,-1.0537849396401302,0.0537849396401302,4.0
64600.0,646.0,0.0,,-1.0537809331161472,0.0537809331161471,4.0
64700.0,647.0,0.0,,-1.053764750370702,0.0537647503707019,4.0
64800.0,648.0,0.0,,-1.053764749853981,0.053764749853981,4.0
64900.0,649.0,0.0,,-1.0537647216529835,0.0537647216529837,4.0
65000.0,650.0,0.0,,-1.0537638175462285,0.0537638175462282,4.0
65100.0,651.0,0.0,,-1.0537635786820627,0.0537635786820627,4.0
65400.0,654.0,0.0,,-1.0537634774565523,0.0537634774565523,4.0
65900.0,659.0,0.0,,-1.0537634774563387,0.0537634774563386,4.0
66400.0,664.0,0.0,,-1.0537634773271127,0.0537634773271127,4.0
66500.0,665.0,0.0,,-1.0537634751690046,0.0537634751690045,4.0
66600.0,666.0,0.0,,-1.053763474599654,0.053763474599654,4.0
66700.0,667.0,0.0,,-1.0537634745935582,0.0537634745935582,4.0
66800.0,668.0,0.0,,-1.053763474529446,0.0537634745294459,4.0
66900.0,669.0,0.0,,-1.0537634745093292,0.0537634745093291,4.0
67100.0,671.0,0.0,,-1.053763474396712,0.0537634743967119,4.0
67700.0,677.0,0.0,,-1.0537454431820104,0.0537454431820103,4.0
68000.0,680.0,0.0,,-1.0537372227348003,0.0537372227348005,4.0
68100.0,681.0,0.0,,-1.053729274647725,0.0537292746477249,4.0
68400.0,684.0,0.0,,-1.0537268360042644,0.0537268360042644,4.0
68500.0,685.0,0.0,,-1.0535603231688282,0.0535603231688281,4.0
69100.0,691.0,0.0,,-1.053549952583775,0.053549952583775,4.0
69300.0,693.0,0.0,,-1.0535474783236365,0.0535474783236362,4.0
69500.0,695.0,0.0,,-1.053535348571145,0.0535353485711449,4.0
69800.0,698.0,0.0,,-1.0535304285046214,0.0535304285046214,4.0
69900.0,699.0,0.0,,-1.0535295382658352,0.0535295382658351,4.0
70200.0,702.0,0.0,,-1.053491028543676,0.053491028543676,4.0
70300.0,703.0,0.0,,-1.053467101279051,0.053467101279051,4.0
70600.0,706.0,0.0,,-1.053467100603296,0.053467100603296,4.0
70800.0,708.0,0.0,,-1.05345534432233,0.05345534432233,4.0
70900.0,709.0,0.0,,-1.0534456640394685,0.0534456640394684,4.0
71000.0,710.0,0.0,,-1.0534082206547293,0.0534082206547292,4.0
71100.0,711.0,0.0,,-1.0533824311046367,0.0533824311046366,4.0
71300.0,713.0,0.0,,-1.0533738573327862,0.0533738573327862,4.0
71500.0,715.0,0.0,,-1.0533735888718492,0.0533735888718491,4.0
71600.0,716.0,0.0,,-1.0533679636783402,0.0533679636783401,4.0
71800.0,718.0,0.0,,-1.0533674258533945,0.0533674258533944,4.0
72200.0,722.0,0.0,,-1.0533668969752938,0.0533668969752938,4.0
72500.0,725.0,0.0,,-1.0533497554714912,0.0533497554714912,4.0
72700.0,727.0,0.0,,-1.0533397258656207,0.0533397258656207,4.0
72800.0,728.0,0.0,,-1.053173972031068,0.0531739720310679,4.0
73000.0,730.0,0.0,,-1.0531249349708,0.0531249349708,4.0
73200.0,732.0,0.0,,-1.0527374974800037,0.0527374974800036,4.0
73500.0,735.0,0.0,,-1.052701512410238,0.0527015124102379,4.0
73600.0,736.0,0.0,,-1.052700918232328,0.0527009182323281,4.0
74000.0,740.0,0.0,,-1.052700918150813,0.0527009181508129,4.0
74100.0,741.0,0.0,,-1.0527007297861946,0.0527007297861945,4.0
74200.0,742.0,0.0,,-1.0527003474964485,0.0527003474964482,4.0
74300.0,743.0,0.0,,-1.052676963490514,0.0526769634905139,4.0
74400.0,744.0,0.0,,-1.0526561596927169,0.0526561596927168,4.0
74500.0,745.0,0.0,,-1.0526558266367685,0.0526558266367684,4.0
74700.0,747.0,0.0,,-1.052649221971202,0.052649221971202,4.0
74900.0,749.0,0.0,,-1.0526163744848154,0.0526163744848153,4.0
75100.0,751.0,0.0,,-1.0526091867153526,0.0526091867153526,4.0
75200.0,752.0,0.0,,-1.052602009359716,0.0526020093597159,4.0
75300.0,753.0,0.0,,-1.0525928962550328,0.0525928962550328,4.0
75500.0,755.0,0.0,,-1.0525907770289875,0.0525907770289877,4.0
75700.0,757.0,0.0,,-1.0525898203040902,0.0525898203040902,4.0
75800.0,758.0,0.0,,-1.0525898196661423,0.0525898196661422,4.0
75900.0,759.0,0.0,,-1.0525841772305584,0.0525841772305584,4.0
76100.0,761.0,0.0,,-1.052584176469785,0.0525841764697849,4.0
76300.0,763.0,0.0,,-1.0525814208461417,0.0525814208461417,4.0
76400.0,764.0,0.0,,-1.052580900752414,0.052580900752414,4.0
76500.0,765.0,0.0,,-1.052580836692539,0.0525808366925391,4.0
76900.0,769.0,0.0,,-1.052580809305849,0.052580809305849,4.0
77100.0,771.0,0.0,,-1.0525807960763145,0.0525807960763144,4.0
77300.0,773.0,0.0,,-1.0525807944810834,0.0525807944810834,4.0
77400.0,774.0,0.0,,-1.052580787463464,0.052580787463464,4.0
77700.0,777.0,0.0,,-1.0525807850379336,0.0525807850379336,4.0
77900.0,779.0,0.0,,-1.052580771570238,0.0525807715702379,4.0
78000.0,780.0,0.0,,-1.0525807702210832,0.0525807702210832,4.0
78100.0,781.0,0.0,,-1.0525807695385108,0.0525807695385107,4.0
78700.0,787.0,0.0,,-1.052565459867033,0.052565459867033,4.0
78900.0,789.0,0.0,,-1.0525609189516667,0.0525609189516667,4.0
79100.0,791.0,0.0,,-1.0525562876581758,0.0525562876581757,4.0
79200.0,792.0,0.0,,-1.0525491982901816,0.0525491982901815,4.0
79300.0,793.0,0.0,,-1.0525458773779404,0.0525458773779403,4.0
79400.0,794.0,0.0,,-1.0525431888048258,0.0525431888048257,4.0
79500.0,795.0,0.0,,-1.0524208969905982,0.0524208969905981,4.0
79800.0,798.0,0.0,,-1.0524205697895643,0.0524205697895643,4.0
79900.0,799.0,0.0,,-1.0523603258056038,0.0523603258056037,4.0
80100.0,801.0,0.0,,-1.0523589861850724,0.0523589861850724,4.0
80200.0,802.0,0.0,,-1.0523563548871144,0.0523563548871144,4.0
80400.0,804.0,0.0,,-1.0523524476763615,0.0523524476763617,4.0
80500.0,805.0,0.0,,-1.0523464974629444,0.0523464974629444,4.0
80700.0,807.0,0.0,,-1.0523409122589444,0.0523409122589444,4.0
81000.0,810.0,0.0,,-1.0521792225950817,0.0521792225950814,4.0
81500.0,815.0,0.0,,-1.052178054338868,0.0521780543388681,4.0
81800.0,818.0,0.0,,-1.0521736947378422,0.0521736947378421,4.0
82200.0,822.0,0.0,,-1.0521646606102766,0.0521646606102765,4.0
82300.0,823.0,0.0,,-1.0521646223372725,0.0521646223372722,4.0
82400.0,824.0,0.0,,-1.0521640656846143,0.0521640656846145,4.0
82500.0,825.0,0.0,,-1.0521592575835814,0.0521592575835814,4.0
82600.0,826.0,0.0,,-1.052158506643216,0.0521585066432159,4.0
82700.0,827.0,0.0,,-1.052156141055051,0.052156141055051,4.0
83000.0,830.0,0.0,,-1.0521486874270447,0.0521486874270447,4.0
83200.0,832.0,0.0,,-1.0521321796183265,0.0521321796183265,4.0
83300.0,833.0,0.0,,-1.0521311844544046,0.0521311844544045,4.0
83700.0,837.0,0.0,,-1.0521307000919915,0.0521307000919917,4.0
83800.0,838.0,0.0,,-1.0521306341613623,0.0521306341613623,4.0
83900.0,839.0,0.0,,-1.052130036345189,0.052130036345189,4.0
84000.0,840.0,0.0,,-1.0521294797811611,0.0521294797811613,4.0
84400.0,844.0,0.0,,-1.0520826522531543,0.0520826522531543,4.0
84500.0,845.0,0.0,,-1.0520821026979574,0.0520821026979574,4.0
84600.0,846.0,0.0,,-1.0520815852288312,0.0520815852288312,4.0
84700.0,847.0,0.0,,-1.0519871817813415,0.0519871817813415,4.0
84900.0,849.0,0.0,,-1.051983245243879,0.051983245243879,4.0
85000.0,850.0,0.0,,-1.0519286913376464,0.0519286913376464,4.0
85100.0,851.0,0.0,,-1.0519223896719962,0.0519223896719962,4.0
85500.0,855.0,0.0,,-1.051922325615141,0.051922325615141,4.0
85600.0,856.0,0.0,,-1.0519187166568755,0.0519187166568755,4.0
86000.0,860.0,0.0,,-1.0519133338867055,0.0519133338867054,4.0
86100.0,861.0,0.0,,-1.051905595292278,0.051905595292278,4.0
86500.0,865.0,0.0,,-1.051881169164988,0.051881169164988,4.0
86600.0,866.0,0.0,,-1.0518802628775654,0.0518802628775654,4.0
86800.0,868.0,0.0,,-1.0518801096077182,0.0518801096077181,4.0
86900.0,869.0,0.0,,-1.051879971036971,0.051879971036971,4.0
87300.0,873.0,0.0,,-1.0518796404420598,0.0518796404420598,4.0
87400.0,874.0,0.0,,-1.0518796403833577,0.0518796403833574,4.0
87600.0,876.0,0.0,,-1.0518796121065994,0.0518796121065994,4.0
87900.0,879.0,0.0,,-1.0518796068907363,0.0518796068907363,4.0
88400.0,884.0,0.0,,-1.051879606793893,0.0518796067938929,4.0
89000.0,890.0,0.0,,-1.051879606787069,0.051879606787069,4.0
89200.0,892.0,0.0,,-1.0518796067745408,0.0518796067745408,4.0
89300.0,893.0,0.0,,-1.0518796067742762,0.0518796067742761,4.0
89600.0,896.0,0.0,,-1.0518796067725509,0.0518796067725506,4.0
89900.0,899.0,0.0,,-1.0518796067720193,0.0518796067720193,4.0
90500.0,905.0,0.0,,-1.051846330816829,0.0518463308168293,4.0
90600.0,906.0,0.0,,-1.0518463308167978,0.0518463308167977,4.0
90700.0,907.0,0.0,,-1.0518459741540915,0.0518459741540915,4.0
90800.0,908.0,0.0,,-1.051845581862019,0.0518455818620189,4.0
90900.0,909.0,0.0,,-1.0518455818505588,0.0518455818505587,4.0
91100.0,911.0,0.0,,-1.0518398718101725,0.0518398718101724,4.0
91400.0,914.0,0.0,,-1.0518396344920575,0.0518396344920575,4.0
91600.0,916.0,0.0,,-1.0518396220046704,0.0518396220046704,4.0
91700.0,917.0,0.0,,-1.0518387874317372,0.0518387874317372,4.0
91800.0,918.0,0.0,,-1.0518387845428423,0.0518387845428423,4.0
91900.0,919.0,0.0,,-1.0518387081857712,0.0518387081857711,4.0
92000.0,920.0,0.0,,-1.051838707441335,0.0518387074413349,4.0
92100.0,921.0,0.0,,-1.0517925131860315,0.0517925131860315,4.0
92400.0,924.0,0.0,,-1.051788088975974,0.051788088975974,4.0
92600.0,926.0,0.0,,-1.0517859862252743,0.0517859862252745,4.0
93000.0,930.0,0.0,,-1.0517521568647623,0.0517521568647623,4.0
93100.0,931.0,0.0,,-1.0517495462586404,0.0517495462586403,4.0
93200.0,932.0,0.0,,-1.051717421338651,0.0517174213386513,4.0
93300.0,933.0,0.0,,-1.0516442684369478,0.0516442684369478,4.0
93700.0,937.0,0.0,,-1.0515928021192604,0.0515928021192604,4.0
94100.0,941.0,0.0,,-1.0515821567616073,0.0515821567616072,4.0
94200.0,942.0,0.0,,-1.0515819174928518,0.0515819174928517,4.0
94500.0,945.0,0.0,,-1.0515810325809076,0.0515810325809076,4.0
94800.0,948.0,0.0,,-1.0515808129688355,0.0515808129688355,4.0
95100.0,951.0,0.0,,-1.0515371586957498,0.0515371586957498,4.0
95200.0,952.0,0.0,,-1.051507639256137,0.0515076392561371,4.0
95700.0,957.0,0.0,,-1.051507539648163,0.051507539648163,4.0
95900.0,959.0,0.0,,-1.0515058188629292,0.0515058188629291,4.0
96100.0,961.0,0.0,,-1.0514801260359037,0.0514801260359036,4.0
96300.0,963.0,0.0,,-1.0514563534456032,0.0514563534456031,4.0
96500.0,965.0,0.0,,-1.051451319692292,0.0514513196922918,4.0
96700.0,967.0,0.0,,-1.051449813288565,0.051449813288565,4.0
97000.0,970.0,0.0,,-1.0514487066523082,0.0514487066523081,4.0
97500.0,975.0,0.0,,-1.0514485084141858,0.0514485084141858,4.0
97900.0,979.0,0.0,,-1.051448437347937,0.0514484373479369,4.0
98100.0,981.0,0.0,,-1.0514483999630486,0.0514483999630486,4.0
98500.0,985.0,0.0,,-1.0514483143823734,0.0514483143823734,4.0
99300.0,993.0,0.0,,-1.0514483134100323,0.0514483134100323,4.0
99400.0,994.0,0.0,,-1.0514483113991415,0.0514483113991415,4.0
100600.0,1006.0,0.0,,-1.051448311395487,0.0514483113954866,4.0
100700.0,1007.0,0.0,,-1.0514483113954418,0.0514483113954418,4.0
101000.0,1010.0,0.0,,-1.0513860458504518,0.0513860458504518,4.0
101300.0,1013.0,0.0,,-1.0513860457771953,0.0513860457771953,4.0
101400.0,1014.0,0.0,,-1.0513854683509478,0.0513854683509478,4.0
101600.0,1016.0,0.0,,-1.0513839703834684,0.0513839703834684,4.0
101700.0,1017.0,0.0,,-1.0513712279495622,0.0513712279495621,4.0
101800.0,1018.0,0.0,,-1.0513697346864617,0.0513697346864616,4.0
102000.0,1020.0,0.0,,-1.051369447750222,0.051369447750222,4.0
102100.0,1021.0,0.0,,-1.0513216144234363,0.0513216144234365,4.0
102300.0,1023.0,0.0,,-1.0513215745172824,0.0513215745172823,4.0
102400.0,1024.0,0.0,,-1.0513207659384352,0.0513207659384351,4.0
102500.0,1025.0,0.0,,-1.051316890135589,0.0513168901355889,4.0
102900.0,1029.0,0.0,,-1.0513109004010723,0.0513109004010723,4.0
103200.0,1032.0,0.0,,-1.0513108853241566,0.0513108853241566,4.0
103300.0,1033.0,0.0,,-1.051308832328167,0.0513088323281669,4.0
103500.0,1035.0,0.0,,-1.051308504898194,0.051308504898194,4.0
103600.0,1036.0,0.0,,-1.0513063052308829,0.0513063052308828,4.0
103800.0,1038.0,0.0,,-1.051279662945834,0.051279662945834,4.0
103900.0,1039.0,0.0,,-1.05127784188257,0.0512778418825701,4.0
104000.0,1040.0,0.0,,-1.0512775295088777,0.0512775295088776,4.0
104100.0,1041.0,0.0,,-1.0512590116301248,0.0512590116301248,4.0
104200.0,1042.0,0.0,,-1.0512123077582312,0.0512123077582311,4.0
104300.0,1043.0,0.0,,-1.0511835492263404,0.0511835492263403,4.0
104500.0,1045.0,0.0,,-1.0511834831307287,0.0511834831307287,4.0
104600.0,1046.0,0.0,,-1.0511832903377438,0.0511832903377438,4.0
105000.0,1050.0,0.0,,-1.0511817400031542,0.0511817400031542,4.0
105200.0,1052.0,0.0,,-1.051181704821892,0.0511817048218918,4.0
105600.0,1056.0,0.0,,-1.0511816708011277,0.0511816708011274,4.0
105900.0,1059.0,0.0,,-1.051181670544059,0.051181670544059,4.0
106100.0,1061.0,0.0,,-1.0511816702375556,0.0511816702375556,4.0
106300.0,1063.0,0.0,,-1.0511816701692809,0.0511816701692808,4.0
106400.0,1064.0,0.0,,-1.0511816699336287,0.0511816699336287,4.0
106500.0,1065.0,0.0,,-1.0511816696315075,0.0511816696315075,4.0
106600.0,1066.0,0.0,,-1.0511816694544154,0.0511816694544153,4.0
106700.0,1067.0,0.0,,-1.0511816694371403,0.0511816694371405,4.0
106900.0,1069.0,0.0,,-1.051181668985369,0.051181668985369,4.0
107200.0,1072.0,0.0,,-1.0511816689819533,0.0511816689819533,4.0
107400.0,1074.0,0.0,,-1.051181668918297,0.0511816689182968,4.0
107500.0,1075.0,0.0,,-1.0511816689046107,0.0511816689046107,4.0
107600.0,1076.0,0.0,,-1.0511816688794873,0.0511816688794872,4.0
108400.0,1084.0,0.0,,-1.0511816688435622,0.0511816688435622,4.0
108600.0,1086.0,0.0,,-1.0511816688425308,0.0511816688425308,4.0
108700.0,1087.0,0.0,,-1.0511619704396746,0.0511619704396746,4.0
108800.0,1088.0,0.0,,-1.0511616902093468,0.0511616902093468,4.0
109000.0,1090.0,0.0,,-1.051161641644742,0.051161641644742,4.0
109100.0,1091.0,0.0,,-1.05116142525695,0.0511614252569498,4.0
109200.0,1092.0,0.0,,-1.0511520458439148,0.0511520458439147,4.0
109600.0,1096.0,0.0,,-1.051124549371804,0.0511245493718039,4.0
109700.0,1097.0,0.0,,-1.051120913795055,0.051120913795055,4.0
109900.0,1099.0,0.0,,-1.050990043797355,0.0509900437973549,4.0
110000.0,1100.0,0.0,,-1.050974504254112,0.0509745042541118,4.0
110200.0,1102.0,0.0,,-1.050968179253088,0.050968179253088,4.0
110400.0,1104.0,0.0,,-1.050959491440442,0.0509594914404418,4.0
110500.0,1105.0,0.0,,-1.050953225974921,0.050953225974921,4.0
110900.0,1109.0,0.0,,-1.0509531971843362,0.0509531971843362,4.0
111000.0,1110.0,0.0,,-1.0509444349749095,0.0509444349749095,4.0
111300.0,1113.0,0.0,,-1.050923691416283,0.0509236914162829,4.0
111400.0,1114.0,0.0,,-1.0509142883172848,0.0509142883172848,4.0
111500.0,1115.0,0.0,,-1.05091393442103,0.0509139344210298,4.0
111600.0,1116.0,0.0,,-1.0509098934753038,0.0509098934753038,4.0
111700.0,1117.0,0.0,,-1.0509091442969394,0.0509091442969393,4.0
112000.0,1120.0,0.0,,-1.0509091226893013,0.0509091226893012,4.0
112100.0,1121.0,0.0,,-1.0509090786560866,0.0509090786560866,4.0
112300.0,1123.0,0.0,,-1.050851170027166,0.0508511700271658,4.0
112900.0,1129.0,0.0,,-1.0508502793319874,0.0508502793319873,4.0
113200.0,1132.0,0.0,,-1.0508272033564126,0.0508272033564125,4.0
113300.0,1133.0,0.0,,-1.0508270706922065,0.0508270706922064,4.0
113400.0,1134.0,0.0,,-1.050826660093492,0.0508266600934921,4.0
113700.0,1137.0,0.0,,-1.0508265982583558,0.0508265982583557,4.0
113800.0,1138.0,0.0,,-1.0508228725939055,0.0508228725939057,4.0
114100.0,1141.0,0.0,,-1.0508226347125855,0.0508226347125855,4.0
114200.0,1142.0,0.0,,-1.050822366591624,0.0508223665916238,4.0
114300.0,1143.0,0.0,,-1.0508223196458186,0.0508223196458186,4.0
114400.0,1144.0,0.0,,-1.0507749567953435,0.0507749567953437,4.0
114700.0,1147.0,0.0,,-1.0507688486270403,0.0507688486270403,4.0
114800.0,1148.0,0.0,,-1.0507681055651523,0.0507681055651523,4.0
115000.0,1150.0,0.0,,-1.0507652767419868,0.0507652767419868,4.0
115100.0,1151.0,0.0,,-1.0507649135449035,0.0507649135449035,4.0
115300.0,1153.0,0.0,,-1.050763393624753,0.0507633936247526,4.0
115500.0,1155.0,0.0,,-1.0507629611851494,0.0507629611851494,4.0
115600.0,1156.0,0.0,,-1.0507620733231342,0.0507620733231342,4.0
115700.0,1157.0,0.0,,-1.0507579977028798,0.0507579977028798,4.0
115900.0,1159.0,0.0,,-1.0507259695935582,0.0507259695935582,4.0
116000.0,1160.0,0.0,,-1.0507258765670489,0.0507258765670488,4.0
116100.0,1161.0,0.0,,-1.050725134536065,0.050725134536065,4.0
116500.0,1165.0,0.0,,-1.0507251345199835,0.0507251345199837,4.0
116600.0,1166.0,0.0,,-1.050725122191674,0.050725122191674,4.0
116700.0,1167.0,0.0,,-1.0507165142801556,0.0507165142801555,4.0
116900.0,1169.0,0.0,,-1.0506882378493938,0.0506882378493938,4.0
117100.0,1171.0,0.0,,-1.0506867463348726,0.0506867463348725,4.0
117400.0,1174.0,0.0,,-1.0506867385650045,0.0506867385650045,4.0
117500.0,1175.0,0.0,,-1.0506862902826302,0.0506862902826301,4.0
117600.0,1176.0,0.0,,-1.0506840979853909,0.0506840979853908,4.0
117700.0,1177.0,0.0,,-1.0506840274389444,0.0506840274389444,4.0
118100.0,1181.0,0.0,,-1.0506789309014346,0.0506789309014346,4.0
118300.0,1183.0,0.0,,-1.0506785567621462,0.0506785567621461,4.0
118500.0,1185.0,0.0,,-1.0506785086121015,0.0506785086121015,4.0
118700.0,1187.0,0.0,,-1.050678449167943,0.050678449167943,4.0
118900.0,1189.0,0.0,,-1.0506783641977728,0.0506783641977728,4.0
119100.0,1191.0,0.0,,-1.0506782248318454,0.0506782248318453,4.0
119200.0,1192.0,0.0,,-1.0506782024912282,0.0506782024912282,4.0
119300.0,1193.0,0.0,,-1.0506420541611283,0.0506420541611283,4.0
119800.0,1198.0,0.0,,-1.0506417087512834,0.0506417087512833,4.0
119900.0,1199.0,0.0,,-1.0506395592287152,0.0506395592287152,4.0
120000.0,1200.0,0.0,,-1.050636747813985,0.050636747813985,4.0
120200.0,1202.0,0.0,,-1.0506067695301993,0.0506067695301992,4.0
120300.0,1203.0,0.0,,-1.0506064834573,0.0506064834573001,4.0
120400.0,1204.0,0.0,,-1.050564155084934,0.050564155084934,4.0
120700.0,1207.0,0.0,,-1.050561306800114,0.050561306800114,4.0
120800.0,1208.0,0.0,,-1.0505394759259636,0.0505394759259636,4.0
120900.0,1209.0,0.0,,-1.050528150648307,0.050528150648307,4.0
121500.0,1215.0,0.0,,-1.0505279509234895,0.0505279509234897,4.0
121800.0,1218.0,0.0,,-1.0505270357629208,0.0505270357629208,4.0
122100.0,1221.0,0.0,,-1.050507542360381,0.0505075423603806,4.0
122200.0,1222.0,0.0,,-1.050505622702237,0.0505056227022369,4.0
122300.0,1223.0,0.0,,-1.0505049627337488,0.0505049627337488,4.0
122500.0,1225.0,0.0,,-1.0505049571197471,0.0505049571197473,4.0
122700.0,1227.0,0.0,,-1.0505021786208042,0.0505021786208041,4.0
123000.0,1230.0,0.0,,-1.0504914130096026,0.0504914130096025,4.0
123300.0,1233.0,0.0,,-1.0504900740405647,0.0504900740405647,4.0
123500.0,1235.0,0.0,,-1.0504900484496504,0.0504900484496504,4.0
123700.0,1237.0,0.0,,-1.0504898835795318,0.0504898835795317,4.0
123800.0,1238.0,0.0,,-1.05044318371107,0.0504431837110699,4.0
124100.0,1241.0,0.0,,-1.0504399076061404,0.0504399076061403,4.0
124200.0,1242.0,0.0,,-1.0504398663018493,0.0504398663018492,4.0
124300.0,1243.0,0.0,,-1.050433370741548,0.0504333707415478,4.0
124900.0,1249.0,0.0,,-1.0504278959767284,0.0504278959767283,4.0
125100.0,1251.0,0.0,,-1.0504278751487075,0.0504278751487075,4.0
125300.0,1253.0,0.0,,-1.0503746719334168,0.0503746719334168,4.0
125400.0,1254.0,0.0,,-1.0503722031737524,0.0503722031737523,4.0
125700.0,1257.0,0.0,,-1.0503227414069638,0.0503227414069638,4.0
125900.0,1259.0,0.0,,-1.0503227411246951,0.0503227411246951,4.0
126100.0,1261.0,0.0,,-1.0503219813239644,0.0503219813239643,4.0
126200.0,1262.0,0.0,,-1.0503210480144585,0.0503210480144584,4.0
126400.0,1264.0,0.0,,-1.0502542726631106,0.0502542726631105,4.0
126700.0,1267.0,0.0,,-1.0502541663370186,0.0502541663370186,4.0
126800.0,1268.0,0.0,,-1.0502533895045436,0.0502533895045436,4.0
127100.0,1271.0,0.0,,-1.0502456802629443,0.0502456802629442,4.0
127200.0,1272.0,0.0,,-1.0502456234491209,0.0502456234491208,4.0
127300.0,1273.0,0.0,,-1.0502372681979315,0.0502372681979317,4.0
127400.0,1274.0,0.0,,-1.0502369169009942,0.0502369169009941,4.0
127600.0,1276.0,0.0,,-1.050236236735162,0.0502362367351618,4.0
127700.0,1277.0,0.0,,-1.050235634987746,0.0502356349877459,4.0
127900.0,1279.0,0.0,,-1.0502356160888249,0.0502356160888246,4.0
128000.0,1280.0,0.0,,-1.0502356068827248,0.0502356068827247,4.0
128100.0,1281.0,0.0,,-1.0502242895127505,0.0502242895127504,4.0
128500.0,1285.0,0.0,,-1.0502238434441244,0.0502238434441244,4.0
128600.0,1286.0,0.0,,-1.0502229150248783,0.0502229150248785,4.0
128900.0,1289.0,0.0,,-1.050221022118155,0.0502210221181549,4.0
129300.0,1293.0,0.0,,-1.050220932111177,0.050220932111177,4.0
129400.0,1294.0,0.0,,-1.0502076622377343,0.0502076622377345,4.0
129800.0,1298.0,0.0,,-1.0502074948409388,0.0502074948409387,4.0
130200.0,1302.0,0.0,,-1.0501912095702255,0.0501912095702254,4.0
130300.0,1303.0,0.0,,-1.050173890575343,0.050173890575343,4.0
130600.0,1306.0,0.0,,-1.0501726669849036,0.0501726669849036,4.0
130700.0,1307.0,0.0,,-1.0501724099736471,0.0501724099736471,4.0
130800.0,1308.0,0.0,,-1.0501644805829933,0.0501644805829932,4.0
131100.0,1311.0,0.0,,-1.050163513916281,0.050163513916281,4.0
131400.0,1314.0,0.0,,-1.0501633164028925,0.0501633164028925,4.0
131500.0,1315.0,0.0,,-1.050162292020673,0.050162292020673,4.0
131600.0,1316.0,0.0,,-1.0501603434708968,0.0501603434708968,4.0
131800.0,1318.0,0.0,,-1.05015355273836,0.0501535527383598,4.0
132100.0,1321.0,0.0,,-1.050151347547284,0.0501513475472841,4.0
132500.0,1325.0,0.0,,-1.0501512978099306,0.0501512978099305,4.0
132700.0,1327.0,0.0,,-1.0501512515276374,0.0501512515276374,4.0
132800.0,1328.0,0.0,,-1.0501512398987725,0.0501512398987724,4.0
133100.0,1331.0,0.0,,-1.0501511915635513,0.0501511915635513,4.0
133300.0,1333.0,0.0,,-1.050150861951835,0.0501508619518349,4.0
133400.0,1334.0,0.0,,-1.0501508379239224,0.0501508379239223,4.0
133700.0,1337.0,0.0,,-1.0501508364475418,0.0501508364475418,4.0
133900.0,1339.0,0.0,,-1.0501508318216737,0.0501508318216734,4.0
134100.0,1341.0,0.0,,-1.050150830082964,0.050150830082964,4.0
134200.0,1342.0,0.0,,-1.050150828846195,0.0501508288461949,4.0
134500.0,1345.0,0.0,,-1.0501508283556598,0.0501508283556597,4.0
134600.0,1346.0,0.0,,-1.0501508282692424,0.0501508282692424,4.0
134800.0,1348.0,0.0,,-1.0501508282690923,0.0501508282690923,4.0
134900.0,1349.0,0.0,,-1.0501508282473102,0.0501508282473102,4.0
135300.0,1353.0,0.0,,-1.0501508282470802,0.0501508282470801,4.0
135500.0,1355.0,0.0,,-1.0501508282469731,0.0501508282469731,4.0
135600.0,1356.0,0.0,,-1.050150828246864,0.0501508282468639,4.0
136000.0,1360.0,0.0,,-1.050150828246781,0.050150828246781,4.0
136400.0,1364.0,0.0,,-1.0501486619852871,0.0501486619852873,4.0
136500.0,1365.0,0.0,,-1.0501399851792503,0.0501399851792503,4.0
136600.0,1366.0,0.0,,-1.0501258970890797,0.0501258970890796,4.0
136900.0,1369.0,0.0,,-1.0501258925945949,0.0501258925945948,4.0
137000.0,1370.0,0.0,,-1.050124356651008,0.0501243566510078,4.0
137200.0,1372.0,0.0,,-1.05012090373824,0.0501209037382399,4.0
137400.0,1374.0,0.0,,-1.0501209021689106,0.0501209021689106,4.0
137600.0,1376.0,0.0,,-1.050120638433388,0.0501206384333881,4.0
137700.0,1377.0,0.0,,-1.050120572084719,0.050120572084719,4.0
137800.0,1378.0,0.0,,-1.0501163232527075,0.0501163232527075,4.0
138000.0,1380.0,0.0,,-1.0501161226147486,0.0501161226147486,4.0
138200.0,1382.0,0.0,,-1.050114516087738,0.050114516087738,4.0
138300.0,1383.0,0.0,,-1.0501141696060208,0.0501141696060207,4.0
138500.0,1385.0,0.0,,-1.0501141426500342,0.0501141426500342,4.0
138600.0,1386.0,0.0,,-1.0501139381677211,0.0501139381677211,4.0
138800.0,1388.0,0.0,,-1.0501139228853031,0.0501139228853031,4.0
138900.0,1389.0,0.0,,-1.050113861137533,0.0501138611375329,4.0
139000.0,1390.0,0.0,,-1.050113853139966,0.0501138531399658,4.0
139100.0,1391.0,0.0,,-1.0501136166699017,0.0501136166699016,4.0
139300.0,1393.0,0.0,,-1.0501134110059884,0.0501134110059884,4.0
139400.0,1394.0,0.0,,-1.0499285902701856,0.0499285902701855,4.0
139800.0,1398.0,0.0,,-1.0499281710608666,0.0499281710608665,4.0
139900.0,1399.0,0.0,,-1.0499277406019556,0.0499277406019555,4.0
140100.0,1401.0,0.0,,-1.0499276844145358,0.0499276844145357,4.0
140300.0,1403.0,0.0,,-1.0499276842026528,0.0499276842026528,4.0
140500.0,1405.0,0.0,,-1.0499276762725265,0.0499276762725262,4.0
140600.0,1406.0,0.0,,-1.0499276748722863,0.0499276748722863,4.0
140800.0,1408.0,0.0,,-1.0499276722768882,0.0499276722768882,4.0
140900.0,1409.0,0.0,,-1.04992766816631,0.0499276681663101,4.0
141200.0,1412.0,0.0,,-1.049927667900867,0.0499276679008666,4.0
141300.0,1413.0,0.0,,-1.0499276677969938,0.0499276677969937,4.0
141400.0,1414.0,0.0,,-1.049927666236188,0.049927666236188,4.0
141800.0,1418.0,0.0,,-1.049927666154676,0.0499276661546761,4.0
141900.0,1419.0,0.0,,-1.0499276658877703,0.0499276658877705,4.0
142100.0,1421.0,0.0,,-1.049927665660364,0.0499276656603639,4.0
143200.0,1432.0,0.0,,-1.0499276656602323,0.0499276656602325,4.0
143400.0,1434.0,0.0,,-1.0499276656588847,0.0499276656588847,4.0
143600.0,1436.0,0.0,,-1.0499276656588046,0.0499276656588045,4.0
143700.0,1437.0,0.0,,-1.049927665658791,0.049927665658791,4.0
143800.0,1438.0,0.0,,-1.0498727794599154,0.0498727794599154,4.0
144000.0,1440.0,0.0,,-1.0498716806556272,0.0498716806556271,4.0
144100.0,1441.0,0.0,,-1.0498714491633012,0.0498714491633012,4.0
144200.0,1442.0,0.0,,-1.0498698971847604,0.0498698971847604,4.0
144300.0,1443.0,0.0,,-1.049869609623309,0.0498696096233091,4.0
144400.0,1444.0,0.0,,-1.0498673932647986,0.0498673932647986,4.0
144600.0,1446.0,0.0,,-1.0498672790693793,0.0498672790693792,4.0
144900.0,1449.0,0.0,,-1.049853142024963,0.049853142024963,4.0
145000.0,1450.0,0.0,,-1.049830875849493,0.0498308758494929,4.0
145100.0,1451.0,0.0,,-1.0498261106663649,0.0498261106663646,4.0
145300.0,1453.0,0.0,,-1.0498180706513134,0.0498180706513133,4.0
145400.0,1454.0,0.0,,-1.0498114474859497,0.0498114474859494,4.0
145600.0,1456.0,0.0,,-1.04978916934949,0.04978916934949,4.0
145700.0,1457.0,0.0,,-1.0497818682665263,0.0497818682665265,4.0
146100.0,1461.0,0.0,,-1.0497765000366086,0.0497765000366086,4.0
146300.0,1463.0,0.0,,-1.04977620635406,0.0497762063540598,4.0
146400.0,1464.0,0.0,,-1.049776112465287,0.0497761124652866,4.0
146500.0,1465.0,0.0,,-1.0497665571608086,0.0497665571608085,4.0
146600.0,1466.0,0.0,,-1.0497663286245458,0.0497663286245457,4.0
146700.0,1467.0,0.0,,-1.049758154105948,0.0497581541059479,4.0
146800.0,1468.0,0.0,,-1.049718737572196,0.0497187375721961,4.0
146900.0,1469.0,0.0,,-1.0497187371342378,0.0497187371342378,4.0
147100.0,1471.0,0.0,,-1.049693189868064,0.0496931898680641,4.0
147200.0,1472.0,0.0,,-1.0496923159518143,0.0496923159518143,4.0
147400.0,1474.0,0.0,,-1.049691430312491,0.0496914303124906,4.0
147500.0,1475.0,0.0,,-1.0496911616190494,0.0496911616190494,4.0
147600.0,1476.0,0.0,,-1.0496911616190396,0.0496911616190396,4.0
147800.0,1478.0,0.0,,-1.0496911173814458,0.0496911173814458,4.0
147900.0,1479.0,0.0,,-1.048423482503119,0.0484234825031189,4.0
148100.0,1481.0,0.0,,-1.041910755369828,0.0419107553698281,4.0
148200.0,1482.0,0.0,,-1.0405337992739707,0.0405337992739707,4.0
148300.0,1483.0,0.0,,-1.03741307092246,0.03741307092246,4.0
148400.0,1484.0,0.0,,-1.0373991381566705,0.0373991381566705,4.0
148500.0,1485.0,0.0,,-1.0373955407705209,0.0373955407705208,4.0
148800.0,1488.0,0.0,,-1.037394174597985,0.0373941745979851,4.0
148900.0,1489.0,0.0,,-1.0261884620220174,0.0261884620220174,4.0
149400.0,1494.0,0.0,,-1.0253368198059112,0.0253368198059111,4.0
149700.0,1497.0,0.0,,-1.0244126187552782,0.0244126187552782,4.0
150000.0,1500.0,0.0,,-1.0244125856906037,0.0244125856906036,4.0
150100.0,1501.0,0.0,,-1.0232878885650898,0.0232878885650897,4.0
150500.0,1505.0,0.0,,-1.0231712238365052,0.0231712238365051,4.0
150600.0,1506.0,0.0,,-1.023170823827101,0.0231708238271006,4.0
150700.0,1507.0,0.0,,-1.0231046254016158,0.0231046254016158,4.0
151000.0,1510.0,0.0,,-1.0231044988686795,0.0231044988686797,4.0
151400.0,1514.0,0.0,,-1.0230999001476684,0.0230999001476683,4.0
151500.0,1515.0,0.0,,-1.0230885317937466,0.0230885317937465,4.0
151600.0,1516.0,0.0,,-1.0230877700135514,0.0230877700135514,4.0
151700.0,1517.0,0.0,,-1.0230874693177754,0.0230874693177753,4.0
151800.0,1518.0,0.0,,-1.0230795542017614,0.0230795542017614,4.0
151900.0,1519.0,0.0,,-1.0230769416692524,0.0230769416692524,4.0
152000.0,1520.0,0.0,,-1.0230678751595186,0.0230678751595185,4.0
152300.0,1523.0,0.0,,-1.023056251555006,0.0230562515550061,4.0
152400.0,1524.0,0.0,,-1.0230420991116072,0.0230420991116071,4.0
152500.0,1525.0,0.0,,-1.023040289618865,0.023040289618865,4.0
152600.0,1526.0,0.0,,-1.023037256906438,0.0230372569064378,4.0
152700.0,1527.0,0.0,,-1.0228564174876509,0.0228564174876506,4.0
153300.0,1533.0,0.0,,-1.0228552226077767,0.0228552226077767,4.0
153500.0,1535.0,0.0,,-1.0228547277816524,0.0228547277816524,4.0
153700.0,1537.0,0.0,,-1.022854424651032,0.022854424651032,4.0
153900.0,1539.0,0.0,,-1.0228544211596795,0.0228544211596797,4.0
154100.0,1541.0,0.0,,-1.022807826230406,0.0228078262304058,4.0
154300.0,1543.0,0.0,,-1.0228075781054615,0.0228075781054615,4.0
154700.0,1547.0,0.0,,-1.022776219829837,0.0227762198298366,4.0
155200.0,1552.0,0.0,,-1.0227754951948629,0.0227754951948628,4.0
155300.0,1553.0,0.0,,-1.022774238584353,0.022774238584353,4.0
155400.0,1554.0,0.0,,-1.0227702416059126,0.0227702416059125,4.0
155600.0,1556.0,0.0,,-1.0227429597198203,0.0227429597198203,4.0
155900.0,1559.0,0.0,,-1.0227400964123454,0.0227400964123454,4.0
156000.0,1560.0,0.0,,-1.0227330929455327,0.0227330929455327,4.0
156300.0,1563.0,0.0,,-1.022732621979246,0.022732621979246,4.0
156400.0,1564.0,0.0,,-1.0227318284903275,0.0227318284903275,4.0
156500.0,1565.0,0.0,,-1.0227317954541897,0.0227317954541894,4.0
157000.0,1570.0,0.0,,-1.0227317433588348,0.0227317433588347,4.0
157300.0,1573.0,0.0,,-1.0227316327781912,0.0227316327781912,4.0
157600.0,1576.0,0.0,,-1.0227316170050875,0.0227316170050875,4.0
157700.0,1577.0,0.0,,-1.022731593503938,0.022731593503938,4.0
158000.0,1580.0,0.0,,-1.022731591184981,0.022731591184981,4.0
158100.0,1581.0,0.0,,-1.0227315582802838,0.0227315582802838,4.0
158300.0,1583.0,0.0,,-1.022731556358074,0.0227315563580738,4.0
158400.0,1584.0,0.0,,-1.0227315405724988,0.0227315405724988,4.0
158700.0,1587.0,0.0,,-1.022731540094304,0.022731540094304,4.0
158800.0,1588.0,0.0,,-1.0227315400050114,0.0227315400050114,4.0
158900.0,1589.0,0.0,,-1.022666433565734,0.022666433565734,4.0
159600.0,1596.0,0.0,,-1.0226653602043605,0.0226653602043602,4.0
159700.0,1597.0,0.0,,-1.0226651807453522,0.0226651807453521,4.0
160000.0,1600.0,0.0,,-1.0226651641588662,0.0226651641588662,4.0
160100.0,1601.0,0.0,,-1.022665158415176,0.022665158415176,4.0
160300.0,1603.0,0.0,,-1.0226651555321682,0.0226651555321681,4.0
160400.0,1604.0,0.0,,-1.0226651485886815,0.0226651485886817,4.0
160500.0,1605.0,0.0,,-1.022610006870398,0.022610006870398,4.0
160600.0,1606.0,0.0,,-1.022609107163037,0.0226091071630369,4.0
160800.0,1608.0,0.0,,-1.0226090206899616,0.0226090206899616,4.0
161200.0,1612.0,0.0,,-1.0226088360553658,0.0226088360553657,4.0
161400.0,1614.0,0.0,,-1.0226079884920891,0.0226079884920893,4.0
161700.0,1617.0,0.0,,-1.0226077958191149,0.0226077958191146,4.0
161800.0,1618.0,0.0,,-1.0226077404833658,0.0226077404833657,4.0
162000.0,1620.0,0.0,,-1.0225658846058614,0.0225658846058613,4.0
162100.0,1621.0,0.0,,-1.0225658820283052,0.0225658820283052,4.0
162300.0,1623.0,0.0,,-1.0225605178894743,0.0225605178894743,4.0
162400.0,1624.0,0.0,,-1.0225588648820785,0.0225588648820784,4.0
162500.0,1625.0,0.0,,-1.0225567974194405,0.0225567974194405,4.0
162600.0,1626.0,0.0,,-1.0225561824306673,0.0225561824306672,4.0
162700.0,1627.0,0.0,,-1.02255611595357,0.0225561159535698,4.0
162800.0,1628.0,0.0,,-1.0225559147413386,0.0225559147413385,4.0
162900.0,1629.0,0.0,,-1.0225548313142272,0.0225548313142271,4.0
163200.0,1632.0,0.0,,-1.0225469444161974,0.0225469444161974,4.0
163400.0,1634.0,0.0,,-1.022546399866516,0.0225463998665158,4.0
163500.0,1635.0,0.0,,-1.0225463037035052,0.0225463037035051,4.0
163800.0,1638.0,0.0,,-1.0225416139894248,0.0225416139894247,4.0
164000.0,1640.0,0.0,,-1.0225416088714523,0.0225416088714522,4.0
164100.0,1641.0,0.0,,-1.0225403593431457,0.0225403593431454,4.0
164200.0,1642.0,0.0,,-1.0225403583614256,0.0225403583614256,4.0
164300.0,1643.0,0.0,,-1.0225396963047568,0.0225396963047568,4.0
164400.0,1644.0,0.0,,-1.022539375574716,0.022539375574716,4.0
164600.0,1646.0,0.0,,-1.0225393033392127,0.0225393033392127,4.0
164800.0,1648.0,0.0,,-1.022539220383812,0.0225392203838119,4.0
164900.0,1649.0,0.0,,-1.0225391377481372,0.0225391377481372,4.0
165000.0,1650.0,0.0,,-1.022539136922609,0.0225391369226088,4.0
165200.0,1652.0,0.0,,-1.0225390745756813,0.0225390745756812,4.0
165300.0,1653.0,0.0,,-1.0225309351422682,0.0225309351422682,4.0
165900.0,1659.0,0.0,,-1.022529083837972,0.0225290838379721,4.0
166000.0,1660.0,0.0,,-1.0225261918011963,0.0225261918011963,4.0
166100.0,1661.0,0.0,,-1.0225201492345306,0.0225201492345306,4.0
166400.0,1664.0,0.0,,-1.0225092135363492,0.0225092135363491,4.0
166600.0,1666.0,0.0,,-1.0225088339834538,0.0225088339834538,4.0
166700.0,1667.0,0.0,,-1.022503649428583,0.022503649428583,4.0
166800.0,1668.0,0.0,,-1.0224897375662547,0.0224897375662547,4.0
166900.0,1669.0,0.0,,-1.022472072197658,0.0224720721976579,4.0
167200.0,1672.0,0.0,,-1.0224701885458929,0.0224701885458928,4.0
167300.0,1673.0,0.0,,-1.0224699998136146,0.0224699998136146,4.0
167600.0,1676.0,0.0,,-1.022466378656365,0.022466378656365,4.0
167700.0,1677.0,0.0,,-1.0224651413229713,0.0224651413229712,4.0
168000.0,1680.0,0.0,,-1.022464961632342,0.022464961632342,4.0
168100.0,1681.0,0.0,,-1.022464284990029,0.0224642849900289,4.0
168200.0,1682.0,0.0,,-1.0224575353277738,0.0224575353277738,4.0
168400.0,1684.0,0.0,,-1.0224468850623258,0.0224468850623258,4.0
168500.0,1685.0,0.0,,-1.022446879434006,0.022446879434006,4.0
168700.0,1687.0,0.0,,-1.0224468660091257,0.0224468660091257,4.0
168900.0,1689.0,0.0,,-1.0224463076205752,0.0224463076205752,4.0
169000.0,1690.0,0.0,,-1.0224385187466078,0.0224385187466078,4.0
169500.0,1695.0,0.0,,-1.022437651473188,0.0224376514731878,4.0
169600.0,1696.0,0.0,,-1.02243739740104,0.0224373974010401,4.0
169800.0,1698.0,0.0,,-1.0224367649818176,0.0224367649818175,4.0
169900.0,1699.0,0.0,,-1.0224364919931657,0.0224364919931656,4.0
170000.0,1700.0,0.0,,-1.0224354181650812,0.0224354181650812,4.0
170100.0,1701.0,0.0,,-1.022435003594795,0.0224350035947951,4.0
170400.0,1704.0,0.0,,-1.0224349999943307,0.0224349999943307,4.0
170600.0,1706.0,0.0,,-1.0224348588156826,0.0224348588156826,4.0
170800.0,1708.0,0.0,,-1.0224348345319008,0.0224348345319007,4.0
170900.0,1709.0,0.0,,-1.0224266715904309,0.0224266715904306,4.0
171300.0,1713.0,0.0,,-1.0224265100560064,0.0224265100560063,4.0
171400.0,1714.0,0.0,,-1.0224265059606112,0.0224265059606112,4.0
171500.0,1715.0,0.0,,-1.0224263631261978,0.0224263631261978,4.0
171800.0,1718.0,0.0,,-1.0224263631041604,0.0224263631041603,4.0
172000.0,1720.0,0.0,,-1.0224263629764083,0.0224263629764085,4.0
172100.0,1721.0,0.0,,-1.0224255348762368,0.0224255348762367,4.0
172200.0,1722.0,0.0,,-1.0224254250667706,0.0224254250667705,4.0
172300.0,1723.0,0.0,,-1.022425413051122,0.0224254130511221,4.0
172400.0,1724.0,0.0,,-1.0224196989965346,0.0224196989965346,4.0
172600.0,1726.0,0.0,,-1.0224195199170871,0.0224195199170873,4.0
172900.0,1729.0,0.0,,-1.022418140376003,0.0224181403760033,4.0
173000.0,1730.0,0.0,,-1.0224167942588582,0.0224167942588582,4.0
173100.0,1731.0,0.0,,-1.0224167198579936,0.0224167198579936,4.0
173200.0,1732.0,0.0,,-1.0224167166555864,0.0224167166555864,4.0
173400.0,1734.0,0.0,,-1.0224166998269093,0.0224166998269093,4.0
173600.0,1736.0,0.0,,-1.022414802097512,0.0224148020975121,4.0
174000.0,1740.0,0.0,,-1.0224030203901997,0.0224030203901997,4.0
174200.0,1742.0,0.0,,-1.022402965759107,0.0224029657591069,4.0
174300.0,1743.0,0.0,,-1.0224017804729,0.0224017804728999,4.0
174500.0,1745.0,0.0,,-1.0224001439791142,0.0224001439791141,4.0
174700.0,1747.0,0.0,,-1.022387777837636,0.022387777837636,4.0
175100.0,1751.0,0.0,,-1.0223862782506938,0.0223862782506938,4.0
175200.0,1752.0,0.0,,-1.0223854523103022,0.0223854523103022,4.0
175300.0,1753.0,0.0,,-1.0223852859850435,0.0223852859850437,4.0
175400.0,1754.0,0.0,,-1.0223842754068055,0.0223842754068055,4.0
175500.0,1755.0,0.0,,-1.0223828924463167,0.0223828924463167,4.0
175800.0,1758.0,0.0,,-1.0223828075899677,0.0223828075899676,4.0
176000.0,1760.0,0.0,,-1.0223787823864967,0.0223787823864967,4.0
176100.0,1761.0,0.0,,-1.0223786635899448,0.0223786635899447,4.0
176300.0,1763.0,0.0,,-1.022377846596738,0.0223778465967379,4.0
176400.0,1764.0,0.0,,-1.0223777381807575,0.0223777381807577,4.0
176500.0,1765.0,0.0,,-1.0223775638923407,0.0223775638923406,4.0
176600.0,1766.0,0.0,,-1.0223774584730083,0.0223774584730085,4.0
176700.0,1767.0,0.0,,-1.0223766565747023,0.0223766565747023,4.0
176800.0,1768.0,0.0,,-1.022375571842686,0.0223755718426859,4.0
177000.0,1770.0,0.0,,-1.022375299587018,0.0223752995870178,4.0
177200.0,1772.0,0.0,,-1.0223752478571724,0.0223752478571723,4.0
177400.0,1774.0,0.0,,-1.0223751092904672,0.0223751092904671,4.0
177500.0,1775.0,0.0,,-1.022375019385779,0.022375019385779,4.0
177600.0,1776.0,0.0,,-1.0223750191716048,0.0223750191716047,4.0
177700.0,1777.0,0.0,,-1.0223749557915414,0.0223749557915413,4.0
177800.0,1778.0,0.0,,-1.022374911844353,0.022374911844353,4.0
177900.0,1779.0,0.0,,-1.0223748392675964,0.0223748392675964,4.0
178000.0,1780.0,0.0,,-1.0223745750342572,0.0223745750342572,4.0
178100.0,1781.0,0.0,,-1.0223738629183987,0.0223738629183987,4.0
178400.0,1784.0,0.0,,-1.0223737381656892,0.0223737381656892,4.0
178600.0,1786.0,0.0,,-1.0223728795500862,0.0223728795500861,4.0
179100.0,1791.0,0.0,,-1.022372434259884,0.0223724342598841,4.0
179300.0,1793.0,0.0,,-1.022372136076125,0.0223721360761253,4.0
179600.0,1796.0,0.0,,-1.0223721270060706,0.0223721270060706,4.0
180200.0,1802.0,0.0,,-1.022372117235632,0.0223721172356319,4.0
180500.0,1805.0,0.0,,-1.0223480639341251,0.0223480639341251,4.0
180800.0,1808.0,0.0,,-1.0223480637033937,0.0223480637033934,4.0
180900.0,1809.0,0.0,,-1.022336805683847,0.0223368056838471,4.0
181400.0,1814.0,0.0,,-1.0223314740631528,0.0223314740631528,4.0
181500.0,1815.0,0.0,,-1.022331419597352,0.022331419597352,4.0
181600.0,1816.0,0.0,,-1.022331417307872,0.0223314173078719,4.0
181900.0,1819.0,0.0,,-1.0223314159679353,0.0223314159679353,4.0
182000.0,1820.0,0.0,,-1.0223314106610064,0.0223314106610064,4.0
182200.0,1822.0,0.0,,-1.022331410337786,0.022331410337786,4.0
182300.0,1823.0,0.0,,-1.0223314014884124,0.0223314014884123,4.0
183000.0,1830.0,0.0,,-1.0223314012427118,0.0223314012427118,4.0
183200.0,1832.0,0.0,,-1.0223314011991973,0.0223314011991973,4.0
183300.0,1833.0,0.0,,-1.0223314011604303,0.0223314011604305,4.0
183400.0,1834.0,0.0,,-1.0223314009802,0.0223314009802,4.0
183500.0,1835.0,0.0,,-1.0222878746182755,0.0222878746182757,4.0
184100.0,1841.0,0.0,,-1.0222847366349128,0.0222847366349128,4.0
184300.0,1843.0,0.0,,-1.022283217765636,0.022283217765636,4.0
184600.0,1846.0,0.0,,-1.0222812045770977,0.0222812045770977,4.0
184800.0,1848.0,0.0,,-1.0222812028542572,0.0222812028542571,4.0
185000.0,1850.0,0.0,,-1.0222811755820005,0.0222811755820004,4.0
185200.0,1852.0,0.0,,-1.0222811743171891,0.0222811743171893,4.0
185300.0,1853.0,0.0,,-1.0222811464528954,0.0222811464528953,4.0
185400.0,1854.0,0.0,,-1.022281126273885,0.0222811262738849,4.0
185600.0,1856.0,0.0,,-1.0222811082760264,0.0222811082760263,4.0
185700.0,1857.0,0.0,,-1.0222811072654396,0.0222811072654396,4.0
185800.0,1858.0,0.0,,-1.022281104373401,0.022281104373401,4.0
185900.0,1859.0,0.0,,-1.0222792793625812,0.0222792793625812,4.0
186000.0,1860.0,0.0,,-1.0222792790627917,0.0222792790627914,4.0
186200.0,1862.0,0.0,,-1.0222790840063474,0.0222790840063473,4.0
186300.0,1863.0,0.0,,-1.022278849557648,0.022278849557648,4.0
186500.0,1865.0,0.0,,-1.0222785866742097,0.0222785866742094,4.0
186600.0,1866.0,0.0,,-1.0222785487700787,0.0222785487700787,4.0
187000.0,1870.0,0.0,,-1.0222785109384798,0.0222785109384797,4.0
187200.0,1872.0,0.0,,-1.0222785070906548,0.0222785070906548,4.0
187300.0,1873.0,0.0,,-1.0222785045611866,0.0222785045611866,4.0
187400.0,1874.0,0.0,,-1.022278504378262,0.022278504378262,4.0
187500.0,1875.0,0.0,,-1.022278488417192,0.022278488417192,4.0
187600.0,1876.0,0.0,,-1.0222509995034863,0.0222509995034863,4.0
188000.0,1880.0,0.0,,-1.0222509842050729,0.0222509842050728,4.0
188200.0,1882.0,0.0,,-1.022250979980856,0.0222509799808561,4.0
188500.0,1885.0,0.0,,-1.0222415362375437,0.0222415362375436,4.0
188600.0,1886.0,0.0,,-1.022241463296176,0.022241463296176,4.0
188700.0,1887.0,0.0,,-1.0222412931982614,0.0222412931982614,4.0
188900.0,1889.0,0.0,,-1.0222398545440408,0.0222398545440407,4.0
189200.0,1892.0,0.0,,-1.022239852350863,0.0222398523508629,4.0
189500.0,1895.0,0.0,,-1.0222398372099653,0.0222398372099652,4.0
189600.0,1896.0,0.0,,-1.0222389334030275,0.0222389334030275,4.0
190000.0,1900.0,0.0,,-1.022238322611425,0.0222383226114251,4.0
190200.0,1902.0,0.0,,-1.0222382254750186,0.0222382254750186,4.0
190300.0,1903.0,0.0,,-1.0222380363361994,0.0222380363361993,4.0
190400.0,1904.0,0.0,,-1.0222380328565426,0.0222380328565425,4.0
190500.0,1905.0,0.0,,-1.0222372102279729,0.0222372102279728,4.0
190600.0,1906.0,0.0,,-1.022236522114394,0.0222365221143938,4.0
191000.0,1910.0,0.0,,-1.022236385720274,0.0222363857202738,4.0
191400.0,1914.0,0.0,,-1.0222363733265254,0.0222363733265253,4.0
191700.0,1917.0,0.0,,-1.022236370176641,0.022236370176641,4.0
191800.0,1918.0,0.0,,-1.0222363698148949,0.0222363698148948,4.0
192000.0,1920.0,0.0,,-1.0222363687500124,0.0222363687500124,4.0
192100.0,1921.0,0.0,,-1.0222363636406506,0.0222363636406506,4.0
192200.0,1922.0,0.0,,-1.0222363627594528,0.0222363627594528,4.0
192300.0,1923.0,0.0,,-1.0222363574620748,0.0222363574620747,4.0
192500.0,1925.0,0.0,,-1.0222363546659443,0.0222363546659445,4.0
192600.0,1926.0,0.0,,-1.0222363521456852,0.0222363521456852,4.0
192800.0,1928.0,0.0,,-1.0222363521161957,0.0222363521161956,4.0
193000.0,1930.0,0.0,,-1.0222363498846851,0.0222363498846851,4.0
193200.0,1932.0,0.0,,-1.022236349405825,0.022236349405825,4.0
193300.0,1933.0,0.0,,-1.0222363488919572,0.0222363488919572,4.0
193400.0,1934.0,0.0,,-1.022236348866221,0.0222363488662209,4.0
193600.0,1936.0,0.0,,-1.022236348759132,0.0222363487591319,4.0
193700.0,1937.0,0.0,,-1.0222363482644186,0.0222363482644185,4.0
193800.0,1938.0,0.0,,-1.0222363479936465,0.0222363479936462,4.0
193900.0,1939.0,0.0,,-1.0222363478897738,0.0222363478897738,4.0
194000.0,1940.0,0.0,,-1.02223634778794,0.0222363477879401,4.0
194100.0,1941.0,0.0,,-1.0222363472752762,0.0222363472752762,4.0
194400.0,1944.0,0.0,,-1.0222363471960416,0.0222363471960416,4.0
194500.0,1945.0,0.0,,-1.0222363470886826,0.0222363470886826,4.0
194600.0,1946.0,0.0,,-1.022236347068103,0.022236347068103,4.0
194700.0,1947.0,0.0,,-1.0222363470542617,0.0222363470542616,4.0
194800.0,1948.0,0.0,,-1.0222363469707938,0.0222363469707937,4.0
194900.0,1949.0,0.0,,-1.022236346951137,0.022236346951137,4.0
195200.0,1952.0,0.0,,-1.0222363468255262,0.0222363468255262,4.0
195400.0,1954.0,0.0,,-1.0222358426878555,0.0222358426878555,4.0
195500.0,1955.0,0.0,,-1.022235842665491,0.0222358426654909,4.0
195800.0,1958.0,0.0,,-1.022233261053006,0.022233261053006,4.0
196400.0,1964.0,0.0,,-1.0222332587837375,0.0222332587837377,4.0
196500.0,1965.0,0.0,,-1.022232827996422,0.0222328279964221,4.0
196700.0,1967.0,0.0,,-1.0222328034757344,0.0222328034757344,4.0
196800.0,1968.0,0.0,,-1.0222327510029987,0.0222327510029987,4.0
197000.0,1970.0,0.0,,-1.0222327405829132,0.0222327405829132,4.0
197100.0,1971.0,0.0,,-1.022232736563425,0.0222327365634249,4.0
197300.0,1973.0,0.0,,-1.0221781506341692,0.0221781506341691,4.0
197500.0,1975.0,0.0,,-1.0221781506280974,0.0221781506280973,4.0
197700.0,1977.0,0.0,,-1.0221781505802463,0.0221781505802463,4.0
197900.0,1979.0,0.0,,-1.0221561823576844,0.0221561823576843,4.0
198000.0,1980.0,0.0,,-1.0221491450988207,0.0221491450988207,4.0
198100.0,1981.0,0.0,,-1.0221491360722073,0.0221491360722072,4.0
198200.0,1982.0,0.0,,-1.022148540028468,0.022148540028468,4.0
198400.0,1984.0,0.0,,-1.0221481683248947,0.0221481683248947,4.0
198600.0,1986.0,0.0,,-1.0221480041048423,0.0221480041048425,4.0
198900.0,1989.0,0.0,,-1.022147994410788,0.022147994410788,4.0
199100.0,1991.0,0.0,,-1.0221479901897228,0.0221479901897228,4.0
199200.0,1992.0,0.0,,-1.02214798818635,0.02214798818635,4.0
199300.0,1993.0,0.0,,-1.0221478765986751,0.0221478765986751,4.0
199400.0,1994.0,0.0,,-1.0221478244745514,0.0221478244745514,4.0
199600.0,1996.0,0.0,,-1.0221476448956963,0.0221476448956965,4.0
199700.0,1997.0,0.0,,-1.022147644617356,0.022147644617356,4.0
199900.0,1999.0,0.0,,-1.0221476426669114,0.0221476426669113,4.0
200000.0,2000.0,0.0,,-1.022147544227423,0.022147544227423,4.0
200300.0,2003.0,0.0,,-1.0221475437225414,0.0221475437225413,4.0
200400.0,2004.0,0.0,,-1.0221475435617162,0.0221475435617162,4.0
200500.0,2005.0,0.0,,-1.0221473943814867,0.0221473943814867,4.0
200600.0,2006.0,0.0,,-1.0221472355390169,0.0221472355390168,4.0
200800.0,2008.0,0.0,,-1.0221472035903725,0.0221472035903724,4.0
200900.0,2009.0,0.0,,-1.022147072083907,0.0221470720839069,4.0
201000.0,2010.0,0.0,,-1.022146925575923,0.022146925575923,4.0
201600.0,2016.0,0.0,,-1.0221468868709092,0.0221468868709091,4.0
201700.0,2017.0,0.0,,-1.0221468868709078,0.0221468868709078,4.0
201800.0,2018.0,0.0,,-1.0221468863305236,0.0221468863305236,4.0
201900.0,2019.0,0.0,,-1.0221468802977554,0.0221468802977553,4.0
202000.0,2020.0,0.0,,-1.022146872702983,0.0221468727029829,4.0
202100.0,2021.0,0.0,,-1.022146872605074,0.0221468726050739,4.0
202200.0,2022.0,0.0,,-1.022146853931892,0.022146853931892,4.0
202700.0,2027.0,0.0,,-1.0221177386108204,0.0221177386108204,4.0
203200.0,2032.0,0.0,,-1.0221158330862337,0.0221158330862336,4.0
203300.0,2033.0,0.0,,-1.0221027591168144,0.0221027591168143,4.0
203800.0,2038.0,0.0,,-1.0221027498401771,0.0221027498401773,4.0
204000.0,2040.0,0.0,,-1.02210254911063,0.0221025491106301,4.0
204100.0,2041.0,0.0,,-1.022102532578413,0.0221025325784129,4.0
204200.0,2042.0,0.0,,-1.0221024280474098,0.0221024280474098,4.0
204300.0,2043.0,0.0,,-1.022101936598021,0.022101936598021,4.0
204600.0,2046.0,0.0,,-1.0221019038390096,0.0221019038390095,4.0
204800.0,2048.0,0.0,,-1.0221018294361637,0.0221018294361634,4.0
204900.0,2049.0,0.0,,-1.022101752459552,0.0221017524595519,4.0
205200.0,2052.0,0.0,,-1.0221016916730197,0.0221016916730196,4.0
205300.0,2053.0,0.0,,-1.022101616253602,0.0221016162536018,4.0
205400.0,2054.0,0.0,,-1.0220705095540106,0.0220705095540105,4.0
205500.0,2055.0,0.0,,-1.0220703684986343,0.0220703684986345,4.0
205700.0,2057.0,0.0,,-1.0220605004944614,0.0220605004944614,4.0
205800.0,2058.0,0.0,,-1.0219904968204327,0.0219904968204327,4.0
205900.0,2059.0,0.0,,-1.0219703269982938,0.0219703269982938,4.0
206000.0,2060.0,0.0,,-1.021966994878794,0.0219669948787939,4.0
206100.0,2061.0,0.0,,-1.0219574138884613,0.0219574138884612,4.0
206200.0,2062.0,0.0,,-1.021947310150478,0.0219473101504781,4.0
206300.0,2063.0,0.0,,-1.0219466907363914,0.0219466907363914,4.0
206400.0,2064.0,0.0,,-1.0217998600888882,0.0217998600888882,4.0
206700.0,2067.0,0.0,,-1.0217997544580757,0.0217997544580754,4.0
206800.0,2068.0,0.0,,-1.0217817792370831,0.0217817792370831,4.0
207100.0,2071.0,0.0,,-1.0217162858483508,0.0217162858483508,4.0
207200.0,2072.0,0.0,,-1.0217160326201462,0.0217160326201462,4.0
207400.0,2074.0,0.0,,-1.0217131975448457,0.0217131975448456,4.0
207500.0,2075.0,0.0,,-1.021713127523714,0.0217131275237139,4.0
207800.0,2078.0,0.0,,-1.021712684436435,0.021712684436435,4.0
208000.0,2080.0,0.0,,-1.0217126074461127,0.0217126074461126,4.0
208500.0,2085.0,0.0,,-1.0217125096244348,0.0217125096244348,4.0
208600.0,2086.0,0.0,,-1.0217123615393964,0.0217123615393963,4.0
208800.0,2088.0,0.0,,-1.0217120929496952,0.0217120929496952,4.0
208900.0,2089.0,0.0,,-1.0217120909875397,0.0217120909875394,4.0
209000.0,2090.0,0.0,,-1.0217120863436524,0.0217120863436524,4.0
209100.0,2091.0,0.0,,-1.0217120066288865,0.0217120066288862,4.0
209200.0,2092.0,0.0,,-1.0217119975376143,0.0217119975376145,4.0
209300.0,2093.0,0.0,,-1.0217119710982263,0.0217119710982263,4.0
209400.0,2094.0,0.0,,-1.0217119461761683,0.0217119461761683,4.0
209500.0,2095.0,0.0,,-1.0217118711271675,0.0217118711271675,4.0
209700.0,2097.0,0.0,,-1.021711840603159,0.0217118406031586,4.0
210000.0,2100.0,0.0,,-1.02171182674409,0.0217118267440901,4.0
210300.0,2103.0,0.0,,-1.0217118210326472,0.0217118210326472,4.0
210500.0,2105.0,0.0,,-1.021711814683412,0.0217118146834121,4.0
210600.0,2106.0,0.0,,-1.0217118142111676,0.0217118142111676,4.0
210800.0,2108.0,0.0,,-1.0217118101934164,0.0217118101934163,4.0
210900.0,2109.0,0.0,,-1.0217118048270273,0.0217118048270272,4.0
211000.0,2110.0,0.0,,-1.0217118042582651,0.0217118042582651,4.0
211200.0,2112.0,0.0,,-1.021711800989862,0.021711800989862,4.0
211300.0,2113.0,0.0,,-1.0217118009438706,0.0217118009438705,4.0
211400.0,2114.0,0.0,,-1.021711800422204,0.0217118004222041,4.0
211600.0,2116.0,0.0,,-1.0217117997765932,0.0217117997765932,4.0
211800.0,2118.0,0.0,,-1.021711798037601,0.0217117980376009,4.0
212000.0,2120.0,0.0,,-1.0217117975075578,0.0217117975075578,4.0
212100.0,2121.0,0.0,,-1.0217117969006793,0.0217117969006792,4.0
212200.0,2122.0,0.0,,-1.0217117964713944,0.0217117964713944,4.0
212400.0,2124.0,0.0,,-1.0217117956193076,0.0217117956193075,4.0
212600.0,2126.0,0.0,,-1.0217115287062728,0.0217115287062727,4.0
212700.0,2127.0,0.0,,-1.0217115249952238,0.0217115249952237,4.0
213100.0,2131.0,0.0,,-1.0217115234926637,0.0217115234926636,4.0
213200.0,2132.0,0.0,,-1.0217115223643845,0.0217115223643844,4.0
213400.0,2134.0,0.0,,-1.0217115217921553,0.0217115217921552,4.0
213500.0,2135.0,0.0,,-1.0217115166463224,0.0217115166463224,4.0
214000.0,2140.0,0.0,,-1.021711516466086,0.0217115164660859,4.0
214100.0,2141.0,0.0,,-1.0217115164659187,0.0217115164659187,4.0
214300.0,2143.0,0.0,,-1.0217115161051282,0.0217115161051282,4.0
214400.0,2144.0,0.0,,-1.0216825317114004,0.0216825317114004,4.0
214500.0,2145.0,0.0,,-1.021655241711797,0.021655241711797,4.0
214800.0,2148.0,0.0,,-1.0216522825194336,0.0216522825194336,4.0
215000.0,2150.0,0.0,,-1.0216513033967334,0.0216513033967333,4.0
215100.0,2151.0,0.0,,-1.0216512922548209,0.0216512922548208,4.0
215200.0,2152.0,0.0,,-1.021651292247714,0.0216512922477141,4.0
215300.0,2153.0,0.0,,-1.0216512727298812,0.0216512727298812,4.0
215400.0,2154.0,0.0,,-1.0216512726903912,0.0216512726903912,4.0
215600.0,2156.0,0.0,,-1.021606236790403,0.021606236790403,4.0
215800.0,2158.0,0.0,,-1.0216062261724217,0.0216062261724214,4.0
216200.0,2162.0,0.0,,-1.0216031685941087,0.0216031685941087,4.0
216300.0,2163.0,0.0,,-1.0216021246786156,0.0216021246786155,4.0
216400.0,2164.0,0.0,,-1.021602091227346,0.021602091227346,4.0
216800.0,2168.0,0.0,,-1.0216020510056811,0.0216020510056811,4.0
217100.0,2171.0,0.0,,-1.0216020499225569,0.0216020499225566,4.0
217200.0,2172.0,0.0,,-1.0216020067396576,0.0216020067396576,4.0
217300.0,2173.0,0.0,,-1.0216019899631994,0.0216019899631993,4.0
217500.0,2175.0,0.0,,-1.0216019733727886,0.0216019733727885,4.0
217700.0,2177.0,0.0,,-1.0216019300402344,0.0216019300402343,4.0
218000.0,2180.0,0.0,,-1.02160191908652,0.0216019190865199,4.0
218300.0,2183.0,0.0,,-1.021601909676967,0.021601909676967,4.0
218500.0,2185.0,0.0,,-1.0216017972185594,0.0216017972185593,4.0
218600.0,2186.0,0.0,,-1.0216017816792118,0.0216017816792117,4.0
219100.0,2191.0,0.0,,-1.0216017815373883,0.0216017815373883,4.0
219200.0,2192.0,0.0,,-1.0216017769487526,0.0216017769487526,4.0
219300.0,2193.0,0.0,,-1.021601776889104,0.0216017768891039,4.0
219500.0,2195.0,0.0,,-1.021601771373514,0.0216017713735139,4.0
219900.0,2199.0,0.0,,-1.021601771364063,0.021601771364063,4.0
220100.0,2201.0,0.0,,-1.02160176986534,0.0216017698653401,4.0
220400.0,2204.0,0.0,,-1.0216017690126848,0.0216017690126848,4.0
220800.0,2208.0,0.0,,-1.021601768895449,0.021601768895449,4.0
221000.0,2210.0,0.0,,-1.0216017685183352,0.0216017685183351,4.0
221100.0,2211.0,0.0,,-1.021601768503528,0.0216017685035279,4.0
221500.0,2215.0,0.0,,-1.0216017684658922,0.0216017684658922,4.0
221600.0,2216.0,0.0,,-1.0216017683556864,0.0216017683556863,4.0
221700.0,2217.0,0.0,,-1.0216017683521084,0.0216017683521083,4.0
221800.0,2218.0,0.0,,-1.0215624344997931,0.0215624344997931,4.0
222000.0,2220.0,0.0,,-1.0215609734331736,0.0215609734331736,4.0
222300.0,2223.0,0.0,,-1.0215604082744596,0.0215604082744595,4.0
222500.0,2225.0,0.0,,-1.0215602531818937,0.0215602531818934,4.0
222600.0,2226.0,0.0,,-1.021560252527509,0.0215602525275089,4.0
222700.0,2227.0,0.0,,-1.021560252509013,0.021560252509013,4.0
222800.0,2228.0,0.0,,-1.021550461039918,0.0215504610399179,4.0
223000.0,2230.0,0.0,,-1.0215471522329558,0.0215471522329557,4.0
223100.0,2231.0,0.0,,-1.0215467454333025,0.0215467454333022,4.0
223300.0,2233.0,0.0,,-1.021546436884586,0.0215464368845859,4.0
223500.0,2235.0,0.0,,-1.0215462964390385,0.0215462964390384,4.0
223600.0,2236.0,0.0,,-1.0215460933003593,0.0215460933003592,4.0
224200.0,2242.0,0.0,,-1.0215459077561824,0.0215459077561823,4.0
224400.0,2244.0,0.0,,-1.0215458769960184,0.0215458769960183,4.0
224600.0,2246.0,0.0,,-1.0215458738039516,0.0215458738039515,4.0
224800.0,2248.0,0.0,,-1.0215458680948757,0.0215458680948756,4.0
224900.0,2249.0,0.0,,-1.021545858680227,0.021545858680227,4.0
225000.0,2250.0,0.0,,-1.0215458496059464,0.0215458496059464,4.0
225500.0,2255.0,0.0,,-1.021545848672871,0.021545848672871,4.0
225600.0,2256.0,0.0,,-1.0215389018496783,0.0215389018496783,4.0
225900.0,2259.0,0.0,,-1.021537652481765,0.0215376524817649,4.0
226200.0,2262.0,0.0,,-1.0215355920628308,0.0215355920628308,4.0
226600.0,2266.0,0.0,,-1.0215351276776048,0.0215351276776047,4.0
227000.0,2270.0,0.0,,-1.021534278136006,0.0215342781360059,4.0
227200.0,2272.0,0.0,,-1.0215333067284844,0.0215333067284844,4.0
227500.0,2275.0,0.0,,-1.021533300079253,0.021533300079253,4.0
227600.0,2276.0,0.0,,-1.0215332109799833,0.0215332109799832,4.0
227700.0,2277.0,0.0,,-1.0215331598316917,0.0215331598316914,4.0
227900.0,2279.0,0.0,,-1.021532800674415,0.021532800674415,4.0
228100.0,2281.0,0.0,,-1.0215327476861673,0.0215327476861673,4.0
228600.0,2286.0,0.0,,-1.0215327352619707,0.0215327352619707,4.0
228700.0,2287.0,0.0,,-1.021423446542599,0.021423446542599,4.0
228900.0,2289.0,0.0,,-1.021417498850097,0.021417498850097,4.0
229100.0,2291.0,0.0,,-1.0214174988500055,0.0214174988500055,4.0
229400.0,2294.0,0.0,,-1.02141739080984,0.02141739080984,4.0
229600.0,2296.0,0.0,,-1.0214173632060288,0.0214173632060288,4.0
230300.0,2303.0,0.0,,-1.0214173631764247,0.0214173631764247,4.0
230400.0,2304.0,0.0,,-1.0214173618953286,0.0214173618953286,4.0
230500.0,2305.0,0.0,,-1.021417361549218,0.0214173615492179,4.0
230900.0,2309.0,0.0,,-1.0214173615417668,0.0214173615417667,4.0
231200.0,2312.0,0.0,,-1.0214173612266113,0.0214173612266113,4.0
231300.0,2313.0,0.0,,-1.0214173611044284,0.0214173611044283,4.0
231400.0,2314.0,0.0,,-1.0214173609598245,0.0214173609598242,4.0
231600.0,2316.0,0.0,,-1.0214173609587085,0.0214173609587084,4.0
231900.0,2319.0,0.0,,-1.021417360958411,0.0214173609584109,4.0
232000.0,2320.0,0.0,,-1.021417360958325,0.021417360958325,4.0
232100.0,2321.0,0.0,,-1.0214173609558077,0.0214173609558074,4.0
232300.0,2323.0,0.0,,-1.0214173609553845,0.0214173609553842,4.0
232400.0,2324.0,0.0,,-1.0214173609550043,0.0214173609550043,4.0
232600.0,2326.0,0.0,,-1.021417360951815,0.0214173609518149,4.0
232700.0,2327.0,0.0,,-1.0214173609517898,0.0214173609517898,4.0
232900.0,2329.0,0.0,,-1.0214173609517565,0.0214173609517562,4.0
233100.0,2331.0,0.0,,-1.0214173609516115,0.0214173609516115,4.0
233400.0,2334.0,0.0,,-1.0214173609515949,0.0214173609515948,4.0
234100.0,2341.0,0.0,,-1.0213767979529265,0.0213767979529264,4.0
234500.0,2345.0,0.0,,-1.021375816547285,0.021375816547285,4.0
234600.0,2346.0,0.0,,-1.021374268068939,0.021374268068939,4.0
234700.0,2347.0,0.0,,-1.0213742646944628,0.0213742646944627,4.0
235100.0,2351.0,0.0,,-1.0213742396071732,0.0213742396071732,4.0
235200.0,2352.0,0.0,,-1.0213742395240315,0.0213742395240317,4.0
235400.0,2354.0,0.0,,-1.0213741974131387,0.0213741974131387,4.0
235700.0,2357.0,0.0,,-1.0213741974088697,0.0213741974088697,4.0
235800.0,2358.0,0.0,,-1.0213741856694392,0.0213741856694391,4.0
235900.0,2359.0,0.0,,-1.0213741828887153,0.0213741828887152,4.0
236000.0,2360.0,0.0,,-1.021374174461002,0.021374174461002,4.0
236600.0,2366.0,0.0,,-1.021374169644512,0.0213741696445119,4.0
236900.0,2369.0,0.0,,-1.0213741694450793,0.0213741694450793,4.0
237500.0,2375.0,0.0,,-1.021374169409181,0.0213741694091809,4.0
237800.0,2378.0,0.0,,-1.021374169299392,0.021374169299392,4.0
237900.0,2379.0,0.0,,-1.021371254083635,0.021371254083635,4.0
238200.0,2382.0,0.0,,-1.0213712540818043,0.0213712540818042,4.0
238600.0,2386.0,0.0,,-1.0213646020420084,0.0213646020420084,4.0
238700.0,2387.0,0.0,,-1.0213644880087018,0.0213644880087018,4.0
239200.0,2392.0,0.0,,-1.021363635612678,0.021363635612678,4.0
239300.0,2393.0,0.0,,-1.021362825858959,0.0213628258589593,4.0
239400.0,2394.0,0.0,,-1.021362825854842,0.0213628258548419,4.0
239500.0,2395.0,0.0,,-1.021362628702787,0.021362628702787,4.0
239700.0,2397.0,0.0,,-1.021362621556843,0.0213626215568429,4.0
239900.0,2399.0,0.0,,-1.0212696216544406,0.0212696216544405,4.0
240200.0,2402.0,0.0,,-1.0212695063314063,0.0212695063314063,4.0
240400.0,2404.0,0.0,,-1.0212692115770008,0.0212692115770007,4.0
240500.0,2405.0,0.0,,-1.0212474265184506,0.0212474265184505,4.0
240600.0,2406.0,0.0,,-1.0212451548320862,0.0212451548320862,4.0
241000.0,2410.0,0.0,,-1.0212404789759937,0.0212404789759936,4.0
241100.0,2411.0,0.0,,-1.0212402698654108,0.0212402698654108,4.0
241200.0,2412.0,0.0,,-1.0212299176858282,0.0212299176858281,4.0
241500.0,2415.0,0.0,,-1.0212289114036777,0.0212289114036776,4.0
241600.0,2416.0,0.0,,-1.021220759538876,0.021220759538876,4.0
242100.0,2421.0,0.0,,-1.021220720078425,0.0212207200784249,4.0
242200.0,2422.0,0.0,,-1.0212198614615031,0.0212198614615033,4.0
242400.0,2424.0,0.0,,-1.0212184189347189,0.0212184189347186,4.0
242600.0,2426.0,0.0,,-1.0211239137339665,0.0211239137339662,4.0
242900.0,2429.0,0.0,,-1.021122118324589,0.0211221183245893,4.0
243700.0,2437.0,0.0,,-1.021122098997875,0.0211220989978753,4.0
243900.0,2439.0,0.0,,-1.0211220945825945,0.0211220945825945,4.0
244000.0,2440.0,0.0,,-1.021121400320916,0.0211214003209159,4.0
244100.0,2441.0,0.0,,-1.0211213897606557,0.0211213897606556,4.0
244200.0,2442.0,0.0,,-1.0211211814964458,0.0211211814964458,4.0
244500.0,2445.0,0.0,,-1.0211211687598978,0.0211211687598977,4.0
244800.0,2448.0,0.0,,-1.0211211645020208,0.0211211645020208,4.0
245000.0,2450.0,0.0,,-1.021121163039164,0.0211211630391638,4.0
245100.0,2451.0,0.0,,-1.0211211434706264,0.0211211434706264,4.0
245700.0,2457.0,0.0,,-1.0211211424076343,0.0211211424076342,4.0
245900.0,2459.0,0.0,,-1.021045595884354,0.021045595884354,4.0
246700.0,2467.0,0.0,,-1.02104559582384,0.02104559582384,4.0
246800.0,2468.0,0.0,,-1.0210434411008054,0.0210434411008053,4.0
247200.0,2472.0,0.0,,-1.021042948696432,0.021042948696432,4.0
247300.0,2473.0,0.0,,-1.0210429360950055,0.0210429360950057,4.0
247700.0,2477.0,0.0,,-1.0210428397606648,0.0210428397606647,4.0
247900.0,2479.0,0.0,,-1.0210428190657983,0.0210428190657985,4.0
248100.0,2481.0,0.0,,-1.02104281903213,0.0210428190321301,4.0
248300.0,2483.0,0.0,,-1.021042724035977,0.0210427240359769,4.0
248900.0,2489.0,0.0,,-1.0210427239390776,0.0210427239390775,4.0
249200.0,2492.0,0.0,,-1.0210427221741558,0.0210427221741558,4.0
249900.0,2499.0,0.0,,-1.0210427221257246,0.0210427221257245,4.0
250000.0,2500.0,0.0,,-1.0210427221057805,0.0210427221057802,4.0
250500.0,2505.0,0.0,,-1.0210427220989666,0.0210427220989666,4.0
250800.0,2508.0,0.0,,-1.0210427220964218,0.0210427220964217,4.0
251200.0,2512.0,0.0,,-1.0210427220961682,0.0210427220961681,4.0
251400.0,2514.0,0.0,,-1.0210427220958829,0.0210427220958828,4.0
251700.0,2517.0,0.0,,-1.0210427220954257,0.0210427220954256,4.0
252100.0,2521.0,0.0,,-1.020991748103505,0.0209917481035049,4.0
252400.0,2524.0,0.0,,-1.0209917144675211,0.0209917144675213,4.0
252700.0,2527.0,0.0,,-1.0209795222714673,0.0209795222714672,4.0
253300.0,2533.0,0.0,,-1.020979269039111,0.020979269039111,4.0
253500.0,2535.0,0.0,,-1.0209790378369346,0.0209790378369345,4.0
253800.0,2538.0,0.0,,-1.0209790198573718,0.0209790198573718,4.0
254100.0,2541.0,0.0,,-1.0209789941655187,0.0209789941655187,4.0
254300.0,2543.0,0.0,,-1.020978955120546,0.0209789551205459,4.0
254500.0,2545.0,0.0,,-1.0209789497254802,0.0209789497254802,4.0
254600.0,2546.0,0.0,,-1.0209789323972174,0.0209789323972173,4.0
254700.0,2547.0,0.0,,-1.0209788871174923,0.0209788871174922,4.0
254800.0,2548.0,0.0,,-1.0209788832802609,0.0209788832802608,4.0
255100.0,2551.0,0.0,,-1.0209788757661566,0.0209788757661566,4.0
255200.0,2552.0,0.0,,-1.020977963508304,0.020977963508304,4.0
255500.0,2555.0,0.0,,-1.0209778603529729,0.0209778603529728,4.0
255800.0,2558.0,0.0,,-1.0209778486510486,0.0209778486510485,4.0
256100.0,2561.0,0.0,,-1.0209778468121309,0.0209778468121306,4.0
256300.0,2563.0,0.0,,-1.020977845646451,0.0209778456464511,4.0
256400.0,2564.0,0.0,,-1.0209778439158843,0.0209778439158845,4.0
256500.0,2565.0,0.0,,-1.0209778430440035,0.0209778430440037,4.0
256600.0,2566.0,0.0,,-1.0209778423597715,0.0209778423597715,4.0
256700.0,2567.0,0.0,,-1.0209778407026555,0.0209778407026557,4.0
256900.0,2569.0,0.0,,-1.0209778406797738,0.0209778406797738,4.0
257100.0,2571.0,0.0,,-1.0209778400630416,0.0209778400630415,4.0
257300.0,2573.0,0.0,,-1.02097783982586,0.0209778398258599,4.0
257600.0,2576.0,0.0,,-1.0209777506516902,0.0209777506516901,4.0
258200.0,2582.0,0.0,,-1.020977749736259,0.0209777497362591,4.0
258300.0,2583.0,0.0,,-1.020977749155966,0.0209777491559659,4.0
258400.0,2584.0,0.0,,-1.0209777490483594,0.0209777490483593,4.0
258600.0,2586.0,0.0,,-1.0209777487306313,0.0209777487306312,4.0
258700.0,2587.0,0.0,,-1.0209777459640932,0.0209777459640931,4.0
259400.0,2594.0,0.0,,-1.0209777451421764,0.0209777451421764,4.0
259700.0,2597.0,0.0,,-1.0209777450636637,0.0209777450636634,4.0
259800.0,2598.0,0.0,,-1.0209777450417543,0.0209777450417545,4.0
259900.0,2599.0,0.0,,-1.0209764956606306,0.0209764956606306,4.0
260000.0,2600.0,0.0,,-1.0209764956537426,0.0209764956537426,4.0
260100.0,2601.0,0.0,,-1.0209764749871832,0.0209764749871832,4.0
260500.0,2605.0,0.0,,-1.0209764577425935,0.0209764577425937,4.0
260800.0,2608.0,0.0,,-1.02097642837749,0.02097642837749,4.0
261000.0,2610.0,0.0,,-1.02097619812742,0.0209761981274199,4.0
261100.0,2611.0,0.0,,-1.020976198042287,0.0209761980422868,4.0
261200.0,2612.0,0.0,,-1.0209761934985209,0.0209761934985208,4.0
261400.0,2614.0,0.0,,-1.0209761500326695,0.0209761500326695,4.0
261500.0,2615.0,0.0,,-1.020976144263538,0.0209761442635381,4.0
261700.0,2617.0,0.0,,-1.0209761430654405,0.0209761430654402,4.0
261800.0,2618.0,0.0,,-1.0209761425850916,0.0209761425850916,4.0
262200.0,2622.0,0.0,,-1.0209761416262546,0.0209761416262546,4.0
262300.0,2623.0,0.0,,-1.0209761411884215,0.0209761411884215,4.0
262500.0,2625.0,0.0,,-1.0209761409972375,0.0209761409972375,4.0
262600.0,2626.0,0.0,,-1.020976140904257,0.020976140904257,4.0
262700.0,2627.0,0.0,,-1.0209761408998868,0.0209761408998867,4.0
262800.0,2628.0,0.0,,-1.020976140820396,0.0209761408203961,4.0
262900.0,2629.0,0.0,,-1.0209761408050524,0.0209761408050523,4.0
263000.0,2630.0,0.0,,-1.0209761407463158,0.0209761407463158,4.0
263100.0,2631.0,0.0,,-1.0209761407214129,0.0209761407214128,4.0
263600.0,2636.0,0.0,,-1.0209761407142826,0.0209761407142825,4.0
263700.0,2637.0,0.0,,-1.0209759785366876,0.0209759785366876,4.0
263800.0,2638.0,0.0,,-1.0209699457674015,0.0209699457674017,4.0
263900.0,2639.0,0.0,,-1.020969945759611,0.020969945759611,4.0
264000.0,2640.0,0.0,,-1.0209310773468063,0.0209310773468065,4.0
264300.0,2643.0,0.0,,-1.0209193947592798,0.0209193947592798,4.0
264400.0,2644.0,0.0,,-1.020913005394516,0.0209130053945159,4.0
264900.0,2649.0,0.0,,-1.0209128420510596,0.0209128420510595,4.0
265200.0,2652.0,0.0,,-1.0209128405106316,0.0209128405106315,4.0
265300.0,2653.0,0.0,,-1.0209124960784397,0.0209124960784394,4.0
265400.0,2654.0,0.0,,-1.0209122897316982,0.0209122897316982,4.0
265800.0,2658.0,0.0,,-1.020912285089076,0.0209122850890759,4.0
265900.0,2659.0,0.0,,-1.0209122646229405,0.0209122646229402,4.0
266000.0,2660.0,0.0,,-1.0208735015928454,0.0208735015928454,4.0
266500.0,2665.0,0.0,,-1.0208715165572937,0.0208715165572936,4.0
266600.0,2666.0,0.0,,-1.020861312841804,0.020861312841804,4.0
266700.0,2667.0,0.0,,-1.0208575575441723,0.0208575575441725,4.0
266800.0,2668.0,0.0,,-1.0208537193524143,0.0208537193524143,4.0
266900.0,2669.0,0.0,,-1.020850355818935,0.020850355818935,4.0
267100.0,2671.0,0.0,,-1.0208496866686998,0.0208496866686997,4.0
267200.0,2672.0,0.0,,-1.0208477937806146,0.0208477937806146,4.0
267300.0,2673.0,0.0,,-1.020847669134948,0.0208476691349479,4.0
267400.0,2674.0,0.0,,-1.020847639969006,0.020847639969006,4.0
267500.0,2675.0,0.0,,-1.0208465260287447,0.0208465260287447,4.0
267800.0,2678.0,0.0,,-1.020846357556797,0.0208463575567969,4.0
267900.0,2679.0,0.0,,-1.0208463187310042,0.0208463187310041,4.0
268100.0,2681.0,0.0,,-1.0208457830358837,0.0208457830358836,4.0
268600.0,2686.0,0.0,,-1.020845698038648,0.0208456980386479,4.0
268700.0,2687.0,0.0,,-1.020845585022742,0.020845585022742,4.0
268800.0,2688.0,0.0,,-1.0208455304226407,0.0208455304226407,4.0
268900.0,2689.0,0.0,,-1.0208454787927366,0.0208454787927365,4.0
269000.0,2690.0,0.0,,-1.020845428679546,0.020845428679546,4.0
269200.0,2692.0,0.0,,-1.0208454141934449,0.0208454141934448,4.0
269300.0,2693.0,0.0,,-1.020833222122746,0.0208332221227458,4.0
269400.0,2694.0,0.0,,-1.020832407188766,0.020832407188766,4.0
269500.0,2695.0,0.0,,-1.020832376512674,0.0208323765126741,4.0
269600.0,2696.0,0.0,,-1.020827682213015,0.0208276822130148,4.0
269700.0,2697.0,0.0,,-1.020827666187773,0.0208276661877733,4.0
269800.0,2698.0,0.0,,-1.0208274066056109,0.0208274066056106,4.0
269900.0,2699.0,0.0,,-1.02082740660561,0.02082740660561,4.0
270100.0,2701.0,0.0,,-1.0208272557552074,0.0208272557552073,4.0
270500.0,2705.0,0.0,,-1.0208272552117093,0.0208272552117092,4.0
270600.0,2706.0,0.0,,-1.020827248605473,0.020827248605473,4.0
270800.0,2708.0,0.0,,-1.0208272414527602,0.0208272414527601,4.0
271000.0,2710.0,0.0,,-1.020827234204776,0.0208272342047759,4.0
271200.0,2712.0,0.0,,-1.0208272320053309,0.0208272320053306,4.0
271300.0,2713.0,0.0,,-1.0208272278405612,0.0208272278405612,4.0
271500.0,2715.0,0.0,,-1.02082722666543,0.0208272266654301,4.0
271700.0,2717.0,0.0,,-1.020827222530845,0.020827222530845,4.0
272000.0,2720.0,0.0,,-1.0208272222461388,0.0208272222461387,4.0
272300.0,2723.0,0.0,,-1.0208272213270366,0.0208272213270366,4.0
272500.0,2725.0,0.0,,-1.0165646911130208,0.0165646911130208,4.0
272600.0,2726.0,0.0,,-1.0164994407420125,0.0164994407420124,4.0
273100.0,2731.0,0.0,,-1.016471251033597,0.0164712510335969,4.0
273200.0,2732.0,0.0,,-1.0164675988856515,0.0164675988856515,4.0
273300.0,2733.0,0.0,,-1.0163582926921646,0.0163582926921646,4.0
273600.0,2736.0,0.0,,-1.0163388796631068,0.0163388796631067,4.0
273900.0,2739.0,0.0,,-1.0163383693185266,0.0163383693185266,4.0
274000.0,2740.0,0.0,,-1.0163362199954928,0.0163362199954928,4.0
274100.0,2741.0,0.0,,-1.0163348651774768,0.0163348651774768,4.0
274300.0,2743.0,0.0,,-1.016333952133175,0.0163339521331746,4.0
274400.0,2744.0,0.0,,-1.016322287858051,0.0163222878580509,4.0
274600.0,2746.0,0.0,,-1.0163220369970445,0.0163220369970444,4.0
274800.0,2748.0,0.0,,-1.0163183544307652,0.0163183544307652,4.0
274900.0,2749.0,0.0,,-1.0163177799842986,0.0163177799842986,4.0
275000.0,2750.0,0.0,,-1.0163156045753554,0.0163156045753554,4.0
275300.0,2753.0,0.0,,-1.0163149659113977,0.0163149659113976,4.0
275400.0,2754.0,0.0,,-1.0162764967569764,0.0162764967569764,4.0
275700.0,2757.0,0.0,,-1.016272874857842,0.016272874857842,4.0
275800.0,2758.0,0.0,,-1.016265146757546,0.016265146757546,4.0
275900.0,2759.0,0.0,,-1.0162565326631972,0.0162565326631971,4.0
276000.0,2760.0,0.0,,-1.0162561821561062,0.0162561821561062,4.0
276100.0,2761.0,0.0,,-1.016255784020494,0.0162557840204939,4.0
276200.0,2762.0,0.0,,-1.0162501071720966,0.0162501071720966,4.0
276300.0,2763.0,0.0,,-1.016245260598193,0.016245260598193,4.0
276400.0,2764.0,0.0,,-1.0162445934891713,0.0162445934891712,4.0
276500.0,2765.0,0.0,,-1.0161802214538045,0.0161802214538044,4.0
276700.0,2767.0,0.0,,-1.0161791708773555,0.0161791708773555,4.0
276900.0,2769.0,0.0,,-1.0161775960059811,0.0161775960059813,4.0
277000.0,2770.0,0.0,,-1.0161499148054347,0.0161499148054347,4.0
277300.0,2773.0,0.0,,-1.016140755105108,0.016140755105108,4.0
277400.0,2774.0,0.0,,-1.0161407123370585,0.0161407123370582,4.0
277500.0,2775.0,0.0,,-1.016140681284595,0.016140681284595,4.0
277800.0,2778.0,0.0,,-1.0161405648948671,0.0161405648948671,4.0
278100.0,2781.0,0.0,,-1.0161405322218682,0.0161405322218681,4.0
278200.0,2782.0,0.0,,-1.0160797105846968,0.0160797105846968,4.0
278300.0,2783.0,0.0,,-1.016054136192977,0.0160541361929766,4.0
278500.0,2785.0,0.0,,-1.0160533629838588,0.0160533629838588,4.0
278900.0,2789.0,0.0,,-1.0160529813477206,0.0160529813477205,4.0
279100.0,2791.0,0.0,,-1.016037616597767,0.0160376165977669,4.0
279200.0,2792.0,0.0,,-1.0160375489209066,0.0160375489209065,4.0
279500.0,2795.0,0.0,,-1.0160374422417542,0.0160374422417541,4.0
279700.0,2797.0,0.0,,-1.0160362462361905,0.0160362462361902,4.0
279900.0,2799.0,0.0,,-1.016033508391907,0.0160335083919069,4.0
280100.0,2801.0,0.0,,-1.016033470325173,0.0160334703251729,4.0
280400.0,2804.0,0.0,,-1.0160330345330657,0.0160330345330657,4.0
280600.0,2806.0,0.0,,-1.0160330119679086,0.0160330119679086,4.0
280700.0,2807.0,0.0,,-1.0160330092581755,0.0160330092581755,4.0
280800.0,2808.0,0.0,,-1.01603252748573,0.01603252748573,4.0
281000.0,2810.0,0.0,,-1.0160323342221471,0.0160323342221471,4.0
281400.0,2814.0,0.0,,-1.016032312602262,0.0160323126022619,4.0
281500.0,2815.0,0.0,,-1.016008346873735,0.016008346873735,4.0
281700.0,2817.0,0.0,,-1.016008128425112,0.0160081284251121,4.0
281800.0,2818.0,0.0,,-1.0160079607063035,0.0160079607063037,4.0
282000.0,2820.0,0.0,,-1.016007959666806,0.0160079596668059,4.0
282100.0,2821.0,0.0,,-1.015994731673851,0.0159947316738509,4.0
282200.0,2822.0,0.0,,-1.0159947241283196,0.0159947241283195,4.0
282500.0,2825.0,0.0,,-1.0159946908228186,0.0159946908228185,4.0
282800.0,2828.0,0.0,,-1.0159946605938306,0.0159946605938305,4.0
283000.0,2830.0,0.0,,-1.0159945511198198,0.0159945511198198,4.0
283200.0,2832.0,0.0,,-1.0159945227193108,0.0159945227193107,4.0
283700.0,2837.0,0.0,,-1.0159945224670597,0.0159945224670596,4.0
283900.0,2839.0,0.0,,-1.0159945076836687,0.0159945076836687,4.0
284000.0,2840.0,0.0,,-1.0159945055733983,0.0159945055733985,4.0
284100.0,2841.0,0.0,,-1.0159945013024108,0.0159945013024107,4.0
284500.0,2845.0,0.0,,-1.0159944991191605,0.0159944991191602,4.0
284700.0,2847.0,0.0,,-1.0159944971690429,0.0159944971690426,4.0
284800.0,2848.0,0.0,,-1.0159944957363778,0.0159944957363777,4.0
284900.0,2849.0,0.0,,-1.0159944953193296,0.0159944953193296,4.0
285300.0,2853.0,0.0,,-1.0159944940460313,0.0159944940460312,4.0
285600.0,2856.0,0.0,,-1.0159944937229957,0.0159944937229956,4.0
286000.0,2860.0,0.0,,-1.0159944937022722,0.0159944937022722,4.0
286100.0,2861.0,0.0,,-1.0159944935891194,0.0159944935891194,4.0
286200.0,2862.0,0.0,,-1.0159944935776577,0.0159944935776574,4.0
286300.0,2863.0,0.0,,-1.0159944933687708,0.0159944933687707,4.0
286400.0,2864.0,0.0,,-1.0159943585133857,0.0159943585133854,4.0
286500.0,2865.0,0.0,,-1.015993861607542,0.0159938616075419,4.0
286600.0,2866.0,0.0,,-1.0159938615949249,0.0159938615949248,4.0
286800.0,2868.0,0.0,,-1.0159938615948834,0.0159938615948833,4.0
286900.0,2869.0,0.0,,-1.0159938565833742,0.0159938565833741,4.0
287000.0,2870.0,0.0,,-1.0159938554538124,0.0159938554538123,4.0
287200.0,2872.0,0.0,,-1.0159938456827426,0.0159938456827426,4.0
287400.0,2874.0,0.0,,-1.0159938455319546,0.0159938455319545,4.0
287600.0,2876.0,0.0,,-1.0159665854869724,0.0159665854869723,4.0
287800.0,2878.0,0.0,,-1.0159662547744657,0.0159662547744656,4.0
287900.0,2879.0,0.0,,-1.0159662468124246,0.0159662468124246,4.0
288100.0,2881.0,0.0,,-1.0159661819774417,0.0159661819774417,4.0
288200.0,2882.0,0.0,,-1.0159661423965567,0.0159661423965566,4.0
288700.0,2887.0,0.0,,-1.015966139275777,0.015966139275777,4.0
288900.0,2889.0,0.0,,-1.0159661349754765,0.0159661349754764,4.0
289100.0,2891.0,0.0,,-1.0159661349207325,0.0159661349207325,4.0
289200.0,2892.0,0.0,,-1.015963363191235,0.015963363191235,4.0
289300.0,2893.0,0.0,,-1.0159633618756063,0.0159633618756063,4.0
289600.0,2896.0,0.0,,-1.0159631916001517,0.0159631916001516,4.0
289700.0,2897.0,0.0,,-1.015963191589362,0.0159631915893618,4.0
289900.0,2899.0,0.0,,-1.0159631682188794,0.0159631682188794,4.0
290000.0,2900.0,0.0,,-1.0159630970962936,0.0159630970962936,4.0
290300.0,2903.0,0.0,,-1.0159630935998598,0.0159630935998598,4.0
290500.0,2905.0,0.0,,-1.0159630865163236,0.0159630865163236,4.0
290600.0,2906.0,0.0,,-1.0159630851613568,0.0159630851613568,4.0
290800.0,2908.0,0.0,,-1.015963077626947,0.015963077626947,4.0
290900.0,2909.0,0.0,,-1.0159630776263489,0.0159630776263488,4.0
291200.0,2912.0,0.0,,-1.0159630773557005,0.0159630773557004,4.0
291400.0,2914.0,0.0,,-1.015963077265099,0.0159630772650989,4.0
291500.0,2915.0,0.0,,-1.0159630767758312,0.0159630767758311,4.0
291600.0,2916.0,0.0,,-1.0159630767259276,0.0159630767259275,4.0
291700.0,2917.0,0.0,,-1.0159630767167858,0.0159630767167857,4.0
291900.0,2919.0,0.0,,-1.0159630765637988,0.0159630765637988,4.0
292000.0,2920.0,0.0,,-1.015963076555812,0.015963076555812,4.0
292400.0,2924.0,0.0,,-1.015963076546148,0.015963076546148,4.0
292500.0,2925.0,0.0,,-1.0159630765234746,0.0159630765234746,4.0
292600.0,2926.0,0.0,,-1.0159630765015113,0.0159630765015112,4.0
292700.0,2927.0,0.0,,-1.015963076500808,0.0159630765008078,4.0
293000.0,2930.0,0.0,,-1.0159630765005674,0.0159630765005673,4.0
293300.0,2933.0,0.0,,-1.0159630764950442,0.0159630764950442,4.0
293500.0,2935.0,0.0,,-1.015963076491807,0.015963076491807,4.0
293700.0,2937.0,0.0,,-1.015963076485653,0.015963076485653,4.0
293800.0,2938.0,0.0,,-1.0159613154874283,0.0159613154874285,4.0
294100.0,2941.0,0.0,,-1.01596128755065,0.01596128755065,4.0
294400.0,2944.0,0.0,,-1.015961279983853,0.0159612799838533,4.0
294500.0,2945.0,0.0,,-1.0159612799761364,0.0159612799761363,4.0
294600.0,2946.0,0.0,,-1.0159612780538116,0.0159612780538116,4.0
294700.0,2947.0,0.0,,-1.0159612755272127,0.0159612755272127,4.0
295200.0,2952.0,0.0,,-1.0159612755198288,0.0159612755198288,4.0
295300.0,2953.0,0.0,,-1.0159612755150158,0.0159612755150158,4.0
295400.0,2954.0,0.0,,-1.0159612752967226,0.0159612752967226,4.0
295900.0,2959.0,0.0,,-1.0159612676895131,0.0159612676895133,4.0
296200.0,2962.0,0.0,,-1.0159612652381538,0.0159612652381537,4.0
296300.0,2963.0,0.0,,-1.0159612652379462,0.0159612652379461,4.0
296500.0,2965.0,0.0,,-1.0159612636266495,0.0159612636266495,4.0
296700.0,2967.0,0.0,,-1.0159612636264823,0.0159612636264823,4.0
296800.0,2968.0,0.0,,-1.0159612618868974,0.0159612618868973,4.0
297000.0,2970.0,0.0,,-1.015961261886897,0.0159612618868969,4.0
297100.0,2971.0,0.0,,-1.015961261886431,0.0159612618864311,4.0
297200.0,2972.0,0.0,,-1.0159612615991775,0.0159612615991775,4.0
297300.0,2973.0,0.0,,-1.0159612614856248,0.0159612614856248,4.0
297400.0,2974.0,0.0,,-1.015961261254149,0.015961261254149,4.0
297500.0,2975.0,0.0,,-1.015961259613722,0.0159612596137219,4.0
297800.0,2978.0,0.0,,-1.0159612572862506,0.0159612572862506,4.0
297900.0,2979.0,0.0,,-1.015959992337366,0.0159599923373661,4.0
298200.0,2982.0,0.0,,-1.015959992337275,0.015959992337275,4.0
298300.0,2983.0,0.0,,-1.0159599666070485,0.0159599666070484,4.0
298600.0,2986.0,0.0,,-1.0159599547130254,0.0159599547130253,4.0
298700.0,2987.0,0.0,,-1.0159599307157303,0.0159599307157305,4.0
299000.0,2990.0,0.0,,-1.015959928631688,0.015959928631688,4.0
299300.0,2993.0,0.0,,-1.0159599227430236,0.0159599227430236,4.0
299600.0,2996.0,0.0,,-1.0159599207668035,0.0159599207668035,4.0
299800.0,2998.0,0.0,,-1.0159599201289309,0.0159599201289306,4.0
100.0,1.0,0.0,,-1.8853382953795543,0.8853382953795546,5.0
300.0,3.0,0.0,,-1.8397310450764135,0.8397310450764137,5.0
400.0,4.0,0.0,,-1.8292366410630796,0.8292366410630794,5.0
500.0,5.0,0.0,,-1.7967625614132166,0.7967625614132166,5.0
600.0,6.0,0.0,,-1.7765927950467588,0.7765927950467588,5.0
700.0,7.0,0.0,,-1.761995469895064,0.761995469895064,5.0
800.0,8.0,0.0,,-1.7294205859291614,0.7294205859291614,5.0
900.0,9.0,0.0,,-1.7021752060331865,0.7021752060331865,5.0
1000.0,10.0,0.0,,-1.5844090100598036,0.5844090100598036,5.0
1400.0,14.0,0.0,,-1.5639479385234614,0.5639479385234614,5.0
1500.0,15.0,0.0,,-1.5637432424696085,0.5637432424696085,5.0
1600.0,16.0,0.0,,-1.539057995915153,0.5390579959151529,5.0
1700.0,17.0,0.0,,-1.492825740835814,0.4928257408358139,5.0
1800.0,18.0,0.0,,-1.4702965249508282,0.4702965249508282,5.0
2000.0,20.0,0.0,,-1.4380946908113923,0.4380946908113925,5.0
2100.0,21.0,0.0,,-1.421039346962352,0.4210393469623519,5.0
2200.0,22.0,0.0,,-1.4007426512959973,0.4007426512959973,5.0
2300.0,23.0,0.0,,-1.396030216610978,0.3960302166109779,5.0
2400.0,24.0,0.0,,-1.392540255548412,0.3925402555484121,5.0
2500.0,25.0,0.0,,-1.3540290164405588,0.3540290164405588,5.0
2600.0,26.0,0.0,,-1.3382785814695897,0.3382785814695896,5.0
2700.0,27.0,0.0,,-1.3031831181469506,0.3031831181469506,5.0
2900.0,29.0,0.0,,-1.2944409778519428,0.2944409778519428,5.0
3000.0,30.0,0.0,,-1.2674776855419416,0.2674776855419416,5.0
3100.0,31.0,0.0,,-1.2642477657425737,0.2642477657425737,5.0
3200.0,32.0,0.0,,-1.2506804494851838,0.2506804494851837,5.0
3400.0,34.0,0.0,,-1.2415429499080046,0.2415429499080046,5.0
3500.0,35.0,0.0,,-1.2080453222504983,0.2080453222504985,5.0
3700.0,37.0,0.0,,-1.1964841243361533,0.1964841243361532,5.0
4000.0,40.0,0.0,,-1.1956802144993168,0.1956802144993168,5.0
4100.0,41.0,0.0,,-1.1895016504426246,0.1895016504426245,5.0
4200.0,42.0,0.0,,-1.182899103743447,0.1828991037434471,5.0
4400.0,44.0,0.0,,-1.180548358027982,0.180548358027982,5.0
4700.0,47.0,0.0,,-1.1800841079291828,0.1800841079291828,5.0
5000.0,50.0,0.0,,-1.1791960171738205,0.1791960171738205,5.0
5100.0,51.0,0.0,,-1.1779109459637294,0.1779109459637293,5.0
5600.0,56.0,0.0,,-1.177764230802493,0.1777642308024929,5.0
5800.0,58.0,0.0,,-1.1776128179460883,0.1776128179460885,5.0
5900.0,59.0,0.0,,-1.1774960579164335,0.1774960579164335,5.0
6000.0,60.0,0.0,,-1.177154078242522,0.177154078242522,5.0
6300.0,63.0,0.0,,-1.1768116866548062,0.1768116866548061,5.0
6400.0,64.0,0.0,,-1.176804705762353,0.1768047057623529,5.0
6800.0,68.0,0.0,,-1.176790426863402,0.1767904268634019,5.0
7400.0,74.0,0.0,,-1.1767890924361095,0.1767890924361095,5.0
8200.0,82.0,0.0,,-1.176788267285311,0.1767882672853109,5.0
8300.0,83.0,0.0,,-1.1762039036661611,0.1762039036661611,5.0
8800.0,88.0,0.0,,-1.1761167464452875,0.1761167464452875,5.0
9200.0,92.0,0.0,,-1.1760885306230413,0.1760885306230413,5.0
9300.0,93.0,0.0,,-1.175571705231801,0.1755717052318011,5.0
9600.0,96.0,0.0,,-1.175276618186038,0.1752766181860379,5.0
9700.0,97.0,0.0,,-1.175053875054078,0.175053875054078,5.0
9800.0,98.0,0.0,,-1.1747015723717231,0.1747015723717233,5.0
10100.0,101.0,0.0,,-1.174658670079234,0.1746586700792338,5.0
10400.0,104.0,0.0,,-1.1746540731550357,0.1746540731550356,5.0
10800.0,108.0,0.0,,-1.1746500151925163,0.1746500151925163,5.0
10900.0,109.0,0.0,,-1.174649625068947,0.1746496250689473,5.0
11200.0,112.0,0.0,,-1.174636997677687,0.1746369976776869,5.0
11600.0,116.0,0.0,,-1.174501289428867,0.1745012894288666,5.0
11700.0,117.0,0.0,,-1.174415680191411,0.1744156801914109,5.0
11800.0,118.0,0.0,,-1.1741542982544892,0.1741542982544892,5.0
12000.0,120.0,0.0,,-1.1741442987732218,0.1741442987732218,5.0
12200.0,122.0,0.0,,-1.174130434995562,0.1741304349955619,5.0
12300.0,123.0,0.0,,-1.174124824888729,0.174124824888729,5.0
12400.0,124.0,0.0,,-1.1740392192063709,0.1740392192063709,5.0
12800.0,128.0,0.0,,-1.1740383357821145,0.1740383357821144,5.0
13100.0,131.0,0.0,,-1.1740382879726474,0.1740382879726474,5.0
13200.0,132.0,0.0,,-1.174037735978668,0.174037735978668,5.0
13400.0,134.0,0.0,,-1.1740377269712214,0.1740377269712214,5.0
13500.0,135.0,0.0,,-1.174037569989104,0.1740375699891039,5.0
13600.0,136.0,0.0,,-1.1740371003299972,0.1740371003299972,5.0
13700.0,137.0,0.0,,-1.1740362799725006,0.1740362799725006,5.0
13800.0,138.0,0.0,,-1.174036238780549,0.1740362387805489,5.0
14100.0,141.0,0.0,,-1.17401835102041,0.1740183510204098,5.0
14300.0,143.0,0.0,,-1.1740113403001609,0.1740113403001608,5.0
14400.0,144.0,0.0,,-1.1740062439043069,0.1740062439043068,5.0
14500.0,145.0,0.0,,-1.1740040799002356,0.1740040799002356,5.0
14700.0,147.0,0.0,,-1.1740014049224423,0.1740014049224423,5.0
15000.0,150.0,0.0,,-1.174000331460647,0.174000331460647,5.0
15200.0,152.0,0.0,,-1.174000311811696,0.1740003118116959,5.0
15300.0,153.0,0.0,,-1.174000278336316,0.1740002783363159,5.0
15600.0,156.0,0.0,,-1.17400026534742,0.1740002653474199,5.0
15900.0,159.0,0.0,,-1.1740002651533612,0.1740002651533612,5.0
16000.0,160.0,0.0,,-1.174000264035884,0.1740002640358839,5.0
16200.0,162.0,0.0,,-1.1739464832382709,0.1739464832382706,5.0
16400.0,164.0,0.0,,-1.173942659180898,0.1739426591808981,5.0
16600.0,166.0,0.0,,-1.173883620438318,0.173883620438318,5.0
16800.0,168.0,0.0,,-1.1738741176766527,0.1738741176766527,5.0
16900.0,169.0,0.0,,-1.1738485163241228,0.1738485163241228,5.0
17000.0,170.0,0.0,,-1.1738236193547626,0.1738236193547626,5.0
17300.0,173.0,0.0,,-1.173823527182924,0.173823527182924,5.0
17500.0,175.0,0.0,,-1.173818886706218,0.173818886706218,5.0
17600.0,176.0,0.0,,-1.1738188443257451,0.1738188443257451,5.0
17700.0,177.0,0.0,,-1.1738185091957618,0.1738185091957618,5.0
17800.0,178.0,0.0,,-1.173818201929342,0.1738182019293419,5.0
18000.0,180.0,0.0,,-1.1738176809915957,0.1738176809915956,5.0
18200.0,182.0,0.0,,-1.1738173950430169,0.1738173950430168,5.0
18600.0,186.0,0.0,,-1.17381739388065,0.1738173938806499,5.0
19000.0,190.0,0.0,,-1.173817380843355,0.1738173808433549,5.0
19500.0,195.0,0.0,,-1.173817380075806,0.173817380075806,5.0
19600.0,196.0,0.0,,-1.1738173749741785,0.1738173749741784,5.0
19800.0,198.0,0.0,,-1.1738173743735327,0.1738173743735327,5.0
20000.0,200.0,0.0,,-1.1738173741472036,0.1738173741472035,5.0
20500.0,205.0,0.0,,-1.173817373996694,0.1738173739966939,5.0
20600.0,206.0,0.0,,-1.1738173739457347,0.1738173739457347,5.0
21000.0,210.0,0.0,,-1.1738173739402884,0.1738173739402884,5.0
21300.0,213.0,0.0,,-1.1738173739378674,0.1738173739378674,5.0
21400.0,214.0,0.0,,-1.1737802335358487,0.1737802335358487,5.0
21600.0,216.0,0.0,,-1.173777951583029,0.1737779515830286,5.0
21900.0,219.0,0.0,,-1.1737767823280236,0.1737767823280236,5.0
22100.0,221.0,0.0,,-1.16547025192781,0.1654702519278099,5.0
22300.0,223.0,0.0,,-1.1636456036217675,0.1636456036217675,5.0
22400.0,224.0,0.0,,-1.1632134125748186,0.1632134125748185,5.0
22500.0,225.0,0.0,,-1.1502672863457435,0.1502672863457435,5.0
22800.0,228.0,0.0,,-1.1492043116774833,0.1492043116774832,5.0
22900.0,229.0,0.0,,-1.1468404403454235,0.1468404403454235,5.0
23300.0,233.0,0.0,,-1.1467680823025763,0.1467680823025765,5.0
23700.0,237.0,0.0,,-1.1467570562157827,0.1467570562157827,5.0
23800.0,238.0,0.0,,-1.1467562916792808,0.1467562916792808,5.0
24200.0,242.0,0.0,,-1.146721850960009,0.146721850960009,5.0
24300.0,243.0,0.0,,-1.146569025309227,0.1465690253092271,5.0
24500.0,245.0,0.0,,-1.1465656121181695,0.1465656121181695,5.0
24600.0,246.0,0.0,,-1.1464042400019916,0.1464042400019916,5.0
25000.0,250.0,0.0,,-1.1463743782185465,0.1463743782185464,5.0
25200.0,252.0,0.0,,-1.146367405985425,0.1463674059854249,5.0
25300.0,253.0,0.0,,-1.1463492224131888,0.1463492224131888,5.0
25400.0,254.0,0.0,,-1.1463481951001966,0.1463481951001966,5.0
25600.0,256.0,0.0,,-1.14634790260181,0.1463479026018099,5.0
25900.0,259.0,0.0,,-1.1463478784682222,0.1463478784682221,5.0
26100.0,261.0,0.0,,-1.1463478633089024,0.1463478633089023,5.0
26200.0,262.0,0.0,,-1.1463478614586826,0.1463478614586826,5.0
26300.0,263.0,0.0,,-1.1463478528399769,0.1463478528399768,5.0
26400.0,264.0,0.0,,-1.1463478500058832,0.1463478500058832,5.0
26500.0,265.0,0.0,,-1.1463478494288553,0.1463478494288552,5.0
26800.0,268.0,0.0,,-1.146317088680748,0.1463170886807479,5.0
27100.0,271.0,0.0,,-1.146312114048284,0.1463121140482841,5.0
27200.0,272.0,0.0,,-1.146311590563071,0.1463115905630709,5.0
27400.0,274.0,0.0,,-1.1463115732377762,0.1463115732377762,5.0
27500.0,275.0,0.0,,-1.146311565078483,0.1463115650784829,5.0
27600.0,276.0,0.0,,-1.1463101407254217,0.1463101407254214,5.0
27700.0,277.0,0.0,,-1.1463100673724498,0.1463100673724497,5.0
27900.0,279.0,0.0,,-1.146309928826613,0.1463099288266129,5.0
28000.0,280.0,0.0,,-1.146305369665747,0.146305369665747,5.0
28100.0,281.0,0.0,,-1.1463048974981205,0.1463048974981202,5.0
28200.0,282.0,0.0,,-1.1463043003061677,0.1463043003061674,5.0
28300.0,283.0,0.0,,-1.146304136191457,0.146304136191457,5.0
28400.0,284.0,0.0,,-1.1463030052486023,0.1463030052486025,5.0
28500.0,285.0,0.0,,-1.146301931990406,0.1463019319904059,5.0
28600.0,286.0,0.0,,-1.1463018388206938,0.1463018388206938,5.0
28800.0,288.0,0.0,,-1.1463017598393304,0.1463017598393303,5.0
29200.0,292.0,0.0,,-1.1463017593826397,0.1463017593826394,5.0
29300.0,293.0,0.0,,-1.1462965131442613,0.1462965131442613,5.0
29500.0,295.0,0.0,,-1.1462958001432566,0.1462958001432566,5.0
29800.0,298.0,0.0,,-1.146271524279418,0.1462715242794179,5.0
30400.0,304.0,0.0,,-1.146271332780964,0.1462713327809639,5.0
30500.0,305.0,0.0,,-1.1462670372092263,0.1462670372092265,5.0
30600.0,306.0,0.0,,-1.14626639810693,0.1462663981069298,5.0
30900.0,309.0,0.0,,-1.1462632628276317,0.1462632628276314,5.0
31100.0,311.0,0.0,,-1.1462631816734974,0.1462631816734974,5.0
31200.0,312.0,0.0,,-1.1457231143439393,0.1457231143439392,5.0
31500.0,315.0,0.0,,-1.1457231134965171,0.1457231134965171,5.0
31600.0,316.0,0.0,,-1.14572000248531,0.14572000248531,5.0
31700.0,317.0,0.0,,-1.14570717099115,0.1457071709911499,5.0
31900.0,319.0,0.0,,-1.1456769946047198,0.1456769946047198,5.0
32000.0,320.0,0.0,,-1.1456689720664672,0.1456689720664672,5.0
32200.0,322.0,0.0,,-1.1456588186256025,0.1456588186256022,5.0
32300.0,323.0,0.0,,-1.145646942845763,0.1456469428457629,5.0
32400.0,324.0,0.0,,-1.1454827315200422,0.1454827315200422,5.0
32500.0,325.0,0.0,,-1.1454017550987656,0.1454017550987656,5.0
32600.0,326.0,0.0,,-1.1454012710767072,0.1454012710767072,5.0
32700.0,327.0,0.0,,-1.1453977382817508,0.1453977382817508,5.0
33100.0,331.0,0.0,,-1.1453382494708546,0.1453382494708546,5.0
33200.0,332.0,0.0,,-1.145318801218456,0.145318801218456,5.0
33900.0,339.0,0.0,,-1.1453157237742944,0.1453157237742943,5.0
34100.0,341.0,0.0,,-1.1453153777177474,0.1453153777177473,5.0
34200.0,342.0,0.0,,-1.145308800261057,0.1453088002610569,5.0
34300.0,343.0,0.0,,-1.1453082508090977,0.1453082508090977,5.0
34600.0,346.0,0.0,,-1.1453074367382698,0.1453074367382698,5.0
34700.0,347.0,0.0,,-1.1453074188568544,0.1453074188568544,5.0
34800.0,348.0,0.0,,-1.1453073491458894,0.1453073491458894,5.0
35000.0,350.0,0.0,,-1.1453073081445584,0.1453073081445584,5.0
35100.0,351.0,0.0,,-1.145307308111966,0.145307308111966,5.0
35400.0,354.0,0.0,,-1.145307307288205,0.1453073072882049,5.0
35500.0,355.0,0.0,,-1.1453072410343117,0.1453072410343117,5.0
35600.0,356.0,0.0,,-1.1453072402125115,0.1453072402125115,5.0
35700.0,357.0,0.0,,-1.1453072287177404,0.1453072287177403,5.0
36000.0,360.0,0.0,,-1.1453072274666536,0.1453072274666536,5.0
36300.0,363.0,0.0,,-1.1453072264899344,0.1453072264899344,5.0
36400.0,364.0,0.0,,-1.1453072260784212,0.1453072260784211,5.0
36600.0,366.0,0.0,,-1.145245052609828,0.1452450526098281,5.0
36800.0,368.0,0.0,,-1.14524492065899,0.1452449206589898,5.0
37000.0,370.0,0.0,,-1.145238398035075,0.1452383980350751,5.0
37100.0,371.0,0.0,,-1.141816249233855,0.141816249233855,5.0
37500.0,375.0,0.0,,-1.1412061400165752,0.1412061400165751,5.0
37600.0,376.0,0.0,,-1.1411238703469746,0.1411238703469746,5.0
37900.0,379.0,0.0,,-1.1404502739683169,0.1404502739683166,5.0
38100.0,381.0,0.0,,-1.1404421943543757,0.1404421943543756,5.0
38400.0,384.0,0.0,,-1.1404363890577196,0.1404363890577196,5.0
38700.0,387.0,0.0,,-1.1404323408292276,0.1404323408292276,5.0
38800.0,388.0,0.0,,-1.1400041560884708,0.1400041560884708,5.0
39300.0,393.0,0.0,,-1.1400037458730925,0.1400037458730925,5.0
39600.0,396.0,0.0,,-1.1399252680110294,0.1399252680110294,5.0
40100.0,401.0,0.0,,-1.139918552671359,0.1399185526713591,5.0
40300.0,403.0,0.0,,-1.1398728012985702,0.1398728012985701,5.0
40500.0,405.0,0.0,,-1.1398579627539478,0.1398579627539478,5.0
40800.0,408.0,0.0,,-1.13985726124117,0.1398572612411701,5.0
40900.0,409.0,0.0,,-1.139855762277579,0.1398557622775786,5.0
41100.0,411.0,0.0,,-1.1398547201181397,0.1398547201181394,5.0
41300.0,413.0,0.0,,-1.13982336694814,0.1398233669481401,5.0
41400.0,414.0,0.0,,-1.1398218528537465,0.1398218528537462,5.0
41500.0,415.0,0.0,,-1.1396598637902278,0.1396598637902277,5.0
41700.0,417.0,0.0,,-1.1396338425354453,0.1396338425354453,5.0
41800.0,418.0,0.0,,-1.1388927404953495,0.1388927404953497,5.0
42400.0,424.0,0.0,,-1.138874358919196,0.1388743589191958,5.0
42500.0,425.0,0.0,,-1.138760109917885,0.138760109917885,5.0
42700.0,427.0,0.0,,-1.1386797210815525,0.1386797210815524,5.0
42800.0,428.0,0.0,,-1.138676919504433,0.138676919504433,5.0
43000.0,430.0,0.0,,-1.1386763522519163,0.1386763522519165,5.0
43100.0,431.0,0.0,,-1.1386762668303725,0.1386762668303722,5.0
43300.0,433.0,0.0,,-1.138674727115012,0.1386747271150119,5.0
43400.0,434.0,0.0,,-1.138569285421578,0.1385692854215778,5.0
43600.0,436.0,0.0,,-1.138552404569243,0.138552404569243,5.0
43700.0,437.0,0.0,,-1.1385354516699426,0.1385354516699426,5.0
43800.0,438.0,0.0,,-1.138530333882258,0.1385303338822581,5.0
43900.0,439.0,0.0,,-1.138526556591269,0.138526556591269,5.0
44000.0,440.0,0.0,,-1.1385208898006516,0.1385208898006515,5.0
44200.0,442.0,0.0,,-1.138499543858866,0.1384995438588658,5.0
44300.0,443.0,0.0,,-1.1384012545334452,0.1384012545334452,5.0
44500.0,445.0,0.0,,-1.1383992652469606,0.1383992652469605,5.0
44600.0,446.0,0.0,,-1.1383989705817787,0.1383989705817787,5.0
44900.0,449.0,0.0,,-1.1383974011110871,0.1383974011110873,5.0
45300.0,453.0,0.0,,-1.1383973798573557,0.1383973798573556,5.0
45400.0,454.0,0.0,,-1.138372537191864,0.138372537191864,5.0
45500.0,455.0,0.0,,-1.13837211449381,0.1383721144938101,5.0
45600.0,456.0,0.0,,-1.1383711089054775,0.1383711089054775,5.0
45900.0,459.0,0.0,,-1.138370667822127,0.138370667822127,5.0
46500.0,465.0,0.0,,-1.1383702500544233,0.1383702500544232,5.0
46700.0,467.0,0.0,,-1.1383693288760748,0.1383693288760747,5.0
46800.0,468.0,0.0,,-1.1383688197852169,0.1383688197852168,5.0
46900.0,469.0,0.0,,-1.138368660334582,0.1383686603345819,5.0
47000.0,470.0,0.0,,-1.1383686558001598,0.1383686558001597,5.0
47100.0,471.0,0.0,,-1.138368604963904,0.1383686049639041,5.0
47300.0,473.0,0.0,,-1.138368594726485,0.138368594726485,5.0
47500.0,475.0,0.0,,-1.1383685893936848,0.1383685893936848,5.0
47600.0,476.0,0.0,,-1.1383685870821991,0.1383685870821991,5.0
47800.0,478.0,0.0,,-1.1383685870427218,0.1383685870427218,5.0
47900.0,479.0,0.0,,-1.1383685841295272,0.1383685841295272,5.0
48100.0,481.0,0.0,,-1.1383685772331589,0.1383685772331588,5.0
48300.0,483.0,0.0,,-1.1383685754558064,0.1383685754558064,5.0
48400.0,484.0,0.0,,-1.13836857529336,0.1383685752933598,5.0
48500.0,485.0,0.0,,-1.138368572580762,0.1383685725807619,5.0
48600.0,486.0,0.0,,-1.1383685689615524,0.1383685689615523,5.0
48700.0,487.0,0.0,,-1.1383685687464526,0.1383685687464526,5.0
48800.0,488.0,0.0,,-1.1383685685017613,0.1383685685017612,5.0
49000.0,490.0,0.0,,-1.1383685671229928,0.1383685671229928,5.0
49100.0,491.0,0.0,,-1.1383685667147887,0.1383685667147887,5.0
49400.0,494.0,0.0,,-1.1383685666778849,0.1383685666778846,5.0
49500.0,495.0,0.0,,-1.1383685660551477,0.1383685660551474,5.0
49600.0,496.0,0.0,,-1.1383685657439828,0.1383685657439828,5.0
49700.0,497.0,0.0,,-1.138368565661373,0.1383685656613729,5.0
49800.0,498.0,0.0,,-1.138368565544333,0.1383685655443329,5.0
49900.0,499.0,0.0,,-1.1383685654177975,0.1383685654177977,5.0
50200.0,502.0,0.0,,-1.1383685654119544,0.1383685654119544,5.0
50400.0,504.0,0.0,,-1.138368565331446,0.1383685653314459,5.0
50500.0,505.0,0.0,,-1.1383685652212787,0.1383685652212787,5.0
50700.0,507.0,0.0,,-1.1383685651973263,0.1383685651973265,5.0
50800.0,508.0,0.0,,-1.1383685650260018,0.1383685650260018,5.0
50900.0,509.0,0.0,,-1.1383685650234705,0.1383685650234702,5.0
51100.0,511.0,0.0,,-1.1383685650233175,0.1383685650233175,5.0
51200.0,512.0,0.0,,-1.1383685650086524,0.1383685650086523,5.0
51300.0,513.0,0.0,,-1.1383685649795388,0.1383685649795387,5.0
51600.0,516.0,0.0,,-1.1383685647941288,0.1383685647941288,5.0
51700.0,517.0,0.0,,-1.1383685647897268,0.1383685647897268,5.0
52000.0,520.0,0.0,,-1.138368564697492,0.1383685646974919,5.0
52100.0,521.0,0.0,,-1.1383685646826882,0.1383685646826882,5.0
52400.0,524.0,0.0,,-1.1383685646826365,0.1383685646826364,5.0
52500.0,525.0,0.0,,-1.138368564677498,0.1383685646774979,5.0
52600.0,526.0,0.0,,-1.1383685646645532,0.1383685646645531,5.0
52700.0,527.0,0.0,,-1.1383685641468988,0.1383685641468988,5.0
52800.0,528.0,0.0,,-1.1383685638627372,0.1383685638627372,5.0
52900.0,529.0,0.0,,-1.138368559229041,0.1383685592290406,5.0
53100.0,531.0,0.0,,-1.1383685592125974,0.1383685592125974,5.0
53300.0,533.0,0.0,,-1.1383685591804025,0.1383685591804024,5.0
53500.0,535.0,0.0,,-1.1383685591729809,0.1383685591729808,5.0
53600.0,536.0,0.0,,-1.1383685591669568,0.1383685591669567,5.0
53800.0,538.0,0.0,,-1.138368559166682,0.1383685591666821,5.0
53900.0,539.0,0.0,,-1.1383685591613752,0.1383685591613752,5.0
54000.0,540.0,0.0,,-1.138368559161359,0.138368559161359,5.0
54100.0,541.0,0.0,,-1.1383685591595432,0.1383685591595431,5.0
54200.0,542.0,0.0,,-1.138368559159541,0.1383685591595409,5.0
54300.0,543.0,0.0,,-1.1383685591594233,0.1383685591594232,5.0
54700.0,547.0,0.0,,-1.1383685591581651,0.1383685591581651,5.0
54800.0,548.0,0.0,,-1.138368559157858,0.138368559157858,5.0
55100.0,551.0,0.0,,-1.1383685591578292,0.1383685591578292,5.0
55200.0,552.0,0.0,,-1.1383685591576287,0.1383685591576287,5.0
55500.0,555.0,0.0,,-1.1383685591576238,0.1383685591576238,5.0
55600.0,556.0,0.0,,-1.1383685591576191,0.1383685591576191,5.0
55900.0,559.0,0.0,,-1.1383685591574515,0.1383685591574515,5.0
56000.0,560.0,0.0,,-1.1383685591574504,0.1383685591574504,5.0
56100.0,561.0,0.0,,-1.1383685591574306,0.1383685591574306,5.0
56200.0,562.0,0.0,,-1.1383685591574106,0.1383685591574106,5.0
56400.0,564.0,0.0,,-1.138368559157316,0.138368559157316,5.0
56500.0,565.0,0.0,,-1.1383685591573125,0.1383685591573122,5.0
56600.0,566.0,0.0,,-1.1383685591573078,0.1383685591573078,5.0
57100.0,571.0,0.0,,-1.1383685591573047,0.1383685591573047,5.0
57200.0,572.0,0.0,,-1.1383685591573034,0.1383685591573034,5.0
57500.0,575.0,0.0,,-1.138368559157303,0.1383685591573029,5.0
57600.0,576.0,0.0,,-1.1383685591573025,0.1383685591573022,5.0
57900.0,579.0,0.0,,-1.1383685591573014,0.1383685591573014,5.0
58300.0,583.0,0.0,,-1.1383685591573012,0.1383685591573011,5.0
59400.0,594.0,0.0,,-1.138368559157301,0.1383685591573009,5.0
59600.0,596.0,0.0,,-1.1383685591573007,0.1383685591573007,5.0
80600.0,806.0,0.0,,-1.1255562090740083,0.1255562090740083,5.0
80700.0,807.0,0.0,,-1.1150018185007542,0.1150018185007542,5.0
80800.0,808.0,0.0,,-1.1117852453436732,0.1117852453436731,5.0
80900.0,809.0,0.0,,-1.1036420780111078,0.1036420780111078,5.0
81100.0,811.0,0.0,,-1.1017046220162363,0.1017046220162365,5.0
81400.0,814.0,0.0,,-1.101484925958842,0.1014849259588419,5.0
81600.0,816.0,0.0,,-1.1014802427601618,0.1014802427601617,5.0
81900.0,819.0,0.0,,-1.1014797425133316,0.1014797425133315,5.0
82000.0,820.0,0.0,,-1.1014797152362543,0.1014797152362545,5.0
82400.0,824.0,0.0,,-1.1014797089904136,0.1014797089904135,5.0
82700.0,827.0,0.0,,-1.1014797037908517,0.1014797037908517,5.0
83300.0,833.0,0.0,,-1.1014797037899833,0.1014797037899832,5.0
83400.0,834.0,0.0,,-1.1014797037899011,0.1014797037899013,5.0
84700.0,847.0,0.0,,-1.1014797037899005,0.1014797037899004,5.0
84900.0,849.0,0.0,,-1.101479703789899,0.1014797037898989,5.0
282100.0,2821.0,0.0,,-1.1008309174564417,0.1008309174564414,5.0
282700.0,2827.0,0.0,,-1.1008309173847837,0.1008309173847836,5.0
282900.0,2829.0,0.0,,-1.1004585950631558,0.1004585950631558,5.0
283100.0,2831.0,0.0,,-1.100102717450436,0.1001027174504358,5.0
283300.0,2833.0,0.0,,-1.1001027174497349,0.1001027174497348,5.0
283500.0,2835.0,0.0,,-1.1000532870585142,0.1000532870585142,5.0
283600.0,2836.0,0.0,,-1.0999269676045311,0.0999269676045311,5.0
284000.0,2840.0,0.0,,-1.0999260555251933,0.0999260555251932,5.0
284600.0,2846.0,0.0,,-1.099926051365763,0.0999260513657629,5.0
284700.0,2847.0,0.0,,-1.099925937238459,0.0999259372384593,5.0
285500.0,2855.0,0.0,,-1.0999259158060384,0.0999259158060383,5.0
286000.0,2860.0,0.0,,-1.0999108480258226,0.0999108480258226,5.0
286300.0,2863.0,0.0,,-1.0998881428367804,0.0998881428367803,5.0
286400.0,2864.0,0.0,,-1.0998880941965472,0.0998880941965472,5.0
286500.0,2865.0,0.0,,-1.0998873087274097,0.0998873087274094,5.0
286600.0,2866.0,0.0,,-1.099882653389146,0.0998826533891461,5.0
286700.0,2867.0,0.0,,-1.0998817706408226,0.0998817706408226,5.0
286800.0,2868.0,0.0,,-1.0998808642342803,0.0998808642342803,5.0
286900.0,2869.0,0.0,,-1.0998804041539154,0.0998804041539154,5.0
287000.0,2870.0,0.0,,-1.099880212455784,0.099880212455784,5.0
287100.0,2871.0,0.0,,-1.0998798254875193,0.0998798254875192,5.0
287400.0,2874.0,0.0,,-1.0998781981419492,0.0998781981419492,5.0
287600.0,2876.0,0.0,,-1.0998779386646245,0.0998779386646244,5.0
287800.0,2878.0,0.0,,-1.0998777787996137,0.0998777787996134,5.0
288200.0,2882.0,0.0,,-1.0998777746779316,0.0998777746779315,5.0
288400.0,2884.0,0.0,,-1.099877762537792,0.099877762537792,5.0
288700.0,2887.0,0.0,,-1.0998777625080145,0.0998777625080142,5.0
288800.0,2888.0,0.0,,-1.0998777593311495,0.0998777593311495,5.0
289500.0,2895.0,0.0,,-1.099877759308687,0.099877759308687,5.0
289600.0,2896.0,0.0,,-1.099877759201905,0.0998777592019048,5.0
289800.0,2898.0,0.0,,-1.0998777592018965,0.0998777592018964,5.0
289900.0,2899.0,0.0,,-1.0993686257046842,0.0993686257046841,5.0
290100.0,2901.0,0.0,,-1.0993677477465489,0.0993677477465486,5.0
290500.0,2905.0,0.0,,-1.0993674980068708,0.0993674980068708,5.0
290700.0,2907.0,0.0,,-1.0993232495476466,0.0993232495476466,5.0
290800.0,2908.0,0.0,,-1.0986049809595513,0.0986049809595512,5.0
291100.0,2911.0,0.0,,-1.0986049625520025,0.0986049625520024,5.0
291200.0,2912.0,0.0,,-1.0985852875140203,0.0985852875140205,5.0
291400.0,2914.0,0.0,,-1.0985851831197952,0.0985851831197952,5.0
291500.0,2915.0,0.0,,-1.098539691253022,0.098539691253022,5.0
291600.0,2916.0,0.0,,-1.0985266665617353,0.0985266665617352,5.0
291900.0,2919.0,0.0,,-1.0985266502279158,0.0985266502279158,5.0
292200.0,2922.0,0.0,,-1.0985266496223,0.0985266496223,5.0
292300.0,2923.0,0.0,,-1.097879736291111,0.097879736291111,5.0
292400.0,2924.0,0.0,,-1.0978538776231994,0.0978538776231994,5.0
293200.0,2932.0,0.0,,-1.0978535660276991,0.0978535660276991,5.0
293300.0,2933.0,0.0,,-1.0978534772574715,0.0978534772574715,5.0
293500.0,2935.0,0.0,,-1.0975387745525185,0.0975387745525184,5.0
293700.0,2937.0,0.0,,-1.0975385869972203,0.0975385869972202,5.0
294000.0,2940.0,0.0,,-1.0975028563681035,0.0975028563681037,5.0
294600.0,2946.0,0.0,,-1.097494324941734,0.0974943249417339,5.0
294700.0,2947.0,0.0,,-1.0974937317030524,0.0974937317030524,5.0
295300.0,2953.0,0.0,,-1.0974937312384132,0.0974937312384132,5.0
295500.0,2955.0,0.0,,-1.097481645445513,0.0974816454455129,5.0
295600.0,2956.0,0.0,,-1.0974600657543765,0.0974600657543764,5.0
296000.0,2960.0,0.0,,-1.0974515773176083,0.0974515773176083,5.0
296200.0,2962.0,0.0,,-1.0974510535868447,0.0974510535868447,5.0
296400.0,2964.0,0.0,,-1.097443960668482,0.097443960668482,5.0
296500.0,2965.0,0.0,,-1.097442809148195,0.0974428091481949,5.0
296600.0,2966.0,0.0,,-1.0974427751470923,0.0974427751470923,5.0
296700.0,2967.0,0.0,,-1.0973492824348603,0.0973492824348603,5.0
296800.0,2968.0,0.0,,-1.0973082841271018,0.0973082841271018,5.0
296900.0,2969.0,0.0,,-1.0972840255510683,0.0972840255510683,5.0
297100.0,2971.0,0.0,,-1.097278188259435,0.0972781882594346,5.0
297300.0,2973.0,0.0,,-1.0972780292289388,0.0972780292289388,5.0
297700.0,2977.0,0.0,,-1.0972778992215575,0.0972778992215577,5.0
297800.0,2978.0,0.0,,-1.0972778992197396,0.0972778992197396,5.0
298200.0,2982.0,0.0,,-1.09727787061648,0.0972778706164798,5.0
298400.0,2984.0,0.0,,-1.097277862412387,0.0972778624123866,5.0
298600.0,2986.0,0.0,,-1.0971297464115664,0.0971297464115663,5.0
299100.0,2991.0,0.0,,-1.097125383549801,0.0971253835498009,5.0
299200.0,2992.0,0.0,,-1.097082886911832,0.0970828869118318,5.0
299300.0,2993.0,0.0,,-1.097054856899433,0.0970548568994329,5.0
299400.0,2994.0,0.0,,-1.0970527633935157,0.0970527633935156,5.0
299600.0,2996.0,0.0,,-1.0967128199058231,0.0967128199058231,5.0
299800.0,2998.0,0.0,,-1.0966104527663632,0.0966104527663631,5.0
300000.0,3000.0,0.0,,-1.0964676796437187,0.0964676796437187,5.0
100.0,1.0,0.0,,-1.88319591346396,0.8831959134639602,6.0
200.0,2.0,0.0,,-1.867573974609098,0.867573974609098,6.0
300.0,3.0,0.0,,-1.835882699782449,0.8358826997824487,6.0
400.0,4.0,0.0,,-1.8307725628420533,0.8307725628420535,6.0
500.0,5.0,0.0,,-1.7960150140810636,0.7960150140810636,6.0
600.0,6.0,0.0,,-1.779552039010992,0.779552039010992,6.0
700.0,7.0,0.0,,-1.7528040957657904,0.7528040957657904,6.0
800.0,8.0,0.0,,-1.6825221523575813,0.6825221523575813,6.0
900.0,9.0,0.0,,-1.668101695634448,0.6681016956344481,6.0
1000.0,10.0,0.0,,-1.6632325149178486,0.6632325149178486,6.0
1100.0,11.0,0.0,,-1.5739197695231322,0.5739197695231322,6.0
1300.0,13.0,0.0,,-1.5413939877262206,0.5413939877262206,6.0
1500.0,15.0,0.0,,-1.5320198647564771,0.5320198647564771,6.0
1600.0,16.0,0.0,,-1.5118407279267134,0.5118407279267134,6.0
1700.0,17.0,0.0,,-1.4667646722018195,0.4667646722018195,6.0
1900.0,19.0,0.0,,-1.4209435102520571,0.4209435102520573,6.0
2000.0,20.0,0.0,,-1.3930855489922065,0.3930855489922065,6.0
2100.0,21.0,0.0,,-1.3813305955813358,0.3813305955813357,6.0
2200.0,22.0,0.0,,-1.2951689398799808,0.2951689398799808,6.0
2500.0,25.0,0.0,,-1.2778139967284203,0.2778139967284203,6.0
2600.0,26.0,0.0,,-1.269455252566431,0.2694552525664311,6.0
2700.0,27.0,0.0,,-1.2231191253069578,0.2231191253069577,6.0
2800.0,28.0,0.0,,-1.2203932130815107,0.2203932130815107,6.0
2900.0,29.0,0.0,,-1.1918332773594795,0.1918332773594797,6.0
3000.0,30.0,0.0,,-1.169631483465198,0.1696314834651979,6.0
3200.0,32.0,0.0,,-1.1307396022760634,0.1307396022760634,6.0
3400.0,34.0,0.0,,-1.110974674317852,0.1109746743178519,6.0
3600.0,36.0,0.0,,-1.1047448130627913,0.1047448130627912,6.0
3700.0,37.0,0.0,,-1.0984315854521194,0.0984315854521193,6.0
3900.0,39.0,0.0,,-1.0978949266865337,0.0978949266865336,6.0
4000.0,40.0,0.0,,-1.0970722785329774,0.0970722785329774,6.0
4100.0,41.0,0.0,,-1.093857437548052,0.0938574375480518,6.0
4300.0,43.0,0.0,,-1.0881368157366391,0.0881368157366391,6.0
4400.0,44.0,0.0,,-1.0859036504452002,0.0859036504452002,6.0
4700.0,47.0,0.0,,-1.0719153404631343,0.0719153404631343,6.0
4900.0,49.0,0.0,,-1.0619550039398196,0.0619550039398195,6.0
5000.0,50.0,0.0,,-1.061804634201994,0.061804634201994,6.0
5100.0,51.0,0.0,,-1.0519209469790096,0.0519209469790096,6.0
5200.0,52.0,0.0,,-1.049065055627556,0.049065055627556,6.0
5600.0,56.0,0.0,,-1.0446928464425784,0.0446928464425784,6.0
5800.0,58.0,0.0,,-1.0436082491044645,0.0436082491044644,6.0
6000.0,60.0,0.0,,-1.0409586950245169,0.0409586950245168,6.0
6100.0,61.0,0.0,,-1.0368542001793204,0.0368542001793203,6.0
6300.0,63.0,0.0,,-1.0366746568617773,0.0366746568617772,6.0
6700.0,67.0,0.0,,-1.035958727983589,0.0359587279835886,6.0
6900.0,69.0,0.0,,-1.0359095813661254,0.0359095813661254,6.0
7300.0,73.0,0.0,,-1.0358927852761275,0.0358927852761274,6.0
8400.0,84.0,0.0,,-1.035890682642207,0.0358906826422069,6.0
9500.0,95.0,0.0,,-1.0358900667818982,0.0358900667818982,6.0
9600.0,96.0,0.0,,-1.0358664080333533,0.0358664080333532,6.0
9800.0,98.0,0.0,,-1.0358192582360508,0.0358192582360508,6.0
10100.0,101.0,0.0,,-1.035758505350716,0.0357585053507161,6.0
10300.0,103.0,0.0,,-1.0357541279000768,0.0357541279000768,6.0
10400.0,104.0,0.0,,-1.0357024078213273,0.0357024078213272,6.0
10600.0,106.0,0.0,,-1.0356934595676135,0.0356934595676137,6.0
10800.0,108.0,0.0,,-1.0356642876591244,0.0356642876591244,6.0
10900.0,109.0,0.0,,-1.0356625695718682,0.0356625695718682,6.0
11100.0,111.0,0.0,,-1.0356569912012423,0.0356569912012425,6.0
11700.0,117.0,0.0,,-1.0356569639155782,0.0356569639155781,6.0
12000.0,120.0,0.0,,-1.0356359874905745,0.0356359874905745,6.0
12200.0,122.0,0.0,,-1.035572422347154,0.035572422347154,6.0
12400.0,124.0,0.0,,-1.035562444717287,0.0355624447172873,6.0
12700.0,127.0,0.0,,-1.0355441996731758,0.0355441996731757,6.0
12900.0,129.0,0.0,,-1.0354856137242014,0.0354856137242014,6.0
13000.0,130.0,0.0,,-1.0354783290934058,0.0354783290934057,6.0
13100.0,131.0,0.0,,-1.0354536700545554,0.0354536700545553,6.0
13500.0,135.0,0.0,,-1.035442468213478,0.0354424682134779,6.0
13700.0,137.0,0.0,,-1.0354393575110918,0.0354393575110918,6.0
13800.0,138.0,0.0,,-1.0354390405813998,0.0354390405813997,6.0
13900.0,139.0,0.0,,-1.0354378143181415,0.0354378143181415,6.0
14000.0,140.0,0.0,,-1.035437473389906,0.0354374733899061,6.0
14400.0,144.0,0.0,,-1.035437441665678,0.0354374416656779,6.0
14900.0,149.0,0.0,,-1.035437441630223,0.035437441630223,6.0
16300.0,163.0,0.0,,-1.035437415412655,0.0354374154126551,6.0
16900.0,169.0,0.0,,-1.035437411564618,0.0354374115646181,6.0
17000.0,170.0,0.0,,-1.03543740945524,0.0354374094552398,6.0
17100.0,171.0,0.0,,-1.035437404639539,0.0354374046395389,6.0
17300.0,173.0,0.0,,-1.0354374046072234,0.0354374046072234,6.0
17400.0,174.0,0.0,,-1.0354374013390233,0.0354374013390232,6.0
17800.0,178.0,0.0,,-1.0354374012401315,0.0354374012401315,6.0
18000.0,180.0,0.0,,-1.0354374008438885,0.0354374008438884,6.0
18600.0,186.0,0.0,,-1.0354374008411775,0.0354374008411777,6.0
18700.0,187.0,0.0,,-1.0354374008411746,0.0354374008411746,6.0
19100.0,191.0,0.0,,-1.0354374008411713,0.0354374008411713,6.0
19400.0,194.0,0.0,,-1.035437400841171,0.035437400841171,6.0
20300.0,203.0,0.0,,-1.035374024160777,0.0353740241607769,6.0
20700.0,207.0,0.0,,-1.0353738301315378,0.0353738301315378,6.0
21100.0,211.0,0.0,,-1.035359652854007,0.0353596528540069,6.0
21300.0,213.0,0.0,,-1.035298458770297,0.0352984587702969,6.0
21600.0,216.0,0.0,,-1.0352939774708112,0.0352939774708112,6.0
21700.0,217.0,0.0,,-1.0352906049247086,0.0352906049247085,6.0
21900.0,219.0,0.0,,-1.035290603960658,0.0352906039606579,6.0
22000.0,220.0,0.0,,-1.0352905512724593,0.0352905512724592,6.0
22400.0,224.0,0.0,,-1.0352902528588313,0.0352902528588312,6.0
22800.0,228.0,0.0,,-1.034510358310596,0.0345103583105961,6.0
23100.0,231.0,0.0,,-1.0344990742992912,0.0344990742992912,6.0
23200.0,232.0,0.0,,-1.0343532315948625,0.0343532315948622,6.0
23600.0,236.0,0.0,,-1.0343392095428652,0.0343392095428651,6.0
24000.0,240.0,0.0,,-1.0343355699085326,0.0343355699085325,6.0
24100.0,241.0,0.0,,-1.034317258565288,0.034317258565288,6.0
24200.0,242.0,0.0,,-1.0341735135886851,0.0341735135886851,6.0
24600.0,246.0,0.0,,-1.034159116024298,0.034159116024298,6.0
24900.0,249.0,0.0,,-1.0341257218839135,0.0341257218839137,6.0
25100.0,251.0,0.0,,-1.0341057789665864,0.0341057789665864,6.0
25400.0,254.0,0.0,,-1.0340943380602168,0.0340943380602167,6.0
25800.0,258.0,0.0,,-1.0340923986609516,0.0340923986609515,6.0
26100.0,261.0,0.0,,-1.0340905126570905,0.0340905126570905,6.0
26200.0,262.0,0.0,,-1.0340900877084431,0.0340900877084431,6.0
26400.0,264.0,0.0,,-1.0340900841825955,0.0340900841825957,6.0
26500.0,265.0,0.0,,-1.0340900519141398,0.0340900519141398,6.0
26600.0,266.0,0.0,,-1.0340898498990068,0.0340898498990067,6.0
26700.0,267.0,0.0,,-1.0340883532263878,0.0340883532263878,6.0
27100.0,271.0,0.0,,-1.0340883390687543,0.0340883390687543,6.0
27200.0,272.0,0.0,,-1.0340883381150447,0.0340883381150447,6.0
27300.0,273.0,0.0,,-1.0340883320075738,0.0340883320075737,6.0
27400.0,274.0,0.0,,-1.0340883190601318,0.0340883190601317,6.0
27500.0,275.0,0.0,,-1.034088308379444,0.0340883083794441,6.0
27800.0,278.0,0.0,,-1.0340883079951693,0.0340883079951692,6.0
27900.0,279.0,0.0,,-1.0340883071219047,0.0340883071219046,6.0
28200.0,282.0,0.0,,-1.0340511381992272,0.0340511381992272,6.0
28500.0,285.0,0.0,,-1.0340510523084057,0.0340510523084056,6.0
28600.0,286.0,0.0,,-1.034029220762987,0.0340292207629873,6.0
28900.0,289.0,0.0,,-1.0340290044361793,0.0340290044361792,6.0
29000.0,290.0,0.0,,-1.0340128681873006,0.0340128681873006,6.0
29200.0,292.0,0.0,,-1.0340106709761907,0.0340106709761907,6.0
29400.0,294.0,0.0,,-1.034007208871656,0.034007208871656,6.0
29500.0,295.0,0.0,,-1.0339949107973383,0.0339949107973382,6.0
29700.0,297.0,0.0,,-1.033990509510445,0.0339905095104449,6.0
29800.0,298.0,0.0,,-1.033985189558154,0.0339851895581539,6.0
30000.0,300.0,0.0,,-1.0339841931014286,0.0339841931014286,6.0
30100.0,301.0,0.0,,-1.0339156400942997,0.0339156400942994,6.0
30200.0,302.0,0.0,,-1.033915504951515,0.0339155049515149,6.0
30300.0,303.0,0.0,,-1.0339153441853726,0.0339153441853725,6.0
30600.0,306.0,0.0,,-1.0339123808787631,0.0339123808787631,6.0
30800.0,308.0,0.0,,-1.0339123436131243,0.0339123436131243,6.0
30900.0,309.0,0.0,,-1.0339119271576398,0.0339119271576398,6.0
31200.0,312.0,0.0,,-1.0339116836634836,0.0339116836634836,6.0
31300.0,313.0,0.0,,-1.033910893889629,0.033910893889629,6.0
31600.0,316.0,0.0,,-1.033910763033881,0.033910763033881,6.0
31700.0,317.0,0.0,,-1.0336208686861783,0.0336208686861785,6.0
31900.0,319.0,0.0,,-1.0332750680686515,0.0332750680686515,6.0
32200.0,322.0,0.0,,-1.031504359106693,0.031504359106693,6.0
32500.0,325.0,0.0,,-1.0313236164817636,0.0313236164817636,6.0
32600.0,326.0,0.0,,-1.0308962661419236,0.0308962661419236,6.0
32800.0,328.0,0.0,,-1.0308495109765707,0.0308495109765707,6.0
32900.0,329.0,0.0,,-1.03072385694225,0.0307238569422501,6.0
33000.0,330.0,0.0,,-1.0297273341621145,0.0297273341621142,6.0
33100.0,331.0,0.0,,-1.0297123411687483,0.0297123411687483,6.0
33500.0,335.0,0.0,,-1.0297019812151444,0.0297019812151444,6.0
34100.0,341.0,0.0,,-1.0297018178578032,0.0297018178578032,6.0
34200.0,342.0,0.0,,-1.0297017657259382,0.0297017657259381,6.0
34300.0,343.0,0.0,,-1.029701650155105,0.029701650155105,6.0
34400.0,344.0,0.0,,-1.0295659008556646,0.0295659008556645,6.0
34500.0,345.0,0.0,,-1.02956491382209,0.0295649138220899,6.0
34600.0,346.0,0.0,,-1.0294613043750922,0.0294613043750922,6.0
34700.0,347.0,0.0,,-1.028939079509785,0.028939079509785,6.0
35000.0,350.0,0.0,,-1.028737960317918,0.0287379603179178,6.0
35500.0,355.0,0.0,,-1.0286710062812288,0.0286710062812287,6.0
35700.0,357.0,0.0,,-1.028663637814352,0.0286636378143518,6.0
36000.0,360.0,0.0,,-1.0286621686776067,0.0286621686776067,6.0
36500.0,365.0,0.0,,-1.028662067662594,0.0286620676625939,6.0
36700.0,367.0,0.0,,-1.0284934890558786,0.0284934890558785,6.0
37100.0,371.0,0.0,,-1.0282933886833685,0.0282933886833685,6.0
37600.0,376.0,0.0,,-1.028251863585271,0.028251863585271,6.0
37700.0,377.0,0.0,,-1.0282457212296223,0.0282457212296223,6.0
37800.0,378.0,0.0,,-1.0281976066484813,0.0281976066484812,6.0
38100.0,381.0,0.0,,-1.0281707835266507,0.0281707835266507,6.0
38600.0,386.0,0.0,,-1.0281605930244189,0.0281605930244188,6.0
38800.0,388.0,0.0,,-1.0281056376059257,0.0281056376059256,6.0
39100.0,391.0,0.0,,-1.0281006188491235,0.0281006188491235,6.0
39300.0,393.0,0.0,,-1.0281003754645188,0.0281003754645188,6.0
39400.0,394.0,0.0,,-1.028100056843233,0.028100056843233,6.0
39500.0,395.0,0.0,,-1.0280993701809928,0.0280993701809928,6.0
39700.0,397.0,0.0,,-1.0277514406848574,0.0277514406848573,6.0
40700.0,407.0,0.0,,-1.02773903696414,0.0277390369641399,6.0
41000.0,410.0,0.0,,-1.027720153520156,0.0277201535201561,6.0
41100.0,411.0,0.0,,-1.0277196037106011,0.0277196037106011,6.0
41200.0,412.0,0.0,,-1.027718392006872,0.0277183920068719,6.0
41500.0,415.0,0.0,,-1.0277181910111337,0.0277181910111337,6.0
41600.0,416.0,0.0,,-1.0277175135998295,0.0277175135998295,6.0
41800.0,418.0,0.0,,-1.027717357294902,0.0277173572949021,6.0
41900.0,419.0,0.0,,-1.0277148724090084,0.0277148724090083,6.0
42000.0,420.0,0.0,,-1.0277140794127828,0.0277140794127828,6.0
42300.0,423.0,0.0,,-1.0277100355336737,0.0277100355336734,6.0
42700.0,427.0,0.0,,-1.0277099328176251,0.0277099328176253,6.0
42800.0,428.0,0.0,,-1.0277067716027657,0.0277067716027654,6.0
42900.0,429.0,0.0,,-1.0277051532175976,0.0277051532175975,6.0
43000.0,430.0,0.0,,-1.027704864095314,0.0277048640953139,6.0
43100.0,431.0,0.0,,-1.027704848839523,0.027704848839523,6.0
43200.0,432.0,0.0,,-1.027704383872567,0.027704383872567,6.0
43300.0,433.0,0.0,,-1.027703893963276,0.0277038939632761,6.0
43400.0,434.0,0.0,,-1.027703118351298,0.0277031183512981,6.0
43500.0,435.0,0.0,,-1.0277026119624777,0.0277026119624776,6.0
43800.0,438.0,0.0,,-1.0277026019600193,0.0277026019600192,6.0
44100.0,441.0,0.0,,-1.0277022645128946,0.0277022645128945,6.0
44500.0,445.0,0.0,,-1.0277021465161087,0.0277021465161086,6.0
44600.0,446.0,0.0,,-1.027702060579224,0.0277020605792239,6.0
44700.0,447.0,0.0,,-1.0277020594764623,0.0277020594764623,6.0
44900.0,449.0,0.0,,-1.0277020552938734,0.0277020552938733,6.0
45100.0,451.0,0.0,,-1.0277020444517218,0.0277020444517217,6.0
45300.0,453.0,0.0,,-1.0277020340260197,0.0277020340260194,6.0
45500.0,455.0,0.0,,-1.0277020279693565,0.0277020279693562,6.0
45800.0,458.0,0.0,,-1.02770202746853,0.02770202746853,6.0
45900.0,459.0,0.0,,-1.027702021818094,0.0277020218180941,6.0
46000.0,460.0,0.0,,-1.0277020197131677,0.0277020197131676,6.0
46200.0,462.0,0.0,,-1.0277020189533554,0.0277020189533554,6.0
46300.0,463.0,0.0,,-1.0277020186157069,0.0277020186157068,6.0
46400.0,464.0,0.0,,-1.0277020120087317,0.0277020120087314,6.0
46500.0,465.0,0.0,,-1.0277020114276691,0.0277020114276691,6.0
46700.0,467.0,0.0,,-1.0277020110338753,0.0277020110338752,6.0
46800.0,468.0,0.0,,-1.0277020106297203,0.0277020106297203,6.0
46900.0,469.0,0.0,,-1.0277020103897614,0.0277020103897613,6.0
47000.0,470.0,0.0,,-1.0277020103217225,0.0277020103217224,6.0
47200.0,472.0,0.0,,-1.0277019991022265,0.0277019991022264,6.0
47300.0,473.0,0.0,,-1.0277019970577783,0.0277019970577785,6.0
48000.0,480.0,0.0,,-1.0277019946002743,0.0277019946002743,6.0
48100.0,481.0,0.0,,-1.0277019943169603,0.0277019943169605,6.0
48200.0,482.0,0.0,,-1.0277019942258114,0.0277019942258114,6.0
48500.0,485.0,0.0,,-1.02770199422469,0.0277019942246898,6.0
48700.0,487.0,0.0,,-1.0277019942157857,0.0277019942157856,6.0
48800.0,488.0,0.0,,-1.0277019942124517,0.0277019942124514,6.0
48900.0,489.0,0.0,,-1.027701993498485,0.027701993498485,6.0
49000.0,490.0,0.0,,-1.0277019932718574,0.0277019932718574,6.0
49100.0,491.0,0.0,,-1.0277019932555,0.0277019932555,6.0
49200.0,492.0,0.0,,-1.0277019932496716,0.0277019932496715,6.0
49300.0,493.0,0.0,,-1.0277019932459983,0.0277019932459985,6.0
49400.0,494.0,0.0,,-1.027701993150471,0.0277019931504709,6.0
49500.0,495.0,0.0,,-1.0277019931503664,0.0277019931503663,6.0
49700.0,497.0,0.0,,-1.0277019931494045,0.0277019931494044,6.0
49800.0,498.0,0.0,,-1.0277019931482403,0.0277019931482405,6.0
50000.0,500.0,0.0,,-1.0277019931478055,0.0277019931478057,6.0
50400.0,504.0,0.0,,-1.0277019931445188,0.0277019931445188,6.0
50800.0,508.0,0.0,,-1.027701993144518,0.0277019931445179,6.0
50900.0,509.0,0.0,,-1.0277019931438072,0.0277019931438071,6.0
51000.0,510.0,0.0,,-1.0277019931437197,0.0277019931437196,6.0
51100.0,511.0,0.0,,-1.0277019931431162,0.0277019931431161,6.0
51300.0,513.0,0.0,,-1.0277019931430689,0.0277019931430688,6.0
51500.0,515.0,0.0,,-1.027701993097209,0.0277019930972091,6.0
51600.0,516.0,0.0,,-1.0277019930971876,0.0277019930971875,6.0
51700.0,517.0,0.0,,-1.0277019930970637,0.0277019930970636,6.0
51800.0,518.0,0.0,,-1.0277019930968494,0.0277019930968493,6.0
52000.0,520.0,0.0,,-1.0277019930963935,0.0277019930963935,6.0
52100.0,521.0,0.0,,-1.0277019930961948,0.0277019930961948,6.0
52300.0,523.0,0.0,,-1.0277019930920526,0.0277019930920525,6.0
52400.0,524.0,0.0,,-1.027701993091904,0.027701993091904,6.0
52600.0,526.0,0.0,,-1.0277019930918545,0.0277019930918542,6.0
52900.0,529.0,0.0,,-1.0277019930918487,0.0277019930918487,6.0
53000.0,530.0,0.0,,-1.027701993091756,0.0277019930917559,6.0
53100.0,531.0,0.0,,-1.0277019930916735,0.0277019930916735,6.0
53300.0,533.0,0.0,,-1.0277019930915643,0.0277019930915642,6.0
53400.0,534.0,0.0,,-1.0277019930571452,0.0277019930571451,6.0
53700.0,537.0,0.0,,-1.0277019930571405,0.0277019930571404,6.0
54000.0,540.0,0.0,,-1.0277019930570903,0.0277019930570903,6.0
54100.0,541.0,0.0,,-1.0277019930561886,0.0277019930561885,6.0
54200.0,542.0,0.0,,-1.0277019930560527,0.0277019930560527,6.0
54700.0,547.0,0.0,,-1.0277019930558855,0.0277019930558855,6.0
54800.0,548.0,0.0,,-1.0277019930558682,0.0277019930558681,6.0
54900.0,549.0,0.0,,-1.027701993055865,0.027701993055865,6.0
55000.0,550.0,0.0,,-1.0277019930557665,0.0277019930557664,6.0
55300.0,553.0,0.0,,-1.0277019930557638,0.0277019930557638,6.0
55400.0,554.0,0.0,,-1.0277019930557376,0.0277019930557376,6.0
55500.0,555.0,0.0,,-1.0277019930557358,0.0277019930557358,6.0
55600.0,556.0,0.0,,-1.027701993055732,0.027701993055732,6.0
55700.0,557.0,0.0,,-1.0277019930557263,0.0277019930557265,6.0
55800.0,558.0,0.0,,-1.0277019930557258,0.0277019930557258,6.0
55900.0,559.0,0.0,,-1.0277019930557214,0.0277019930557214,6.0
56000.0,560.0,0.0,,-1.0277019930557203,0.0277019930557205,6.0
56100.0,561.0,0.0,,-1.027701993055708,0.027701993055708,6.0
56400.0,564.0,0.0,,-1.0277019930557068,0.0277019930557067,6.0
56500.0,565.0,0.0,,-1.0277019930557056,0.0277019930557056,6.0
56600.0,566.0,0.0,,-1.027701993055683,0.0277019930556829,6.0
56800.0,568.0,0.0,,-1.0277019930556544,0.0277019930556543,6.0
56900.0,569.0,0.0,,-1.0277019930556426,0.0277019930556425,6.0
57200.0,572.0,0.0,,-1.027701993055638,0.0277019930556379,6.0
57400.0,574.0,0.0,,-1.0277019930556377,0.0277019930556376,6.0
57500.0,575.0,0.0,,-1.0277019930556368,0.0277019930556368,6.0
57600.0,576.0,0.0,,-1.0277019930551623,0.0277019930551625,6.0
57900.0,579.0,0.0,,-1.0277019930551128,0.0277019930551127,6.0
58300.0,583.0,0.0,,-1.0277019930551032,0.0277019930551032,6.0
58500.0,585.0,0.0,,-1.0277019930551008,0.0277019930551007,6.0
58700.0,587.0,0.0,,-1.0277019930551006,0.0277019930551005,6.0
59600.0,596.0,0.0,,-1.0277019930551003,0.0277019930551003,6.0
66700.0,667.0,0.0,,-1.027701993055098,0.0277019930550981,6.0
67900.0,679.0,0.0,,-1.027701993055096,0.0277019930550961,6.0
68400.0,684.0,0.0,,-1.027701993055096,0.0277019930550959,6.0
68500.0,685.0,0.0,,-1.0277019930550957,0.0277019930550956,6.0
68700.0,687.0,0.0,,-1.027701993055095,0.027701993055095,6.0
126800.0,1268.0,0.0,,-1.02655601895432,0.0265560189543201,6.0
127300.0,1273.0,0.0,,-1.026304660329496,0.0263046603294958,6.0
127600.0,1276.0,0.0,,-1.025780617755355,0.025780617755355,6.0
128100.0,1281.0,0.0,,-1.0257361069927082,0.0257361069927082,6.0
128300.0,1283.0,0.0,,-1.025644321713679,0.025644321713679,6.0
128400.0,1284.0,0.0,,-1.0254383242875449,0.0254383242875448,6.0
128600.0,1286.0,0.0,,-1.025372757206072,0.025372757206072,6.0
128700.0,1287.0,0.0,,-1.0253514484224024,0.0253514484224024,6.0
129000.0,1290.0,0.0,,-1.0253509351261938,0.0253509351261937,6.0
129300.0,1293.0,0.0,,-1.025339473980143,0.0253394739801429,6.0
129500.0,1295.0,0.0,,-1.0253330906212137,0.0253330906212134,6.0
129600.0,1296.0,0.0,,-1.0253325953982102,0.0253325953982102,6.0
129800.0,1298.0,0.0,,-1.025331948891975,0.0253319488919749,6.0
130000.0,1300.0,0.0,,-1.0252462599779533,0.0252462599779532,6.0
130400.0,1304.0,0.0,,-1.025079084078076,0.0250790840780759,6.0
130500.0,1305.0,0.0,,-1.0250578566375648,0.0250578566375647,6.0
130600.0,1306.0,0.0,,-1.0250125045674832,0.0250125045674831,6.0
131000.0,1310.0,0.0,,-1.0250088888183169,0.0250088888183168,6.0
131200.0,1312.0,0.0,,-1.0250017905152466,0.0250017905152466,6.0
131400.0,1314.0,0.0,,-1.024900160837722,0.0249001608377219,6.0
131800.0,1318.0,0.0,,-1.024899281629008,0.0248992816290081,6.0
132100.0,1321.0,0.0,,-1.0248634245721406,0.0248634245721406,6.0
132300.0,1323.0,0.0,,-1.0246681313210817,0.0246681313210814,6.0
132500.0,1325.0,0.0,,-1.0245838608614504,0.0245838608614503,6.0
132600.0,1326.0,0.0,,-1.0245763756008297,0.0245763756008294,6.0
132900.0,1329.0,0.0,,-1.0245727136049196,0.0245727136049196,6.0
133100.0,1331.0,0.0,,-1.0245615957751044,0.0245615957751044,6.0
133500.0,1335.0,0.0,,-1.0245601117043386,0.0245601117043385,6.0
133600.0,1336.0,0.0,,-1.0245598334084134,0.0245598334084133,6.0
133700.0,1337.0,0.0,,-1.0245595640459306,0.0245595640459306,6.0
133800.0,1338.0,0.0,,-1.0245594221944214,0.0245594221944214,6.0
133900.0,1339.0,0.0,,-1.0245591915105745,0.0245591915105745,6.0
134200.0,1342.0,0.0,,-1.0245591066133195,0.0245591066133195,6.0
134400.0,1344.0,0.0,,-1.024559080188096,0.0245590801880959,6.0
134500.0,1345.0,0.0,,-1.0245590347821547,0.0245590347821547,6.0
134600.0,1346.0,0.0,,-1.024558784628682,0.0245587846286821,6.0
134800.0,1348.0,0.0,,-1.0244842238958574,0.0244842238958573,6.0
135200.0,1352.0,0.0,,-1.0244812487236978,0.0244812487236978,6.0
135400.0,1354.0,0.0,,-1.024476606288752,0.024476606288752,6.0
135500.0,1355.0,0.0,,-1.0244725758844244,0.0244725758844244,6.0
135600.0,1356.0,0.0,,-1.024456816261755,0.0244568162617551,6.0
135700.0,1357.0,0.0,,-1.0244551917703812,0.0244551917703812,6.0
135800.0,1358.0,0.0,,-1.024431834971155,0.0244318349711549,6.0
135900.0,1359.0,0.0,,-1.0244316241974327,0.0244316241974327,6.0
136100.0,1361.0,0.0,,-1.0244316074707045,0.0244316074707044,6.0
136200.0,1362.0,0.0,,-1.024430961936608,0.024430961936608,6.0
136300.0,1363.0,0.0,,-1.0244242928392278,0.0244242928392277,6.0
136500.0,1365.0,0.0,,-1.0244241379750365,0.0244241379750362,6.0
136600.0,1366.0,0.0,,-1.0244238005492408,0.0244238005492407,6.0
137000.0,1370.0,0.0,,-1.0244237424846188,0.0244237424846187,6.0
137300.0,1373.0,0.0,,-1.024423742483478,0.0244237424834781,6.0
137400.0,1374.0,0.0,,-1.024423732435462,0.0244237324354621,6.0
137500.0,1375.0,0.0,,-1.0244053841789942,0.0244053841789941,6.0
137600.0,1376.0,0.0,,-1.0243219990022945,0.0243219990022944,6.0
137700.0,1377.0,0.0,,-1.0243208215716466,0.0243208215716466,6.0
137800.0,1378.0,0.0,,-1.024317125285288,0.024317125285288,6.0
138200.0,1382.0,0.0,,-1.0243165361961848,0.0243165361961847,6.0
138400.0,1384.0,0.0,,-1.024307320044864,0.024307320044864,6.0
138500.0,1385.0,0.0,,-1.024304937389387,0.0243049373893871,6.0
138600.0,1386.0,0.0,,-1.024301871549565,0.024301871549565,6.0
138900.0,1389.0,0.0,,-1.0243001369320237,0.0243001369320237,6.0
139100.0,1391.0,0.0,,-1.0242959187541396,0.0242959187541396,6.0
139200.0,1392.0,0.0,,-1.0242819907434837,0.0242819907434836,6.0
139500.0,1395.0,0.0,,-1.0242716003621744,0.0242716003621743,6.0
139700.0,1397.0,0.0,,-1.0242672166813076,0.0242672166813076,6.0
139800.0,1398.0,0.0,,-1.024264759229976,0.024264759229976,6.0
139900.0,1399.0,0.0,,-1.0242640986009193,0.0242640986009192,6.0
140000.0,1400.0,0.0,,-1.0242629404177974,0.0242629404177974,6.0
140100.0,1401.0,0.0,,-1.0242590964493152,0.0242590964493152,6.0
140200.0,1402.0,0.0,,-1.0242560835242824,0.0242560835242824,6.0
140500.0,1405.0,0.0,,-1.0242521104788505,0.0242521104788504,6.0
140600.0,1406.0,0.0,,-1.024251880616509,0.024251880616509,6.0
140700.0,1407.0,0.0,,-1.0242309777994565,0.0242309777994564,6.0
141000.0,1410.0,0.0,,-1.024230977480838,0.024230977480838,6.0
141100.0,1411.0,0.0,,-1.0241628613659242,0.0241628613659241,6.0
141600.0,1416.0,0.0,,-1.0241424693987191,0.0241424693987193,6.0
141700.0,1417.0,0.0,,-1.0241388136599985,0.0241388136599984,6.0
141800.0,1418.0,0.0,,-1.0241370616985563,0.0241370616985563,6.0
141900.0,1419.0,0.0,,-1.0241351870284496,0.0241351870284496,6.0
142000.0,1420.0,0.0,,-1.024120695293776,0.024120695293776,6.0
142400.0,1424.0,0.0,,-1.024119967418308,0.0241199674183079,6.0
142500.0,1425.0,0.0,,-1.024119960785141,0.024119960785141,6.0
142900.0,1429.0,0.0,,-1.0241196403039732,0.0241196403039731,6.0
143100.0,1431.0,0.0,,-1.0241195152786025,0.0241195152786024,6.0
143400.0,1434.0,0.0,,-1.0237688658168531,0.0237688658168531,6.0
143500.0,1435.0,0.0,,-1.0237574760943549,0.0237574760943548,6.0
143600.0,1436.0,0.0,,-1.0237526093172646,0.0237526093172646,6.0
143800.0,1438.0,0.0,,-1.0236956926409226,0.0236956926409226,6.0
143900.0,1439.0,0.0,,-1.023685845859921,0.0236858458599209,6.0
144000.0,1440.0,0.0,,-1.0236617911520811,0.0236617911520813,6.0
144100.0,1441.0,0.0,,-1.0235971572986888,0.0235971572986888,6.0
144200.0,1442.0,0.0,,-1.0235179909512604,0.0235179909512603,6.0
144400.0,1444.0,0.0,,-1.023517966341444,0.0235179663414439,6.0
145200.0,1452.0,0.0,,-1.0234406914630123,0.0234406914630125,6.0
145400.0,1454.0,0.0,,-1.0234302869426737,0.0234302869426736,6.0
145500.0,1455.0,0.0,,-1.0233634704853247,0.0233634704853247,6.0
145700.0,1457.0,0.0,,-1.0233630732566483,0.0233630732566485,6.0
145800.0,1458.0,0.0,,-1.0233622417046462,0.0233622417046461,6.0
146000.0,1460.0,0.0,,-1.02336027947462,0.0233602794746199,6.0
146200.0,1462.0,0.0,,-1.023359460996388,0.023359460996388,6.0
146300.0,1463.0,0.0,,-1.0233593409053336,0.0233593409053336,6.0
146600.0,1466.0,0.0,,-1.0233592961461966,0.0233592961461965,6.0
146700.0,1467.0,0.0,,-1.0233592872943906,0.0233592872943906,6.0
146800.0,1468.0,0.0,,-1.0233016860111914,0.0233016860111914,6.0
147200.0,1472.0,0.0,,-1.0232517621154582,0.0232517621154582,6.0
147400.0,1474.0,0.0,,-1.0232516909276224,0.0232516909276223,6.0
147600.0,1476.0,0.0,,-1.0232510219607245,0.0232510219607242,6.0
147700.0,1477.0,0.0,,-1.0232494986773386,0.0232494986773386,6.0
147900.0,1479.0,0.0,,-1.0232446321117206,0.0232446321117205,6.0
148600.0,1486.0,0.0,,-1.0232071510720215,0.0232071510720215,6.0
148800.0,1488.0,0.0,,-1.0232068448399545,0.0232068448399545,6.0
149100.0,1491.0,0.0,,-1.0231453422707182,0.0231453422707181,6.0
149300.0,1493.0,0.0,,-1.0231398580634503,0.0231398580634505,6.0
149400.0,1494.0,0.0,,-1.0231348737590753,0.0231348737590753,6.0
149600.0,1496.0,0.0,,-1.0231325780541196,0.0231325780541196,6.0
150000.0,1500.0,0.0,,-1.0231319929164897,0.0231319929164894,6.0
150100.0,1501.0,0.0,,-1.0231297854039567,0.0231297854039567,6.0
150300.0,1503.0,0.0,,-1.0231135670083833,0.0231135670083832,6.0
150400.0,1504.0,0.0,,-1.0230894566468651,0.0230894566468651,6.0
150500.0,1505.0,0.0,,-1.023088981183686,0.023088981183686,6.0
150700.0,1507.0,0.0,,-1.023088916835169,0.0230889168351688,6.0
150800.0,1508.0,0.0,,-1.0230853363664267,0.0230853363664267,6.0
151000.0,1510.0,0.0,,-1.023083635040548,0.0230836350405478,6.0
151100.0,1511.0,0.0,,-1.0230828644668677,0.0230828644668674,6.0
151200.0,1512.0,0.0,,-1.0230815445292327,0.0230815445292327,6.0
151300.0,1513.0,0.0,,-1.023079853447262,0.023079853447262,6.0
151400.0,1514.0,0.0,,-1.0230788939413364,0.0230788939413364,6.0
151600.0,1516.0,0.0,,-1.0230038596372986,0.0230038596372985,6.0
152000.0,1520.0,0.0,,-1.0230023620808009,0.0230023620808008,6.0
152300.0,1523.0,0.0,,-1.02300007137748,0.02300007137748,6.0
152400.0,1524.0,0.0,,-1.0229988697935484,0.0229988697935483,6.0
152700.0,1527.0,0.0,,-1.0229741483350774,0.0229741483350773,6.0
152900.0,1529.0,0.0,,-1.0229682421799848,0.0229682421799848,6.0
153100.0,1531.0,0.0,,-1.0229672732170223,0.0229672732170223,6.0
153200.0,1532.0,0.0,,-1.022939788218027,0.0229397882180266,6.0
153300.0,1533.0,0.0,,-1.022939415726133,0.0229394157261328,6.0
153400.0,1534.0,0.0,,-1.0218811372660508,0.0218811372660507,6.0
153500.0,1535.0,0.0,,-1.0218361968933976,0.0218361968933975,6.0
153600.0,1536.0,0.0,,-1.0184567276236989,0.0184567276236988,6.0
153800.0,1538.0,0.0,,-1.0183533066398645,0.0183533066398644,6.0
154100.0,1541.0,0.0,,-1.0110699940909766,0.0110699940909766,6.0
154200.0,1542.0,0.0,,-1.010713900355645,0.0107139003556449,6.0
154300.0,1543.0,0.0,,-1.0035345131150897,0.0035345131150896,6.0
154600.0,1546.0,0.0,,-1.0005906472393389,0.0005906472393386,6.0
154700.0,1547.0,0.0,,-0.377637853067315,0.0,6.0
155500.0,1555.0,0.0,,-0.3765912757598082,0.0,6.0
155700.0,1557.0,0.0,,-0.373023803653564,0.0,6.0
156000.0,1560.0,0.0,,-0.3452279887178917,0.0,6.0
156600.0,1566.0,0.0,,-0.3438449552111171,0.0,6.0
156700.0,1567.0,0.0,,-0.3423897405735918,0.0,6.0
156800.0,1568.0,0.0,,-0.3412845250148433,0.0,6.0
157400.0,1574.0,0.0,,-0.3374793061340395,0.0,6.0
157500.0,1575.0,0.0,,-0.3251844069289884,0.0,6.0
157600.0,1576.0,0.0,,-0.3174358618281943,0.0,6.0
157800.0,1578.0,0.0,,-0.3112813843279667,0.0,6.0
158200.0,1582.0,0.0,,-0.310935816358856,0.0,6.0
158600.0,1586.0,0.0,,-0.2954165654433178,0.0,6.0
158700.0,1587.0,0.0,,-0.2923230160815457,0.0,6.0
158800.0,1588.0,0.0,,-0.2813293621627337,0.0,6.0
158900.0,1589.0,0.0,,-0.2772874173147335,0.0,6.0
159000.0,1590.0,0.0,,-0.2725318765772333,0.0,6.0
159200.0,1592.0,0.0,,-0.2723667894801316,0.0,6.0
159400.0,1594.0,0.0,,-0.2650738913599819,0.0,6.0
159700.0,1597.0,0.0,,-0.2521845700250702,0.0,6.0
159900.0,1599.0,0.0,,-0.2505869408162142,0.0,6.0
160100.0,1601.0,0.0,,-0.2468754979676544,0.0,6.0
160300.0,1603.0,0.0,,-0.2407075595632279,0.0,6.0
160400.0,1604.0,0.0,,-0.2404800112977403,0.0,6.0
160600.0,1606.0,0.0,,-0.2372757159853724,0.0,6.0
160800.0,1608.0,0.0,,-0.2352929858993095,0.0,6.0
161100.0,1611.0,0.0,,-0.2351770016178316,0.0,6.0
161200.0,1612.0,0.0,,-0.226148265585395,0.0,6.0
161700.0,1617.0,0.0,,-0.2260772019644177,0.0,6.0
161800.0,1618.0,0.0,,-0.0807154308457167,0.0,6.0
161900.0,1619.0,0.0,,-0.0735129399814451,0.0,6.0
162100.0,1621.0,0.0,,-0.0659286226222535,0.0,6.0
162400.0,1624.0,0.0,,-0.0654057885356791,0.0,6.0
162700.0,1627.0,0.0,,-0.0653776085683877,0.0,6.0
162800.0,1628.0,0.0,,-0.064266417424134,0.0,6.0
162900.0,1629.0,0.0,,-0.0433549881558981,0.0,6.0
163000.0,1630.0,0.0,,-0.0340797423801233,0.0,6.0
163100.0,1631.0,0.0,,-0.0309199576642458,0.0,6.0
163200.0,1632.0,0.0,,-0.0289224434485633,0.0,6.0
163300.0,1633.0,0.0,,-0.0244850340878437,0.0,6.0
163500.0,1635.0,0.0,,-0.0231515295098947,0.0,6.0
163600.0,1636.0,0.0,,-0.0189670521919314,0.0,6.0
163700.0,1637.0,0.0686376998111625,0.3630623817259032,0.0686376998111625,0.0,6.0
164000.0,1640.0,0.0719415215772479,0.3600577216475401,0.0719415215772479,0.0,6.0
164200.0,1642.0,0.0727309962064184,0.3589925821602374,0.0727309962064184,0.0,6.0
164300.0,1643.0,0.0738150448576163,0.357295489508578,0.0738150448576163,0.0,6.0
164400.0,1644.0,0.0750291655273412,0.3562428878978056,0.0750291655273412,0.0,6.0
164500.0,1645.0,0.0750466867486164,0.356227584112042,0.0750466867486164,0.0,6.0
164600.0,1646.0,0.0750604620083832,0.3562078931543326,0.0750604620083832,0.0,6.0
164700.0,1647.0,0.0751802042209363,0.3558825990165383,0.0751802042209363,0.0,6.0
164800.0,1648.0,0.0760354730458935,0.3551411888641306,0.0760354730458935,0.0,6.0
164900.0,1649.0,0.0776279427765657,0.3501553384797126,0.0776279427765657,0.0,6.0
165000.0,1650.0,0.0811447408487147,0.3469795440564226,0.0811447408487147,0.0,6.0
165100.0,1651.0,0.1594607089396648,0.2717937612855455,0.1594607089396648,0.0,6.0
165200.0,1652.0,0.1594709377366725,0.2717937612855455,0.1594709377366725,0.0,6.0
165300.0,1653.0,0.1595164243762676,0.2717604062115836,0.1595164243762676,0.0,6.0
165400.0,1654.0,0.1603188313239996,0.2710354803083399,0.1603188313239996,0.0,6.0
165500.0,1655.0,0.1608483855412459,0.2677977410773171,0.1608483855412459,0.0,6.0
165600.0,1656.0,0.1609761113202909,0.2676806693299026,0.1609761113202909,0.0,6.0
165700.0,1657.0,0.160994261305458,0.2676806693299026,0.160994261305458,0.0,6.0
165800.0,1658.0,0.1610710731918689,0.2674238731275964,0.1610710731918689,0.0,6.0
165900.0,1659.0,0.167667436045113,0.2613653511425167,0.167667436045113,0.0,6.0
166000.0,1660.0,0.1680205514106188,0.260829250972337,0.1680205514106188,0.0,6.0
166100.0,1661.0,0.1682785141758513,0.2606144716514005,0.1682785141758513,0.0,6.0
166200.0,1662.0,0.1686650139823113,0.2603510458463282,0.1686650139823113,0.0,6.0
166300.0,1663.0,0.1736444269400064,0.2556186476466033,0.1736444269400064,0.0,6.0
166400.0,1664.0,0.1738344551614467,0.2555497938339109,0.1738344551614467,0.0,6.0
166500.0,1665.0,0.1808914122690268,0.2491927907087685,0.1808914122690268,0.0,6.0
166600.0,1666.0,0.1810758683690746,0.2491265500627575,0.1810758683690746,0.0,6.0
166700.0,1667.0,0.1878277484559625,0.2430368742361243,0.1878277484559625,0.0,6.0
166800.0,1668.0,0.1879395964067935,0.2428132902626851,0.1879395964067935,0.0,6.0
166900.0,1669.0,0.1879843186840348,0.2427617941436469,0.1879843186840348,0.0,6.0
167000.0,1670.0,0.1906370554757583,0.24039971738841,0.1906370554757583,0.0,6.0
167100.0,1671.0,0.1975115220485753,0.234265503631568,0.1975115220485753,0.0,6.0
167200.0,1672.0,0.197778787991144,0.234044563347073,0.197778787991144,0.0,6.0
167300.0,1673.0,0.1984369413174764,0.2334981025353864,0.1984369413174764,0.0,6.0
167400.0,1674.0,0.1986348745381854,0.2332742380273195,0.1986348745381854,0.0,6.0
167500.0,1675.0,0.1989644194427292,0.2328376881908509,0.1989644194427292,0.0,6.0
167600.0,1676.0,0.1996269163165765,0.2325147757632007,0.1996269163165765,0.0,6.0
167700.0,1677.0,0.1996516783864895,0.2324932589490478,0.1996516783864895,0.0,6.0
167800.0,1678.0,0.2007751631706107,0.2315063798340222,0.2007751631706107,0.0,6.0
167900.0,1679.0,0.2014675728162104,0.2308228561091309,0.2014675728162104,0.0,6.0
168000.0,1680.0,0.2016331895368917,0.2305827762359844,0.2016331895368917,0.0,6.0
168100.0,1681.0,0.2017603309895564,0.2303686147581142,0.2017603309895564,0.0,6.0
168200.0,1682.0,0.2067585296825031,0.2260029954311115,0.2067585296825031,0.0,6.0
168300.0,1683.0,0.20700249809394,0.22569269850457,0.20700249809394,0.0,6.0
168400.0,1684.0,0.2070901275140986,0.2255230655743325,0.2070901275140986,0.0,6.0
168500.0,1685.0,0.2073257621000098,0.2252979978045664,0.2073257621000098,0.0,6.0
168600.0,1686.0,0.2081159344124524,0.2250155360603351,0.2081159344124524,0.0,6.0
168700.0,1687.0,0.2250164481486509,0.2107964547039508,0.2250164481486509,0.0,6.0
168800.0,1688.0,0.2251459934176676,0.2106538511439759,0.2251459934176676,0.0,6.0
168900.0,1689.0,0.225348875545637,0.2105407519970574,0.225348875545637,0.0,6.0
169000.0,1690.0,0.2276069398164096,0.2087041230632374,0.2276069398164096,0.0,6.0
169100.0,1691.0,0.2280345307220798,0.2081280648682112,0.2280345307220798,0.0,6.0
169200.0,1692.0,0.2355662863419044,0.2019011743883687,0.2355662863419044,0.0,6.0
169300.0,1693.0,0.2364707914284853,0.2017786990466682,0.2364707914284853,0.0,6.0
169400.0,1694.0,0.2366093501349021,0.2017204883575928,0.2366093501349021,0.0,6.0
169500.0,1695.0,0.2369195276968557,0.2016404191842381,0.2369195276968557,0.0,6.0
169600.0,1696.0,0.236977010042531,0.2016183207644892,0.236977010042531,0.0,6.0
169700.0,1697.0,0.2370423161497207,0.2015523390821117,0.2370423161497207,0.0,6.0
169800.0,1698.0,0.2382268311631889,0.200613360450458,0.2382268311631889,0.0,6.0
169900.0,1699.0,0.2407871319945549,0.1985356916465751,0.2407871319945549,0.0,6.0
170000.0,1700.0,0.2411139606106259,0.1982239972302315,0.2411139606106259,0.0,6.0
170100.0,1701.0,0.2411695705040298,0.1981577003192746,0.2411695705040298,0.0,6.0
170200.0,1702.0,0.241759695211905,0.1977107296558626,0.241759695211905,0.0,6.0
170300.0,1703.0,0.2419438910694419,0.1975534779387513,0.2419438910694419,0.0,6.0
170400.0,1704.0,0.2419617620500411,0.1975469585658048,0.2419617620500411,0.0,6.0
170500.0,1705.0,0.2419834276922315,0.1975326355255146,0.2419834276922315,0.0,6.0
170600.0,1706.0,0.2420820155482696,0.1974606545559239,0.2420820155482696,0.0,6.0
170700.0,1707.0,0.2421065963093728,0.1974196674459431,0.2421065963093728,0.0,6.0
170800.0,1708.0,0.242130698070219,0.1973415099267025,0.242130698070219,0.0,6.0
170900.0,1709.0,0.24240524884242,0.197126166784912,0.24240524884242,0.0,6.0
171000.0,1710.0,0.2424165800761582,0.1971194651105723,0.2424165800761582,0.0,6.0
171100.0,1711.0,0.2424288237363472,0.1971221751162561,0.2424288237363472,0.0,6.0
171200.0,1712.0,0.2424394056734321,0.1971005207409321,0.2424394056734321,0.0,6.0
171300.0,1713.0,0.2424725536280323,0.1970250613791026,0.2424725536280323,0.0,6.0
171400.0,1714.0,0.2424837696127931,0.197018061576386,0.2424837696127931,0.0,6.0
171500.0,1715.0,0.2429064857794885,0.196699438554389,0.2429064857794885,0.0,6.0
171600.0,1716.0,0.2429138663180509,0.1966855522949552,0.2429138663180509,0.0,6.0
171700.0,1717.0,0.242919901773903,0.1966999479379513,0.242919901773903,0.0,6.0
171800.0,1718.0,0.2429409028371642,0.196684117282619,0.2429409028371642,0.0,6.0
171900.0,1719.0,0.2430180558395712,0.1966688824020353,0.2430180558395712,0.0,6.0
172000.0,1720.0,0.2430267427202574,0.1966540355855872,0.2430267427202574,0.0,6.0
172100.0,1721.0,0.2430384814786003,0.1966451806826936,0.2430384814786003,0.0,6.0
172200.0,1722.0,0.2430353083820779,0.1966239990268212,0.2430353083820779,0.0,6.0
172300.0,1723.0,0.2430449137790427,0.1965940982159957,0.2430449137790427,0.0,6.0
172400.0,1724.0,0.2430443366948479,0.1965816362872489,0.2430443366948479,0.0,6.0
172500.0,1725.0,0.2430428112269569,0.1965814956894223,0.2430428112269569,0.0,6.0
172600.0,1726.0,0.2430468396892257,0.1965720646918345,0.2430468396892257,0.0,6.0
172800.0,1728.0,0.2430540094445024,0.1965618730961449,0.2430540094445024,0.0,6.0
172900.0,1729.0,0.243097393774472,0.1965217753732382,0.243097393774472,0.0,6.0
173000.0,1730.0,0.2431078026025336,0.1965048442530631,0.2431078026025336,0.0,6.0
173100.0,1731.0,0.2431199136056979,0.1964930484237473,0.2431199136056979,0.0,6.0
173200.0,1732.0,0.2431313269547133,0.1964146140711984,0.2431313269547133,0.0,6.0
173300.0,1733.0,0.243143854520567,0.1964202606127593,0.243143854520567,0.0,6.0
173400.0,1734.0,0.2431558045883455,0.1963626289082457,0.2431558045883455,0.0,6.0
173500.0,1735.0,0.243153691106738,0.196345012383993,0.243153691106738,0.0,6.0
173700.0,1737.0,0.2431566602725401,0.196359171955288,0.2431566602725401,0.0,6.0
173800.0,1738.0,0.2431610518437102,0.1963510982569925,0.2431610518437102,0.0,6.0
174000.0,1740.0,0.2431645594448645,0.1963423597024584,0.2431645594448645,0.0,6.0
174100.0,1741.0,0.24317253118354,0.196353873321219,0.24317253118354,0.0,6.0
174200.0,1742.0,0.2431689258527927,0.196350220221452,0.2431689258527927,0.0,6.0
174300.0,1743.0,0.2431840007508221,0.1963599812784661,0.2431840007508221,0.0,6.0
174500.0,1745.0,0.243229353659676,0.1963483772595042,0.243229353659676,0.0,6.0
174600.0,1746.0,0.2432232175140004,0.1963477686309212,0.2432232175140004,0.0,6.0
174700.0,1747.0,0.2432199798152303,0.1963450960525908,0.2432199798152303,0.0,6.0
174800.0,1748.0,0.2432285277333504,0.1963434989988344,0.2432285277333504,0.0,6.0
174900.0,1749.0,0.2432833631615557,0.1963303435735919,0.2432833631615557,0.0,6.0
175000.0,1750.0,0.2432807777656278,0.1963170081638834,0.2432807777656278,0.0,6.0
175100.0,1751.0,0.2432883861485426,0.1963170081638834,0.2432883861485426,0.0,6.0
175200.0,1752.0,0.2432946232690512,0.1963179020245016,0.2432946232690512,0.0,6.0
175300.0,1753.0,0.2432992260285819,0.196316263878733,0.2432992260285819,0.0,6.0
175400.0,1754.0,0.2432933067691541,0.1963154860806308,0.2432933067691541,0.0,6.0
175500.0,1755.0,0.2432844984601846,0.1962996830619104,0.2432844984601846,0.0,6.0
175600.0,1756.0,0.2432936417550237,0.1962872275055286,0.2432936417550237,0.0,6.0
175700.0,1757.0,0.2432940191526537,0.1962795032925977,0.2432940191526537,0.0,6.0
175800.0,1758.0,0.2432936833174495,0.1962703659413353,0.2432936833174495,0.0,6.0
175900.0,1759.0,0.2432998296828293,0.1962695693249246,0.2432998296828293,0.0,6.0
176000.0,1760.0,0.2433112228723733,0.1962647431981743,0.2433112228723733,0.0,6.0
176100.0,1761.0,0.2433124478606207,0.1962662152219338,0.2433124478606207,0.0,6.0
176200.0,1762.0,0.2433138814840271,0.1962639905216049,0.2433138814840271,0.0,6.0
176300.0,1763.0,0.2433193331574161,0.1962570116801162,0.2433193331574161,0.0,6.0
176400.0,1764.0,0.2433353353769415,0.1962354013099785,0.2433353353769415,0.0,6.0
176500.0,1765.0,0.2433479288157423,0.1962298401280107,0.2433479288157423,0.0,6.0
176600.0,1766.0,0.2433517908228845,0.1962237088507078,0.2433517908228845,0.0,6.0
176700.0,1767.0,0.2433723484552638,0.1961967281580971,0.2433723484552638,0.0,6.0
176800.0,1768.0,0.2433808035901814,0.1961894582534931,0.2433808035901814,0.0,6.0
177000.0,1770.0,0.243373258413162,0.1962285954715476,0.243373258413162,0.0,6.0
177300.0,1773.0,0.2433715720677619,0.1962367156849102,0.2433715720677619,0.0,6.0
177400.0,1774.0,0.2433778396750403,0.1962193984371608,0.2433778396750403,0.0,6.0
177500.0,1775.0,0.2433915793392652,0.1962123633059879,0.2433915793392652,0.0,6.0
177600.0,1776.0,0.2433998822077766,0.1962011044057144,0.2433998822077766,0.0,6.0
177800.0,1778.0,0.2434149158781477,0.1962046101120464,0.2434149158781477,0.0,6.0
177900.0,1779.0,0.2434213804270056,0.1961834999449945,0.2434213804270056,0.0,6.0
178000.0,1780.0,0.2434367656923544,0.1961762479720099,0.2434367656923544,0.0,6.0
178100.0,1781.0,0.2434471062403432,0.1961667043480487,0.2434471062403432,0.0,6.0
178200.0,1782.0,0.2434547236296763,0.196149452055081,0.2434547236296763,0.0,6.0
178300.0,1783.0,0.243461011409877,0.1961331986270517,0.243461011409877,0.0,6.0
178400.0,1784.0,0.2434647408938858,0.1961326306352207,0.2434647408938858,0.0,6.0
178500.0,1785.0,0.2434702746078167,0.1961207078349773,0.2434702746078167,0.0,6.0
178600.0,1786.0,0.243532234709517,0.1960910752415396,0.243532234709517,0.0,6.0
178700.0,1787.0,0.2435429471004098,0.1960522420383412,0.2435429471004098,0.0,6.0
178800.0,1788.0,0.2435455631233931,0.1960334703550997,0.2435455631233931,0.0,6.0
178900.0,1789.0,0.2439546210740694,0.1956976219307345,0.2439546210740694,0.0,6.0
179000.0,1790.0,0.2439607558305324,0.1957039666719765,0.2439607558305324,0.0,6.0
179100.0,1791.0,0.2439781402591323,0.195684487835241,0.2439781402591323,0.0,6.0
179200.0,1792.0,0.2439826686614628,0.1956490393680021,0.2439826686614628,0.0,6.0
179300.0,1793.0,0.2439850412325328,0.1956346093127457,0.2439850412325328,0.0,6.0
179400.0,1794.0,0.2439902855896128,0.1956531481908134,0.2439902855896128,0.0,6.0
179500.0,1795.0,0.2439939323846849,0.1956211086285247,0.2439939323846849,0.0,6.0
179600.0,1796.0,0.2440700346598753,0.1955346778208103,0.2440700346598753,0.0,6.0
179700.0,1797.0,0.244085151023038,0.1954841342176072,0.244085151023038,0.0,6.0
179800.0,1798.0,0.2440891286294955,0.1954598761991535,0.2440891286294955,0.0,6.0
179900.0,1799.0,0.2441149858618431,0.1954526486336251,0.2441149858618431,0.0,6.0
180000.0,1800.0,0.2441179701025923,0.1954691431639099,0.2441179701025923,0.0,6.0
180100.0,1801.0,0.2441231102571561,0.1954402502537058,0.2441231102571561,0.0,6.0
180200.0,1802.0,0.2441329757164726,0.1953954151581179,0.2441329757164726,0.0,6.0
180300.0,1803.0,0.2441604428200237,0.1953655866051701,0.2441604428200237,0.0,6.0
180400.0,1804.0,0.2441606670183768,0.1953791196717335,0.2441606670183768,0.0,6.0
180500.0,1805.0,0.2441814065648795,0.1953673968000186,0.2441814065648795,0.0,6.0
180600.0,1806.0,0.2441875411791118,0.1953463624668834,0.2441875411791118,0.0,6.0
180700.0,1807.0,0.2441786201157113,0.1953352951295583,0.2441786201157113,0.0,6.0
180800.0,1808.0,0.2442140284809326,0.1952718213536544,0.2442140284809326,0.0,6.0
180900.0,1809.0,0.2442149067856298,0.195270687197713,0.2442149067856298,0.0,6.0
181000.0,1810.0,0.2442212675971265,0.1952399112466302,0.2442212675971265,0.0,6.0
181100.0,1811.0,0.244227018225463,0.1952253518365759,0.244227018225463,0.0,6.0
181200.0,1812.0,0.2442340020916322,0.1952204489020774,0.2442340020916322,0.0,6.0
181300.0,1813.0,0.2442474885337754,0.1951868874239328,0.2442474885337754,0.0,6.0
181400.0,1814.0,0.2442650786118705,0.1951772994115335,0.2442650786118705,0.0,6.0
181500.0,1815.0,0.2443307017416378,0.1951407931815586,0.2443307017416378,0.0,6.0
181600.0,1816.0,0.2443427548631949,0.1951404211855381,0.2443427548631949,0.0,6.0
181700.0,1817.0,0.2443557494943387,0.1951305985287867,0.2443557494943387,0.0,6.0
181800.0,1818.0,0.2443689751585517,0.1951304448378041,0.2443689751585517,0.0,6.0
181900.0,1819.0,0.2443763461790304,0.195123712502341,0.2443763461790304,0.0,6.0
182000.0,1820.0,0.2443772202797355,0.1951196024944941,0.2443772202797355,0.0,6.0
182100.0,1821.0,0.2443855837442988,0.1951165686130722,0.2443855837442988,0.0,6.0
182200.0,1822.0,0.2444115830292505,0.1950878403821772,0.2444115830292505,0.0,6.0
182300.0,1823.0,0.2444412213464463,0.1950379985673586,0.2444412213464463,0.0,6.0
182400.0,1824.0,0.2444483053353022,0.1950700954940636,0.2444483053353022,0.0,6.0
182500.0,1825.0,0.2444647280718055,0.1950647304002329,0.2444647280718055,0.0,6.0
182600.0,1826.0,0.2444744966019305,0.1950045391802613,0.2444744966019305,0.0,6.0
182700.0,1827.0,0.2444916808628731,0.1949784056223137,0.2444916808628731,0.0,6.0
182800.0,1828.0,0.2445085365162904,0.1949322192859243,0.2445085365162904,0.0,6.0
182900.0,1829.0,0.2445336228488539,0.1948565649741672,0.2445336228488539,0.0,6.0
183000.0,1830.0,0.2445520891961382,0.1948025733692892,0.2445520891961382,0.0,6.0
183100.0,1831.0,0.2445925228693676,0.194793323938046,0.2445925228693676,0.0,6.0
183200.0,1832.0,0.2446038369005244,0.1947877352462967,0.2446038369005244,0.0,6.0
183300.0,1833.0,0.2446037299146598,0.1947877199826477,0.2446037299146598,0.0,6.0
183400.0,1834.0,0.2446406557535731,0.1947563565888981,0.2446406557535731,0.0,6.0
183500.0,1835.0,0.244652417402953,0.1947499429657595,0.244652417402953,0.0,6.0
183600.0,1836.0,0.2446537362641619,0.1947471726669307,0.2446537362641619,0.0,6.0
183700.0,1837.0,0.2446719552897343,0.1947206397955187,0.2446719552897343,0.0,6.0
183800.0,1838.0,0.2446847259170195,0.1946720905237816,0.2446847259170195,0.0,6.0
183900.0,1839.0,0.2446898220250478,0.1946710724236332,0.2446898220250478,0.0,6.0
184000.0,1840.0,0.2446875915576735,0.1946707129397266,0.2446875915576735,0.0,6.0
184100.0,1841.0,0.2446893713801131,0.194669372679048,0.2446893713801131,0.0,6.0
184200.0,1842.0,0.2446958867372137,0.1946581349234881,0.2446958867372137,0.0,6.0
184300.0,1843.0,0.2447525706160304,0.1946045256651802,0.2447525706160304,0.0,6.0
184400.0,1844.0,0.244755347449761,0.1946064370025893,0.244755347449761,0.0,6.0
184500.0,1845.0,0.2447645062274038,0.1946061090755993,0.2447645062274038,0.0,6.0
184600.0,1846.0,0.2447713019862605,0.1946065856830175,0.2447713019862605,0.0,6.0
184700.0,1847.0,0.2452976726197199,0.1941869151487914,0.2452976726197199,0.0,6.0
184800.0,1848.0,0.2453010518576739,0.1941743881197474,0.2453010518576739,0.0,6.0
185000.0,1850.0,0.2453106749852804,0.1941724574515853,0.2453106749852804,0.0,6.0
185100.0,1851.0,0.2453214726227801,0.1941401086873889,0.2453214726227801,0.0,6.0
185200.0,1852.0,0.2453327245796932,0.1941197397792687,0.2453327245796932,0.0,6.0
185300.0,1853.0,0.2453386418665734,0.1941269926248648,0.2453386418665734,0.0,6.0
185400.0,1854.0,0.2453479752833796,0.1941194034247029,0.2453479752833796,0.0,6.0
185500.0,1855.0,0.2454058884840206,0.1941611970731159,0.2454058884840206,0.0,6.0
185600.0,1856.0,0.2454225207161745,0.1941260144195644,0.2454225207161745,0.0,6.0
185700.0,1857.0,0.2455698287360913,0.1941035307553462,0.2455698287360913,0.0,6.0
185800.0,1858.0,0.2455806228171372,0.1940887372580611,0.2455806228171372,0.0,6.0
185900.0,1859.0,0.2455915067674585,0.1940969016097276,0.2455915067674585,0.0,6.0
186000.0,1860.0,0.2456051325460839,0.1941144421181901,0.2456051325460839,0.0,6.0
186100.0,1861.0,0.2456054465097433,0.1941378975127148,0.2456054465097433,0.0,6.0
186200.0,1862.0,0.2456163071664643,0.1941139853505005,0.2456163071664643,0.0,6.0
186400.0,1864.0,0.2455920777724047,0.1940910925068387,0.2455920777724047,0.0,6.0
186500.0,1865.0,0.2455975227922643,0.1941096631604444,0.2455975227922643,0.0,6.0
186600.0,1866.0,0.2455968628943151,0.1940777548255584,0.2455968628943151,0.0,6.0
186700.0,1867.0,0.3400506298638778,0.108869807731176,0.3400506298638778,0.0,6.0
186800.0,1868.0,0.3400610423430821,0.1088591920154067,0.3400610423430821,0.0,6.0
186900.0,1869.0,0.3400788995076037,0.1088332856174133,0.3400788995076037,0.0,6.0
187000.0,1870.0,0.3401674772291128,0.1088378761798317,0.3401674772291128,0.0,6.0
187100.0,1871.0,0.3401843732520205,0.1087701401515532,0.3401843732520205,0.0,6.0
187200.0,1872.0,0.3402140956835688,0.1087375140801857,0.3402140956835688,0.0,6.0
187300.0,1873.0,0.341605426313367,0.1076346598043588,0.341605426313367,0.0,6.0
187400.0,1874.0,0.3434991261653165,0.1062921028593159,0.3434991261653165,0.0,6.0
187500.0,1875.0,0.3442191498994963,0.1056766338720485,0.3442191498994963,0.0,6.0
187600.0,1876.0,0.3452266409370858,0.1048565610009749,0.3452266409370858,0.0,6.0
187700.0,1877.0,0.3453266783822485,0.1047366022038404,0.3453266783822485,0.0,6.0
187800.0,1878.0,0.3453366990729622,0.104744404782334,0.3453366990729622,0.0,6.0
187900.0,1879.0,0.3453392930600777,0.1047486243819646,0.3453392930600777,0.0,6.0
188000.0,1880.0,0.3454544661752834,0.1046917509353959,0.3454544661752834,0.0,6.0
188100.0,1881.0,0.3464511687960791,0.1039009537294358,0.3464511687960791,0.0,6.0
188200.0,1882.0,0.3464700513359157,0.103904609011157,0.3464700513359157,0.0,6.0
188300.0,1883.0,0.3466056798450665,0.103770875256536,0.3466056798450665,0.0,6.0
188400.0,1884.0,0.3466816157609986,0.10377553601704,0.3466816157609986,0.0,6.0
188500.0,1885.0,0.346649433108932,0.1037470088521498,0.346649433108932,0.0,6.0
188600.0,1886.0,0.3466686877819652,0.1037755515810535,0.3466686877819652,0.0,6.0
188700.0,1887.0,0.3466905101810926,0.1037859969124551,0.3466905101810926,0.0,6.0
188800.0,1888.0,0.3466988807069677,0.1037715444936373,0.3466988807069677,0.0,6.0
188900.0,1889.0,0.3466974218693648,0.1037523110725232,0.3466974218693648,0.0,6.0
189000.0,1890.0,0.3492270178795329,0.1020206186951945,0.3492270178795329,0.0,6.0
189100.0,1891.0,0.3497937401809387,0.1016610949944328,0.3497937401809387,0.0,6.0
189200.0,1892.0,0.3498401933490318,0.101645182461987,0.3498401933490318,0.0,6.0
189300.0,1893.0,0.3498496568971544,0.1016750329714757,0.3498496568971544,0.0,6.0
189400.0,1894.0,0.3499177772127403,0.1016488723380223,0.3499177772127403,0.0,6.0
189500.0,1895.0,0.3499048776168974,0.1016067601807317,0.3499048776168974,0.0,6.0
189600.0,1896.0,0.3501414243754826,0.101506926851433,0.3501414243754826,0.0,6.0
189700.0,1897.0,0.350250940717607,0.1014577807240793,0.350250940717607,0.0,6.0
189800.0,1898.0,0.3508322565656017,0.1012393385994268,0.3508322565656017,0.0,6.0
189900.0,1899.0,0.3508391832777249,0.1011141011637306,0.3508391832777249,0.0,6.0
190000.0,1900.0,0.350896001493863,0.1010303987032923,0.350896001493863,0.0,6.0
190100.0,1901.0,0.350918971892297,0.1010315640876219,0.350918971892297,0.0,6.0
190200.0,1902.0,0.3509222274495772,0.1010194595322966,0.3509222274495772,0.0,6.0
190300.0,1903.0,0.3521926674894798,0.1005473617137122,0.3521926674894798,0.0,6.0
190400.0,1904.0,0.3521965148833176,0.1006371785330881,0.3521965148833176,0.0,6.0
190500.0,1905.0,0.3522033390047117,0.100643285846661,0.3522033390047117,0.0,6.0
190600.0,1906.0,0.3522791589771205,0.1005389804844953,0.3522791589771205,0.0,6.0
190700.0,1907.0,0.3522716177161811,0.1005080600693826,0.3522716177161811,0.0,6.0
190900.0,1909.0,0.3528979613419383,0.1003812133129159,0.3528979613419383,0.0,6.0
191000.0,1910.0,0.3529117484796433,0.1003245452302959,0.3529117484796433,0.0,6.0
191100.0,1911.0,0.3532003052601271,0.1002337069531374,0.3532003052601271,0.0,6.0
191300.0,1913.0,0.3532134146264245,0.1002243190745564,0.3532134146264245,0.0,6.0
191500.0,1915.0,0.3532437855549315,0.1002785312648561,0.3532437855549315,0.0,6.0
191600.0,1916.0,0.3532474641397337,0.1002778163702424,0.3532474641397337,0.0,6.0
191700.0,1917.0,0.35335954812295,0.1001159017772986,0.35335954812295,0.0,6.0
191800.0,1918.0,0.3533446148515669,0.1000737324818148,0.3533446148515669,0.0,6.0
191900.0,1919.0,0.3536356316335862,0.0999852774073532,0.3536356316335862,0.0,6.0
192000.0,1920.0,0.3537263481963926,0.0999758590002086,0.3537263481963926,0.0,6.0
192100.0,1921.0,0.3537297635313848,0.0999830088305525,0.3537297635313848,0.0,6.0
192300.0,1923.0,0.353745419285636,0.1000941015622293,0.353745419285636,0.0,6.0
192400.0,1924.0,0.3537624087076393,0.1000816411003869,0.3537624087076393,0.0,6.0
192500.0,1925.0,0.3542194440677822,0.1000388514718885,0.3542194440677822,0.0,6.0
192600.0,1926.0,0.3542001271758376,0.1000305522213567,0.3542001271758376,0.0,6.0
192700.0,1927.0,0.3544586051510071,0.0999237082128537,0.3544586051510071,0.0,6.0
192800.0,1928.0,0.3544665789821319,0.0999179805116332,0.3544665789821319,0.0,6.0
192900.0,1929.0,0.35447663498495,0.0999051258815817,0.35447663498495,0.0,6.0
193100.0,1931.0,0.3544747101581647,0.0999182140282122,0.3544747101581647,0.0,6.0
193200.0,1932.0,0.3544767165241789,0.0998695373856013,0.3544767165241789,0.0,6.0
193300.0,1933.0,0.3544984813370981,0.0998867874540106,0.3544984813370981,0.0,6.0
193500.0,1935.0,0.3545057566284857,0.0998780277436063,0.3545057566284857,0.0,6.0
193600.0,1936.0,0.3545164023725871,0.0998957492384356,0.3545164023725871,0.0,6.0
193700.0,1937.0,0.3545160451102842,0.0998952620056321,0.3545160451102842,0.0,6.0
193800.0,1938.0,0.354517955675421,0.0998841231609359,0.354517955675421,0.0,6.0
193900.0,1939.0,0.3545201163567161,0.0998685832997669,0.3545201163567161,0.0,6.0
194000.0,1940.0,0.354532201495365,0.0998682500675677,0.354532201495365,0.0,6.0
194100.0,1941.0,0.354852927614148,0.0996393066692851,0.354852927614148,0.0,6.0
194300.0,1943.0,0.3548628892390914,0.0996814728168368,0.3548628892390914,0.0,6.0
194400.0,1944.0,0.3548748774286074,0.0996756621840618,0.3548748774286074,0.0,6.0
194500.0,1945.0,0.3548608085133888,0.099672849332441,0.3548608085133888,0.0,6.0
194600.0,1946.0,0.3548759515986627,0.099724137917533,0.3548759515986627,0.0,6.0
194900.0,1949.0,0.3548701952264896,0.0997474936937584,0.3548701952264896,0.0,6.0
195000.0,1950.0,0.3548805103690213,0.099717450787315,0.3548805103690213,0.0,6.0
195100.0,1951.0,0.3548738402267034,0.0997015368125423,0.3548738402267034,0.0,6.0
195200.0,1952.0,0.354881108840354,0.09966377370886,0.354881108840354,0.0,6.0
195300.0,1953.0,0.354895847695866,0.0996609352108779,0.354895847695866,0.0,6.0
195400.0,1954.0,0.3549025246715794,0.0995895992142825,0.3549025246715794,0.0,6.0
195500.0,1955.0,0.3549074935610111,0.0995596549006056,0.3549074935610111,0.0,6.0
195700.0,1957.0,0.3549813308766929,0.0995426020082605,0.3549813308766929,0.0,6.0
195800.0,1958.0,0.3549887346616862,0.099523769186975,0.3549887346616862,0.0,6.0
195900.0,1959.0,0.355044269976771,0.0995151252975859,0.355044269976771,0.0,6.0
196000.0,1960.0,0.3550754724576332,0.0994461452369372,0.3550754724576332,0.0,6.0
196100.0,1961.0,0.3550785414782491,0.0994219965624927,0.3550785414782491,0.0,6.0
196200.0,1962.0,0.3550843833552568,0.0994474460878226,0.3550843833552568,0.0,6.0
196300.0,1963.0,0.3550724975253457,0.0994408299196699,0.3550724975253457,0.0,6.0
196400.0,1964.0,0.3551037800702071,0.0994560994531833,0.3551037800702071,0.0,6.0
196500.0,1965.0,0.3551214543233751,0.0994799460163716,0.3551214543233751,0.0,6.0
196600.0,1966.0,0.355113216636813,0.0994760401922106,0.355113216636813,0.0,6.0
196700.0,1967.0,0.3551353432544933,0.0994722715932069,0.3551353432544933,0.0,6.0
197000.0,1970.0,0.3551233344041412,0.0995889670370255,0.3551233344041412,0.0,6.0
197100.0,1971.0,0.3551059961264705,0.0995823236098187,0.3551059961264705,0.0,6.0
197200.0,1972.0,0.3551097562451413,0.0995623100909426,0.3551097562451413,0.0,6.0
197300.0,1973.0,0.3551493741973672,0.0995665456912557,0.3551493741973672,0.0,6.0
197500.0,1975.0,0.355126766693082,0.0995552829573488,0.355126766693082,0.0,6.0
197600.0,1976.0,0.3551427973271869,0.0995100401864698,0.3551427973271869,0.0,6.0
197800.0,1978.0,0.3551513710844337,0.099542891953487,0.3551513710844337,0.0,6.0
197900.0,1979.0,0.3552408828448848,0.0995253577613358,0.3552408828448848,0.0,6.0
198000.0,1980.0,0.3552520222954957,0.0994603213880497,0.3552520222954957,0.0,6.0
198100.0,1981.0,0.3552448751900562,0.099450764036191,0.3552448751900562,0.0,6.0
198200.0,1982.0,0.3552297598932273,0.0994499680737088,0.3552297598932273,0.0,6.0
198300.0,1983.0,0.3552988828149508,0.09942271722535,0.3552988828149508,0.0,6.0
198500.0,1985.0,0.355300439214293,0.0993824339543998,0.355300439214293,0.0,6.0
198600.0,1986.0,0.3553257484674825,0.0993837523692065,0.3553257484674825,0.0,6.0
198700.0,1987.0,0.3553374176980036,0.0993797658028586,0.3553374176980036,0.0,6.0
198800.0,1988.0,0.3553470032131485,0.0993837686105406,0.3553470032131485,0.0,6.0
199200.0,1992.0,0.3553276395459305,0.0995250104128132,0.3553276395459305,0.0,6.0
199300.0,1993.0,0.3552945251314415,0.0995214999879404,0.3552945251314415,0.0,6.0
199400.0,1994.0,0.355306956026116,0.0994608050100293,0.355306956026116,0.0,6.0
199500.0,1995.0,0.355320523233984,0.0994042049143246,0.355320523233984,0.0,6.0
199600.0,1996.0,0.3553463416637755,0.0993992919945383,0.3553463416637755,0.0,6.0
199700.0,1997.0,0.3554564219915418,0.0993285255165245,0.3554564219915418,0.0,6.0
199800.0,1998.0,0.3554684548611139,0.0993014033687324,0.3554684548611139,0.0,6.0
199900.0,1999.0,0.3554794776948615,0.0992739388976808,0.3554794776948615,0.0,6.0
200000.0,2000.0,0.3554952164174123,0.0992652220255322,0.3554952164174123,0.0,6.0
200200.0,2002.0,0.355479248173959,0.099284879612514,0.355479248173959,0.0,6.0
200300.0,2003.0,0.3554739097494252,0.0992725189928527,0.3554739097494252,0.0,6.0
200500.0,2005.0,0.3554563205879167,0.0993111476572467,0.3554563205879167,0.0,6.0
200700.0,2007.0,0.3554358665751113,0.0993690256830857,0.3554358665751113,0.0,6.0
200800.0,2008.0,0.355445922805143,0.09929251818497,0.355445922805143,0.0,6.0
201000.0,2010.0,0.3554469906813373,0.0993655577542199,0.3554469906813373,0.0,6.0
201100.0,2011.0,0.3555008631588784,0.0993904261038244,0.3555008631588784,0.0,6.0
201200.0,2012.0,0.3555040148933119,0.0993656423019831,0.3555040148933119,0.0,6.0
201400.0,2014.0,0.3554955547336331,0.0993429260319862,0.3554955547336331,0.0,6.0
201500.0,2015.0,0.3555043090166287,0.0992920930633638,0.3555043090166287,0.0,6.0
201600.0,2016.0,0.3554937748263718,0.0992881191570707,0.3554937748263718,0.0,6.0
201700.0,2017.0,0.3554972141766949,0.0992809881930483,0.3554972141766949,0.0,6.0
201800.0,2018.0,0.3555069156163047,0.0992848254878334,0.3555069156163047,0.0,6.0
201900.0,2019.0,0.355618750925287,0.0991837948066471,0.355618750925287,0.0,6.0
202000.0,2020.0,0.3556244876154417,0.0991162269577757,0.3556244876154417,0.0,6.0
202100.0,2021.0,0.3556260528556764,0.099155522463012,0.3556260528556764,0.0,6.0
202200.0,2022.0,0.3556371010505135,0.0991466636408841,0.3556371010505135,0.0,6.0
202400.0,2024.0,0.3556431346189595,0.0992095706983305,0.3556431346189595,0.0,6.0
202500.0,2025.0,0.3556543131979162,0.0992629542137871,0.3556543131979162,0.0,6.0
202600.0,2026.0,0.3556635433942701,0.0992356087745111,0.3556635433942701,0.0,6.0
202700.0,2027.0,0.3556336370482348,0.0992161103855795,0.3556336370482348,0.0,6.0
202800.0,2028.0,0.3556523505410872,0.0992072327940608,0.3556523505410872,0.0,6.0
202900.0,2029.0,0.3556667976005082,0.0992091629526926,0.3556667976005082,0.0,6.0
203000.0,2030.0,0.355684898550694,0.0991837824608874,0.355684898550694,0.0,6.0
203100.0,2031.0,0.3556946315315505,0.0990107496462374,0.3556946315315505,0.0,6.0
203200.0,2032.0,0.3556885122298375,0.0989996719599952,0.3556885122298375,0.0,6.0
203300.0,2033.0,0.355689565025084,0.0990690829895525,0.355689565025084,0.0,6.0
203400.0,2034.0,0.3556974430248923,0.0990392323631741,0.3556974430248923,0.0,6.0
203600.0,2036.0,0.3557076832099644,0.0991324780899843,0.3557076832099644,0.0,6.0
203700.0,2037.0,0.3557241920617342,0.0991236342140124,0.3557241920617342,0.0,6.0
203800.0,2038.0,0.3557452930231419,0.0990812164405096,0.3557452930231419,0.0,6.0
203900.0,2039.0,0.3557320168371927,0.09905488316099,0.3557320168371927,0.0,6.0
204000.0,2040.0,0.3557289939684225,0.0990493431276497,0.3557289939684225,0.0,6.0
204100.0,2041.0,0.3557471699085386,0.0990051786108372,0.3557471699085386,0.0,6.0
204200.0,2042.0,0.3557370089401229,0.0989791963849868,0.3557370089401229,0.0,6.0
204300.0,2043.0,0.3557483088102139,0.0989131867390211,0.3557483088102139,0.0,6.0
204500.0,2045.0,0.3557069697770644,0.0990112383794303,0.3557069697770644,0.0,6.0
204700.0,2047.0,0.3556965679624926,0.099092401755891,0.3556965679624926,0.0,6.0
204800.0,2048.0,0.3557403908631896,0.0990093453578108,0.3557403908631896,0.0,6.0
204900.0,2049.0,0.3557474308104659,0.0989624154777003,0.3557474308104659,0.0,6.0
205000.0,2050.0,0.355752652059069,0.0989650229843862,0.355752652059069,0.0,6.0
205100.0,2051.0,0.3557521476777869,0.0989485584577802,0.3557521476777869,0.0,6.0
205200.0,2052.0,0.3557446226556258,0.0989459033241273,0.3557446226556258,0.0,6.0
205300.0,2053.0,0.3557401091239808,0.0989385055326293,0.3557401091239808,0.0,6.0
205400.0,2054.0,0.3557548426899459,0.0989294783208699,0.3557548426899459,0.0,6.0
205500.0,2055.0,0.3557365435904794,0.0989288622593514,0.3557365435904794,0.0,6.0
205800.0,2058.0,0.3557409255041134,0.0990330154282357,0.3557409255041134,0.0,6.0
205900.0,2059.0,0.3557769266212512,0.0989981782241881,0.3557769266212512,0.0,6.0
206000.0,2060.0,0.3557987874685376,0.0989965414036094,0.3557987874685376,0.0,6.0
206100.0,2061.0,0.3558129348804272,0.0990356903622977,0.3558129348804272,0.0,6.0
206200.0,2062.0,0.3558273989806971,0.0989796242898876,0.3558273989806971,0.0,6.0
206400.0,2064.0,0.3558097529448175,0.0990687159934186,0.3558097529448175,0.0,6.0
206500.0,2065.0,0.3558208120107582,0.099049646345179,0.3558208120107582,0.0,6.0
206600.0,2066.0,0.3558307859908605,0.098988144372049,0.3558307859908605,0.0,6.0
206700.0,2067.0,0.3558226239246528,0.0989193331504278,0.3558226239246528,0.0,6.0
206800.0,2068.0,0.3558491656595709,0.0988862232551283,0.3558491656595709,0.0,6.0
206900.0,2069.0,0.355856340584502,0.0988748479788674,0.355856340584502,0.0,6.0
207000.0,2070.0,0.3558677919757659,0.0988863205373816,0.3558677919757659,0.0,6.0
207100.0,2071.0,0.3558877607548483,0.0988818479628045,0.3558877607548483,0.0,6.0
207200.0,2072.0,0.3559015345556732,0.0988817838606334,0.3559015345556732,0.0,6.0
207300.0,2073.0,0.3559067298831372,0.0988817838606334,0.3559067298831372,0.0,6.0
207400.0,2074.0,0.3559219101317955,0.0988710461319163,0.3559219101317955,0.0,6.0
207600.0,2076.0,0.3559259146255457,0.0989588536314132,0.3559259146255457,0.0,6.0
207800.0,2078.0,0.3560099028132965,0.0989238346162327,0.3560099028132965,0.0,6.0
208100.0,2081.0,0.356012325461002,0.0989906653943765,0.356012325461002,0.0,6.0
208300.0,2083.0,0.3560150929876814,0.0990102023195134,0.3560150929876814,0.0,6.0
208400.0,2084.0,0.3560167256224346,0.0989727340339749,0.3560167256224346,0.0,6.0
208500.0,2085.0,0.3560058459359796,0.0989502454876336,0.3560058459359796,0.0,6.0
208600.0,2086.0,0.3560495401578818,0.0989234514020783,0.3560495401578818,0.0,6.0
208700.0,2087.0,0.3560643194719032,0.0989754968533258,0.3560643194719032,0.0,6.0
208800.0,2088.0,0.3560675683351332,0.098927985056106,0.3560675683351332,0.0,6.0
208900.0,2089.0,0.3560679299482405,0.098903447599208,0.3560679299482405,0.0,6.0
209000.0,2090.0,0.3560676870701199,0.0988408672858616,0.3560676870701199,0.0,6.0
209100.0,2091.0,0.3560714439545954,0.0987722170740677,0.3560714439545954,0.0,6.0
209200.0,2092.0,0.3560850252732196,0.0987646755503649,0.3560850252732196,0.0,6.0
209400.0,2094.0,0.3560877029736121,0.0988130343222429,0.3560877029736121,0.0,6.0
209600.0,2096.0,0.3560758802997495,0.0989551510110819,0.3560758802997495,0.0,6.0
209700.0,2097.0,0.3561005641695471,0.0989383590421214,0.3561005641695471,0.0,6.0
209800.0,2098.0,0.3561264553379513,0.0989143257459534,0.3561264553379513,0.0,6.0
209900.0,2099.0,0.3561205710034388,0.0988004097601725,0.3561205710034388,0.0,6.0
210000.0,2100.0,0.3561255702414631,0.0988019924245665,0.3561255702414631,0.0,6.0
210100.0,2101.0,0.3561301440981224,0.0988297106681056,0.3561301440981224,0.0,6.0
210300.0,2103.0,0.3561310046613634,0.0988689319017984,0.3561310046613634,0.0,6.0
210400.0,2104.0,0.356150977132712,0.0988406569893101,0.356150977132712,0.0,6.0
210500.0,2105.0,0.3561720745666025,0.0988698179261543,0.3561720745666025,0.0,6.0
210600.0,2106.0,0.3561389110979313,0.0988431440584822,0.3561389110979313,0.0,6.0
210700.0,2107.0,0.3561152857349457,0.0988311649215231,0.3561152857349457,0.0,6.0
210800.0,2108.0,0.3561223552496753,0.0987806960113003,0.3561223552496753,0.0,6.0
210900.0,2109.0,0.3561311913871248,0.0987558689503183,0.3561311913871248,0.0,6.0
211000.0,2110.0,0.3561333068752855,0.0987467619318283,0.3561333068752855,0.0,6.0
211100.0,2111.0,0.3561231017843536,0.0987385824264087,0.3561231017843536,0.0,6.0
211200.0,2112.0,0.3561504750857412,0.0986515051908945,0.3561504750857412,0.0,6.0
211300.0,2113.0,0.3561580046339948,0.0986203158042019,0.3561580046339948,0.0,6.0
211400.0,2114.0,0.356188731246941,0.0985503319728014,0.356188731246941,0.0,6.0
211500.0,2115.0,0.3561857710826798,0.0985492670019699,0.3561857710826798,0.0,6.0
211600.0,2116.0,0.3562138698924144,0.0985445524518743,0.3562138698924144,0.0,6.0
211700.0,2117.0,0.3562292939314928,0.0985990573758455,0.3562292939314928,0.0,6.0
211800.0,2118.0,0.3562373148437605,0.0985174957908327,0.3562373148437605,0.0,6.0
212100.0,2121.0,0.356208713512325,0.0986038807380784,0.356208713512325,0.0,6.0
212200.0,2122.0,0.3562221351222713,0.0986604519048372,0.3562221351222713,0.0,6.0
212300.0,2123.0,0.3562265068986958,0.0986387399080577,0.3562265068986958,0.0,6.0
212400.0,2124.0,0.3562367198920786,0.098781505748923,0.3562367198920786,0.0,6.0
212600.0,2126.0,0.3562433998819587,0.0987060786781704,0.3562433998819587,0.0,6.0
212700.0,2127.0,0.3562956985463387,0.0987308570461185,0.3562956985463387,0.0,6.0
212800.0,2128.0,0.3562964913463648,0.0986895050424633,0.3562964913463648,0.0,6.0
213000.0,2130.0,0.3563093936489948,0.098694520113934,0.3563093936489948,0.0,6.0
213100.0,2131.0,0.3563214015362251,0.0986306890391719,0.3563214015362251,0.0,6.0
213300.0,2133.0,0.3563508604896121,0.0985835405519675,0.3563508604896121,0.0,6.0
213400.0,2134.0,0.3563517628792939,0.0986462825132308,0.3563517628792939,0.0,6.0
213500.0,2135.0,0.3563511276835667,0.0986430005940426,0.3563511276835667,0.0,6.0
213700.0,2137.0,0.3563540080425409,0.0986912318623152,0.3563540080425409,0.0,6.0
213900.0,2139.0,0.3563332816342376,0.0987391503214548,0.3563332816342376,0.0,6.0
214100.0,2141.0,0.356335734341404,0.0987390026051203,0.356335734341404,0.0,6.0
214200.0,2142.0,0.356339675217338,0.0987007482006935,0.356339675217338,0.0,6.0
214300.0,2143.0,0.356364661142277,0.0987169129643436,0.356364661142277,0.0,6.0
214400.0,2144.0,0.3563983764684596,0.098715027935439,0.3563983764684596,0.0,6.0
214500.0,2145.0,0.3563887038236614,0.09869421181785,0.3563887038236614,0.0,6.0
214600.0,2146.0,0.3563889912539715,0.0986754158990962,0.3563889912539715,0.0,6.0
214700.0,2147.0,0.3564065538213355,0.0986753675098028,0.3564065538213355,0.0,6.0
214800.0,2148.0,0.3564269670023043,0.0986530748402303,0.3564269670023043,0.0,6.0
214900.0,2149.0,0.3564727168366881,0.0986693584226617,0.3564727168366881,0.0,6.0
215000.0,2150.0,0.3564463151371873,0.0986471542798553,0.3564463151371873,0.0,6.0
215100.0,2151.0,0.3564478839982131,0.0986639763745569,0.3564478839982131,0.0,6.0
215300.0,2153.0,0.3564309404996394,0.0986068305045677,0.3564309404996394,0.0,6.0
215400.0,2154.0,0.3564421714855513,0.0985433864727159,0.3564421714855513,0.0,6.0
215600.0,2156.0,0.3564243104447349,0.0986407590179447,0.3564243104447349,0.0,6.0
215700.0,2157.0,0.3564579024957707,0.0986495451784147,0.3564579024957707,0.0,6.0
215900.0,2159.0,0.3564387460366625,0.0985722296793706,0.3564387460366625,0.0,6.0
216000.0,2160.0,0.3564231874351452,0.0985555338831676,0.3564231874351452,0.0,6.0
216100.0,2161.0,0.3564325452807392,0.0985252126483633,0.3564325452807392,0.0,6.0
216200.0,2162.0,0.3564408020121595,0.0984990276166357,0.3564408020121595,0.0,6.0
216300.0,2163.0,0.3564442793392862,0.0984928910500587,0.3564442793392862,0.0,6.0
216400.0,2164.0,0.3564404255851842,0.0984797928163401,0.3564404255851842,0.0,6.0
216500.0,2165.0,0.3564543478800142,0.0984921224408738,0.3564543478800142,0.0,6.0
216600.0,2166.0,0.3564898073746321,0.0985160258472707,0.3564898073746321,0.0,6.0
217100.0,2171.0,0.3564426900911429,0.0987338036841518,0.3564426900911429,0.0,6.0
217200.0,2172.0,0.3564568457453864,0.0987405566208635,0.3564568457453864,0.0,6.0
217400.0,2174.0,0.356457366832587,0.0986745478482823,0.356457366832587,0.0,6.0
217600.0,2176.0,0.3564280120240903,0.0986357837287179,0.3564280120240903,0.0,6.0
217800.0,2178.0,0.3564366797227413,0.0986490652039423,0.3564366797227413,0.0,6.0
217900.0,2179.0,0.3564440790708149,0.0986216949843642,0.3564440790708149,0.0,6.0
218000.0,2180.0,0.3564431176949354,0.0986031865225164,0.3564431176949354,0.0,6.0
218200.0,2182.0,0.356557781637585,0.0986318393795819,0.356557781637585,0.0,6.0
218300.0,2183.0,0.3565645231641235,0.0986237455352922,0.3565645231641235,0.0,6.0
218400.0,2184.0,0.3565722643112169,0.098642089619581,0.3565722643112169,0.0,6.0
218500.0,2185.0,0.356565573905631,0.098630542289211,0.356565573905631,0.0,6.0
218600.0,2186.0,0.3565711134764571,0.0986764547425499,0.3565711134764571,0.0,6.0
218700.0,2187.0,0.3565702581227889,0.0986533261167877,0.3565702581227889,0.0,6.0
218800.0,2188.0,0.3565610208117705,0.0986346081095171,0.3565610208117705,0.0,6.0
218900.0,2189.0,0.3565742409244078,0.0986160195382169,0.3565742409244078,0.0,6.0
219000.0,2190.0,0.3565774056962066,0.0986160195382169,0.3565774056962066,0.0,6.0
219200.0,2192.0,0.3565713638842594,0.0986339283608894,0.3565713638842594,0.0,6.0
219300.0,2193.0,0.356594064699744,0.0986651556256446,0.356594064699744,0.0,6.0
219500.0,2195.0,0.3565872948177084,0.0986550783186416,0.3565872948177084,0.0,6.0
219600.0,2196.0,0.3565828495155353,0.0986035946638718,0.3565828495155353,0.0,6.0
219700.0,2197.0,0.3565751830779411,0.098568263024074,0.3565751830779411,0.0,6.0
219800.0,2198.0,0.356776622105789,0.0984625745887746,0.356776622105789,0.0,6.0
219900.0,2199.0,0.356792797194378,0.0984373945278054,0.356792797194378,0.0,6.0
220000.0,2200.0,0.3567946353377887,0.0984841233224032,0.3567946353377887,0.0,6.0
220100.0,2201.0,0.356801091604616,0.0984579200411067,0.356801091604616,0.0,6.0
220200.0,2202.0,0.3568102571329841,0.0984769029472115,0.3568102571329841,0.0,6.0
220300.0,2203.0,0.3568115406802009,0.0984348775950256,0.3568115406802009,0.0,6.0
220400.0,2204.0,0.3568054291846904,0.098330534032377,0.3568054291846904,0.0,6.0
220500.0,2205.0,0.3567923177533589,0.0982925418473699,0.3567923177533589,0.0,6.0
220600.0,2206.0,0.3568071196554327,0.0982912593141021,0.3568071196554327,0.0,6.0
220700.0,2207.0,0.3568104660805519,0.098315872536088,0.3568104660805519,0.0,6.0
220900.0,2209.0,0.3568089295533104,0.0983380050219173,0.3568089295533104,0.0,6.0
221100.0,2211.0,0.3568397707248802,0.0981787647127098,0.3568397707248802,0.0,6.0
221200.0,2212.0,0.3568555361932627,0.0981676067457777,0.3568555361932627,0.0,6.0
221400.0,2214.0,0.3568554605592802,0.0982682618657036,0.3568554605592802,0.0,6.0
221500.0,2215.0,0.3568121923431449,0.098253663302434,0.3568121923431449,0.0,6.0
221600.0,2216.0,0.3568323336472949,0.0982308705646692,0.3568323336472949,0.0,6.0
221700.0,2217.0,0.3568466280153318,0.0981904404953299,0.3568466280153318,0.0,6.0
221800.0,2218.0,0.3568477733402233,0.0981930625517257,0.3568477733402233,0.0,6.0
221900.0,2219.0,0.3568482739128134,0.0982776530526634,0.3568482739128134,0.0,6.0
222100.0,2221.0,0.3568530345282745,0.0983474821162413,0.3568530345282745,0.0,6.0
222200.0,2222.0,0.3568357355842321,0.0983386615552098,0.3568357355842321,0.0,6.0
222300.0,2223.0,0.3568344126275507,0.098321008651908,0.3568344126275507,0.0,6.0
222400.0,2224.0,0.3568340738797724,0.0982625954423756,0.3568340738797724,0.0,6.0
222500.0,2225.0,0.3568059122591606,0.0982452688958793,0.3568059122591606,0.0,6.0
222600.0,2226.0,0.3568214318803447,0.0982100969996238,0.3568214318803447,0.0,6.0
222700.0,2227.0,0.3568460108966765,0.0982612613723415,0.3568460108966765,0.0,6.0
222800.0,2228.0,0.356842145542608,0.0981840723820349,0.356842145542608,0.0,6.0
222900.0,2229.0,0.3568579053207973,0.0981393557904319,0.3568579053207973,0.0,6.0
223200.0,2232.0,0.356823799796451,0.0982488502627113,0.356823799796451,0.0,6.0
223400.0,2234.0,0.3568332331485347,0.098246932841711,0.3568332331485347,0.0,6.0
223500.0,2235.0,0.3568553095348917,0.0982024095814392,0.3568553095348917,0.0,6.0
223600.0,2236.0,0.3568626103621629,0.0982123340269489,0.3568626103621629,0.0,6.0
223700.0,2237.0,0.3568619831244799,0.0982117487650401,0.3568619831244799,0.0,6.0
224000.0,2240.0,0.3568251657929745,0.0982644909836915,0.3568251657929745,0.0,6.0
224100.0,2241.0,0.3568350123374684,0.098236318574499,0.3568350123374684,0.0,6.0
224200.0,2242.0,0.3568531590632872,0.0982663816072619,0.3568531590632872,0.0,6.0
224300.0,2243.0,0.3568641936826027,0.0981891844908453,0.3568641936826027,0.0,6.0
224500.0,2245.0,0.3568092138332571,0.098361712756064,0.3568092138332571,0.0,6.0
224600.0,2246.0,0.3568237373252385,0.0983332855939564,0.3568237373252385,0.0,6.0
224700.0,2247.0,0.3567972215491535,0.0983158329666127,0.3567972215491535,0.0,6.0
224800.0,2248.0,0.3568167380625639,0.0982893893194513,0.3568167380625639,0.0,6.0
224900.0,2249.0,0.3568336105020434,0.0982289945925462,0.3568336105020434,0.0,6.0
225000.0,2250.0,0.3568391173185162,0.0982610922213457,0.3568391173185162,0.0,6.0
225100.0,2251.0,0.3568653569500488,0.0982625494459933,0.3568653569500488,0.0,6.0
225400.0,2254.0,0.3568515963773969,0.0982427916402515,0.3568515963773969,0.0,6.0
225600.0,2256.0,0.3568597323483183,0.0983668362249059,0.3568597323483183,0.0,6.0
225700.0,2257.0,0.3568739389577164,0.0983936466532986,0.3568739389577164,0.0,6.0
225800.0,2258.0,0.3568804326631192,0.0984732847717,0.3568804326631192,0.0,6.0
226100.0,2261.0,0.356856279264107,0.0985952263237688,0.356856279264107,0.0,6.0
226200.0,2262.0,0.3568762796042392,0.0985124874303859,0.3568762796042392,0.0,6.0
226300.0,2263.0,0.3568730720965463,0.0985118132276106,0.3568730720965463,0.0,6.0
226400.0,2264.0,0.3568617079022014,0.0984827282512379,0.3568617079022014,0.0,6.0
226500.0,2265.0,0.3568648001244289,0.0985067261729904,0.3568648001244289,0.0,6.0
226600.0,2266.0,0.3568596577937599,0.0984450805330912,0.3568596577937599,0.0,6.0
226700.0,2267.0,0.3568664572511144,0.0984953666653852,0.3568664572511144,0.0,6.0
226800.0,2268.0,0.3568738284550521,0.0984777536629916,0.3568738284550521,0.0,6.0
226900.0,2269.0,0.3568598513507914,0.0984635294792192,0.3568598513507914,0.0,6.0
227000.0,2270.0,0.3568553016755897,0.0984531378603164,0.3568553016755897,0.0,6.0
227100.0,2271.0,0.3568713167552729,0.0983900802248369,0.3568713167552729,0.0,6.0
227300.0,2273.0,0.3568679524095693,0.0983132899503833,0.3568679524095693,0.0,6.0
227400.0,2274.0,0.3568842751381302,0.0983087171389976,0.3568842751381302,0.0,6.0
227500.0,2275.0,0.3568942167436885,0.0983170485822224,0.3568942167436885,0.0,6.0
227600.0,2276.0,0.3568946679681724,0.0982956887418475,0.3568946679681724,0.0,6.0
227700.0,2277.0,0.3568957176055869,0.0984053354708169,0.3568957176055869,0.0,6.0
227900.0,2279.0,0.356880262280441,0.0984709348336085,0.356880262280441,0.0,6.0
228100.0,2281.0,0.3568702956983275,0.0984409080827421,0.3568702956983275,0.0,6.0
228200.0,2282.0,0.3568740906350338,0.0983639091088657,0.3568740906350338,0.0,6.0
228300.0,2283.0,0.3568842149872829,0.0983177436205185,0.3568842149872829,0.0,6.0
228400.0,2284.0,0.3568939912372234,0.0984022168871994,0.3568939912372234,0.0,6.0
228500.0,2285.0,0.3568910988611847,0.0983404818487352,0.3568910988611847,0.0,6.0
228600.0,2286.0,0.3569168293490942,0.0983209675139136,0.3569168293490942,0.0,6.0
228800.0,2288.0,0.3569206186183116,0.0983060287066306,0.3569206186183116,0.0,6.0
228900.0,2289.0,0.3569226294353682,0.0982802813151215,0.3569226294353682,0.0,6.0
229000.0,2290.0,0.3569235939328839,0.0982802594221256,0.3569235939328839,0.0,6.0
229200.0,2292.0,0.3569079158499472,0.0982650312295711,0.3569079158499472,0.0,6.0
229300.0,2293.0,0.3569153806240251,0.0982438654623312,0.3569153806240251,0.0,6.0
229400.0,2294.0,0.3569197792137994,0.0982041531118425,0.3569197792137994,0.0,6.0
229500.0,2295.0,0.3569292107833743,0.0981792472656037,0.3569292107833743,0.0,6.0
229800.0,2298.0,0.3568708441764769,0.0983014495140019,0.3568708441764769,0.0,6.0
230000.0,2300.0,0.3568457586868566,0.0983063670325117,0.3568457586868566,0.0,6.0
230100.0,2301.0,0.3568532206634612,0.0983006268152157,0.3568532206634612,0.0,6.0
230200.0,2302.0,0.3568656227071748,0.0982706434505209,0.3568656227071748,0.0,6.0
230300.0,2303.0,0.3568769817331154,0.0982887553713077,0.3568769817331154,0.0,6.0
230400.0,2304.0,0.3568910195045568,0.0982545693312875,0.3568910195045568,0.0,6.0
230500.0,2305.0,0.3568979086850405,0.0982545693312875,0.3568979086850405,0.0,6.0
230600.0,2306.0,0.3568826595716917,0.0982383553085804,0.3568826595716917,0.0,6.0
230700.0,2307.0,0.3568834365403289,0.098231220575022,0.3568834365403289,0.0,6.0
230800.0,2308.0,0.3568872099481494,0.0982470091871666,0.3568872099481494,0.0,6.0
231100.0,2311.0,0.3568658847764699,0.0983420111550087,0.3568658847764699,0.0,6.0
231300.0,2313.0,0.3568251428095838,0.0984718369920654,0.3568251428095838,0.0,6.0
231400.0,2314.0,0.3568445501321601,0.0984936301217841,0.3568445501321601,0.0,6.0
231500.0,2315.0,0.3568505646941445,0.0984674799823799,0.3568505646941445,0.0,6.0
231700.0,2317.0,0.3568599534179844,0.0984356635273358,0.3568599534179844,0.0,6.0
231800.0,2318.0,0.3568487755716613,0.0983428170743173,0.3568487755716613,0.0,6.0
232000.0,2320.0,0.3568701596815243,0.0984436597343371,0.3568701596815243,0.0,6.0
232200.0,2322.0,0.3568629059795478,0.0984144712622732,0.3568629059795478,0.0,6.0
232300.0,2323.0,0.3568608939670598,0.0983673058899653,0.3568608939670598,0.0,6.0
232500.0,2325.0,0.3568851251886607,0.0983559070781773,0.3568851251886607,0.0,6.0
232700.0,2327.0,0.3568888606354979,0.0983731819102063,0.3568888606354979,0.0,6.0
232800.0,2328.0,0.3569044482938042,0.0983270000159607,0.3569044482938042,0.0,6.0
232900.0,2329.0,0.3569158800776837,0.0983015168685909,0.3569158800776837,0.0,6.0
233000.0,2330.0,0.3569243617901577,0.0982907896055679,0.3569243617901577,0.0,6.0
233200.0,2332.0,0.3569277547645764,0.0982791987646623,0.3569277547645764,0.0,6.0
233500.0,2335.0,0.3569135041966403,0.098376256858891,0.3569135041966403,0.0,6.0
233600.0,2336.0,0.3569125949525908,0.0983527864989106,0.3569125949525908,0.0,6.0
233800.0,2338.0,0.3569210734102351,0.098419323291542,0.3569210734102351,0.0,6.0
233900.0,2339.0,0.356909365975492,0.0983649301347396,0.356909365975492,0.0,6.0
234100.0,2341.0,0.3568962473771704,0.0985212975249598,0.3568962473771704,0.0,6.0
234300.0,2343.0,0.3569002931796036,0.0984302945722848,0.3569002931796036,0.0,6.0
234400.0,2344.0,0.356922628065952,0.0984730481164962,0.356922628065952,0.0,6.0
234500.0,2345.0,0.3569301790140507,0.098465229922863,0.3569301790140507,0.0,6.0
234600.0,2346.0,0.3569236726776943,0.0983868322600261,0.3569236726776943,0.0,6.0
234700.0,2347.0,0.3569155333148789,0.0983554659262985,0.3569155333148789,0.0,6.0
234800.0,2348.0,0.3569216505325298,0.0983547102132217,0.3569216505325298,0.0,6.0
234900.0,2349.0,0.3569466746998577,0.0983281789562003,0.3569466746998577,0.0,6.0
235000.0,2350.0,0.3569174583242717,0.098315815353647,0.3569174583242717,0.0,6.0
235200.0,2352.0,0.3569100549614596,0.0983798664009844,0.3569100549614596,0.0,6.0
235300.0,2353.0,0.3569186326170531,0.0983763775491603,0.3569186326170531,0.0,6.0
235400.0,2354.0,0.3568945741339879,0.0983562389037147,0.3568945741339879,0.0,6.0
235500.0,2355.0,0.356905683747551,0.0983372806389143,0.356905683747551,0.0,6.0
235700.0,2357.0,0.3568928995647327,0.0982910385213995,0.3568928995647327,0.0,6.0
235800.0,2358.0,0.3568960295441352,0.098322420966706,0.3568960295441352,0.0,6.0
235900.0,2359.0,0.3569011402540553,0.0982902810748207,0.3569011402540553,0.0,6.0
236000.0,2360.0,0.356881153397582,0.0982564762142176,0.356881153397582,0.0,6.0
236100.0,2361.0,0.3569032603795743,0.0982939699690883,0.3569032603795743,0.0,6.0
236200.0,2362.0,0.3569159296123685,0.0982094479415478,0.3569159296123685,0.0,6.0
236300.0,2363.0,0.3569126215865618,0.0981872488918657,0.3569126215865618,0.0,6.0
236500.0,2365.0,0.3569120714700095,0.0982556348344458,0.3569120714700095,0.0,6.0
236600.0,2366.0,0.3569202503953673,0.0982586619137845,0.3569202503953673,0.0,6.0
236700.0,2367.0,0.3569284233241491,0.0981892513933224,0.3569284233241491,0.0,6.0
236800.0,2368.0,0.3569168159292852,0.098165870709767,0.3569168159292852,0.0,6.0
236900.0,2369.0,0.3569289734117423,0.0982123697125603,0.3569289734117423,0.0,6.0
237000.0,2370.0,0.3569328878977071,0.0982661748011103,0.3569328878977071,0.0,6.0
237200.0,2372.0,0.3569239623149213,0.098272142314021,0.3569239623149213,0.0,6.0
237300.0,2373.0,0.3569369247588047,0.0982929668054772,0.3569369247588047,0.0,6.0
237400.0,2374.0,0.3569417115944595,0.098301237347854,0.3569417115944595,0.0,6.0
237500.0,2375.0,0.3569433541115799,0.0982932496284051,0.3569433541115799,0.0,6.0
237600.0,2376.0,0.3569539735902998,0.0982515903897887,0.3569539735902998,0.0,6.0
237700.0,2377.0,0.3569536232096411,0.0982094562397914,0.3569536232096411,0.0,6.0
237900.0,2379.0,0.3569591182730517,0.0981733065240584,0.3569591182730517,0.0,6.0
238100.0,2381.0,0.3569576733679386,0.09820664931185,0.3569576733679386,0.0,6.0
238400.0,2384.0,0.3569396685020903,0.0983325299330037,0.3569396685020903,0.0,6.0
238500.0,2385.0,0.3569468730085983,0.098291801222341,0.3569468730085983,0.0,6.0
238600.0,2386.0,0.3569414425062929,0.0982910335386938,0.3569414425062929,0.0,6.0
238700.0,2387.0,0.3569748615342973,0.0982854738206549,0.3569748615342973,0.0,6.0
239000.0,2390.0,0.3569284299364382,0.0983233313363377,0.3569284299364382,0.0,6.0
239100.0,2391.0,0.3569159650014845,0.098297689929146,0.3569159650014845,0.0,6.0
239300.0,2393.0,0.356932485030564,0.0983419642536651,0.356932485030564,0.0,6.0
239400.0,2394.0,0.3569360163709862,0.0983569468789273,0.3569360163709862,0.0,6.0
239500.0,2395.0,0.3569463756639291,0.0983079794790111,0.3569463756639291,0.0,6.0
239700.0,2397.0,0.3569640034760875,0.0982924273705903,0.3569640034760875,0.0,6.0
239800.0,2398.0,0.3569647579119049,0.0982632805648598,0.3569647579119049,0.0,6.0
239900.0,2399.0,0.3569405866823052,0.0982552233233286,0.3569405866823052,0.0,6.0
240000.0,2400.0,0.3569480521913683,0.0981877931101207,0.3569480521913683,0.0,6.0
240100.0,2401.0,0.3569566311427836,0.0982065163010793,0.3569566311427836,0.0,6.0
240300.0,2403.0,0.356941634679115,0.0982492310821818,0.356941634679115,0.0,6.0
240400.0,2404.0,0.3569534621157972,0.0983153424595152,0.3569534621157972,0.0,6.0
240500.0,2405.0,0.3569579925628131,0.0982865807736117,0.3569579925628131,0.0,6.0
240600.0,2406.0,0.356970840055597,0.0982953698937944,0.356970840055597,0.0,6.0
240700.0,2407.0,0.3569441269519271,0.0982891235092977,0.3569441269519271,0.0,6.0
240800.0,2408.0,0.3569429355370352,0.098287240504298,0.3569429355370352,0.0,6.0
240900.0,2409.0,0.356959926647426,0.0982646857676969,0.356959926647426,0.0,6.0
241000.0,2410.0,0.3569500379375334,0.0981932723638853,0.3569500379375334,0.0,6.0
241100.0,2411.0,0.356970426489507,0.0982394148201402,0.356970426489507,0.0,6.0
241300.0,2413.0,0.3569763207051366,0.0982676529942029,0.3569763207051366,0.0,6.0
241400.0,2414.0,0.3569785570884184,0.098203736776041,0.3569785570884184,0.0,6.0
241700.0,2417.0,0.3569487241749619,0.0983753178353962,0.3569487241749619,0.0,6.0
241800.0,2418.0,0.3569391164010952,0.0983522636245268,0.3569391164010952,0.0,6.0
241900.0,2419.0,0.3569297737552638,0.0983159255527639,0.3569297737552638,0.0,6.0
242300.0,2423.0,0.3569163486972618,0.0984664199761663,0.3569163486972618,0.0,6.0
242400.0,2424.0,0.3569101274537235,0.0983686948345505,0.3569101274537235,0.0,6.0
242500.0,2425.0,0.3569018026749265,0.0983044396746156,0.3569018026749265,0.0,6.0
242600.0,2426.0,0.3569080236975878,0.0983358692777274,0.3569080236975878,0.0,6.0
242700.0,2427.0,0.3569208146652062,0.0984063152167658,0.3569208146652062,0.0,6.0
242800.0,2428.0,0.3569600848730681,0.0982430058592725,0.3569600848730681,0.0,6.0
242900.0,2429.0,0.3569785888729526,0.0982242203034902,0.3569785888729526,0.0,6.0
243100.0,2431.0,0.3569634551055841,0.0981508261411544,0.3569634551055841,0.0,6.0
243300.0,2433.0,0.3569361089905923,0.0981653020425181,0.3569361089905923,0.0,6.0
243400.0,2434.0,0.3569493160216301,0.0982814873266605,0.3569493160216301,0.0,6.0
243500.0,2435.0,0.3569512691111789,0.0981943820366404,0.3569512691111789,0.0,6.0
243600.0,2436.0,0.3569597499626544,0.0981584617783606,0.3569597499626544,0.0,6.0
243800.0,2438.0,0.3569787477854855,0.0981823524540248,0.3569787477854855,0.0,6.0
244000.0,2440.0,0.3569638778217583,0.0981801955798864,0.3569638778217583,0.0,6.0
244200.0,2442.0,0.3569688220036353,0.0982322012078064,0.3569688220036353,0.0,6.0
244300.0,2443.0,0.3569702140563934,0.098206776964822,0.3569702140563934,0.0,6.0
244700.0,2447.0,0.3569493422657652,0.0983035472738701,0.3569493422657652,0.0,6.0
244800.0,2448.0,0.3569617706505459,0.0982594304699652,0.3569617706505459,0.0,6.0
245000.0,2450.0,0.3569611809012912,0.0982840831189032,0.3569611809012912,0.0,6.0
245200.0,2452.0,0.3569414381813138,0.0984448208365875,0.3569414381813138,0.0,6.0
245300.0,2453.0,0.3569569488499292,0.0984005049212535,0.3569569488499292,0.0,6.0
245400.0,2454.0,0.3569559134542251,0.0983239310877344,0.3569559134542251,0.0,6.0
245500.0,2455.0,0.3569577899054794,0.0983708231958006,0.3569577899054794,0.0,6.0
245600.0,2456.0,0.3569620850377615,0.0983750759993979,0.3569620850377615,0.0,6.0
245700.0,2457.0,0.3569624239077427,0.0983559035734404,0.3569624239077427,0.0,6.0
245900.0,2459.0,0.3569574854504837,0.0983993107123172,0.3569574854504837,0.0,6.0
246000.0,2460.0,0.356963333775378,0.098410854367331,0.356963333775378,0.0,6.0
246100.0,2461.0,0.3569733767685694,0.0984179131202731,0.3569733767685694,0.0,6.0
246300.0,2463.0,0.3569643155521504,0.0984165988529896,0.3569643155521504,0.0,6.0
246400.0,2464.0,0.3569703539934957,0.0983979918184359,0.3569703539934957,0.0,6.0
246500.0,2465.0,0.3569736749468838,0.0983584099382301,0.3569736749468838,0.0,6.0
246700.0,2467.0,0.3569238148144433,0.0983295973571493,0.3569238148144433,0.0,6.0
246900.0,2469.0,0.3569350840652828,0.0983241845858049,0.3569350840652828,0.0,6.0
247000.0,2470.0,0.3569321458554377,0.0983196804617465,0.3569321458554377,0.0,6.0
247300.0,2473.0,0.3569140276889341,0.0984471146654984,0.3569140276889341,0.0,6.0
247400.0,2474.0,0.3569150616401269,0.0984113789586385,0.3569150616401269,0.0,6.0
247500.0,2475.0,0.3569137812577149,0.0983633766387096,0.3569137812577149,0.0,6.0
247600.0,2476.0,0.3569184454041469,0.0982243362754751,0.3569184454041469,0.0,6.0
247700.0,2477.0,0.3569413163931418,0.0982460886873774,0.3569413163931418,0.0,6.0
247800.0,2478.0,0.3569318722460168,0.0981848731559053,0.3569318722460168,0.0,6.0
247900.0,2479.0,0.3569362295642961,0.0982018568810151,0.3569362295642961,0.0,6.0
248000.0,2480.0,0.356933121087612,0.0981842255717954,0.356933121087612,0.0,6.0
248200.0,2482.0,0.3569311030278544,0.0982543712286992,0.3569311030278544,0.0,6.0
248300.0,2483.0,0.3569308186600615,0.0982024267860334,0.3569308186600615,0.0,6.0
248400.0,2484.0,0.3569413456249718,0.0982022312388901,0.3569413456249718,0.0,6.0
248600.0,2486.0,0.356942963497411,0.0983086721060806,0.356942963497411,0.0,6.0
248700.0,2487.0,0.3569296198219519,0.0982656526227957,0.3569296198219519,0.0,6.0
248800.0,2488.0,0.3569325013077726,0.0981852621310619,0.3569325013077726,0.0,6.0
248900.0,2489.0,0.3569435550570973,0.0981889794090587,0.3569435550570973,0.0,6.0
249000.0,2490.0,0.356949947508881,0.0981876009850042,0.356949947508881,0.0,6.0
249100.0,2491.0,0.3569773347981592,0.0981897219541831,0.3569773347981592,0.0,6.0
249200.0,2492.0,0.3569715439837143,0.0981551540600946,0.3569715439837143,0.0,6.0
249400.0,2494.0,0.3569477984739055,0.098230827950121,0.3569477984739055,0.0,6.0
249500.0,2495.0,0.3569671993504226,0.0981497996661461,0.3569671993504226,0.0,6.0
249600.0,2496.0,0.3569786003233778,0.0982080928836638,0.3569786003233778,0.0,6.0
249700.0,2497.0,0.3569795160733484,0.0982117018516543,0.3569795160733484,0.0,6.0
249800.0,2498.0,0.3569795685469007,0.0982033342149688,0.3569795685469007,0.0,6.0
249900.0,2499.0,0.3569917664756782,0.0981533720969319,0.3569917664756782,0.0,6.0
250200.0,2502.0,0.3569518322018382,0.0982201078879176,0.3569518322018382,0.0,6.0
250500.0,2505.0,0.3569004967714221,0.0984032504144944,0.3569004967714221,0.0,6.0
250600.0,2506.0,0.3569026882278117,0.0983723235107204,0.3569026882278117,0.0,6.0
250700.0,2507.0,0.3569208300511818,0.0983517514564596,0.3569208300511818,0.0,6.0
250800.0,2508.0,0.3569464359382775,0.0983131732957708,0.3569464359382775,0.0,6.0
250900.0,2509.0,0.356952023214571,0.0982806020000138,0.356952023214571,0.0,6.0
251200.0,2512.0,0.3569253689407941,0.0983391118417119,0.3569253689407941,0.0,6.0
251300.0,2513.0,0.3569487355250815,0.0982457024158528,0.3569487355250815,0.0,6.0
251700.0,2517.0,0.3569684076466152,0.0982790460073529,0.3569684076466152,0.0,6.0
251800.0,2518.0,0.3569724648603754,0.0982628695625053,0.3569724648603754,0.0,6.0
252000.0,2520.0,0.3569705035939663,0.0983621840147748,0.3569705035939663,0.0,6.0
252200.0,2522.0,0.3569720098374723,0.0983941672488802,0.3569720098374723,0.0,6.0
252400.0,2524.0,0.4124496654011421,0.0479957702588523,0.4124496654011421,0.0,6.0
252500.0,2525.0,0.4124456402321155,0.0479659826426846,0.4124456402321155,0.0,6.0
252800.0,2528.0,0.4181399721954842,0.0456905196494396,0.4181399721954842,0.0,6.0
252900.0,2529.0,0.4181371881229004,0.0456539582004958,0.4181371881229004,0.0,6.0
253000.0,2530.0,0.418291037248224,0.0455644072271636,0.418291037248224,0.0,6.0
253100.0,2531.0,0.4183219332148621,0.0455022155489964,0.4183219332148621,0.0,6.0
253200.0,2532.0,0.4183773008303967,0.0455279251840441,0.4183773008303967,0.0,6.0
253300.0,2533.0,0.4210558496964655,0.0438717997798075,0.4210558496964655,0.0,6.0
253400.0,2534.0,0.4218315939945402,0.0432064301583884,0.4218315939945402,0.0,6.0
253500.0,2535.0,0.4218458047365002,0.0431711543207404,0.4218458047365002,0.0,6.0
253600.0,2536.0,0.4219750187946385,0.0432371821915383,0.4219750187946385,0.0,6.0
253700.0,2537.0,0.4222754137791641,0.0430550163255615,0.4222754137791641,0.0,6.0
253900.0,2539.0,0.428352714529269,0.0392597830889588,0.428352714529269,0.0,6.0
254000.0,2540.0,0.4283341662049789,0.0392216314757818,0.4283341662049789,0.0,6.0
254100.0,2541.0,0.4287612000595293,0.0393224757715059,0.4287612000595293,0.0,6.0
254200.0,2542.0,0.4288110235957575,0.0392761584837841,0.4288110235957575,0.0,6.0
254400.0,2544.0,0.428757792171811,0.0392499864572388,0.428757792171811,0.0,6.0
254500.0,2545.0,0.4288012863393084,0.0392280256765715,0.4288012863393084,0.0,6.0
254600.0,2546.0,0.4288055377935698,0.039316049300571,0.4288055377935698,0.0,6.0
254700.0,2547.0,0.4288032180233917,0.0392507581329327,0.4288032180233917,0.0,6.0
254800.0,2548.0,0.4288349897346388,0.0392999256644368,0.4288349897346388,0.0,6.0
254900.0,2549.0,0.4288579884034969,0.0392502767106964,0.4288579884034969,0.0,6.0
255000.0,2550.0,0.4288886251145962,0.039143741909401,0.4288886251145962,0.0,6.0
255100.0,2551.0,0.428899087425862,0.0391061468598701,0.428899087425862,0.0,6.0
255200.0,2552.0,0.4290257765918336,0.0389796718386641,0.4290257765918336,0.0,6.0
255300.0,2553.0,0.4290270849049433,0.0389564705644982,0.4290270849049433,0.0,6.0
255400.0,2554.0,0.4290405460101984,0.0389313418797902,0.4290405460101984,0.0,6.0
255600.0,2556.0,0.4290262539400844,0.0389505157168536,0.4290262539400844,0.0,6.0
255700.0,2557.0,0.4290310291979129,0.0389354647281847,0.4290310291979129,0.0,6.0
255800.0,2558.0,0.4290609083427496,0.0390938071985523,0.4290609083427496,0.0,6.0
255900.0,2559.0,0.4290447618565399,0.0390693467619049,0.4290447618565399,0.0,6.0
256100.0,2561.0,0.4289468192698438,0.0390627061654321,0.4289468192698438,0.0,6.0
256300.0,2563.0,0.4289888474385204,0.0390288695677205,0.4289888474385204,0.0,6.0
256500.0,2565.0,0.4289942988942504,0.0390749529863208,0.4289942988942504,0.0,6.0
256600.0,2566.0,0.4289898238576871,0.039014787006497,0.4289898238576871,0.0,6.0
256900.0,2569.0,0.4289881056597261,0.03915327136356,0.4289881056597261,0.0,6.0
257000.0,2570.0,0.4289973245325865,0.0391740915173434,0.4289973245325865,0.0,6.0
257200.0,2572.0,0.4290684437285805,0.0393081539370356,0.4290684437285805,0.0,6.0
257300.0,2573.0,0.4290781555101006,0.039263286165655,0.4290781555101006,0.0,6.0
257500.0,2575.0,0.4290887325878553,0.039338354881231,0.4290887325878553,0.0,6.0
257600.0,2576.0,0.4291132893761702,0.0391710036707544,0.4291132893761702,0.0,6.0
257700.0,2577.0,0.429086155604638,0.0391602363628104,0.429086155604638,0.0,6.0
257800.0,2578.0,0.4291092034555112,0.0390848747220172,0.4291092034555112,0.0,6.0
257900.0,2579.0,0.4291403043382248,0.0391936614099416,0.4291403043382248,0.0,6.0
258000.0,2580.0,0.4291467442300462,0.0391694035348819,0.4291467442300462,0.0,6.0
258100.0,2581.0,0.4291480102943802,0.0390613913592027,0.4291480102943802,0.0,6.0
258200.0,2582.0,0.429162933235111,0.0390800390181746,0.429162933235111,0.0,6.0
258400.0,2584.0,0.4291404126089841,0.0391645509772175,0.4291404126089841,0.0,6.0
258500.0,2585.0,0.4291398542580061,0.0390463216388212,0.4291398542580061,0.0,6.0
258700.0,2587.0,0.4291025243265717,0.0391432878860603,0.4291025243265717,0.0,6.0
258800.0,2588.0,0.4291249607788334,0.0390599321054794,0.4291249607788334,0.0,6.0
258900.0,2589.0,0.4291111345791522,0.0389962082220328,0.4291111345791522,0.0,6.0
259000.0,2590.0,0.4291608852509521,0.0389713950285208,0.4291608852509521,0.0,6.0
259500.0,2595.0,0.4291278146150727,0.0390474327051624,0.4291278146150727,0.0,6.0
259600.0,2596.0,0.4291854200790249,0.039074483728526,0.4291854200790249,0.0,6.0
259800.0,2598.0,0.4291870009091502,0.0389378653283093,0.4291870009091502,0.0,6.0
260100.0,2601.0,0.429177126355783,0.038938965793784,0.429177126355783,0.0,6.0
260200.0,2602.0,0.4291943323981138,0.0389178211238098,0.4291943323981138,0.0,6.0
260300.0,2603.0,0.4292038464468013,0.0388911961967942,0.4292038464468013,0.0,6.0
260600.0,2606.0,0.4291838193189122,0.0390149198344364,0.4291838193189122,0.0,6.0
260700.0,2607.0,0.4292021312666627,0.0389362167074071,0.4292021312666627,0.0,6.0
261000.0,2610.0,0.4291803355443258,0.0389587738984841,0.4291803355443258,0.0,6.0
261200.0,2612.0,0.4291801064557841,0.0389656392676641,0.4291801064557841,0.0,6.0
261300.0,2613.0,0.4291698703755392,0.0389400173442553,0.4291698703755392,0.0,6.0
261400.0,2614.0,0.42915811523052,0.0389294194071465,0.42915811523052,0.0,6.0
261600.0,2616.0,0.454074315527625,0.0152582377247019,0.454074315527625,0.0,6.0
261700.0,2617.0,0.4554254438172131,0.0140918969085506,0.4554254438172131,0.0,6.0
261800.0,2618.0,0.4555172068477622,0.0139682051596245,0.4555172068477622,0.0,6.0
262000.0,2620.0,0.4554181684668062,0.0139173211799062,0.4554181684668062,0.0,6.0
262100.0,2621.0,0.4554326934675762,0.0139093825958961,0.4554326934675762,0.0,6.0
262200.0,2622.0,0.455458179526173,0.0139180714317061,0.455458179526173,0.0,6.0
262300.0,2623.0,0.4555441347032404,0.0139809022208432,0.4555441347032404,0.0,6.0
262400.0,2624.0,0.4571500352240457,0.0126035211179041,0.4571500352240457,0.0,6.0
262500.0,2625.0,0.4571954088453142,0.0127258844464338,0.4571954088453142,0.0,6.0
262600.0,2626.0,0.4610968575538448,0.0099465306543969,0.4610968575538448,0.0,6.0
262700.0,2627.0,0.4612718121519661,0.0099000377450137,0.4612718121519661,0.0,6.0
262800.0,2628.0,0.4612869070603088,0.0098680549931301,0.4612869070603088,0.0,6.0
262900.0,2629.0,0.4619178479682967,0.0093906628532888,0.4619178479682967,0.0,6.0
263000.0,2630.0,0.4619169474628926,0.009388004534544,0.4619169474628926,0.0,6.0
263200.0,2632.0,0.4619706264985075,0.0092219542001403,0.4619706264985075,0.0,6.0
263300.0,2633.0,0.4621828208163365,0.0091444739931,0.4621828208163365,0.0,6.0
263700.0,2637.0,0.4621542947151497,0.0094548376258827,0.4621542947151497,0.0,6.0
264000.0,2640.0,0.4620913518622436,0.0093491708812479,0.4620913518622436,0.0,6.0
264200.0,2642.0,0.4621079643147703,0.0094954287045653,0.4621079643147703,0.0,6.0
264300.0,2643.0,0.4621482558543748,0.0094705246429151,0.4621482558543748,0.0,6.0
264400.0,2644.0,0.4621590285708321,0.0094851692718841,0.4621590285708321,0.0,6.0
264500.0,2645.0,0.4620606475794513,0.0094361982347525,0.4620606475794513,0.0,6.0
264600.0,2646.0,0.4627069391826254,0.0091269679853822,0.4627069391826254,0.0,6.0
264700.0,2647.0,0.4627123495052415,0.0091133805955114,0.4627123495052415,0.0,6.0
264900.0,2649.0,0.4627678866449373,0.0089371098129303,0.4627678866449373,0.0,6.0
265000.0,2650.0,0.4637401274743434,0.0083399592603903,0.4637401274743434,0.0,6.0
265300.0,2653.0,0.4637291886067927,0.0084816862819992,0.4637291886067927,0.0,6.0
265400.0,2654.0,0.4637430724901946,0.0085078699296203,0.4637430724901946,0.0,6.0
265500.0,2655.0,0.4637771600104403,0.0085436856938376,0.4637771600104403,0.0,6.0
265600.0,2656.0,0.4652856135768891,0.0078757510768014,0.4652856135768891,0.0,6.0
265700.0,2657.0,0.4652642988161252,0.0077412549484342,0.4652642988161252,0.0,6.0
265900.0,2659.0,0.465261692363997,0.0077831899960877,0.465261692363997,0.0,6.0
266000.0,2660.0,0.465265829866165,0.0078049488145304,0.465265829866165,0.0,6.0
266100.0,2661.0,0.4653121478337497,0.0078339087196092,0.4653121478337497,0.0,6.0
266400.0,2664.0,0.4652549842951558,0.0078832940279332,0.4652549842951558,0.0,6.0
266500.0,2665.0,0.4653030429111228,0.0078656828868495,0.4653030429111228,0.0,6.0
266700.0,2667.0,0.4652906763371722,0.0080057898795605,0.4652906763371722,0.0,6.0
266800.0,2668.0,0.4653478127989533,0.0079139002007311,0.4653478127989533,0.0,6.0
266900.0,2669.0,0.4653507908276548,0.0079167984172548,0.4653507908276548,0.0,6.0
267000.0,2670.0,0.4653752542456408,0.0079291496998979,0.4653752542456408,0.0,6.0
267300.0,2673.0,0.4653040492982461,0.0079431722796851,0.4653040492982461,0.0,6.0
267400.0,2674.0,0.4653326494621555,0.0077899168830499,0.4653326494621555,0.0,6.0
267600.0,2676.0,0.4652796260438927,0.0078630697637037,0.4652796260438927,0.0,6.0
267700.0,2677.0,0.4652930598788871,0.0078732587148275,0.4652930598788871,0.0,6.0
267900.0,2679.0,0.4653005682617823,0.0078062510743702,0.4653005682617823,0.0,6.0
268000.0,2680.0,0.4653981213020968,0.0077759894779913,0.4653981213020968,0.0,6.0
268400.0,2684.0,0.4653439578105415,0.007971937804467,0.4653439578105415,0.0,6.0
268500.0,2685.0,0.4653085887821451,0.007752075240569,0.4653085887821451,0.0,6.0
268600.0,2686.0,0.4653106450538474,0.0079129540157282,0.4653106450538474,0.0,6.0
268700.0,2687.0,0.4653125384025577,0.0078920708499462,0.4653125384025577,0.0,6.0
268800.0,2688.0,0.4653249301795099,0.0077417595106854,0.4653249301795099,0.0,6.0
268900.0,2689.0,0.4653488402817501,0.0075521072717947,0.4653488402817501,0.0,6.0
269000.0,2690.0,0.4653278067051313,0.0075520577988288,0.4653278067051313,0.0,6.0
269200.0,2692.0,0.4653467711728009,0.007681599982406,0.4653467711728009,0.0,6.0
269300.0,2693.0,0.4653492249131167,0.0075377692103647,0.4653492249131167,0.0,6.0
269400.0,2694.0,0.4653721920212049,0.0076053924528587,0.4653721920212049,0.0,6.0
269500.0,2695.0,0.465374135965413,0.0075816423838487,0.465374135965413,0.0,6.0
269600.0,2696.0,0.4654208802928922,0.0075284884132259,0.4654208802928922,0.0,6.0
269700.0,2697.0,0.4654231906723082,0.0073909296276734,0.4654231906723082,0.0,6.0
269800.0,2698.0,0.4654418498294049,0.0074077726984551,0.4654418498294049,0.0,6.0
269900.0,2699.0,0.4654487945009715,0.0075005565406664,0.4654487945009715,0.0,6.0
270000.0,2700.0,0.4654227042829807,0.0074450986888503,0.4654227042829807,0.0,6.0
270200.0,2702.0,0.4653670840255307,0.0074039400005859,0.4653670840255307,0.0,6.0
270400.0,2704.0,0.4652623625086378,0.0075232004577853,0.4652623625086378,0.0,6.0
270500.0,2705.0,0.4653201046832915,0.0075091605329792,0.4653201046832915,0.0,6.0
270600.0,2706.0,0.4653752234087377,0.0074352604802352,0.4653752234087377,0.0,6.0
270700.0,2707.0,0.4654119603569315,0.0074046444904656,0.4654119603569315,0.0,6.0
270800.0,2708.0,0.4654307792755526,0.0074408530311631,0.4654307792755526,0.0,6.0
271000.0,2710.0,0.4653999037518496,0.0075355454162845,0.4653999037518496,0.0,6.0
271100.0,2711.0,0.4653739125679838,0.0074984768003712,0.4653739125679838,0.0,6.0
271200.0,2712.0,0.4653757202353981,0.0075403224442229,0.4653757202353981,0.0,6.0
271300.0,2713.0,0.4653801871707871,0.0076331131643118,0.4653801871707871,0.0,6.0
271400.0,2714.0,0.4653565328728974,0.0075181854370375,0.4653565328728974,0.0,6.0
271500.0,2715.0,0.4653805237917375,0.0076718702205365,0.4653805237917375,0.0,6.0
271600.0,2716.0,0.4653720392740258,0.0076365442852738,0.4653720392740258,0.0,6.0
271700.0,2717.0,0.4653947456820184,0.0076142461634444,0.4653947456820184,0.0,6.0
271800.0,2718.0,0.4654597708939064,0.0075195092683021,0.4654597708939064,0.0,6.0
271900.0,2719.0,0.4655148947660023,0.0075348513630057,0.4655148947660023,0.0,6.0
272000.0,2720.0,0.465529011173274,0.0075711668947806,0.465529011173274,0.0,6.0
272200.0,2722.0,0.4655199522821712,0.0076725461382661,0.4655199522821712,0.0,6.0
272300.0,2723.0,0.465532624871579,0.0077286912913798,0.465532624871579,0.0,6.0
272400.0,2724.0,0.4655346923422564,0.0077175359661784,0.4655346923422564,0.0,6.0
272500.0,2725.0,0.4655340443179132,0.0076533727743875,0.4655340443179132,0.0,6.0
272600.0,2726.0,0.4655597714939862,0.0076262318365511,0.4655597714939862,0.0,6.0
272700.0,2727.0,0.4655803820799019,0.0075993117777852,0.4655803820799019,0.0,6.0
272800.0,2728.0,0.4655203000696658,0.0075544162740747,0.4655203000696658,0.0,6.0
272900.0,2729.0,0.4654917283307914,0.0074836560086577,0.4654917283307914,0.0,6.0
273100.0,2731.0,0.4654764586410716,0.0078229442025998,0.4654764586410716,0.0,6.0
273200.0,2732.0,0.4655492891160204,0.00768389573235,0.4655492891160204,0.0,6.0
273300.0,2733.0,0.4655703232696516,0.0075581223476733,0.4655703232696516,0.0,6.0
273400.0,2734.0,0.4655101794664822,0.0075298254788842,0.4655101794664822,0.0,6.0
273600.0,2736.0,0.4654473403365876,0.007657958245058,0.4654473403365876,0.0,6.0
273700.0,2737.0,0.4654914401189956,0.0075885934703738,0.4654914401189956,0.0,6.0
273800.0,2738.0,0.4654896008608745,0.0075410264938719,0.4654896008608745,0.0,6.0
273900.0,2739.0,0.4654890321954127,0.0074496042550182,0.4654890321954127,0.0,6.0
274000.0,2740.0,0.4654403320847559,0.0073886449281653,0.4654403320847559,0.0,6.0
274200.0,2742.0,0.4654598173294912,0.007431440958688,0.4654598173294912,0.0,6.0
274400.0,2744.0,0.4653809064735872,0.0076260316651751,0.4653809064735872,0.0,6.0
274500.0,2745.0,0.4654441259145107,0.0075968296613439,0.4654441259145107,0.0,6.0
274600.0,2746.0,0.4654440651902052,0.0075933644000309,0.4654440651902052,0.0,6.0
274700.0,2747.0,0.4654685266972981,0.0076455653628934,0.4654685266972981,0.0,6.0
274800.0,2748.0,0.465433732871713,0.0075192202033103,0.465433732871713,0.0,6.0
275000.0,2750.0,0.4654054974049096,0.0076568218014966,0.4654054974049096,0.0,6.0
275100.0,2751.0,0.4654280121628681,0.0076738486440745,0.4654280121628681,0.0,6.0
275200.0,2752.0,0.4654962393838676,0.0074660064519963,0.4654962393838676,0.0,6.0
275300.0,2753.0,0.465544878284084,0.0073244588806801,0.465544878284084,0.0,6.0
275400.0,2754.0,0.4655301371189375,0.0073007862281985,0.4655301371189375,0.0,6.0
275500.0,2755.0,0.4655598349971705,0.0073036616956925,0.4655598349971705,0.0,6.0
275700.0,2757.0,0.4655341617674295,0.007402605147241,0.4655341617674295,0.0,6.0
275800.0,2758.0,0.4655105102342886,0.0073493746786681,0.4655105102342886,0.0,6.0
276000.0,2760.0,0.465548570261744,0.0073888214277062,0.465548570261744,0.0,6.0
276100.0,2761.0,0.465548296726136,0.0073691937992752,0.465548296726136,0.0,6.0
276300.0,2763.0,0.4655521817747774,0.0074121872124611,0.4655521817747774,0.0,6.0
276400.0,2764.0,0.4655476308656069,0.0074097343308602,0.4655476308656069,0.0,6.0
276500.0,2765.0,0.4655365907089898,0.0073982599254247,0.4655365907089898,0.0,6.0
276600.0,2766.0,0.4655924036263829,0.0072687973337875,0.4655924036263829,0.0,6.0
276700.0,2767.0,0.4656039054387793,0.007274940001457,0.4656039054387793,0.0,6.0
276800.0,2768.0,0.4656567966354636,0.0072142447159217,0.4656567966354636,0.0,6.0
277100.0,2771.0,0.4655813165819232,0.0074124381179432,0.4655813165819232,0.0,6.0
277200.0,2772.0,0.4655851474247688,0.0075141799901299,0.4655851474247688,0.0,6.0
277300.0,2773.0,0.46557627299343,0.0074388034518838,0.46557627299343,0.0,6.0
277600.0,2776.0,0.4655046062891056,0.0075124615405165,0.4655046062891056,0.0,6.0
277700.0,2777.0,0.4655281659705891,0.0074514386417434,0.4655281659705891,0.0,6.0
277800.0,2778.0,0.4654646986015302,0.0074242157085194,0.4654646986015302,0.0,6.0
277900.0,2779.0,0.4654947353739673,0.0073129357160866,0.4654947353739673,0.0,6.0
278000.0,2780.0,0.4655786458519608,0.0072865822393464,0.4655786458519608,0.0,6.0
278300.0,2783.0,0.4655667768187098,0.0074224065776312,0.4655667768187098,0.0,6.0
278600.0,2786.0,0.4655348249841742,0.0076376893206212,0.4655348249841742,0.0,6.0
278700.0,2787.0,0.4655596687949888,0.0075345134448601,0.4655596687949888,0.0,6.0
278900.0,2789.0,0.4655579666798268,0.0076131131982792,0.4655579666798268,0.0,6.0
279000.0,2790.0,0.4655580254166663,0.007649532739943,0.4655580254166663,0.0,6.0
279100.0,2791.0,0.4655913624383237,0.0075509545631036,0.4655913624383237,0.0,6.0
279500.0,2795.0,0.4656062983310617,0.0077528385367524,0.4656062983310617,0.0,6.0
279600.0,2796.0,0.4656650457986727,0.0074836201433648,0.4656650457986727,0.0,6.0
279800.0,2798.0,0.4656735053589582,0.0074562464065115,0.4656735053589582,0.0,6.0
280000.0,2800.0,0.465648647803823,0.0075915869372607,0.465648647803823,0.0,6.0
280100.0,2801.0,0.4656491586454548,0.0075652436459473,0.4656491586454548,0.0,6.0
280300.0,2803.0,0.4656582507272824,0.0074124700067617,0.4656582507272824,0.0,6.0
280500.0,2805.0,0.4656405768474154,0.007359437157511,0.4656405768474154,0.0,6.0
280800.0,2808.0,0.4656247783318459,0.0074564680406744,0.4656247783318459,0.0,6.0
280900.0,2809.0,0.4655526241570272,0.0074399074644319,0.4655526241570272,0.0,6.0
281000.0,2810.0,0.4656089098171744,0.0074761179347157,0.4656089098171744,0.0,6.0
281100.0,2811.0,0.4656473190346979,0.0074567325630797,0.4656473190346979,0.0,6.0
281200.0,2812.0,0.4656784452860741,0.0075149265935255,0.4656784452860741,0.0,6.0
281300.0,2813.0,0.4656633179808081,0.0074505607280375,0.4656633179808081,0.0,6.0
281400.0,2814.0,0.4656844823938249,0.0074332834233769,0.4656844823938249,0.0,6.0
281500.0,2815.0,0.4656880583083172,0.0074236162344855,0.4656880583083172,0.0,6.0
281600.0,2816.0,0.4656976612053438,0.0074571785031245,0.4656976612053438,0.0,6.0
282000.0,2820.0,0.4656467422663514,0.007587085468671,0.4656467422663514,0.0,6.0
282100.0,2821.0,0.4656456395730535,0.0075464581204412,0.4656456395730535,0.0,6.0
282200.0,2822.0,0.4656483040988285,0.0075579070806253,0.4656483040988285,0.0,6.0
282400.0,2824.0,0.4656092355077194,0.0074831123922826,0.4656092355077194,0.0,6.0
282500.0,2825.0,0.4656223565055781,0.0074851313014588,0.4656223565055781,0.0,6.0
282600.0,2826.0,0.4656435098737884,0.007572438303331,0.4656435098737884,0.0,6.0
282700.0,2827.0,0.465688813122852,0.0075286976884186,0.465688813122852,0.0,6.0
282900.0,2829.0,0.4656690972600462,0.0075541537214592,0.4656690972600462,0.0,6.0
283000.0,2830.0,0.4657203036879999,0.0075498956434623,0.4657203036879999,0.0,6.0
283300.0,2833.0,0.4656627246409274,0.0075071169137373,0.4656627246409274,0.0,6.0
283600.0,2836.0,0.4656095555398564,0.0077389349076808,0.4656095555398564,0.0,6.0
283700.0,2837.0,0.4656826447277966,0.0077720107629935,0.4656826447277966,0.0,6.0
283900.0,2839.0,0.4656217523499905,0.0076872343954712,0.4656217523499905,0.0,6.0
284100.0,2841.0,0.4656020122204344,0.007582638786728,0.4656020122204344,0.0,6.0
284200.0,2842.0,0.4655645217534196,0.0075205200464993,0.4655645217534196,0.0,6.0
284300.0,2843.0,0.4656214529874863,0.0075355704299729,0.4656214529874863,0.0,6.0
284500.0,2845.0,0.4655991239652776,0.0076856036464143,0.4655991239652776,0.0,6.0
284600.0,2846.0,0.4655841533097051,0.0076164923279955,0.4655841533097051,0.0,6.0
284700.0,2847.0,0.4655770402118269,0.0075225495107264,0.4655770402118269,0.0,6.0
284800.0,2848.0,0.4656218278905576,0.0075207291807187,0.4656218278905576,0.0,6.0
284900.0,2849.0,0.4656963531037629,0.0074111003378386,0.4656963531037629,0.0,6.0
285000.0,2850.0,0.4657055363410258,0.0074385504254725,0.4657055363410258,0.0,6.0
285100.0,2851.0,0.4657170275476665,0.0073553299828469,0.4657170275476665,0.0,6.0
285300.0,2853.0,0.4656988017499273,0.0074481793240722,0.4656988017499273,0.0,6.0
285600.0,2856.0,0.4656585765298214,0.0075412582610016,0.4656585765298214,0.0,6.0
285700.0,2857.0,0.4656862535553445,0.0074818734818532,0.4656862535553445,0.0,6.0
285900.0,2859.0,0.4657042232613582,0.0074857247106021,0.4657042232613582,0.0,6.0
286000.0,2860.0,0.4657225229832789,0.0074367717859767,0.4657225229832789,0.0,6.0
286300.0,2863.0,0.4656862674875737,0.0076025997576238,0.4656862674875737,0.0,6.0
286500.0,2865.0,0.4656416799046361,0.0077461280621939,0.4656416799046361,0.0,6.0
286600.0,2866.0,0.4656470117203641,0.0075155798303683,0.4656470117203641,0.0,6.0
286800.0,2868.0,0.4656702956178463,0.0076423712373897,0.4656702956178463,0.0,6.0
286900.0,2869.0,0.4657232349125482,0.0076420783381253,0.4657232349125482,0.0,6.0
287000.0,2870.0,0.4657197075310766,0.0075999536651208,0.4657197075310766,0.0,6.0
287100.0,2871.0,0.4656943971838693,0.0075665589877447,0.4656943971838693,0.0,6.0
287300.0,2873.0,0.4656703145903824,0.0076862600992233,0.4656703145903824,0.0,6.0
287400.0,2874.0,0.4656654422608048,0.0075838333368835,0.4656654422608048,0.0,6.0
287500.0,2875.0,0.4656714550355323,0.0075313307322631,0.4656714550355323,0.0,6.0
287600.0,2876.0,0.465647693176096,0.007529488651469,0.465647693176096,0.0,6.0
287800.0,2878.0,0.465570087309434,0.0074842615847959,0.465570087309434,0.0,6.0
287900.0,2879.0,0.4655729831899801,0.0075355331610561,0.4655729831899801,0.0,6.0
288000.0,2880.0,0.4656488492614233,0.0073813204444992,0.4656488492614233,0.0,6.0
288100.0,2881.0,0.4656743110115253,0.0073861975864774,0.4656743110115253,0.0,6.0
288300.0,2883.0,0.4657234782509721,0.0074403069084521,0.4657234782509721,0.0,6.0
288500.0,2885.0,0.4657674550946417,0.0072963052096738,0.4657674550946417,0.0,6.0
288600.0,2886.0,0.4657698965852176,0.0074075186809375,0.4657698965852176,0.0,6.0
288800.0,2888.0,0.4656952085243892,0.0076253375379003,0.4656952085243892,0.0,6.0
288900.0,2889.0,0.4657035143360264,0.007445459109208,0.4657035143360264,0.0,6.0
289000.0,2890.0,0.4657245373347178,0.0073780317408669,0.4657245373347178,0.0,6.0
289300.0,2893.0,0.4656238845578562,0.0074099002346336,0.4656238845578562,0.0,6.0
289400.0,2894.0,0.4656635285953106,0.0073172257685028,0.4656635285953106,0.0,6.0
289500.0,2895.0,0.4656902948693525,0.0072818966747604,0.4656902948693525,0.0,6.0
289800.0,2898.0,0.4657101265753359,0.0074716020899957,0.4657101265753359,0.0,6.0
289900.0,2899.0,0.4656945022565852,0.0074621300211755,0.4656945022565852,0.0,6.0
290100.0,2901.0,0.465705702504919,0.0074991108960564,0.465705702504919,0.0,6.0
290200.0,2902.0,0.465711895664223,0.0074359303350314,0.465711895664223,0.0,6.0
290300.0,2903.0,0.4657222471979579,0.0074946233178998,0.4657222471979579,0.0,6.0
290500.0,2905.0,0.465723020161036,0.0074784554333408,0.465723020161036,0.0,6.0
290600.0,2906.0,0.4657547892989924,0.0074450943512058,0.4657547892989924,0.0,6.0
290800.0,2908.0,0.465748691752204,0.0075752032165221,0.465748691752204,0.0,6.0
291000.0,2910.0,0.4657431668425472,0.0076254937009735,0.4657431668425472,0.0,6.0
291100.0,2911.0,0.4657347343911743,0.0075722801952952,0.4657347343911743,0.0,6.0
291200.0,2912.0,0.4657525410734128,0.0075887199418517,0.4657525410734128,0.0,6.0
291300.0,2913.0,0.4657568910241388,0.0076374054184787,0.4657568910241388,0.0,6.0
291400.0,2914.0,0.4657733442584654,0.0077195004139768,0.4657733442584654,0.0,6.0
291800.0,2918.0,0.4656204639576536,0.0078043812683227,0.4656204639576536,0.0,6.0
291900.0,2919.0,0.4655962003336065,0.0076118751158609,0.4655962003336065,0.0,6.0
292200.0,2922.0,0.4655603103347893,0.0076098949402024,0.4655603103347893,0.0,6.0
292300.0,2923.0,0.465568032578587,0.0076071487142609,0.465568032578587,0.0,6.0
292400.0,2924.0,0.4655606845885137,0.0075203375562502,0.4655606845885137,0.0,6.0
292500.0,2925.0,0.4655719987309864,0.0074951689895837,0.4655719987309864,0.0,6.0
292600.0,2926.0,0.4655891552258649,0.0074953508797843,0.4655891552258649,0.0,6.0
292700.0,2927.0,0.4655972348760259,0.0077114162590756,0.4655972348760259,0.0,6.0
292800.0,2928.0,0.4655996181327765,0.0077523543418354,0.4655996181327765,0.0,6.0
292900.0,2929.0,0.465628259534286,0.0077495418586041,0.465628259534286,0.0,6.0
293100.0,2931.0,0.465578874790899,0.007858473851755,0.465578874790899,0.0,6.0
293200.0,2932.0,0.4656231787077322,0.0079360898636183,0.4656231787077322,0.0,6.0
293300.0,2933.0,0.4656025752923246,0.0078980360159551,0.4656025752923246,0.0,6.0
293400.0,2934.0,0.4656486928067709,0.0078204264213986,0.4656486928067709,0.0,6.0
293500.0,2935.0,0.4657030061554162,0.0076928282155582,0.4657030061554162,0.0,6.0
293600.0,2936.0,0.4657032399494716,0.0075854634340044,0.4657032399494716,0.0,6.0
293700.0,2937.0,0.4656774029331944,0.0074313216420432,0.4656774029331944,0.0,6.0
293800.0,2938.0,0.4657190611084432,0.0073766368869981,0.4657190611084432,0.0,6.0
293900.0,2939.0,0.4657203131685111,0.0072898676321829,0.4657203131685111,0.0,6.0
294000.0,2940.0,0.4657487361780236,0.0072438997840971,0.4657487361780236,0.0,6.0
294100.0,2941.0,0.4657591120048042,0.0073438748488242,0.4657591120048042,0.0,6.0
294200.0,2942.0,0.4657620492766292,0.0072067208456202,0.4657620492766292,0.0,6.0
294500.0,2945.0,0.4657607899970092,0.0074773169977647,0.4657607899970092,0.0,6.0
294600.0,2946.0,0.4657695814645864,0.0074494842009717,0.4657695814645864,0.0,6.0
294700.0,2947.0,0.4657576776583634,0.0073505725951934,0.4657576776583634,0.0,6.0
294900.0,2949.0,0.4657596488152387,0.0074683720914433,0.4657596488152387,0.0,6.0
295000.0,2950.0,0.4657816715179197,0.0074113241581149,0.4657816715179197,0.0,6.0
295100.0,2951.0,0.4657961223048965,0.0073286691224288,0.4657961223048965,0.0,6.0
295200.0,2952.0,0.46577663021875,0.0072399521797062,0.46577663021875,0.0,6.0
295400.0,2954.0,0.4657018069248854,0.0073185351292792,0.4657018069248854,0.0,6.0
295500.0,2955.0,0.4657061307077689,0.0074611347989353,0.4657061307077689,0.0,6.0
295600.0,2956.0,0.4657278633119996,0.0074610583155593,0.4657278633119996,0.0,6.0
295700.0,2957.0,0.4657536432230962,0.0074156783983581,0.4657536432230962,0.0,6.0
295800.0,2958.0,0.4657683941151083,0.0074424660055586,0.4657683941151083,0.0,6.0
295900.0,2959.0,0.4657767732012209,0.0073652520441847,0.4657767732012209,0.0,6.0
296000.0,2960.0,0.4657574366267627,0.0073651479575703,0.4657574366267627,0.0,6.0
296200.0,2962.0,0.4657752627676576,0.0074145382562486,0.4657752627676576,0.0,6.0
296300.0,2963.0,0.4657721391954821,0.00733353558507,0.4657721391954821,0.0,6.0
296500.0,2965.0,0.4657593030766689,0.0074264735836031,0.4657593030766689,0.0,6.0
296700.0,2967.0,0.465805784523683,0.0074758998423253,0.465805784523683,0.0,6.0
297400.0,2974.0,0.4655401231654235,0.0078204454440586,0.4655401231654235,0.0,6.0
297500.0,2975.0,0.4656583801516839,0.0078235296237525,0.4656583801516839,0.0,6.0
297600.0,2976.0,0.4657073524180566,0.0078709890081936,0.4657073524180566,0.0,6.0
297900.0,2979.0,0.4657245657586212,0.0078593222953775,0.4657245657586212,0.0,6.0
298100.0,2981.0,0.4656676198699034,0.0078620675612769,0.4656676198699034,0.0,6.0
298200.0,2982.0,0.4657398142968323,0.0077001682622423,0.4657398142968323,0.0,6.0
298400.0,2984.0,0.4656962002045062,0.0076786345951248,0.4656962002045062,0.0,6.0
298500.0,2985.0,0.4656991421928427,0.0076362837302746,0.4656991421928427,0.0,6.0
298600.0,2986.0,0.4657554545430928,0.0075875314970297,0.4657554545430928,0.0,6.0
298700.0,2987.0,0.4657929143183776,0.0075931465801875,0.4657929143183776,0.0,6.0
298800.0,2988.0,0.4658028928936841,0.0076452556788893,0.4658028928936841,0.0,6.0
298900.0,2989.0,0.4657460519589079,0.0075728743465355,0.4657460519589079,0.0,6.0
299300.0,2993.0,0.4656126041312146,0.0077644693480368,0.4656126041312146,0.0,6.0
299400.0,2994.0,0.4656992456614927,0.0075646980056736,0.4656992456614927,0.0,6.0
299500.0,2995.0,0.4657160691663164,0.0074859009106416,0.4657160691663164,0.0,6.0
299600.0,2996.0,0.4657558105125269,0.0073926531246235,0.4657558105125269,0.0,6.0
299700.0,2997.0,0.4657549001988678,0.0072995019414846,0.4657549001988678,0.0,6.0
299800.0,2998.0,0.4657682984946436,0.0073633284884152,0.4657682984946436,0.0,6.0
299900.0,2999.0,0.4657682458939524,0.0073613194574903,0.4657682458939524,0.0,6.0
300000.0,3000.0,0.4657667884466802,0.0073441542193168,0.4657667884466802,0.0,6.0
100.0,1.0,0.0,,-1.8861380593653407,0.8861380593653407,7.0
200.0,2.0,0.0,,-1.8795778544433517,0.8795778544433515,7.0
300.0,3.0,0.0,,-1.860734031396748,0.860734031396748,7.0
400.0,4.0,0.0,,-1.8174317695174864,0.8174317695174862,7.0
500.0,5.0,0.0,,-1.7982989651642531,0.7982989651642531,7.0
600.0,6.0,0.0,,-1.7381548915806937,0.7381548915806935,7.0
800.0,8.0,0.0,,-1.666762817971951,0.6667628179719509,7.0
1000.0,10.0,0.0,,-1.638951808773354,0.6389518087733541,7.0
1200.0,12.0,0.0,,-1.6238427802936888,0.6238427802936888,7.0
1300.0,13.0,0.0,,-1.589634649661227,0.589634649661227,7.0
1400.0,14.0,0.0,,-1.5680363717559018,0.5680363717559018,7.0
1500.0,15.0,0.0,,-1.5621305374124836,0.5621305374124836,7.0
1600.0,16.0,0.0,,-1.5186525839012597,0.5186525839012597,7.0
1700.0,17.0,0.0,,-1.5048108629414942,0.5048108629414942,7.0
1900.0,19.0,0.0,,-1.4753531295065794,0.4753531295065794,7.0
2000.0,20.0,0.0,,-1.4574733518255347,0.4574733518255347,7.0
2100.0,21.0,0.0,,-1.4099606897496884,0.4099606897496883,7.0
2400.0,24.0,0.0,,-1.352240106636048,0.3522401066360479,7.0
2600.0,26.0,0.0,,-1.3504886071807067,0.3504886071807067,7.0
2700.0,27.0,0.0,,-1.3473790187548038,0.3473790187548038,7.0
2800.0,28.0,0.0,,-1.334955132809605,0.334955132809605,7.0
2900.0,29.0,0.0,,-1.323410337301458,0.3234103373014581,7.0
3200.0,32.0,0.0,,-1.3123381465703017,0.3123381465703014,7.0
3300.0,33.0,0.0,,-1.3107740279240183,0.3107740279240185,7.0
3400.0,34.0,0.0,,-1.2864348702523931,0.2864348702523931,7.0
3600.0,36.0,0.0,,-1.2857480391827028,0.2857480391827027,7.0
3800.0,38.0,0.0,,-1.275983451130292,0.2759834511302919,7.0
3900.0,39.0,0.0,,-1.2578159299580125,0.2578159299580123,7.0
4000.0,40.0,0.0,,-1.250010499932784,0.2500104999327841,7.0
4300.0,43.0,0.0,,-1.2413174997503982,0.2413174997503981,7.0
4500.0,45.0,0.0,,-1.2273262507515958,0.2273262507515958,7.0
4600.0,46.0,0.0,,-1.2240010713420435,0.2240010713420437,7.0
4700.0,47.0,0.0,,-1.210633523180778,0.2106335231807778,7.0
4800.0,48.0,0.0,,-1.2023558907699297,0.2023558907699296,7.0
4900.0,49.0,0.0,,-1.1994522863346255,0.1994522863346255,7.0
5000.0,50.0,0.0,,-1.1879931481020316,0.1879931481020316,7.0
5100.0,51.0,0.0,,-1.1735515584965626,0.1735515584965625,7.0
5500.0,55.0,0.0,,-1.1527211421495234,0.1527211421495233,7.0
5600.0,56.0,0.0,,-1.1521774262697038,0.1521774262697037,7.0
5800.0,58.0,0.0,,-1.151295513123655,0.151295513123655,7.0
5900.0,59.0,0.0,,-1.143369739260591,0.143369739260591,7.0
6200.0,62.0,0.0,,-1.1431298009109088,0.1431298009109087,7.0
6700.0,67.0,0.0,,-1.1425945814886778,0.1425945814886777,7.0
6900.0,69.0,0.0,,-1.1398183947242526,0.1398183947242526,7.0
7700.0,77.0,0.0,,-1.1388461791702276,0.1388461791702275,7.0
7800.0,78.0,0.0,,-1.1385957169078351,0.1385957169078353,7.0
8000.0,80.0,0.0,,-1.1385808257513916,0.1385808257513916,7.0
8400.0,84.0,0.0,,-1.1382591186779476,0.1382591186779476,7.0
8500.0,85.0,0.0,,-1.1380154506025548,0.1380154506025548,7.0
8700.0,87.0,0.0,,-1.1379794476021523,0.1379794476021525,7.0
8800.0,88.0,0.0,,-1.1379735372912996,0.1379735372912995,7.0
9100.0,91.0,0.0,,-1.1379629228786807,0.1379629228786807,7.0
9200.0,92.0,0.0,,-1.137551278487118,0.137551278487118,7.0
9400.0,94.0,0.0,,-1.137537240936448,0.1375372409364481,7.0
9700.0,97.0,0.0,,-1.1372747040889024,0.1372747040889024,7.0
9800.0,98.0,0.0,,-1.137272706378865,0.137272706378865,7.0
10000.0,100.0,0.0,,-1.1372601397588178,0.1372601397588178,7.0
10300.0,103.0,0.0,,-1.137018675180798,0.137018675180798,7.0
10700.0,107.0,0.0,,-1.136981273860322,0.136981273860322,7.0
10800.0,108.0,0.0,,-1.136914523653762,0.1369145236537619,7.0
11000.0,110.0,0.0,,-1.1369062155745264,0.1369062155745264,7.0
11100.0,111.0,0.0,,-1.13663521242,0.1366352124199998,7.0
11200.0,112.0,0.0,,-1.1366251355134536,0.1366251355134535,7.0
11300.0,113.0,0.0,,-1.1366250485714002,0.1366250485714002,7.0
11400.0,114.0,0.0,,-1.136619123241908,0.136619123241908,7.0
11600.0,116.0,0.0,,-1.1365841680255442,0.1365841680255441,7.0
11700.0,117.0,0.0,,-1.1361282147249874,0.1361282147249873,7.0
12000.0,120.0,0.0,,-1.1361274119761078,0.1361274119761077,7.0
12100.0,121.0,0.0,,-1.1359839391405209,0.1359839391405208,7.0
12300.0,123.0,0.0,,-1.1359425166557713,0.1359425166557712,7.0
12400.0,124.0,0.0,,-1.135924276738952,0.1359242767389519,7.0
12600.0,126.0,0.0,,-1.1359203574307055,0.1359203574307057,7.0
12700.0,127.0,0.0,,-1.1357634477448484,0.1357634477448484,7.0
13100.0,131.0,0.0,,-1.135750906007077,0.1357509060070769,7.0
13200.0,132.0,0.0,,-1.1357418022356056,0.1357418022356056,7.0
13800.0,138.0,0.0,,-1.135741780159075,0.135741780159075,7.0
13900.0,139.0,0.0,,-1.135741638231079,0.135741638231079,7.0
14600.0,146.0,0.0,,-1.135741613419657,0.1357416134196569,7.0
15300.0,153.0,0.0,,-1.1357416128735514,0.1357416128735513,7.0
15400.0,154.0,0.0,,-1.1357416122542838,0.1357416122542838,7.0
15900.0,159.0,0.0,,-1.135677172403402,0.135677172403402,7.0
16100.0,161.0,0.0,,-1.1356771000685295,0.1356771000685297,7.0
16300.0,163.0,0.0,,-1.1356151867593125,0.1356151867593125,7.0
16500.0,165.0,0.0,,-1.1356149810557712,0.1356149810557712,7.0
16600.0,166.0,0.0,,-1.1356108191090324,0.1356108191090324,7.0
16800.0,168.0,0.0,,-1.1356102803808132,0.1356102803808132,7.0
17200.0,172.0,0.0,,-1.1356032000122054,0.1356032000122053,7.0
17300.0,173.0,0.0,,-1.13560317928615,0.13560317928615,7.0
17500.0,175.0,0.0,,-1.1355843146828273,0.1355843146828272,7.0
17700.0,177.0,0.0,,-1.1355326340806866,0.1355326340806866,7.0
17900.0,179.0,0.0,,-1.1353450421200963,0.1353450421200963,7.0
18300.0,183.0,0.0,,-1.1353402845629712,0.1353402845629712,7.0
18500.0,185.0,0.0,,-1.1353387367204877,0.1353387367204874,7.0
18600.0,186.0,0.0,,-1.1353379304822795,0.1353379304822795,7.0
18700.0,187.0,0.0,,-1.1353368065357916,0.1353368065357916,7.0
18800.0,188.0,0.0,,-1.1353358317527584,0.1353358317527584,7.0
18900.0,189.0,0.0,,-1.135332763921039,0.1353327639210391,7.0
19000.0,190.0,0.0,,-1.135331499763873,0.135331499763873,7.0
19100.0,191.0,0.0,,-1.135330608998664,0.1353306089986641,7.0
19200.0,192.0,0.0,,-1.1353303704180662,0.1353303704180661,7.0
19500.0,195.0,0.0,,-1.1353299364657432,0.1353299364657432,7.0
19900.0,199.0,0.0,,-1.135329906919217,0.1353299069192171,7.0
20000.0,200.0,0.0,,-1.1353298872308168,0.1353298872308168,7.0
20200.0,202.0,0.0,,-1.1353298818755366,0.1353298818755366,7.0
20300.0,203.0,0.0,,-1.1353298753765266,0.1353298753765266,7.0
20400.0,204.0,0.0,,-1.1353298736132669,0.1353298736132668,7.0
20700.0,207.0,0.0,,-1.1353298735549515,0.1353298735549515,7.0
20800.0,208.0,0.0,,-1.1353298712230149,0.1353298712230148,7.0
20900.0,209.0,0.0,,-1.1353298712182005,0.1353298712182002,7.0
21000.0,210.0,0.0,,-1.1353298709595967,0.1353298709595967,7.0
21200.0,212.0,0.0,,-1.1353298709016224,0.1353298709016224,7.0
21600.0,216.0,0.0,,-1.1353298709016026,0.1353298709016026,7.0
21700.0,217.0,0.0,,-1.1353298709015447,0.1353298709015447,7.0
21800.0,218.0,0.0,,-1.1353298708983992,0.1353298708983992,7.0
22100.0,221.0,0.0,,-1.1353298708975568,0.1353298708975567,7.0
22200.0,222.0,0.0,,-1.1353298708965336,0.1353298708965336,7.0
22400.0,224.0,0.0,,-1.1353298708965205,0.1353298708965202,7.0
22800.0,228.0,0.0,,-1.135329870896519,0.1353298708965189,7.0
22900.0,229.0,0.0,,-1.135278053811031,0.1352780538110309,7.0
23100.0,231.0,0.0,,-1.1352775343629435,0.1352775343629435,7.0
23300.0,233.0,0.0,,-1.1352772679533245,0.1352772679533243,7.0
23400.0,234.0,0.0,,-1.135277257793025,0.135277257793025,7.0
23500.0,235.0,0.0,,-1.1352768779459428,0.1352768779459428,7.0
23600.0,236.0,0.0,,-1.1352758410177708,0.1352758410177708,7.0
23700.0,237.0,0.0,,-1.134380196446482,0.1343801964464821,7.0
24400.0,244.0,0.0,,-1.134003032020492,0.1340030320204921,7.0
24900.0,249.0,0.0,,-1.134001704164489,0.1340017041644889,7.0
25300.0,253.0,0.0,,-1.1339790344793004,0.1339790344793003,7.0
25700.0,257.0,0.0,,-1.133972167620621,0.1339721676206209,7.0
25800.0,258.0,0.0,,-1.1339670291659931,0.1339670291659933,7.0
25900.0,259.0,0.0,,-1.133966374703553,0.1339663747035531,7.0
26500.0,265.0,0.0,,-1.133966374703501,0.1339663747035009,7.0
26600.0,266.0,0.0,,-1.1339655925391827,0.1339655925391827,7.0
26800.0,268.0,0.0,,-1.1339654975992657,0.1339654975992656,7.0
27000.0,270.0,0.0,,-1.1339654975905984,0.1339654975905984,7.0
27500.0,275.0,0.0,,-1.1339654683201723,0.1339654683201723,7.0
27700.0,277.0,0.0,,-1.1339654663830947,0.1339654663830947,7.0
27800.0,278.0,0.0,,-1.133965461259479,0.1339654612594789,7.0
27900.0,279.0,0.0,,-1.1337226985857092,0.1337226985857091,7.0
28400.0,284.0,0.0,,-1.1336205462824014,0.1336205462824014,7.0
28600.0,286.0,0.0,,-1.1335743013559014,0.1335743013559014,7.0
29000.0,290.0,0.0,,-1.1335742750517463,0.1335742750517463,7.0
29100.0,291.0,0.0,,-1.1335247363265537,0.1335247363265537,7.0
29300.0,293.0,0.0,,-1.133523220825871,0.1335232208258709,7.0
29600.0,296.0,0.0,,-1.1335227836458972,0.1335227836458972,7.0
29700.0,297.0,0.0,,-1.1335199359399943,0.1335199359399943,7.0
30100.0,301.0,0.0,,-1.1335194755054585,0.1335194755054582,7.0
30600.0,306.0,0.0,,-1.1335194688813244,0.1335194688813243,7.0
31800.0,318.0,0.0,,-1.1334972749600103,0.1334972749600105,7.0
31900.0,319.0,0.0,,-1.1324783513886316,0.1324783513886316,7.0
32000.0,320.0,0.0,,-1.1324783331992097,0.1324783331992096,7.0
32100.0,321.0,0.0,,-1.1324755945091498,0.1324755945091498,7.0
32200.0,322.0,0.0,,-1.1324750099770615,0.1324750099770615,7.0
32300.0,323.0,0.0,,-1.1323274665663634,0.1323274665663634,7.0
32600.0,326.0,0.0,,-1.1323216640488918,0.1323216640488917,7.0
32800.0,328.0,0.0,,-1.1323213495303828,0.1323213495303827,7.0
33000.0,330.0,0.0,,-1.132318816768222,0.1323188167682218,7.0
33100.0,331.0,0.0,,-1.13229307333087,0.13229307333087,7.0
33400.0,334.0,0.0,,-1.1322928994451629,0.1322928994451628,7.0
33600.0,336.0,0.0,,-1.1322792923129787,0.1322792923129787,7.0
33800.0,338.0,0.0,,-1.1322748054237304,0.1322748054237303,7.0
33900.0,339.0,0.0,,-1.1322726714269689,0.1322726714269688,7.0
34000.0,340.0,0.0,,-1.1322723316965526,0.1322723316965526,7.0
34100.0,341.0,0.0,,-1.132272317767217,0.1322723177672169,7.0
34300.0,343.0,0.0,,-1.1322694667311468,0.1322694667311468,7.0
34500.0,345.0,0.0,,-1.132269298541496,0.1322692985414959,7.0
34600.0,346.0,0.0,,-1.132269297071963,0.132269297071963,7.0
34800.0,348.0,0.0,,-1.13226879723552,0.1322687972355198,7.0
34900.0,349.0,0.0,,-1.1322687789652728,0.1322687789652727,7.0
35100.0,351.0,0.0,,-1.1322687470696642,0.1322687470696641,7.0
35300.0,353.0,0.0,,-1.1322687080243952,0.1322687080243951,7.0
35500.0,355.0,0.0,,-1.1322686989746686,0.1322686989746686,7.0
35600.0,356.0,0.0,,-1.1322273983943174,0.1322273983943174,7.0
36200.0,362.0,0.0,,-1.132135433979874,0.1321354339798739,7.0
36700.0,367.0,0.0,,-1.132127813684672,0.1321278136846719,7.0
36900.0,369.0,0.0,,-1.132126624211384,0.1321266242113841,7.0
37000.0,370.0,0.0,,-1.1321005919438292,0.1321005919438291,7.0
37100.0,371.0,0.0,,-1.132089427611701,0.132089427611701,7.0
37200.0,372.0,0.0,,-1.132072912375167,0.1320729123751669,7.0
37300.0,373.0,0.0,,-1.1320719860105168,0.1320719860105168,7.0
37500.0,375.0,0.0,,-1.132056509551563,0.1320565095515629,7.0
37600.0,376.0,0.0,,-1.1320501445849749,0.1320501445849748,7.0
37800.0,378.0,0.0,,-1.132048137356176,0.1320481373561759,7.0
37900.0,379.0,0.0,,-1.1320478265117797,0.1320478265117795,7.0
38200.0,382.0,0.0,,-1.1320476951326983,0.1320476951326985,7.0
38400.0,384.0,0.0,,-1.1320476909367372,0.1320476909367371,7.0
38500.0,385.0,0.0,,-1.1320476739028835,0.1320476739028837,7.0
38900.0,389.0,0.0,,-1.132047273176264,0.132047273176264,7.0
39300.0,393.0,0.0,,-1.1320472466631926,0.1320472466631925,7.0
39900.0,399.0,0.0,,-1.132047246358973,0.132047246358973,7.0
40100.0,401.0,0.0,,-1.1320472460833626,0.1320472460833626,7.0
40200.0,402.0,0.0,,-1.1320472457363566,0.1320472457363566,7.0
40300.0,403.0,0.0,,-1.1320472447270915,0.1320472447270915,7.0
40600.0,406.0,0.0,,-1.1320472441857543,0.1320472441857543,7.0
41200.0,412.0,0.0,,-1.132047244184498,0.1320472441844979,7.0
41400.0,414.0,0.0,,-1.1320472441451672,0.1320472441451672,7.0
41500.0,415.0,0.0,,-1.132047243873988,0.1320472438739879,7.0
41700.0,417.0,0.0,,-1.1320472438637004,0.1320472438637003,7.0
41800.0,418.0,0.0,,-1.1320472438636855,0.1320472438636855,7.0
41900.0,419.0,0.0,,-1.1320472438560203,0.1320472438560205,7.0
42100.0,421.0,0.0,,-1.1320472438517724,0.1320472438517723,7.0
42300.0,423.0,0.0,,-1.132047243851632,0.132047243851632,7.0
42400.0,424.0,0.0,,-1.1320472438513842,0.1320472438513842,7.0
42500.0,425.0,0.0,,-1.1320472438506326,0.1320472438506326,7.0
42700.0,427.0,0.0,,-1.1320472438505806,0.1320472438505806,7.0
42800.0,428.0,0.0,,-1.1320472438503282,0.1320472438503281,7.0
43000.0,430.0,0.0,,-1.1320472438503233,0.1320472438503233,7.0
43100.0,431.0,0.0,,-1.1320472438502027,0.1320472438502027,7.0
43400.0,434.0,0.0,,-1.1320472438501847,0.1320472438501847,7.0
43600.0,436.0,0.0,,-1.1319896344661895,0.1319896344661895,7.0
43900.0,439.0,0.0,,-1.1319896343743734,0.1319896343743734,7.0
44000.0,440.0,0.0,,-1.1319895206078148,0.1319895206078147,7.0
44100.0,441.0,0.0,,-1.131989505799687,0.1319895057996869,7.0
44200.0,442.0,0.0,,-1.131985522910594,0.1319855229105939,7.0
44300.0,443.0,0.0,,-1.1319852197732256,0.1319852197732256,7.0
44400.0,444.0,0.0,,-1.1319850237411575,0.1319850237411577,7.0
44500.0,445.0,0.0,,-1.131974662404758,0.1319746624047579,7.0
44600.0,446.0,0.0,,-1.131934849285949,0.1319348492859489,7.0
44700.0,447.0,0.0,,-1.131934832428686,0.1319348324286859,7.0
44800.0,448.0,0.0,,-1.131933988774095,0.1319339887740946,7.0
44900.0,449.0,0.0,,-1.1318967013059953,0.1318967013059953,7.0
45100.0,451.0,0.0,,-1.1318952694126356,0.1318952694126356,7.0
45200.0,452.0,0.0,,-1.131891688701963,0.131891688701963,7.0
45300.0,453.0,0.0,,-1.1318827828552347,0.1318827828552347,7.0
45400.0,454.0,0.0,,-1.1318826128509016,0.1318826128509016,7.0
45500.0,455.0,0.0,,-1.13187736893752,0.1318773689375199,7.0
45600.0,456.0,0.0,,-1.1318760230147469,0.1318760230147466,7.0
45800.0,458.0,0.0,,-1.1318758482189837,0.1318758482189836,7.0
45900.0,459.0,0.0,,-1.1318757150626526,0.1318757150626526,7.0
46000.0,460.0,0.0,,-1.1318756547047262,0.1318756547047261,7.0
46300.0,463.0,0.0,,-1.1318756428154133,0.1318756428154133,7.0
47100.0,471.0,0.0,,-1.131819348876736,0.1318193488767358,7.0
47400.0,474.0,0.0,,-1.131816088263494,0.131816088263494,7.0
47700.0,477.0,0.0,,-1.131814832634033,0.1318148326340329,7.0
47800.0,478.0,0.0,,-1.1318148326320707,0.1318148326320707,7.0
48000.0,480.0,0.0,,-1.131814382588771,0.1318143825887709,7.0
48100.0,481.0,0.0,,-1.1318143105688834,0.1318143105688833,7.0
48200.0,482.0,0.0,,-1.1318138828282167,0.1318138828282167,7.0
48300.0,483.0,0.0,,-1.13181171263843,0.1318117126384299,7.0
48400.0,484.0,0.0,,-1.131789727209599,0.1317897272095989,7.0
48600.0,486.0,0.0,,-1.131776339075357,0.131776339075357,7.0
48700.0,487.0,0.0,,-1.1317762993170324,0.1317762993170323,7.0
49000.0,490.0,0.0,,-1.1317755598225834,0.1317755598225833,7.0
49100.0,491.0,0.0,,-1.1317750977830805,0.1317750977830802,7.0
49400.0,494.0,0.0,,-1.1317746539578737,0.1317746539578734,7.0
49700.0,497.0,0.0,,-1.1317745872520253,0.1317745872520253,7.0
49800.0,498.0,0.0,,-1.1317745808504271,0.1317745808504271,7.0
49900.0,499.0,0.0,,-1.1317742828460662,0.1317742828460661,7.0
50200.0,502.0,0.0,,-1.1317742350413895,0.1317742350413895,7.0
50800.0,508.0,0.0,,-1.131774226718726,0.131774226718726,7.0
50900.0,509.0,0.0,,-1.131774216555837,0.1317742165558371,7.0
51000.0,510.0,0.0,,-1.131774208004245,0.131774208004245,7.0
51100.0,511.0,0.0,,-1.131774203254359,0.1317742032543589,7.0
51200.0,512.0,0.0,,-1.131774200009105,0.1317742000091049,7.0
51300.0,513.0,0.0,,-1.1317681879938657,0.1317681879938657,7.0
51700.0,517.0,0.0,,-1.1317680325185988,0.1317680325185988,7.0
51800.0,518.0,0.0,,-1.1317596615481498,0.1317596615481497,7.0
52000.0,520.0,0.0,,-1.131754450953783,0.1317544509537827,7.0
52200.0,522.0,0.0,,-1.1316449502303034,0.1316449502303034,7.0
52300.0,523.0,0.0,,-1.1316420657004918,0.1316420657004917,7.0
52400.0,524.0,0.0,,-1.1313505457292674,0.1313505457292674,7.0
52700.0,527.0,0.0,,-1.1313504407669666,0.1313504407669665,7.0
53000.0,530.0,0.0,,-1.1313410556995296,0.1313410556995295,7.0
53200.0,532.0,0.0,,-1.1313225803666098,0.1313225803666098,7.0
53500.0,535.0,0.0,,-1.1313225765906365,0.1313225765906365,7.0
53600.0,536.0,0.0,,-1.1313213680377314,0.1313213680377314,7.0
53900.0,539.0,0.0,,-1.1312802664328667,0.1312802664328667,7.0
54200.0,542.0,0.0,,-1.131280071077876,0.1312800710778761,7.0
54300.0,543.0,0.0,,-1.1312800601337565,0.1312800601337564,7.0
54500.0,545.0,0.0,,-1.1312725016034653,0.1312725016034652,7.0
54600.0,546.0,0.0,,-1.131272477961509,0.1312724779615091,7.0
54700.0,547.0,0.0,,-1.1312724759199737,0.1312724759199734,7.0
54800.0,548.0,0.0,,-1.1311999867199047,0.1311999867199047,7.0
55000.0,550.0,0.0,,-1.131198136987968,0.131198136987968,7.0
55200.0,552.0,0.0,,-1.1311799515363845,0.1311799515363845,7.0
55300.0,553.0,0.0,,-1.1311798354514482,0.1311798354514481,7.0
55400.0,554.0,0.0,,-1.13117896120304,0.13117896120304,7.0
55500.0,555.0,0.0,,-1.1311781105245002,0.1311781105245002,7.0
55800.0,558.0,0.0,,-1.1311778631227845,0.1311778631227844,7.0
55900.0,559.0,0.0,,-1.1311762348681902,0.1311762348681902,7.0
56300.0,563.0,0.0,,-1.1311760659635215,0.1311760659635215,7.0
56400.0,564.0,0.0,,-1.131175820417495,0.1311758204174953,7.0
56600.0,566.0,0.0,,-1.1311757994935538,0.1311757994935538,7.0
56700.0,567.0,0.0,,-1.131175663730801,0.131175663730801,7.0
56800.0,568.0,0.0,,-1.1311755007939108,0.1311755007939108,7.0
56900.0,569.0,0.0,,-1.13117550073591,0.1311755007359101,7.0
57000.0,570.0,0.0,,-1.1311322921614893,0.1311322921614892,7.0
57300.0,573.0,0.0,,-1.1311315587412965,0.1311315587412964,7.0
57600.0,576.0,0.0,,-1.1311265425489103,0.1311265425489105,7.0
57700.0,577.0,0.0,,-1.1311227658215597,0.1311227658215596,7.0
57800.0,578.0,0.0,,-1.1311140792252652,0.1311140792252652,7.0
58200.0,582.0,0.0,,-1.1311107429095075,0.1311107429095077,7.0
58300.0,583.0,0.0,,-1.131104190712784,0.1311041907127839,7.0
58400.0,584.0,0.0,,-1.1292475286894854,0.1292475286894854,7.0
58500.0,585.0,0.0,,-1.1198997676232558,0.1198997676232558,7.0
58700.0,587.0,0.0,,-1.1134111450913442,0.1134111450913442,7.0
58900.0,589.0,0.0,,-1.1066951983594648,0.1066951983594648,7.0
59000.0,590.0,0.0,,-1.1038254898375774,0.1038254898375774,7.0
59100.0,591.0,0.0,,-1.1009715991338624,0.1009715991338624,7.0
59600.0,596.0,0.0,,-1.0993182148101088,0.0993182148101088,7.0
59800.0,598.0,0.0,,-1.0985426811207557,0.0985426811207554,7.0
60200.0,602.0,0.0,,-1.0965845850515812,0.0965845850515811,7.0
60500.0,605.0,0.0,,-1.095127570671118,0.0951275706711181,7.0
60600.0,606.0,0.0,,-1.0950633121531197,0.0950633121531197,7.0
60700.0,607.0,0.0,,-1.0946354989991294,0.0946354989991293,7.0
60800.0,608.0,0.0,,-1.0944179198324004,0.0944179198324004,7.0
60900.0,609.0,0.0,,-1.094240712355755,0.0942407123557549,7.0
61000.0,610.0,0.0,,-1.0942406702877765,0.0942406702877762,7.0
61100.0,611.0,0.0,,-1.0942212646663725,0.0942212646663722,7.0
61200.0,612.0,0.0,,-1.0942207413573946,0.0942207413573945,7.0
61300.0,613.0,0.0,,-1.0942152137604484,0.0942152137604483,7.0
61500.0,615.0,0.0,,-1.0942146192782751,0.0942146192782753,7.0
61800.0,618.0,0.0,,-1.0942137714945164,0.0942137714945163,7.0
62300.0,623.0,0.0,,-1.0942136332925156,0.0942136332925156,7.0
62800.0,628.0,0.0,,-1.0938601727096335,0.0938601727096335,7.0
63000.0,630.0,0.0,,-1.0938599494805448,0.0938599494805447,7.0
63100.0,631.0,0.0,,-1.0937544054326795,0.0937544054326795,7.0
63700.0,637.0,0.0,,-1.0937491135223616,0.0937491135223616,7.0
63800.0,638.0,0.0,,-1.0937464752615165,0.0937464752615164,7.0
63900.0,639.0,0.0,,-1.0937367093672257,0.0937367093672256,7.0
64000.0,640.0,0.0,,-1.0937367060923184,0.0937367060923184,7.0
64100.0,641.0,0.0,,-1.0937187465040796,0.0937187465040796,7.0
64300.0,643.0,0.0,,-1.093718609593219,0.0937186095932189,7.0
64400.0,644.0,0.0,,-1.093718152163406,0.093718152163406,7.0
64700.0,647.0,0.0,,-1.0937168545264058,0.0937168545264057,7.0
64800.0,648.0,0.0,,-1.0937168411152178,0.0937168411152178,7.0
65000.0,650.0,0.0,,-1.09371674569034,0.09371674569034,7.0
65100.0,651.0,0.0,,-1.0937164067407292,0.0937164067407292,7.0
65300.0,653.0,0.0,,-1.0937163965648395,0.0937163965648395,7.0
65400.0,654.0,0.0,,-1.093716393949168,0.093716393949168,7.0
65600.0,656.0,0.0,,-1.0937163768288511,0.0937163768288511,7.0
65900.0,659.0,0.0,,-1.0937163746211591,0.0937163746211591,7.0
66100.0,661.0,0.0,,-1.0937163743999634,0.0937163743999633,7.0
66200.0,662.0,0.0,,-1.0937163743660347,0.0937163743660347,7.0
66300.0,663.0,0.0,,-1.0937163741903622,0.0937163741903621,7.0
66500.0,665.0,0.0,,-1.0937163734016762,0.0937163734016761,7.0
66600.0,666.0,0.0,,-1.0937163733935829,0.0937163733935828,7.0
66700.0,667.0,0.0,,-1.0937163733679722,0.0937163733679722,7.0
67000.0,670.0,0.0,,-1.093716373347797,0.093716373347797,7.0
67100.0,671.0,0.0,,-1.093716373346224,0.093716373346224,7.0
67300.0,673.0,0.0,,-1.0937163733429809,0.0937163733429806,7.0
67700.0,677.0,0.0,,-1.0937163733400104,0.0937163733400103,7.0
67900.0,679.0,0.0,,-1.0937163733325592,0.0937163733325592,7.0
68100.0,681.0,0.0,,-1.0936733817616129,0.0936733817616128,7.0
68200.0,682.0,0.0,,-1.0936733602340898,0.0936733602340897,7.0
68400.0,684.0,0.0,,-1.0936733568052337,0.0936733568052334,7.0
68500.0,685.0,0.0,,-1.0936726097840093,0.0936726097840092,7.0
68600.0,686.0,0.0,,-1.0936720863192766,0.0936720863192765,7.0
68700.0,687.0,0.0,,-1.093660956581669,0.093660956581669,7.0
68900.0,689.0,0.0,,-1.093660882836372,0.0936608828363718,7.0
69100.0,691.0,0.0,,-1.093660506638719,0.093660506638719,7.0
69200.0,692.0,0.0,,-1.09365666177347,0.0936566617734699,7.0
69300.0,693.0,0.0,,-1.0936563192771014,0.0936563192771013,7.0
69400.0,694.0,0.0,,-1.0936561888709315,0.0936561888709317,7.0
69500.0,695.0,0.0,,-1.0936548107954975,0.0936548107954975,7.0
69600.0,696.0,0.0,,-1.093654809215249,0.0936548092152489,7.0
69800.0,698.0,0.0,,-1.0936546101082585,0.0936546101082584,7.0
70200.0,702.0,0.0,,-1.093654397413885,0.093654397413885,7.0
70300.0,703.0,0.0,,-1.0936543959362153,0.0936543959362152,7.0
70500.0,705.0,0.0,,-1.0936543946658015,0.0936543946658017,7.0
70600.0,706.0,0.0,,-1.093654388312309,0.0936543883123091,7.0
70700.0,707.0,0.0,,-1.093630647428254,0.093630647428254,7.0
70800.0,708.0,0.0,,-1.0936198707868643,0.0936198707868645,7.0
70900.0,709.0,0.0,,-1.0936182983079838,0.0936182983079838,7.0
71100.0,711.0,0.0,,-1.0936179689241012,0.0936179689241012,7.0
71200.0,712.0,0.0,,-1.0936158623427694,0.0936158623427694,7.0
71300.0,713.0,0.0,,-1.0934232945138875,0.0934232945138875,7.0
71600.0,716.0,0.0,,-1.0934210026520457,0.0934210026520456,7.0
71800.0,718.0,0.0,,-1.0934201345438708,0.0934201345438707,7.0
72300.0,723.0,0.0,,-1.0934199385943315,0.0934199385943317,7.0
72400.0,724.0,0.0,,-1.0934190090025064,0.0934190090025064,7.0
72500.0,725.0,0.0,,-1.0934189034605168,0.0934189034605168,7.0
72700.0,727.0,0.0,,-1.093418844505521,0.093418844505521,7.0
72800.0,728.0,0.0,,-1.0934187166679483,0.0934187166679485,7.0
72900.0,729.0,0.0,,-1.0934187144580976,0.0934187144580975,7.0
73000.0,730.0,0.0,,-1.0934186706209872,0.0934186706209871,7.0
73500.0,735.0,0.0,,-1.0934186583202388,0.0934186583202387,7.0
73600.0,736.0,0.0,,-1.0934186440187534,0.0934186440187534,7.0
73900.0,739.0,0.0,,-1.0934186438121705,0.0934186438121704,7.0
74100.0,741.0,0.0,,-1.093418643590054,0.0934186435900539,7.0
74400.0,744.0,0.0,,-1.0934186434887636,0.0934186434887636,7.0
74800.0,748.0,0.0,,-1.0933589590135238,0.0933589590135237,7.0
74900.0,749.0,0.0,,-1.0933559742219907,0.0933559742219907,7.0
75000.0,750.0,0.0,,-1.0933559003894342,0.0933559003894342,7.0
75300.0,753.0,0.0,,-1.093353249180136,0.0933532491801358,7.0
75500.0,755.0,0.0,,-1.0933524304718385,0.0933524304718385,7.0
75800.0,758.0,0.0,,-1.093351983091003,0.093351983091003,7.0
75900.0,759.0,0.0,,-1.093269501937275,0.0932695019372749,7.0
76200.0,762.0,0.0,,-1.0932694970099122,0.0932694970099121,7.0
76300.0,763.0,0.0,,-1.0932610251664687,0.0932610251664687,7.0
76900.0,769.0,0.0,,-1.0932609481367188,0.0932609481367188,7.0
77200.0,772.0,0.0,,-1.0932605763426917,0.0932605763426916,7.0
77300.0,773.0,0.0,,-1.0932605506077882,0.0932605506077881,7.0
77500.0,775.0,0.0,,-1.0932605506076711,0.0932605506076711,7.0
77700.0,777.0,0.0,,-1.093247689268358,0.093247689268358,7.0
77800.0,778.0,0.0,,-1.0932475512219415,0.0932475512219417,7.0
78100.0,781.0,0.0,,-1.0931844508931456,0.0931844508931456,7.0
78400.0,784.0,0.0,,-1.0931834657173929,0.0931834657173926,7.0
78800.0,788.0,0.0,,-1.0930910174673811,0.0930910174673811,7.0
78900.0,789.0,0.0,,-1.093090944775505,0.093090944775505,7.0
79000.0,790.0,0.0,,-1.0930869499253424,0.0930869499253423,7.0
79100.0,791.0,0.0,,-1.0930704095228667,0.0930704095228667,7.0
79200.0,792.0,0.0,,-1.0930498301111722,0.0930498301111721,7.0
79300.0,793.0,0.0,,-1.093034916033591,0.093034916033591,7.0
79400.0,794.0,0.0,,-1.0930343930920563,0.0930343930920563,7.0
79500.0,795.0,0.0,,-1.093033518616346,0.093033518616346,7.0
79600.0,796.0,0.0,,-1.0930335094883306,0.0930335094883305,7.0
79700.0,797.0,0.0,,-1.0930325250303845,0.0930325250303845,7.0
79800.0,798.0,0.0,,-1.0921395413346608,0.0921395413346608,7.0
79900.0,799.0,0.0,,-1.0921388757790964,0.0921388757790964,7.0
80200.0,802.0,0.0,,-1.0921335041460365,0.0921335041460365,7.0
80300.0,803.0,0.0,,-1.092020003668084,0.092020003668084,7.0
80400.0,804.0,0.0,,-1.0919965312278586,0.0919965312278585,7.0
80500.0,805.0,0.0,,-1.0919963522859413,0.0919963522859412,7.0
80600.0,806.0,0.0,,-1.091976914250989,0.0919769142509889,7.0
80700.0,807.0,0.0,,-1.0919740881848372,0.0919740881848372,7.0
80800.0,808.0,0.0,,-1.0919728432427127,0.0919728432427127,7.0
80900.0,809.0,0.0,,-1.0918963685980223,0.0918963685980225,7.0
81400.0,814.0,0.0,,-1.0918941590683555,0.0918941590683557,7.0
81500.0,815.0,0.0,,-1.091892602631524,0.0918926026315241,7.0
81600.0,816.0,0.0,,-1.0918370885893005,0.0918370885893005,7.0
81900.0,819.0,0.0,,-1.0918355362063237,0.0918355362063234,7.0
82000.0,820.0,0.0,,-1.0918353013634283,0.0918353013634285,7.0
82200.0,822.0,0.0,,-1.0918346564594743,0.0918346564594745,7.0
82500.0,825.0,0.0,,-1.0918339076988972,0.0918339076988972,7.0
82600.0,826.0,0.0,,-1.0918338795182454,0.0918338795182454,7.0
82700.0,827.0,0.0,,-1.0918329607621304,0.0918329607621304,7.0
82800.0,828.0,0.0,,-1.091832481722549,0.0918324817225491,7.0
82900.0,829.0,0.0,,-1.0918311677361694,0.0918311677361694,7.0
83100.0,831.0,0.0,,-1.091830822016321,0.0918308220163213,7.0
83200.0,832.0,0.0,,-1.0918297388264973,0.0918297388264972,7.0
83400.0,834.0,0.0,,-1.0918296222332826,0.0918296222332826,7.0
83700.0,837.0,0.0,,-1.0918294345258337,0.0918294345258337,7.0
83800.0,838.0,0.0,,-1.0918294256261496,0.0918294256261496,7.0
83900.0,839.0,0.0,,-1.091829421505497,0.0918294215054973,7.0
84000.0,840.0,0.0,,-1.0918293435257411,0.0918293435257411,7.0
84100.0,841.0,0.0,,-1.0918292750865686,0.0918292750865685,7.0
84400.0,844.0,0.0,,-1.0918292443609967,0.0918292443609967,7.0
84500.0,845.0,0.0,,-1.0918292207068871,0.0918292207068871,7.0
84600.0,846.0,0.0,,-1.0918251414907596,0.0918251414907596,7.0
84800.0,848.0,0.0,,-1.09182500920446,0.0918250092044599,7.0
85000.0,850.0,0.0,,-1.0918248383449372,0.0918248383449371,7.0
85300.0,853.0,0.0,,-1.0918224634687108,0.0918224634687108,7.0
85400.0,854.0,0.0,,-1.0918221936689751,0.0918221936689751,7.0
85500.0,855.0,0.0,,-1.0918219708926566,0.0918219708926566,7.0
85700.0,857.0,0.0,,-1.0918216532085927,0.0918216532085927,7.0
85800.0,858.0,0.0,,-1.091816970156044,0.091816970156044,7.0
85900.0,859.0,0.0,,-1.0918169590816262,0.0918169590816262,7.0
86200.0,862.0,0.0,,-1.0918142854785946,0.0918142854785946,7.0
86300.0,863.0,0.0,,-1.0918136453082263,0.0918136453082263,7.0
86800.0,868.0,0.0,,-1.0918135436018852,0.0918135436018852,7.0
86900.0,869.0,0.0,,-1.091813361721954,0.0918133617219538,7.0
87000.0,870.0,0.0,,-1.091808081207282,0.0918080812072821,7.0
87300.0,873.0,0.0,,-1.0917672323914225,0.0917672323914222,7.0
87500.0,875.0,0.0,,-1.0917666328940487,0.0917666328940487,7.0
87600.0,876.0,0.0,,-1.0917665416050506,0.0917665416050506,7.0
87700.0,877.0,0.0,,-1.0917665137111026,0.0917665137111025,7.0
87900.0,879.0,0.0,,-1.0917631350448451,0.0917631350448453,7.0
88000.0,880.0,0.0,,-1.0917439792972876,0.0917439792972876,7.0
88100.0,881.0,0.0,,-1.0917370329667688,0.0917370329667688,7.0
88500.0,885.0,0.0,,-1.0917370170111311,0.0917370170111313,7.0
88700.0,887.0,0.0,,-1.091735012616611,0.0917350126166109,7.0
89300.0,893.0,0.0,,-1.0917349187308891,0.0917349187308891,7.0
89400.0,894.0,0.0,,-1.0917220865997046,0.0917220865997046,7.0
89500.0,895.0,0.0,,-1.0917189089513029,0.0917189089513028,7.0
89600.0,896.0,0.0,,-1.0917033057471028,0.0917033057471028,7.0
89800.0,898.0,0.0,,-1.091638219977818,0.091638219977818,7.0
90100.0,901.0,0.0,,-1.0916353889247843,0.0916353889247845,7.0
90200.0,902.0,0.0,,-1.091584590176014,0.0915845901760139,7.0
90500.0,905.0,0.0,,-1.091555935744311,0.0915559357443109,7.0
90700.0,907.0,0.0,,-1.0913572000631035,0.0913572000631035,7.0
91100.0,911.0,0.0,,-1.0913530318554243,0.0913530318554245,7.0
91200.0,912.0,0.0,,-1.091348924075303,0.0913489240753029,7.0
91300.0,913.0,0.0,,-1.0913482788616569,0.0913482788616568,7.0
91400.0,914.0,0.0,,-1.0913172913889757,0.0913172913889754,7.0
91600.0,916.0,0.0,,-1.0912875781045006,0.0912875781045006,7.0
91700.0,917.0,0.0,,-1.0912746122365329,0.0912746122365328,7.0
91800.0,918.0,0.0,,-1.0912451979961684,0.0912451979961683,7.0
92500.0,925.0,0.0,,-1.0912111518847447,0.0912111518847447,7.0
92600.0,926.0,0.0,,-1.0910238489712094,0.0910238489712094,7.0
92700.0,927.0,0.0,,-1.0908582019297717,0.0908582019297714,7.0
92800.0,928.0,0.0,,-1.0907571712703037,0.0907571712703037,7.0
92900.0,929.0,0.0,,-1.0906361832661322,0.0906361832661322,7.0
93000.0,930.0,0.0,,-1.0906355764037836,0.0906355764037836,7.0
93200.0,932.0,0.0,,-1.090634973389339,0.090634973389339,7.0
93300.0,933.0,0.0,,-1.0905074338102514,0.0905074338102513,7.0
93400.0,934.0,0.0,,-1.090084804669461,0.0900848046694609,7.0
93800.0,938.0,0.0,,-1.09007773224733,0.09007773224733,7.0
93900.0,939.0,0.0,,-1.0900509352338894,0.0900509352338894,7.0
94100.0,941.0,0.0,,-1.0900344138906997,0.0900344138906996,7.0
94200.0,942.0,0.0,,-1.089735859555477,0.0897358595554769,7.0
94900.0,949.0,0.0,,-1.0897358283664127,0.0897358283664127,7.0
95200.0,952.0,0.0,,-1.0897281348078351,0.0897281348078351,7.0
95300.0,953.0,0.0,,-1.0897261787221095,0.0897261787221095,7.0
95400.0,954.0,0.0,,-1.0897171435846025,0.0897171435846024,7.0
95500.0,955.0,0.0,,-1.0897139450774975,0.0897139450774977,7.0
95600.0,956.0,0.0,,-1.0897125281441415,0.0897125281441415,7.0
95700.0,957.0,0.0,,-1.0897027230907104,0.0897027230907103,7.0
96200.0,962.0,0.0,,-1.0896391091093895,0.0896391091093895,7.0
96300.0,963.0,0.0,,-1.0896381837977331,0.0896381837977331,7.0
96700.0,967.0,0.0,,-1.0896359463715315,0.0896359463715317,7.0
96800.0,968.0,0.0,,-1.089624943751215,0.0896249437512151,7.0
97000.0,970.0,0.0,,-1.089623680935638,0.0896236809356381,7.0
97200.0,972.0,0.0,,-1.0896235014490745,0.0896235014490742,7.0
97400.0,974.0,0.0,,-1.0896234415258634,0.0896234415258634,7.0
97500.0,975.0,0.0,,-1.0895794450699876,0.0895794450699876,7.0
97600.0,976.0,0.0,,-1.0895722786082296,0.0895722786082295,7.0
97700.0,977.0,0.0,,-1.089572261209766,0.089572261209766,7.0
97800.0,978.0,0.0,,-1.089568338486922,0.0895683384869221,7.0
97900.0,979.0,0.0,,-1.0895631292177022,0.0895631292177021,7.0
98000.0,980.0,0.0,,-1.0895554539117605,0.0895554539117604,7.0
98100.0,981.0,0.0,,-1.0895224837641475,0.0895224837641475,7.0
98500.0,985.0,0.0,,-1.08951981497493,0.0895198149749298,7.0
98700.0,987.0,0.0,,-1.0895144153525942,0.0895144153525941,7.0
98900.0,989.0,0.0,,-1.0895144061755069,0.0895144061755066,7.0
99100.0,991.0,0.0,,-1.0895072349579773,0.0895072349579773,7.0
99300.0,993.0,0.0,,-1.0895012411290326,0.0895012411290325,7.0
99400.0,994.0,0.0,,-1.089500689905582,0.0895006899055819,7.0
99600.0,996.0,0.0,,-1.089493637651773,0.0894936376517729,7.0
99800.0,998.0,0.0,,-1.0894914122746588,0.0894914122746588,7.0
99900.0,999.0,0.0,,-1.0894049898939906,0.0894049898939906,7.0
100100.0,1001.0,0.0,,-1.0894046475933308,0.0894046475933307,7.0
100200.0,1002.0,0.0,,-1.0894040648717271,0.0894040648717271,7.0
100400.0,1004.0,0.0,,-1.089403686586128,0.089403686586128,7.0
100500.0,1005.0,0.0,,-1.0894029142287298,0.0894029142287298,7.0
100800.0,1008.0,0.0,,-1.0894025004257253,0.0894025004257252,7.0
100900.0,1009.0,0.0,,-1.089358994136363,0.089358994136363,7.0
101000.0,1010.0,0.0,,-1.0893579716485833,0.0893579716485832,7.0
101300.0,1013.0,0.0,,-1.089357750575136,0.0893577505751359,7.0
101500.0,1015.0,0.0,,-1.0893553573036656,0.0893553573036656,7.0
101800.0,1018.0,0.0,,-1.089335673276501,0.0893356732765009,7.0
102100.0,1021.0,0.0,,-1.0893301137661635,0.0893301137661637,7.0
102200.0,1022.0,0.0,,-1.0893301038387275,0.0893301038387275,7.0
102300.0,1023.0,0.0,,-1.0893299982652882,0.0893299982652882,7.0
102400.0,1024.0,0.0,,-1.089329810430054,0.0893298104300539,7.0
102600.0,1026.0,0.0,,-1.0893297027929316,0.0893297027929316,7.0
102800.0,1028.0,0.0,,-1.089326313966823,0.089326313966823,7.0
103100.0,1031.0,0.0,,-1.0893261803244547,0.0893261803244547,7.0
103200.0,1032.0,0.0,,-1.089323755181684,0.0893237551816841,7.0
103400.0,1034.0,0.0,,-1.0893233475147892,0.0893233475147892,7.0
103800.0,1038.0,0.0,,-1.089323252714439,0.0893232527144389,7.0
104100.0,1041.0,0.0,,-1.0893231380436257,0.0893231380436256,7.0
104200.0,1042.0,0.0,,-1.089322919219188,0.089322919219188,7.0
104600.0,1046.0,0.0,,-1.0893221199336425,0.0893221199336424,7.0
104800.0,1048.0,0.0,,-1.089321850599683,0.0893218505996829,7.0
105100.0,1051.0,0.0,,-1.0893218475790916,0.0893218475790915,7.0
105300.0,1053.0,0.0,,-1.0893218260935065,0.0893218260935062,7.0
105500.0,1055.0,0.0,,-1.0893218242655796,0.0893218242655795,7.0
105600.0,1056.0,0.0,,-1.0893218225362742,0.0893218225362741,7.0
105700.0,1057.0,0.0,,-1.0893217750377864,0.0893217750377863,7.0
105800.0,1058.0,0.0,,-1.0893217722544202,0.0893217722544201,7.0
105900.0,1059.0,0.0,,-1.0893213344242303,0.0893213344242305,7.0
106000.0,1060.0,0.0,,-1.0893167952305332,0.0893167952305331,7.0
106200.0,1062.0,0.0,,-1.0893124708449968,0.0893124708449968,7.0
106300.0,1063.0,0.0,,-1.0893124702468744,0.0893124702468743,7.0
106600.0,1066.0,0.0,,-1.089312467914972,0.0893124679149719,7.0
106700.0,1067.0,0.0,,-1.089312067323146,0.089312067323146,7.0
106800.0,1068.0,0.0,,-1.089311258110372,0.0893112581103718,7.0
106900.0,1069.0,0.0,,-1.0893071329770836,0.0893071329770835,7.0
107100.0,1071.0,0.0,,-1.089307131613301,0.0893071316133009,7.0
107200.0,1072.0,0.0,,-1.0893071294487486,0.0893071294487486,7.0
107300.0,1073.0,0.0,,-1.0892999259891016,0.0892999259891016,7.0
107400.0,1074.0,0.0,,-1.0892995361760374,0.0892995361760373,7.0
107500.0,1075.0,0.0,,-1.0892995304740638,0.0892995304740638,7.0
107600.0,1076.0,0.0,,-1.0892972086784165,0.0892972086784162,7.0
107700.0,1077.0,0.0,,-1.0892952094510684,0.0892952094510683,7.0
107800.0,1078.0,0.0,,-1.0892921595210212,0.0892921595210212,7.0
108000.0,1080.0,0.0,,-1.089292107785488,0.089292107785488,7.0
108100.0,1081.0,0.0,,-1.0892809540520376,0.0892809540520376,7.0
108200.0,1082.0,0.0,,-1.0892690317833906,0.0892690317833906,7.0
108300.0,1083.0,0.0,,-1.089268117131747,0.0892681171317473,7.0
108400.0,1084.0,0.0,,-1.0892584106326009,0.0892584106326008,7.0
108800.0,1088.0,0.0,,-1.0892584105980965,0.0892584105980964,7.0
108900.0,1089.0,0.0,,-1.0892562979774638,0.0892562979774638,7.0
109100.0,1091.0,0.0,,-1.0892349786402684,0.0892349786402684,7.0
109300.0,1093.0,0.0,,-1.089233340326915,0.0892333403269149,7.0
109500.0,1095.0,0.0,,-1.0891963166898773,0.0891963166898772,7.0
109600.0,1096.0,0.0,,-1.0891863329641782,0.0891863329641782,7.0
109700.0,1097.0,0.0,,-1.089185987187919,0.089185987187919,7.0
110300.0,1103.0,0.0,,-1.0891856927075492,0.0891856927075491,7.0
110400.0,1104.0,0.0,,-1.089185683211452,0.0891856832114521,7.0
110500.0,1105.0,0.0,,-1.0891843408655206,0.0891843408655206,7.0
111000.0,1110.0,0.0,,-1.089184330755237,0.0891843307552366,7.0
111200.0,1112.0,0.0,,-1.0891842552304307,0.0891842552304307,7.0
111400.0,1114.0,0.0,,-1.089183954108262,0.0891839541082619,7.0
111500.0,1115.0,0.0,,-1.089183952332502,0.0891839523325019,7.0
111600.0,1116.0,0.0,,-1.089183814046205,0.0891838140462049,7.0
111800.0,1118.0,0.0,,-1.0891837717860804,0.0891837717860803,7.0
112000.0,1120.0,0.0,,-1.0891836120980156,0.0891836120980156,7.0
112100.0,1121.0,0.0,,-1.0891835832729622,0.0891835832729621,7.0
112200.0,1122.0,0.0,,-1.0891835507247014,0.0891835507247014,7.0
112300.0,1123.0,0.0,,-1.0891834925777526,0.0891834925777526,7.0
112400.0,1124.0,0.0,,-1.0891834921821817,0.0891834921821816,7.0
112500.0,1125.0,0.0,,-1.0891834902051754,0.0891834902051753,7.0
112600.0,1126.0,0.0,,-1.0891834878192652,0.0891834878192652,7.0
112700.0,1127.0,0.0,,-1.089183485618587,0.0891834856185866,7.0
113000.0,1130.0,0.0,,-1.089183433296707,0.0891834332967069,7.0
113100.0,1131.0,0.0,,-1.0891834300393513,0.0891834300393512,7.0
113200.0,1132.0,0.0,,-1.0891834299741134,0.0891834299741134,7.0
113400.0,1134.0,0.0,,-1.0891834218843492,0.0891834218843492,7.0
113500.0,1135.0,0.0,,-1.089183421884162,0.089183421884162,7.0
113800.0,1138.0,0.0,,-1.0891834198600563,0.0891834198600562,7.0
114100.0,1141.0,0.0,,-1.089183419516256,0.0891834195162559,7.0
114200.0,1142.0,0.0,,-1.0891834194984835,0.0891834194984837,7.0
114300.0,1143.0,0.0,,-1.0891834193848748,0.0891834193848748,7.0
114500.0,1145.0,0.0,,-1.0891834193394354,0.0891834193394354,7.0
114600.0,1146.0,0.0,,-1.0891834192530807,0.0891834192530807,7.0
114700.0,1147.0,0.0,,-1.0891834191427432,0.0891834191427431,7.0
114800.0,1148.0,0.0,,-1.0891834189985954,0.0891834189985953,7.0
115000.0,1150.0,0.0,,-1.0891834188749892,0.0891834188749891,7.0
115100.0,1151.0,0.0,,-1.0891834187652765,0.0891834187652764,7.0
115500.0,1155.0,0.0,,-1.089183418675964,0.0891834186759639,7.0
116000.0,1160.0,0.0,,-1.0891834186717542,0.0891834186717541,7.0
116200.0,1162.0,0.0,,-1.0891834186716003,0.0891834186716005,7.0
116400.0,1164.0,0.0,,-1.0891834186681062,0.0891834186681062,7.0
116700.0,1167.0,0.0,,-1.0891834186680232,0.0891834186680231,7.0
116800.0,1168.0,0.0,,-1.089183418667771,0.0891834186677706,7.0
117100.0,1171.0,0.0,,-1.0891834186677685,0.0891834186677684,7.0
117500.0,1175.0,0.0,,-1.0891834186677618,0.0891834186677618,7.0
117600.0,1176.0,0.0,,-1.0891834186675036,0.0891834186675035,7.0
117800.0,1178.0,0.0,,-1.0891834186675002,0.0891834186675002,7.0
118100.0,1181.0,0.0,,-1.0891834186674942,0.0891834186674942,7.0
118200.0,1182.0,0.0,,-1.0891834186674756,0.0891834186674755,7.0
118300.0,1183.0,0.0,,-1.08918341866744,0.08918341866744,7.0
118600.0,1186.0,0.0,,-1.0891834186674392,0.0891834186674391,7.0
118800.0,1188.0,0.0,,-1.0891834186674385,0.0891834186674382,7.0
119100.0,1191.0,0.0,,-1.0891834186674365,0.0891834186674365,7.0
119300.0,1193.0,0.0,,-1.0891834186674358,0.0891834186674358,7.0
119400.0,1194.0,0.0,,-1.0891834186674345,0.0891834186674342,7.0
119500.0,1195.0,0.0,,-1.089183418667432,0.089183418667432,7.0
119800.0,1198.0,0.0,,-1.0891834186674318,0.0891834186674318,7.0
120100.0,1201.0,0.0,,-1.0891834186674316,0.0891834186674316,7.0
100.0,1.0,0.0,,-1.8669962437791323,0.8669962437791325,8.0
200.0,2.0,0.0,,-1.8644812304212488,0.8644812304212492,8.0
300.0,3.0,0.0,,-1.8225975791684368,0.8225975791684372,8.0
400.0,4.0,0.0,,-1.8109399752977435,0.8109399752977435,8.0
500.0,5.0,0.0,,-1.766465327025908,0.7664653270259081,8.0
600.0,6.0,0.0,,-1.7558110064501486,0.7558110064501486,8.0
700.0,7.0,0.0,,-1.7395392897948772,0.7395392897948772,8.0
800.0,8.0,0.0,,-1.6993188006999156,0.6993188006999156,8.0
900.0,9.0,0.0,,-1.6989035617233548,0.6989035617233548,8.0
1000.0,10.0,0.0,,-1.6652226888408983,0.6652226888408985,8.0
1100.0,11.0,0.0,,-1.627909658417869,0.6279096584178689,8.0
1200.0,12.0,0.0,,-1.5768677085039753,0.5768677085039753,8.0
1400.0,14.0,0.0,,-1.5617040748450657,0.5617040748450655,8.0
1500.0,15.0,0.0,,-1.52399295688843,0.5239929568884301,8.0
1600.0,16.0,0.0,,-1.5093063764859311,0.5093063764859311,8.0
1700.0,17.0,0.0,,-1.4710991289319295,0.4710991289319295,8.0
1800.0,18.0,0.0,,-1.4581787633766834,0.4581787633766834,8.0
1900.0,19.0,0.0,,-1.426923752411006,0.4269237524110059,8.0
2000.0,20.0,0.0,,-1.409246855050695,0.4092468550506949,8.0
2100.0,21.0,0.0,,-1.3980115880356134,0.3980115880356134,8.0
2200.0,22.0,0.0,,-1.357893912152627,0.357893912152627,8.0
2300.0,23.0,0.0,,-1.3116753284743068,0.3116753284743068,8.0
2400.0,24.0,0.0,,-1.308158910456825,0.308158910456825,8.0
2500.0,25.0,0.0,,-1.3022273044550037,0.3022273044550037,8.0
2600.0,26.0,0.0,,-1.2910539507205498,0.2910539507205498,8.0
2700.0,27.0,0.0,,-1.278421425589748,0.2784214255897479,8.0
2800.0,28.0,0.0,,-1.27776006907315,0.2777600690731501,8.0
2900.0,29.0,0.0,,-1.2744020437812311,0.2744020437812313,8.0
3000.0,30.0,0.0,,-1.2655073075615315,0.2655073075615315,8.0
3100.0,31.0,0.0,,-1.260516201898319,0.2605162018983189,8.0
3300.0,33.0,0.0,,-1.241662152287029,0.241662152287029,8.0
3400.0,34.0,0.0,,-1.239945242619019,0.2399452426190189,8.0
3500.0,35.0,0.0,,-1.2310524308138509,0.2310524308138508,8.0
3600.0,36.0,0.0,,-1.2252736554017156,0.2252736554017156,8.0
3800.0,38.0,0.0,,-1.215942960510444,0.2159429605104441,8.0
4200.0,42.0,0.0,,-1.2158794446621135,0.2158794446621137,8.0
4300.0,43.0,0.0,,-1.2125038684701837,0.2125038684701836,8.0
4500.0,45.0,0.0,,-1.209812522015412,0.2098125220154119,8.0
5000.0,50.0,0.0,,-1.209584438053325,0.2095844380533249,8.0
5400.0,54.0,0.0,,-1.2089451639560669,0.2089451639560668,8.0
5600.0,56.0,0.0,,-1.208833047841858,0.2088330478418578,8.0
5800.0,58.0,0.0,,-1.2082200323882186,0.2082200323882186,8.0
6000.0,60.0,0.0,,-1.2081472300173297,0.2081472300173297,8.0
6300.0,63.0,0.0,,-1.1959310767118136,0.1959310767118136,8.0
6600.0,66.0,0.0,,-1.1958988825515977,0.1958988825515977,8.0
6700.0,67.0,0.0,,-1.1836021410030122,0.1836021410030122,8.0
6800.0,68.0,0.0,,-1.182804714237203,0.1828047142372029,8.0
7000.0,70.0,0.0,,-1.1753820439203184,0.1753820439203184,8.0
7100.0,71.0,0.0,,-1.1738169940660723,0.1738169940660725,8.0
7200.0,72.0,0.0,,-1.1730113450036137,0.1730113450036134,8.0
7300.0,73.0,0.0,,-1.1713422938693647,0.1713422938693647,8.0
7700.0,77.0,0.0,,-1.1713169444061349,0.1713169444061346,8.0
7900.0,79.0,0.0,,-1.171314920435805,0.1713149204358053,8.0
8000.0,80.0,0.0,,-1.171296489294945,0.1712964892949446,8.0
8100.0,81.0,0.0,,-1.1712491164283263,0.1712491164283263,8.0
8900.0,89.0,0.0,,-1.171238543096185,0.1712385430961849,8.0
9100.0,91.0,0.0,,-1.1711157837355637,0.1711157837355634,8.0
9400.0,94.0,0.0,,-1.1492450761158637,0.1492450761158634,8.0
9700.0,97.0,0.0,,-1.144070954379096,0.1440709543790961,8.0
10000.0,100.0,0.0,,-1.1429229527759053,0.1429229527759052,8.0
10100.0,101.0,0.0,,-1.1379838896520365,0.1379838896520364,8.0
10200.0,102.0,0.0,,-1.1374370356664296,0.1374370356664296,8.0
10300.0,103.0,0.0,,-1.135493148662995,0.1354931486629951,8.0
10400.0,104.0,0.0,,-1.1354043724687797,0.1354043724687794,8.0
10500.0,105.0,0.0,,-1.1347283062863085,0.1347283062863085,8.0
10600.0,106.0,0.0,,-1.134416564750528,0.134416564750528,8.0
10700.0,107.0,0.0,,-1.1343672377331335,0.1343672377331337,8.0
10800.0,108.0,0.0,,-1.1343402691719977,0.1343402691719974,8.0
10900.0,109.0,0.0,,-1.1342722485686685,0.1342722485686682,8.0
11000.0,110.0,0.0,,-1.1342318157089697,0.1342318157089697,8.0
11100.0,111.0,0.0,,-1.1342289721012504,0.1342289721012504,8.0
11500.0,115.0,0.0,,-1.1342218021169717,0.1342218021169716,8.0
11900.0,119.0,0.0,,-1.133171092864972,0.1331710928649718,8.0
12500.0,125.0,0.0,,-1.1330531562063422,0.1330531562063421,8.0
12700.0,127.0,0.0,,-1.1330505146233971,0.1330505146233971,8.0
13200.0,132.0,0.0,,-1.133049479375753,0.133049479375753,8.0
13400.0,134.0,0.0,,-1.1330493490911675,0.1330493490911677,8.0
13500.0,135.0,0.0,,-1.1330493260225891,0.1330493260225891,8.0
13600.0,136.0,0.0,,-1.1330492074002163,0.1330492074002165,8.0
13700.0,137.0,0.0,,-1.1322531405909149,0.1322531405909148,8.0
13900.0,139.0,0.0,,-1.1188536796031874,0.1188536796031873,8.0
14200.0,142.0,0.0,,-1.11833735006691,0.11833735006691,8.0
14300.0,143.0,0.0,,-1.1128971476137166,0.1128971476137166,8.0
14400.0,144.0,0.0,,-1.109458698082424,0.1094586980824239,8.0
14500.0,145.0,0.0,,-1.1091233379577417,0.1091233379577416,8.0
14600.0,146.0,0.0,,-1.1025024450277665,0.1025024450277665,8.0
14700.0,147.0,0.0,,-1.1019640807058562,0.1019640807058561,8.0
14800.0,148.0,0.0,,-1.1000090726908638,0.1000090726908637,8.0
14900.0,149.0,0.0,,-1.096320639452379,0.096320639452379,8.0
15200.0,152.0,0.0,,-1.09631847266488,0.09631847266488,8.0
15700.0,157.0,0.0,,-1.0961950506368003,0.0961950506368003,8.0
16000.0,160.0,0.0,,-1.0959297204504608,0.0959297204504607,8.0
16400.0,164.0,0.0,,-1.0958789934656556,0.0958789934656556,8.0
16500.0,165.0,0.0,,-1.0956285582150689,0.0956285582150688,8.0
16800.0,168.0,0.0,,-1.0956177333214625,0.0956177333214625,8.0
16900.0,169.0,0.0,,-1.0956125616252113,0.0956125616252112,8.0
17100.0,171.0,0.0,,-1.0954910083777372,0.0954910083777371,8.0
17700.0,177.0,0.0,,-1.0954858072091331,0.0954858072091331,8.0
17800.0,178.0,0.0,,-1.0954754309686607,0.0954754309686607,8.0
18100.0,181.0,0.0,,-1.0954581969824886,0.0954581969824885,8.0
18400.0,184.0,0.0,,-1.095456515616088,0.095456515616088,8.0
18800.0,188.0,0.0,,-1.0954564991156528,0.0954564991156528,8.0
19200.0,192.0,0.0,,-1.095456435984919,0.095456435984919,8.0
19300.0,193.0,0.0,,-1.0954563849766727,0.0954563849766727,8.0
19600.0,196.0,0.0,,-1.0954563586740562,0.0954563586740562,8.0
19700.0,197.0,0.0,,-1.095392695634348,0.095392695634348,8.0
19900.0,199.0,0.0,,-1.095380871509562,0.0953808715095618,8.0
20000.0,200.0,0.0,,-1.095349065966627,0.0953490659666269,8.0
20100.0,201.0,0.0,,-1.0953134007755592,0.0953134007755591,8.0
20400.0,204.0,0.0,,-1.0953116366151572,0.0953116366151571,8.0
20600.0,206.0,0.0,,-1.0953109903036626,0.0953109903036626,8.0
20700.0,207.0,0.0,,-1.095308150179402,0.0953081501794019,8.0
20800.0,208.0,0.0,,-1.095308138597632,0.0953081385976319,8.0
21100.0,211.0,0.0,,-1.095307877129497,0.095307877129497,8.0
21200.0,212.0,0.0,,-1.0953068950960407,0.0953068950960407,8.0
21300.0,213.0,0.0,,-1.095306640778685,0.0953066407786848,8.0
21400.0,214.0,0.0,,-1.095305689961975,0.095305689961975,8.0
22000.0,220.0,0.0,,-1.095305667412508,0.0953056674125081,8.0
22300.0,223.0,0.0,,-1.0953056662951324,0.0953056662951323,8.0
22500.0,225.0,0.0,,-1.095305666155671,0.095305666155671,8.0
22600.0,226.0,0.0,,-1.0953056578349465,0.0953056578349464,8.0
22700.0,227.0,0.0,,-1.0953056575957916,0.0953056575957915,8.0
22800.0,228.0,0.0,,-1.0953056573224949,0.0953056573224948,8.0
23100.0,231.0,0.0,,-1.0953056567634405,0.0953056567634405,8.0
23200.0,232.0,0.0,,-1.0951934386654143,0.0951934386654143,8.0
23500.0,235.0,0.0,,-1.0951909180971011,0.0951909180971013,8.0
23600.0,236.0,0.0,,-1.0951909040623755,0.0951909040623755,8.0
23700.0,237.0,0.0,,-1.0951908589863515,0.0951908589863514,8.0
23800.0,238.0,0.0,,-1.0951907567384005,0.0951907567384005,8.0
23900.0,239.0,0.0,,-1.0951892025239431,0.0951892025239431,8.0
24100.0,241.0,0.0,,-1.095189190300514,0.0951891903005139,8.0
24200.0,242.0,0.0,,-1.0951862581482783,0.0951862581482783,8.0
24400.0,244.0,0.0,,-1.095186245735716,0.0951862457357159,8.0
24700.0,247.0,0.0,,-1.0951861703948855,0.0951861703948857,8.0
24800.0,248.0,0.0,,-1.0951861470762492,0.0951861470762491,8.0
24900.0,249.0,0.0,,-1.0951861183950615,0.0951861183950615,8.0
25100.0,251.0,0.0,,-1.095186117028809,0.095186117028809,8.0
25300.0,253.0,0.0,,-1.0951861080154763,0.0951861080154763,8.0
25400.0,254.0,0.0,,-1.095186046239106,0.0951860462391058,8.0
25800.0,258.0,0.0,,-1.095186043012972,0.095186043012972,8.0
26100.0,261.0,0.0,,-1.0951317170851675,0.0951317170851675,8.0
26400.0,264.0,0.0,,-1.095130463705448,0.0951304637054479,8.0
26600.0,266.0,0.0,,-1.0951304034017888,0.0951304034017888,8.0
26700.0,267.0,0.0,,-1.0949918026469296,0.0949918026469296,8.0
26800.0,268.0,0.0,,-1.0949910476553986,0.0949910476553985,8.0
26900.0,269.0,0.0,,-1.0949908902551826,0.0949908902551825,8.0
27200.0,272.0,0.0,,-1.0949853807432004,0.0949853807432004,8.0
27500.0,275.0,0.0,,-1.0949852524402028,0.0949852524402028,8.0
27600.0,276.0,0.0,,-1.094985127012398,0.094985127012398,8.0
27700.0,277.0,0.0,,-1.0949850501317302,0.0949850501317302,8.0
27800.0,278.0,0.0,,-1.0949848640201605,0.0949848640201602,8.0
27900.0,279.0,0.0,,-1.0949847509209405,0.0949847509209405,8.0
28100.0,281.0,0.0,,-1.094454920842266,0.094454920842266,8.0
28300.0,283.0,0.0,,-1.094451516719285,0.0944515167192849,8.0
28400.0,284.0,0.0,,-1.094448738605044,0.0944487386050441,8.0
28500.0,285.0,0.0,,-1.0944475076141629,0.0944475076141626,8.0
28700.0,287.0,0.0,,-1.0944289895941888,0.0944289895941887,8.0
28900.0,289.0,0.0,,-1.094428926958998,0.0944289269589979,8.0
29000.0,290.0,0.0,,-1.0944254638993884,0.0944254638993884,8.0
29100.0,291.0,0.0,,-1.0944241939253831,0.0944241939253831,8.0
29300.0,293.0,0.0,,-1.0943273562337172,0.0943273562337172,8.0
29500.0,295.0,0.0,,-1.094325786204513,0.094325786204513,8.0
29900.0,299.0,0.0,,-1.0941737536799527,0.0941737536799527,8.0
30000.0,300.0,0.0,,-1.0941685005293589,0.0941685005293588,8.0
30100.0,301.0,0.0,,-1.0941684239265257,0.0941684239265254,8.0
30300.0,303.0,0.0,,-1.0941648942597229,0.0941648942597228,8.0
30400.0,304.0,0.0,,-1.0941628762365456,0.0941628762365456,8.0
30500.0,305.0,0.0,,-1.094161925021128,0.094161925021128,8.0
30600.0,306.0,0.0,,-1.094161750788284,0.0941617507882839,8.0
30700.0,307.0,0.0,,-1.094160637264324,0.094160637264324,8.0
30800.0,308.0,0.0,,-1.094158748880062,0.0941587488800621,8.0
31400.0,314.0,0.0,,-1.0941586960152547,0.0941586960152547,8.0
31600.0,316.0,0.0,,-1.0941586344163778,0.0941586344163778,8.0
31700.0,317.0,0.0,,-1.09415863353339,0.0941586335333899,8.0
31900.0,319.0,0.0,,-1.0941076905757243,0.0941076905757245,8.0
32000.0,320.0,0.0,,-1.0941044524172976,0.0941044524172975,8.0
32200.0,322.0,0.0,,-1.0939013739296362,0.0939013739296361,8.0
32400.0,324.0,0.0,,-1.0939012629093643,0.0939012629093642,8.0
32500.0,325.0,0.0,,-1.0935456311212972,0.0935456311212972,8.0
32700.0,327.0,0.0,,-1.0935046307234233,0.0935046307234233,8.0
32800.0,328.0,0.0,,-1.0932561467978663,0.0932561467978663,8.0
33100.0,331.0,0.0,,-1.0932500564987644,0.0932500564987643,8.0
33200.0,332.0,0.0,,-1.0932355009268069,0.0932355009268068,8.0
33300.0,333.0,0.0,,-1.0932175080225466,0.0932175080225465,8.0
33500.0,335.0,0.0,,-1.0932165754393603,0.0932165754393603,8.0
33600.0,336.0,0.0,,-1.0931949314998164,0.0931949314998163,8.0
33800.0,338.0,0.0,,-1.0931686760903925,0.0931686760903924,8.0
34000.0,340.0,0.0,,-1.093157599989209,0.0931575999892089,8.0
34200.0,342.0,0.0,,-1.0931559475713015,0.0931559475713015,8.0
34400.0,344.0,0.0,,-1.0931554233188714,0.0931554233188713,8.0
34600.0,346.0,0.0,,-1.0931531645590415,0.0931531645590415,8.0
34700.0,347.0,0.0,,-1.0931121792692835,0.0931121792692835,8.0
34900.0,349.0,0.0,,-1.093089144019378,0.0930891440193779,8.0
35000.0,350.0,0.0,,-1.09300477066176,0.09300477066176,8.0
35100.0,351.0,0.0,,-1.0930037536667527,0.0930037536667527,8.0
35200.0,352.0,0.0,,-1.0930021333570132,0.0930021333570132,8.0
35300.0,353.0,0.0,,-1.0928852474589108,0.0928852474589108,8.0
35500.0,355.0,0.0,,-1.092884122079039,0.092884122079039,8.0
35600.0,356.0,0.0,,-1.0928728483673145,0.0928728483673144,8.0
35700.0,357.0,0.0,,-1.0928642313925565,0.0928642313925562,8.0
35900.0,359.0,0.0,,-1.0928641774033745,0.0928641774033742,8.0
36200.0,362.0,0.0,,-1.0928641536846482,0.0928641536846481,8.0
36500.0,365.0,0.0,,-1.0928641467416735,0.0928641467416735,8.0
36600.0,366.0,0.0,,-1.0928640319507954,0.0928640319507954,8.0
37000.0,370.0,0.0,,-1.0928639996578544,0.0928639996578544,8.0
37100.0,371.0,0.0,,-1.0928048636949144,0.0928048636949143,8.0
37200.0,372.0,0.0,,-1.0928044284118086,0.0928044284118085,8.0
37400.0,374.0,0.0,,-1.0928043443234332,0.0928043443234332,8.0
37600.0,376.0,0.0,,-1.0927653677250906,0.0927653677250905,8.0
37700.0,377.0,0.0,,-1.092748660128131,0.0927486601281311,8.0
37900.0,379.0,0.0,,-1.0926859333205408,0.0926859333205407,8.0
38000.0,380.0,0.0,,-1.0926841249801578,0.0926841249801577,8.0
38200.0,382.0,0.0,,-1.092684109348316,0.0926841093483159,8.0
38400.0,384.0,0.0,,-1.0926841084962726,0.0926841084962726,8.0
38600.0,386.0,0.0,,-1.0926834069418223,0.0926834069418225,8.0
38700.0,387.0,0.0,,-1.0926705367990843,0.0926705367990843,8.0
39300.0,393.0,0.0,,-1.0926535055234947,0.0926535055234947,8.0
39500.0,395.0,0.0,,-1.092633845089833,0.0926338450898329,8.0
39600.0,396.0,0.0,,-1.092623635408555,0.092623635408555,8.0
39700.0,397.0,0.0,,-1.0926105981002672,0.0926105981002671,8.0
39800.0,398.0,0.0,,-1.0925749825484348,0.0925749825484347,8.0
40000.0,400.0,0.0,,-1.0924762865194504,0.0924762865194503,8.0
40200.0,402.0,0.0,,-1.0924762810683577,0.0924762810683577,8.0
40400.0,404.0,0.0,,-1.0924740431185729,0.0924740431185728,8.0
40500.0,405.0,0.0,,-1.092473093918386,0.0924730939183859,8.0
40600.0,406.0,0.0,,-1.0924691024197437,0.0924691024197437,8.0
40700.0,407.0,0.0,,-1.09246903142415,0.09246903142415,8.0
41000.0,410.0,0.0,,-1.0924687349667854,0.0924687349667854,8.0
41300.0,413.0,0.0,,-1.0924682606558278,0.0924682606558278,8.0
41400.0,414.0,0.0,,-1.0924405745382364,0.0924405745382364,8.0
41600.0,416.0,0.0,,-1.0923984302494831,0.0923984302494831,8.0
42100.0,421.0,0.0,,-1.0923837743328224,0.0923837743328224,8.0
42200.0,422.0,0.0,,-1.0923657229016044,0.0923657229016043,8.0
42400.0,424.0,0.0,,-1.0922378705611453,0.0922378705611453,8.0
42600.0,426.0,0.0,,-1.092237482810396,0.092237482810396,8.0
42700.0,427.0,0.0,,-1.0922306729860984,0.0922306729860984,8.0
42900.0,429.0,0.0,,-1.0922295051337796,0.0922295051337795,8.0
43000.0,430.0,0.0,,-1.0922291621686784,0.0922291621686783,8.0
43100.0,431.0,0.0,,-1.092229152633525,0.092229152633525,8.0
43200.0,432.0,0.0,,-1.0922289145807078,0.0922289145807078,8.0
43300.0,433.0,0.0,,-1.0922288797164457,0.0922288797164456,8.0
43500.0,435.0,0.0,,-1.0922288169265548,0.0922288169265548,8.0
43600.0,436.0,0.0,,-1.0922288109044818,0.0922288109044817,8.0
43700.0,437.0,0.0,,-1.092228605824778,0.0922286058247781,8.0
43800.0,438.0,0.0,,-1.0922285402952685,0.0922285402952685,8.0
43900.0,439.0,0.0,,-1.0922285244961314,0.0922285244961313,8.0
44000.0,440.0,0.0,,-1.0921571051650272,0.0921571051650271,8.0
44500.0,445.0,0.0,,-1.0921564523210607,0.0921564523210607,8.0
44800.0,448.0,0.0,,-1.0921559907330496,0.0921559907330495,8.0
45000.0,450.0,0.0,,-1.092117115385696,0.0921171153856961,8.0
45200.0,452.0,0.0,,-1.0920695010288233,0.0920695010288232,8.0
45400.0,454.0,0.0,,-1.0920686526182868,0.0920686526182867,8.0
45500.0,455.0,0.0,,-1.0920582007450823,0.0920582007450825,8.0
45700.0,457.0,0.0,,-1.0920581977801824,0.0920581977801824,8.0
45800.0,458.0,0.0,,-1.0920580894652292,0.0920580894652292,8.0
46000.0,460.0,0.0,,-1.0920580696344908,0.0920580696344908,8.0
46100.0,461.0,0.0,,-1.0920580680213372,0.0920580680213372,8.0
46200.0,462.0,0.0,,-1.0920580469324377,0.0920580469324376,8.0
46400.0,464.0,0.0,,-1.092058046120764,0.092058046120764,8.0
46500.0,465.0,0.0,,-1.0920580449840729,0.0920580449840726,8.0
46700.0,467.0,0.0,,-1.0920580449786184,0.0920580449786183,8.0
46800.0,468.0,0.0,,-1.092058044902335,0.0920580449023349,8.0
46900.0,469.0,0.0,,-1.0920580448845405,0.0920580448845405,8.0
47000.0,470.0,0.0,,-1.0920580443504904,0.0920580443504903,8.0
47100.0,471.0,0.0,,-1.0920580443313117,0.0920580443313117,8.0
47200.0,472.0,0.0,,-1.092058044304556,0.092058044304556,8.0
47400.0,474.0,0.0,,-1.0920580442904515,0.0920580442904515,8.0
47500.0,475.0,0.0,,-1.0920580442840746,0.0920580442840746,8.0
47600.0,476.0,0.0,,-1.0920580442832422,0.0920580442832421,8.0
47700.0,477.0,0.0,,-1.092014091767313,0.0920140917673126,8.0
48100.0,481.0,0.0,,-1.0920092030212287,0.0920092030212287,8.0
48600.0,486.0,0.0,,-1.092007807103214,0.0920078071032139,8.0
48700.0,487.0,0.0,,-1.091855604884035,0.0918556048840353,8.0
49000.0,490.0,0.0,,-1.0918555763168218,0.0918555763168218,8.0
49100.0,491.0,0.0,,-1.0918547545466752,0.0918547545466752,8.0
49300.0,493.0,0.0,,-1.0918547405631855,0.0918547405631855,8.0
49600.0,496.0,0.0,,-1.0918545022435373,0.0918545022435373,8.0
49700.0,497.0,0.0,,-1.091854248832262,0.091854248832262,8.0
49800.0,498.0,0.0,,-1.091854242482768,0.0918542424827679,8.0
50100.0,501.0,0.0,,-1.0918542423797852,0.0918542423797852,8.0
50300.0,503.0,0.0,,-1.0918430351129809,0.0918430351129808,8.0
50500.0,505.0,0.0,,-1.0918361125885183,0.0918361125885183,8.0
50600.0,506.0,0.0,,-1.0918332973521856,0.0918332973521856,8.0
50700.0,507.0,0.0,,-1.091672608901148,0.0916726089011479,8.0
50900.0,509.0,0.0,,-1.0916296806284185,0.0916296806284184,8.0
51000.0,510.0,0.0,,-1.0916289879412766,0.0916289879412766,8.0
51200.0,512.0,0.0,,-1.091623361998418,0.0916233619984181,8.0
51300.0,513.0,0.0,,-1.0916146482928506,0.0916146482928506,8.0
51400.0,514.0,0.0,,-1.0916135856931592,0.0916135856931592,8.0
51600.0,516.0,0.0,,-1.0916057701464126,0.0916057701464125,8.0
52000.0,520.0,0.0,,-1.0916019518443734,0.0916019518443733,8.0
52100.0,521.0,0.0,,-1.0915703177239238,0.0915703177239237,8.0
52900.0,529.0,0.0,,-1.0915694214965397,0.0915694214965394,8.0
53500.0,535.0,0.0,,-1.0914967185854014,0.0914967185854014,8.0
53700.0,537.0,0.0,,-1.0914588465808723,0.0914588465808723,8.0
53800.0,538.0,0.0,,-1.091457394108522,0.0914573941085219,8.0
54100.0,541.0,0.0,,-1.091455589069889,0.0914555890698889,8.0
54200.0,542.0,0.0,,-1.0914555299761464,0.0914555299761463,8.0
54300.0,543.0,0.0,,-1.0910109213560364,0.0910109213560363,8.0
54400.0,544.0,0.0,,-1.0898303488048913,0.0898303488048912,8.0
54600.0,546.0,0.0,,-1.0894543070843905,0.0894543070843905,8.0
54800.0,548.0,0.0,,-1.079796972190857,0.0797969721908566,8.0
55000.0,550.0,0.0,,-1.0756682686448256,0.0756682686448255,8.0
55300.0,553.0,0.0,,-1.0677197101686902,0.0677197101686901,8.0
55400.0,554.0,0.0,,-1.0671151447297038,0.0671151447297038,8.0
55500.0,555.0,0.0,,-1.0669306152066889,0.0669306152066888,8.0
55700.0,557.0,0.0,,-1.0647734018679416,0.0647734018679415,8.0
56000.0,560.0,0.0,,-1.0634838298471452,0.0634838298471451,8.0
56200.0,562.0,0.0,,-1.058561205349236,0.0585612053492359,8.0
56300.0,563.0,0.0,,-1.0580714746465398,0.0580714746465398,8.0
56500.0,565.0,0.0,,-1.0580127800182222,0.0580127800182221,8.0
56700.0,567.0,0.0,,-1.0579072719704723,0.0579072719704722,8.0
56900.0,569.0,0.0,,-1.057726298282119,0.0577262982821189,8.0
57000.0,570.0,0.0,,-1.0575825317374652,0.0575825317374651,8.0
57100.0,571.0,0.0,,-1.0573938994262384,0.0573938994262384,8.0
57300.0,573.0,0.0,,-1.0573593992883246,0.0573593992883245,8.0
57600.0,576.0,0.0,,-1.0573405385226122,0.0573405385226122,8.0
57700.0,577.0,0.0,,-1.0573368915319123,0.0573368915319123,8.0
58100.0,581.0,0.0,,-1.0573323080880974,0.0573323080880974,8.0
58500.0,585.0,0.0,,-1.0573296825982337,0.0573296825982336,8.0
58600.0,586.0,0.0,,-1.057290499573505,0.057290499573505,8.0
58900.0,589.0,0.0,,-1.0572813840045647,0.0572813840045647,8.0
59000.0,590.0,0.0,,-1.0572699139846438,0.0572699139846437,8.0
59100.0,591.0,0.0,,-1.0572685864786844,0.0572685864786843,8.0
59200.0,592.0,0.0,,-1.0572653788724913,0.0572653788724912,8.0
59300.0,593.0,0.0,,-1.0572571809889004,0.0572571809889004,8.0
59500.0,595.0,0.0,,-1.057200594341749,0.057200594341749,8.0
59600.0,596.0,0.0,,-1.057147665022253,0.0571476650222533,8.0
59700.0,597.0,0.0,,-1.0571470821276483,0.0571470821276485,8.0
59800.0,598.0,0.0,,-1.0571462424518605,0.0571462424518605,8.0
59900.0,599.0,0.0,,-1.057122250491093,0.057122250491093,8.0
60300.0,603.0,0.0,,-1.0571198496270455,0.0571198496270455,8.0
60400.0,604.0,0.0,,-1.057119302638739,0.0571193026387393,8.0
60500.0,605.0,0.0,,-1.0571146139832324,0.0571146139832323,8.0
60700.0,607.0,0.0,,-1.0571085420434896,0.0571085420434895,8.0
60800.0,608.0,0.0,,-1.0571083410043118,0.0571083410043118,8.0
61000.0,610.0,0.0,,-1.0571022577468472,0.0571022577468471,8.0
61100.0,611.0,0.0,,-1.0571012874272605,0.0571012874272605,8.0
61300.0,613.0,0.0,,-1.0570992725876642,0.0570992725876642,8.0
61400.0,614.0,0.0,,-1.057013493731501,0.057013493731501,8.0
61800.0,618.0,0.0,,-1.057012873096956,0.0570128730969559,8.0
61900.0,619.0,0.0,,-1.0570126560260702,0.0570126560260701,8.0
62100.0,621.0,0.0,,-1.057011289082551,0.0570112890825509,8.0
62200.0,622.0,0.0,,-1.0570090827787462,0.0570090827787461,8.0
62300.0,623.0,0.0,,-1.0570085157729787,0.0570085157729787,8.0
62400.0,624.0,0.0,,-1.0570056623287372,0.0570056623287371,8.0
62500.0,625.0,0.0,,-1.0570016827990945,0.0570016827990944,8.0
62600.0,626.0,0.0,,-1.0570016785085208,0.0570016785085207,8.0
62800.0,628.0,0.0,,-1.057000026462256,0.0570000264622558,8.0
63400.0,634.0,0.0,,-1.0570000122081882,0.0570000122081881,8.0
63600.0,636.0,0.0,,-1.0570000010011322,0.0570000010011322,8.0
63800.0,638.0,0.0,,-1.056999980979632,0.0569999809796319,8.0
64000.0,640.0,0.0,,-1.0569999796651546,0.0569999796651545,8.0
64400.0,644.0,0.0,,-1.0569603038187956,0.0569603038187955,8.0
64600.0,646.0,0.0,,-1.056937608958406,0.0569376089584059,8.0
64700.0,647.0,0.0,,-1.0569366578829835,0.0569366578829835,8.0
64800.0,648.0,0.0,,-1.0569339622386025,0.0569339622386022,8.0
65000.0,650.0,0.0,,-1.056932063061734,0.056932063061734,8.0
65100.0,651.0,0.0,,-1.056861325255817,0.056861325255817,8.0
65200.0,652.0,0.0,,-1.0568606255652415,0.0568606255652417,8.0
65300.0,653.0,0.0,,-1.056859093161325,0.056859093161325,8.0
65400.0,654.0,0.0,,-1.0568588817368585,0.0568588817368582,8.0
65500.0,655.0,0.0,,-1.0568578079576358,0.0568578079576358,8.0
65800.0,658.0,0.0,,-1.0568569074373455,0.0568569074373455,8.0
65900.0,659.0,0.0,,-1.0568567829088145,0.0568567829088144,8.0
66000.0,660.0,0.0,,-1.0568566712986134,0.0568566712986133,8.0
66100.0,661.0,0.0,,-1.0568565417396247,0.0568565417396247,8.0
66200.0,662.0,0.0,,-1.0568561907497502,0.0568561907497502,8.0
66400.0,664.0,0.0,,-1.0568557728620027,0.0568557728620027,8.0
66700.0,667.0,0.0,,-1.05682766575146,0.0568276657514601,8.0
66800.0,668.0,0.0,,-1.0568217785015122,0.0568217785015121,8.0
67000.0,670.0,0.0,,-1.0568212578703533,0.0568212578703533,8.0
67400.0,674.0,0.0,,-1.056821033958623,0.056821033958623,8.0
67600.0,676.0,0.0,,-1.0568208290360452,0.0568208290360452,8.0
67800.0,678.0,0.0,,-1.0568207537881606,0.0568207537881606,8.0
68200.0,682.0,0.0,,-1.05682075194306,0.0568207519430601,8.0
68300.0,683.0,0.0,,-1.0568207124958748,0.0568207124958748,8.0
68400.0,684.0,0.0,,-1.0568207069382296,0.0568207069382296,8.0
68600.0,686.0,0.0,,-1.0567704164401015,0.0567704164401015,8.0
68700.0,687.0,0.0,,-1.0567676900812186,0.0567676900812186,8.0
69300.0,693.0,0.0,,-1.0567666963879303,0.0567666963879305,8.0
69400.0,694.0,0.0,,-1.0567622738160447,0.0567622738160447,8.0
69500.0,695.0,0.0,,-1.0567566742539585,0.0567566742539584,8.0
69900.0,699.0,0.0,,-1.0567556415506685,0.0567556415506682,8.0
70000.0,700.0,0.0,,-1.056755441071496,0.0567554410714958,8.0
70100.0,701.0,0.0,,-1.0567554019324064,0.0567554019324063,8.0
70200.0,702.0,0.0,,-1.0567551417021817,0.0567551417021816,8.0
70300.0,703.0,0.0,,-1.056755119061049,0.0567551190610489,8.0
70500.0,705.0,0.0,,-1.0567551110722953,0.0567551110722952,8.0
70700.0,707.0,0.0,,-1.0567551085131714,0.0567551085131714,8.0
70800.0,708.0,0.0,,-1.0567550884050567,0.0567550884050567,8.0
71000.0,710.0,0.0,,-1.0567550684042686,0.0567550684042685,8.0
71100.0,711.0,0.0,,-1.0567550674043968,0.0567550674043968,8.0
71200.0,712.0,0.0,,-1.0567550617782264,0.0567550617782264,8.0
71300.0,713.0,0.0,,-1.0567550575883262,0.0567550575883262,8.0
71400.0,714.0,0.0,,-1.0567550565617043,0.0567550565617045,8.0
71600.0,716.0,0.0,,-1.056755054744095,0.0567550547440949,8.0
71800.0,718.0,0.0,,-1.0567550547410176,0.0567550547410176,8.0
71900.0,719.0,0.0,,-1.056755054739415,0.0567550547394148,8.0
72000.0,720.0,0.0,,-1.0567550547026066,0.0567550547026065,8.0
72200.0,722.0,0.0,,-1.0567550543288031,0.0567550543288031,8.0
72400.0,724.0,0.0,,-1.056755054325586,0.0567550543255861,8.0
72700.0,727.0,0.0,,-1.0567550543226745,0.0567550543226744,8.0
72800.0,728.0,0.0,,-1.0567550543224873,0.0567550543224872,8.0
72900.0,729.0,0.0,,-1.0567550543028137,0.0567550543028136,8.0
73000.0,730.0,0.0,,-1.0567550543025188,0.0567550543025188,8.0
73100.0,731.0,0.0,,-1.0567550543025137,0.0567550543025137,8.0
73200.0,732.0,0.0,,-1.056755054301738,0.0567550543017378,8.0
73400.0,734.0,0.0,,-1.0567550542975146,0.0567550542975145,8.0
73500.0,735.0,0.0,,-1.056755054296847,0.0567550542968469,8.0
73700.0,737.0,0.0,,-1.056755054296567,0.0567550542965669,8.0
73900.0,739.0,0.0,,-1.0567550542960873,0.0567550542960872,8.0
74000.0,740.0,0.0,,-1.0566922373585494,0.0566922373585494,8.0
74200.0,742.0,0.0,,-1.0566922160295926,0.0566922160295926,8.0
74300.0,743.0,0.0,,-1.056692215917096,0.0566922159170959,8.0
74400.0,744.0,0.0,,-1.0566910296378955,0.0566910296378955,8.0
74600.0,746.0,0.0,,-1.0566909102319475,0.0566909102319477,8.0
74800.0,748.0,0.0,,-1.0566568874096245,0.0566568874096242,8.0
74900.0,749.0,0.0,,-1.0566496224900594,0.0566496224900594,8.0
75200.0,752.0,0.0,,-1.0566377975092345,0.0566377975092344,8.0
75600.0,756.0,0.0,,-1.05663736382572,0.05663736382572,8.0
75700.0,757.0,0.0,,-1.056637351149164,0.056637351149164,8.0
75900.0,759.0,0.0,,-1.056637204480383,0.0566372044803829,8.0
76000.0,760.0,0.0,,-1.0566370330085768,0.0566370330085768,8.0
76400.0,764.0,0.0,,-1.0566370325441372,0.0566370325441372,8.0
76500.0,765.0,0.0,,-1.0566370245060612,0.0566370245060612,8.0
76600.0,766.0,0.0,,-1.0566370173650728,0.0566370173650727,8.0
76800.0,768.0,0.0,,-1.056625150831639,0.0566251508316393,8.0
76900.0,769.0,0.0,,-1.0566250552899907,0.0566250552899907,8.0
77200.0,772.0,0.0,,-1.0566250020833332,0.0566250020833332,8.0
77300.0,773.0,0.0,,-1.0566247359035748,0.0566247359035747,8.0
77400.0,774.0,0.0,,-1.056624400075162,0.0566244000751621,8.0
77500.0,775.0,0.0,,-1.0566240552056512,0.0566240552056511,8.0
77900.0,779.0,0.0,,-1.056623898867197,0.0566238988671969,8.0
78000.0,780.0,0.0,,-1.056623502199339,0.0566235021993393,8.0
78100.0,781.0,0.0,,-1.0566231521997338,0.0566231521997337,8.0
78200.0,782.0,0.0,,-1.056614610500206,0.0566146105002061,8.0
78300.0,783.0,0.0,,-1.0566131125887588,0.0566131125887587,8.0
78700.0,787.0,0.0,,-1.0566114154626216,0.0566114154626216,8.0
79400.0,794.0,0.0,,-1.0566112713648197,0.0566112713648196,8.0
79600.0,796.0,0.0,,-1.0566112713648197,0.0566112713648194,8.0
79800.0,798.0,0.0,,-1.0566111807642655,0.0566111807642655,8.0
80000.0,800.0,0.0,,-1.056611179232372,0.056611179232372,8.0
80200.0,802.0,0.0,,-1.0566111663633424,0.0566111663633424,8.0
80500.0,805.0,0.0,,-1.056611150747689,0.0566111507476889,8.0
80700.0,807.0,0.0,,-1.0564263826550575,0.0564263826550575,8.0
80800.0,808.0,0.0,,-1.056423074367354,0.0564230743673539,8.0
81000.0,810.0,0.0,,-1.0564145023050495,0.0564145023050497,8.0
81100.0,811.0,0.0,,-1.056412857069267,0.056412857069267,8.0
81400.0,814.0,0.0,,-1.05640601889535,0.0564060188953501,8.0
81600.0,816.0,0.0,,-1.056387406780777,0.056387406780777,8.0
81700.0,817.0,0.0,,-1.0562688245892915,0.0562688245892915,8.0
82700.0,827.0,0.0,,-1.0562684013638437,0.0562684013638434,8.0
82800.0,828.0,0.0,,-1.0562680812791143,0.0562680812791145,8.0
83100.0,831.0,0.0,,-1.056268065682197,0.056268065682197,8.0
83200.0,832.0,0.0,,-1.0562674718876437,0.0562674718876436,8.0
83300.0,833.0,0.0,,-1.0562674696199483,0.0562674696199483,8.0
83500.0,835.0,0.0,,-1.0562673572355432,0.0562673572355432,8.0
83600.0,836.0,0.0,,-1.0562673411373835,0.0562673411373837,8.0
83700.0,837.0,0.0,,-1.0562673288364028,0.0562673288364028,8.0
84100.0,841.0,0.0,,-1.056267327916934,0.0562673279169341,8.0
84400.0,844.0,0.0,,-1.056267324661151,0.0562673246611509,8.0
84500.0,845.0,0.0,,-1.0562673228864945,0.0562673228864942,8.0
84600.0,846.0,0.0,,-1.0562528056354998,0.0562528056354998,8.0
84800.0,848.0,0.0,,-1.0562524754443556,0.0562524754443556,8.0
84900.0,849.0,0.0,,-1.0562522887720671,0.0562522887720673,8.0
85100.0,851.0,0.0,,-1.0562511421044074,0.0562511421044074,8.0
85200.0,852.0,0.0,,-1.0562509527217805,0.0562509527217804,8.0
85300.0,853.0,0.0,,-1.0562505738487853,0.0562505738487852,8.0
85600.0,856.0,0.0,,-1.0562505115748553,0.0562505115748552,8.0
85700.0,857.0,0.0,,-1.0562504116472204,0.0562504116472204,8.0
85800.0,858.0,0.0,,-1.056250375110161,0.056250375110161,8.0
85900.0,859.0,0.0,,-1.0562497515707414,0.0562497515707414,8.0
86200.0,862.0,0.0,,-1.0562497495050522,0.0562497495050522,8.0
86300.0,863.0,0.0,,-1.056249733571932,0.0562497335719318,8.0
86400.0,864.0,0.0,,-1.0562494585500748,0.0562494585500747,8.0
86500.0,865.0,0.0,,-1.0562493993028883,0.0562493993028883,8.0
86600.0,866.0,0.0,,-1.056249358405581,0.0562493584055809,8.0
86700.0,867.0,0.0,,-1.0562493578319854,0.0562493578319853,8.0
86800.0,868.0,0.0,,-1.056249356669034,0.056249356669034,8.0
86900.0,869.0,0.0,,-1.0562493558010393,0.0562493558010392,8.0
87100.0,871.0,0.0,,-1.0562493533240953,0.0562493533240953,8.0
87200.0,872.0,0.0,,-1.0562493526365793,0.0562493526365792,8.0
87300.0,873.0,0.0,,-1.056249342376967,0.0562493423769669,8.0
87400.0,874.0,0.0,,-1.0562493386286884,0.0562493386286884,8.0
87500.0,875.0,0.0,,-1.0562493378894449,0.0562493378894448,8.0
87700.0,877.0,0.0,,-1.0562493374722095,0.0562493374722095,8.0
87800.0,878.0,0.0,,-1.056249337305743,0.0562493373057433,8.0
87900.0,879.0,0.0,,-1.0562248125680362,0.0562248125680362,8.0
88400.0,884.0,0.0,,-1.0562221780369758,0.0562221780369758,8.0
88600.0,886.0,0.0,,-1.0561289624947483,0.0561289624947483,8.0
89100.0,891.0,0.0,,-1.056065460207591,0.0560654602075909,8.0
89300.0,893.0,0.0,,-1.0560150851213053,0.0560150851213052,8.0
89400.0,894.0,0.0,,-1.0559956760803595,0.0559956760803597,8.0
89500.0,895.0,0.0,,-1.05599558268272,0.05599558268272,8.0
89700.0,897.0,0.0,,-1.0559927782686331,0.0559927782686331,8.0
89800.0,898.0,0.0,,-1.0559927781587035,0.0559927781587037,8.0
90700.0,907.0,0.0,,-1.0559927263336129,0.0559927263336128,8.0
91200.0,912.0,0.0,,-1.0559541361789615,0.0559541361789617,8.0
91400.0,914.0,0.0,,-1.055953827356803,0.0559538273568029,8.0
91500.0,915.0,0.0,,-1.0559506567771613,0.0559506567771612,8.0
91700.0,917.0,0.0,,-1.0559506563540797,0.0559506563540794,8.0
91800.0,918.0,0.0,,-1.0559456684684532,0.0559456684684531,8.0
91900.0,919.0,0.0,,-1.0559431672883917,0.0559431672883916,8.0
92200.0,922.0,0.0,,-1.0559431672697654,0.0559431672697654,8.0
92300.0,923.0,0.0,,-1.0559431671918351,0.0559431671918353,8.0
92500.0,925.0,0.0,,-1.0558873328545826,0.0558873328545825,8.0
92600.0,926.0,0.0,,-1.0558819796763232,0.0558819796763232,8.0
93200.0,932.0,0.0,,-1.0558807314795806,0.0558807314795806,8.0
93400.0,934.0,0.0,,-1.0558787353590606,0.0558787353590606,8.0
93600.0,936.0,0.0,,-1.0558782790234988,0.0558782790234988,8.0
93700.0,937.0,0.0,,-1.055875700167097,0.055875700167097,8.0
94100.0,941.0,0.0,,-1.0558679349223423,0.0558679349223423,8.0
94200.0,942.0,0.0,,-1.05586102796131,0.05586102796131,8.0
94300.0,943.0,0.0,,-1.0558603254758818,0.0558603254758818,8.0
94400.0,944.0,0.0,,-1.0558601593674946,0.0558601593674945,8.0
94500.0,945.0,0.0,,-1.0558601428389802,0.0558601428389802,8.0
94600.0,946.0,0.0,,-1.055858272024321,0.055858272024321,8.0
94700.0,947.0,0.0,,-1.0558203640830237,0.0558203640830234,8.0
95200.0,952.0,0.0,,-1.0558184648854676,0.0558184648854676,8.0
95600.0,956.0,0.0,,-1.0558032631966583,0.0558032631966582,8.0
95800.0,958.0,0.0,,-1.0557995379866136,0.0557995379866136,8.0
96000.0,960.0,0.0,,-1.0557283915508435,0.0557283915508435,8.0
96200.0,962.0,0.0,,-1.0557266353758523,0.0557266353758525,8.0
96300.0,963.0,0.0,,-1.055723656716978,0.0557236567169778,8.0
96400.0,964.0,0.0,,-1.0556782097804651,0.0556782097804653,8.0
96500.0,965.0,0.0,,-1.0556781035683218,0.0556781035683218,8.0
96600.0,966.0,0.0,,-1.055675525493661,0.0556755254936609,8.0
96700.0,967.0,0.0,,-1.0556754627341345,0.0556754627341344,8.0
96800.0,968.0,0.0,,-1.055675427080192,0.055675427080192,8.0
96900.0,969.0,0.0,,-1.055673440304116,0.0556734403041159,8.0
97000.0,970.0,0.0,,-1.055670502704132,0.0556705027041319,8.0
97300.0,973.0,0.0,,-1.0556680040066968,0.0556680040066968,8.0
97400.0,974.0,0.0,,-1.05565053754413,0.05565053754413,8.0
97700.0,977.0,0.0,,-1.0556505265475664,0.0556505265475664,8.0
97800.0,978.0,0.0,,-1.0556494948510378,0.0556494948510377,8.0
97900.0,979.0,0.0,,-1.0556187478967056,0.0556187478967056,8.0
98200.0,982.0,0.0,,-1.055614554292275,0.055614554292275,8.0
98400.0,984.0,0.0,,-1.0556125143414037,0.0556125143414036,8.0
98500.0,985.0,0.0,,-1.0556119789594884,0.0556119789594884,8.0
98700.0,987.0,0.0,,-1.0556085593322873,0.0556085593322872,8.0
98800.0,988.0,0.0,,-1.0556063335555388,0.0556063335555387,8.0
99400.0,994.0,0.0,,-1.055602130268128,0.0556021302681279,8.0
99500.0,995.0,0.0,,-1.0556011720549243,0.0556011720549245,8.0
99600.0,996.0,0.0,,-1.0556011676347172,0.0556011676347172,8.0
99700.0,997.0,0.0,,-1.0556003352631735,0.0556003352631735,8.0
100000.0,1000.0,0.0,,-1.0556002268624662,0.0556002268624662,8.0
100700.0,1007.0,0.0,,-1.0556002268524534,0.0556002268524533,8.0
100800.0,1008.0,0.0,,-1.0555476371522103,0.0555476371522103,8.0
101300.0,1013.0,0.0,,-1.0555471961503522,0.0555471961503521,8.0
101600.0,1016.0,0.0,,-1.05548272566061,0.05548272566061,8.0
102000.0,1020.0,0.0,,-1.0554810773641368,0.0554810773641367,8.0
102100.0,1021.0,0.0,,-1.0554629132371596,0.0554629132371595,8.0
102200.0,1022.0,0.0,,-1.055288793893756,0.055288793893756,8.0
102600.0,1026.0,0.0,,-1.055283473474781,0.0552834734747809,8.0
103000.0,1030.0,0.0,,-1.0552821090344608,0.0552821090344608,8.0
103600.0,1036.0,0.0,,-1.055282109033942,0.0552821090339419,8.0
103700.0,1037.0,0.0,,-1.0552821088908848,0.0552821088908848,8.0
103900.0,1039.0,0.0,,-1.0552820954126565,0.0552820954126562,8.0
104000.0,1040.0,0.0,,-1.0552820579034417,0.0552820579034416,8.0
104300.0,1043.0,0.0,,-1.055239626292466,0.0552396262924661,8.0
104500.0,1045.0,0.0,,-1.055239573911474,0.0552395739114739,8.0
104900.0,1049.0,0.0,,-1.0552391287984244,0.0552391287984244,8.0
105000.0,1050.0,0.0,,-1.0552383159889476,0.0552383159889475,8.0
105100.0,1051.0,0.0,,-1.055237984719795,0.055237984719795,8.0
105300.0,1053.0,0.0,,-1.055229731089394,0.0552297310893938,8.0
105400.0,1054.0,0.0,,-1.055228112308198,0.0552281123081981,8.0
105600.0,1056.0,0.0,,-1.0552188020902924,0.0552188020902923,8.0
105800.0,1058.0,0.0,,-1.055205461756599,0.0552054617565986,8.0
105900.0,1059.0,0.0,,-1.055168994316502,0.0551689943165021,8.0
106000.0,1060.0,0.0,,-1.0551683159100689,0.0551683159100688,8.0
106200.0,1062.0,0.0,,-1.055153266221933,0.0551532662219329,8.0
106300.0,1063.0,0.0,,-1.0551531067775803,0.0551531067775803,8.0
106700.0,1067.0,0.0,,-1.0551529459939593,0.0551529459939592,8.0
106800.0,1068.0,0.0,,-1.0550970128048631,0.0550970128048631,8.0
107000.0,1070.0,0.0,,-1.055095812031274,0.0550958120312741,8.0
107200.0,1072.0,0.0,,-1.0550902019609345,0.0550902019609342,8.0
107700.0,1077.0,0.0,,-1.0550900673803372,0.0550900673803371,8.0
107800.0,1078.0,0.0,,-1.05508919648004,0.0550891964800399,8.0
108000.0,1080.0,0.0,,-1.0550789443553543,0.0550789443553545,8.0
108100.0,1081.0,0.0,,-1.0550767191367214,0.0550767191367214,8.0
108200.0,1082.0,0.0,,-1.0550766881611315,0.0550766881611315,8.0
108300.0,1083.0,0.0,,-1.055075362085955,0.0550753620859549,8.0
108400.0,1084.0,0.0,,-1.0550731567715248,0.0550731567715248,8.0
108500.0,1085.0,0.0,,-1.0550730786121492,0.0550730786121491,8.0
108600.0,1086.0,0.0,,-1.0550725893621102,0.0550725893621102,8.0
108700.0,1087.0,0.0,,-1.055072482446793,0.0550724824467929,8.0
108900.0,1089.0,0.0,,-1.0550660144251698,0.0550660144251697,8.0
109200.0,1092.0,0.0,,-1.0550603372225928,0.0550603372225928,8.0
109300.0,1093.0,0.0,,-1.0550537994476423,0.0550537994476423,8.0
109400.0,1094.0,0.0,,-1.0550530331686625,0.0550530331686625,8.0
109800.0,1098.0,0.0,,-1.0550254053445656,0.0550254053445655,8.0
110200.0,1102.0,0.0,,-1.0550224893667906,0.0550224893667905,8.0
110300.0,1103.0,0.0,,-1.0550203120027848,0.0550203120027847,8.0
110500.0,1105.0,0.0,,-1.0550202019797896,0.0550202019797896,8.0
110600.0,1106.0,0.0,,-1.0550194243078106,0.0550194243078105,8.0
110700.0,1107.0,0.0,,-1.055019213043023,0.0550192130430229,8.0
110900.0,1109.0,0.0,,-1.0550190133853676,0.0550190133853676,8.0
111000.0,1110.0,0.0,,-1.0549748434839887,0.0549748434839887,8.0
111200.0,1112.0,0.0,,-1.0549748147123728,0.0549748147123727,8.0
111400.0,1114.0,0.0,,-1.0549745680858231,0.0549745680858231,8.0
111500.0,1115.0,0.0,,-1.054954283343719,0.0549542833437191,8.0
111600.0,1116.0,0.0,,-1.0549484429326186,0.0549484429326185,8.0
111700.0,1117.0,0.0,,-1.0549474268334045,0.0549474268334042,8.0
111800.0,1118.0,0.0,,-1.0549410307646825,0.0549410307646824,8.0
111900.0,1119.0,0.0,,-1.0549133550655387,0.0549133550655387,8.0
112000.0,1120.0,0.0,,-1.0548368132830637,0.0548368132830636,8.0
112300.0,1123.0,0.0,,-1.0548361232029004,0.0548361232029004,8.0
112400.0,1124.0,0.0,,-1.0548338697348243,0.0548338697348245,8.0
112700.0,1127.0,0.0,,-1.0548333477787892,0.0548333477787892,8.0
112800.0,1128.0,0.0,,-1.054831411219414,0.0548314112194139,8.0
112900.0,1129.0,0.0,,-1.0548310317710168,0.0548310317710167,8.0
113000.0,1130.0,0.0,,-1.0548294393373017,0.0548294393373016,8.0
113100.0,1131.0,0.0,,-1.0548292030508826,0.0548292030508825,8.0
113200.0,1132.0,0.0,,-1.054779653359573,0.054779653359573,8.0
113400.0,1134.0,0.0,,-1.054776840903696,0.0547768409036959,8.0
113700.0,1137.0,0.0,,-1.0547765426378044,0.0547765426378044,8.0
113800.0,1138.0,0.0,,-1.0547759688731089,0.0547759688731088,8.0
114000.0,1140.0,0.0,,-1.0547756594429172,0.0547756594429171,8.0
114200.0,1142.0,0.0,,-1.0547712899946609,0.0547712899946608,8.0
114400.0,1144.0,0.0,,-1.0547649360297298,0.0547649360297297,8.0
114600.0,1146.0,0.0,,-1.0547269401727453,0.0547269401727452,8.0
114800.0,1148.0,0.0,,-1.0547240781522296,0.0547240781522295,8.0
115100.0,1151.0,0.0,,-1.054715357752209,0.054715357752209,8.0
115200.0,1152.0,0.0,,-1.0546529151918589,0.0546529151918586,8.0
115500.0,1155.0,0.0,,-1.054638381123111,0.054638381123111,8.0
115800.0,1158.0,0.0,,-1.0546383253224332,0.0546383253224331,8.0
115900.0,1159.0,0.0,,-1.054636950275995,0.0546369502759949,8.0
116200.0,1162.0,0.0,,-1.0546369392517716,0.0546369392517716,8.0
116500.0,1165.0,0.0,,-1.0546369076075133,0.0546369076075132,8.0
117200.0,1172.0,0.0,,-1.0546369074190562,0.0546369074190562,8.0
117300.0,1173.0,0.0,,-1.0546369060865866,0.0546369060865865,8.0
117600.0,1176.0,0.0,,-1.0546369054855964,0.0546369054855964,8.0
118000.0,1180.0,0.0,,-1.054636903737651,0.054636903737651,8.0
118200.0,1182.0,0.0,,-1.054636903716516,0.0546369037165159,8.0
118400.0,1184.0,0.0,,-1.054636903715311,0.0546369037153109,8.0
118500.0,1185.0,0.0,,-1.05463690359993,0.0546369035999299,8.0
118600.0,1186.0,0.0,,-1.0546369035820822,0.0546369035820821,8.0
118800.0,1188.0,0.0,,-1.0546369031650624,0.0546369031650624,8.0
118900.0,1189.0,0.0,,-1.054636903139082,0.0546369031390818,8.0
119000.0,1190.0,0.0,,-1.0545735587435274,0.0545735587435274,8.0
119100.0,1191.0,0.0,,-1.0545730098309622,0.0545730098309622,8.0
119300.0,1193.0,0.0,,-1.054572506946328,0.0545725069463278,8.0
119500.0,1195.0,0.0,,-1.054572344739779,0.054572344739779,8.0
119700.0,1197.0,0.0,,-1.054528822931728,0.054528822931728,8.0
120000.0,1200.0,0.0,,-1.054526201592791,0.0545262015927909,8.0
120100.0,1201.0,0.0,,-1.0545232800505788,0.0545232800505788,8.0
120200.0,1202.0,0.0,,-1.0545107090144163,0.0545107090144163,8.0
120500.0,1205.0,0.0,,-1.0545101674591957,0.0545101674591954,8.0
120600.0,1206.0,0.0,,-1.0545098830705173,0.0545098830705172,8.0
120800.0,1208.0,0.0,,-1.0544496261383107,0.0544496261383107,8.0
120900.0,1209.0,0.0,,-1.054417733400793,0.0544177334007929,8.0
121400.0,1214.0,0.0,,-1.0543967869294508,0.0543967869294508,8.0
121700.0,1217.0,0.0,,-1.0543501350378697,0.0543501350378694,8.0
121800.0,1218.0,0.0,,-1.054346886748473,0.0543468867484731,8.0
121900.0,1219.0,0.0,,-1.0543456677258911,0.0543456677258913,8.0
122200.0,1222.0,0.0,,-1.0543390796021817,0.0543390796021816,8.0
122500.0,1225.0,0.0,,-1.0543379738347742,0.0543379738347742,8.0
122700.0,1227.0,0.0,,-1.0543286319124554,0.0543286319124554,8.0
122900.0,1229.0,0.0,,-1.0543257476794914,0.0543257476794913,8.0
123000.0,1230.0,0.0,,-1.0543256149000215,0.0543256149000215,8.0
123100.0,1231.0,0.0,,-1.0543190343718494,0.0543190343718493,8.0
123400.0,1234.0,0.0,,-1.0542979737326423,0.0542979737326423,8.0
123800.0,1238.0,0.0,,-1.0542937019719452,0.0542937019719451,8.0
123900.0,1239.0,0.0,,-1.054277411549168,0.0542774115491679,8.0
124000.0,1240.0,0.0,,-1.054270456911788,0.054270456911788,8.0
124100.0,1241.0,0.0,,-1.054264603152142,0.0542646031521421,8.0
124500.0,1245.0,0.0,,-1.0542612754300662,0.0542612754300662,8.0
124600.0,1246.0,0.0,,-1.0542587149437468,0.0542587149437467,8.0
124700.0,1247.0,0.0,,-1.0542531187223334,0.0542531187223334,8.0
124800.0,1248.0,0.0,,-1.0542506164190633,0.0542506164190632,8.0
125100.0,1251.0,0.0,,-1.0542442620194656,0.0542442620194656,8.0
125400.0,1254.0,0.0,,-1.05424070821959,0.0542407082195899,8.0
125500.0,1255.0,0.0,,-1.0542405871926053,0.0542405871926052,8.0
125600.0,1256.0,0.0,,-1.0541327254874022,0.0541327254874022,8.0
125800.0,1258.0,0.0,,-1.054131069850242,0.0541310698502419,8.0
126100.0,1261.0,0.0,,-1.054127989715394,0.0541279897153939,8.0
126200.0,1262.0,0.0,,-1.0541274346280962,0.0541274346280962,8.0
126300.0,1263.0,0.0,,-1.0540491479305991,0.0540491479305993,8.0
126400.0,1264.0,0.0,,-1.0540279737873466,0.0540279737873465,8.0
126700.0,1267.0,0.0,,-1.0540272502864323,0.0540272502864322,8.0
126900.0,1269.0,0.0,,-1.054024166692063,0.0540241666920628,8.0
127000.0,1270.0,0.0,,-1.05401934589956,0.0540193458995601,8.0
127200.0,1272.0,0.0,,-1.054012582530218,0.054012582530218,8.0
127400.0,1274.0,0.0,,-1.0540125314689126,0.0540125314689126,8.0
127500.0,1275.0,0.0,,-1.0539805287504889,0.0539805287504888,8.0
127600.0,1276.0,0.0,,-1.0539784335689737,0.0539784335689736,8.0
127700.0,1277.0,0.0,,-1.0539690706796567,0.0539690706796567,8.0
127800.0,1278.0,0.0,,-1.05395425964301,0.05395425964301,8.0
127900.0,1279.0,0.0,,-1.0539028236761805,0.0539028236761802,8.0
128700.0,1287.0,0.0,,-1.0538856585237153,0.0538856585237152,8.0
128800.0,1288.0,0.0,,-1.0538837159536836,0.0538837159536835,8.0
128900.0,1289.0,0.0,,-1.0538831112082478,0.0538831112082478,8.0
129000.0,1290.0,0.0,,-1.0538634716145774,0.0538634716145773,8.0
129200.0,1292.0,0.0,,-1.0538497207491062,0.0538497207491062,8.0
129500.0,1295.0,0.0,,-1.0538443517013751,0.0538443517013751,8.0
129600.0,1296.0,0.0,,-1.0538399956214184,0.0538399956214183,8.0
129700.0,1297.0,0.0,,-1.0538347440319145,0.0538347440319144,8.0
129800.0,1298.0,0.0,,-1.0536157549430414,0.0536157549430413,8.0
130500.0,1305.0,0.0,,-1.053548316675921,0.0535483166759209,8.0
130700.0,1307.0,0.0,,-1.0535482305873758,0.0535482305873757,8.0
130800.0,1308.0,0.0,,-1.0532180604826484,0.0532180604826484,8.0
131100.0,1311.0,0.0,,-1.0532137534707098,0.0532137534707097,8.0
131200.0,1312.0,0.0,,-1.0532133112307844,0.0532133112307844,8.0
131400.0,1314.0,0.0,,-1.0531904897958386,0.0531904897958386,8.0
131500.0,1315.0,0.0,,-1.053168699656415,0.0531686996564149,8.0
131600.0,1316.0,0.0,,-1.0529188308757047,0.0529188308757047,8.0
131700.0,1317.0,0.0,,-1.052840384111454,0.0528403841114539,8.0
131800.0,1318.0,0.0,,-1.0528339159734557,0.0528339159734556,8.0
131900.0,1319.0,0.0,,-1.0528283038947717,0.0528283038947716,8.0
132100.0,1321.0,0.0,,-1.0528279825930211,0.0528279825930211,8.0
132200.0,1322.0,0.0,,-1.0528149330206966,0.0528149330206966,8.0
132500.0,1325.0,0.0,,-1.0528130002854703,0.0528130002854703,8.0
132600.0,1326.0,0.0,,-1.0528065494927177,0.0528065494927174,8.0
132700.0,1327.0,0.0,,-1.0527036926470643,0.0527036926470643,8.0
132800.0,1328.0,0.0,,-1.0527036495978173,0.0527036495978172,8.0
132900.0,1329.0,0.0,,-1.0525118165646847,0.0525118165646847,8.0
133000.0,1330.0,0.0,,-1.0525100170679664,0.0525100170679664,8.0
133200.0,1332.0,0.0,,-1.052508996866996,0.052508996866996,8.0
133600.0,1336.0,0.0,,-1.0525013960212704,0.0525013960212703,8.0
133700.0,1337.0,0.0,,-1.0524631808247844,0.0524631808247844,8.0
133900.0,1339.0,0.0,,-1.0524631788627006,0.0524631788627005,8.0
134200.0,1342.0,0.0,,-1.0524620684191002,0.0524620684191001,8.0
134300.0,1343.0,0.0,,-1.0524567556361268,0.0524567556361268,8.0
134400.0,1344.0,0.0,,-1.0524563536688434,0.0524563536688433,8.0
134500.0,1345.0,0.0,,-1.0524485595002129,0.0524485595002126,8.0
134600.0,1346.0,0.0,,-1.052442636688742,0.052442636688742,8.0
134700.0,1347.0,0.0,,-1.0524339032984846,0.0524339032984846,8.0
134800.0,1348.0,0.0,,-1.052432610229748,0.0524326102297478,8.0
135100.0,1351.0,0.0,,-1.0524314466513989,0.0524314466513988,8.0
135200.0,1352.0,0.0,,-1.0524314214753152,0.0524314214753152,8.0
135300.0,1353.0,0.0,,-1.052366803620829,0.0523668036208289,8.0
135600.0,1356.0,0.0,,-1.0523651989942642,0.0523651989942641,8.0
135800.0,1358.0,0.0,,-1.0523547330544656,0.0523547330544655,8.0
135900.0,1359.0,0.0,,-1.0523456520287235,0.0523456520287235,8.0
136100.0,1361.0,0.0,,-1.0523418319323476,0.0523418319323476,8.0
136300.0,1363.0,0.0,,-1.05233855509708,0.0523385550970798,8.0
136400.0,1364.0,0.0,,-1.052330560800511,0.0523305608005106,8.0
136500.0,1365.0,0.0,,-1.052330549676732,0.0523305496767321,8.0
136600.0,1366.0,0.0,,-1.0523276204429268,0.0523276204429268,8.0
136800.0,1368.0,0.0,,-1.0523276024898045,0.0523276024898042,8.0
136900.0,1369.0,0.0,,-1.052327597186602,0.0523275971866019,8.0
137000.0,1370.0,0.0,,-1.0523269525464,0.0523269525463998,8.0
137100.0,1371.0,0.0,,-1.0523266355922172,0.0523266355922171,8.0
137200.0,1372.0,0.0,,-1.0523257534045698,0.0523257534045698,8.0
137300.0,1373.0,0.0,,-1.0523257053862392,0.0523257053862391,8.0
137400.0,1374.0,0.0,,-1.0523246997858646,0.0523246997858646,8.0
137500.0,1375.0,0.0,,-1.0523227118669554,0.0523227118669553,8.0
137700.0,1377.0,0.0,,-1.0523220346203328,0.0523220346203328,8.0
137800.0,1378.0,0.0,,-1.0523216310834145,0.0523216310834142,8.0
137900.0,1379.0,0.0,,-1.052321336798753,0.0523213367987529,8.0
138000.0,1380.0,0.0,,-1.052321197183136,0.0523211971831361,8.0
138200.0,1382.0,0.0,,-1.0523210790646036,0.0523210790646035,8.0
138300.0,1383.0,0.0,,-1.0523012985917135,0.0523012985917137,8.0
138600.0,1386.0,0.0,,-1.0523007894244467,0.0523007894244467,8.0
138700.0,1387.0,0.0,,-1.052300607266382,0.0523006072663818,8.0
138900.0,1389.0,0.0,,-1.0522961335726029,0.0522961335726028,8.0
139200.0,1392.0,0.0,,-1.0522951942716454,0.0522951942716454,8.0
139300.0,1393.0,0.0,,-1.052295083008112,0.0522950830081121,8.0
139500.0,1395.0,0.0,,-1.052295063044365,0.052295063044365,8.0
139700.0,1397.0,0.0,,-1.0522947097846105,0.0522947097846104,8.0
140100.0,1401.0,0.0,,-1.052294666229855,0.0522946662298546,8.0
140300.0,1403.0,0.0,,-1.0522946284788004,0.0522946284788004,8.0
140400.0,1404.0,0.0,,-1.05229462694153,0.05229462694153,8.0
140500.0,1405.0,0.0,,-1.0522945851360943,0.0522945851360945,8.0
140700.0,1407.0,0.0,,-1.0522945842640592,0.0522945842640591,8.0
140900.0,1409.0,0.0,,-1.052294576657963,0.052294576657963,8.0
141000.0,1410.0,0.0,,-1.0522945763739575,0.0522945763739575,8.0
141300.0,1413.0,0.0,,-1.0522945720047114,0.0522945720047114,8.0
141400.0,1414.0,0.0,,-1.0522945716478906,0.0522945716478906,8.0
141500.0,1415.0,0.0,,-1.0522945686383482,0.0522945686383482,8.0
141600.0,1416.0,0.0,,-1.0522945658252307,0.0522945658252307,8.0
141700.0,1417.0,0.0,,-1.0522945657332743,0.0522945657332745,8.0
142100.0,1421.0,0.0,,-1.0522945642991963,0.0522945642991965,8.0
142600.0,1426.0,0.0,,-1.0522945638398291,0.0522945638398293,8.0
142800.0,1428.0,0.0,,-1.0522945638046868,0.0522945638046867,8.0
143000.0,1430.0,0.0,,-1.0522945636627188,0.0522945636627187,8.0
143200.0,1432.0,0.0,,-1.0522945636607808,0.0522945636607807,8.0
143300.0,1433.0,0.0,,-1.0522945635724916,0.0522945635724916,8.0
143700.0,1437.0,0.0,,-1.052294563392654,0.0522945633926539,8.0
143800.0,1438.0,0.0,,-1.0522945633915286,0.0522945633915286,8.0
143900.0,1439.0,0.0,,-1.0522945633892282,0.0522945633892282,8.0
144000.0,1440.0,0.0,,-1.0522945633884753,0.0522945633884752,8.0
144100.0,1441.0,0.0,,-1.0522945633457947,0.0522945633457947,8.0
144300.0,1443.0,0.0,,-1.0522945633323173,0.0522945633323173,8.0
144400.0,1444.0,0.0,,-1.0522945633068288,0.0522945633068288,8.0
144500.0,1445.0,0.0,,-1.0522945633002248,0.0522945633002247,8.0
144600.0,1446.0,0.0,,-1.0522945633001797,0.0522945633001796,8.0
144700.0,1447.0,0.0,,-1.0522945633001792,0.0522945633001792,8.0
144900.0,1449.0,0.0,,-1.0522945633000422,0.0522945633000422,8.0
145800.0,1458.0,0.0,,-1.0522945633000336,0.0522945633000335,8.0
146400.0,1464.0,0.0,,-1.0522945633000318,0.0522945633000317,8.0
146600.0,1466.0,0.0,,-1.0522945633000305,0.0522945633000304,8.0
146700.0,1467.0,0.0,,-1.0522945633000302,0.0522945633000302,8.0
146900.0,1469.0,0.0,,-1.0522945633000298,0.0522945633000297,8.0
147800.0,1478.0,0.0,,-1.0522945633000296,0.0522945633000295,8.0
100.0,1.0,0.0,,-1.872003664105741,0.8720036641057409,9.0
200.0,2.0,0.0,,-1.8515912535167112,0.8515912535167112,9.0
300.0,3.0,0.0,,-1.8252821990165864,0.8252821990165862,9.0
400.0,4.0,0.0,,-1.821119055047524,0.8211190550475242,9.0
500.0,5.0,0.0,,-1.7862405554109886,0.7862405554109886,9.0
600.0,6.0,0.0,,-1.7468055774677964,0.7468055774677964,9.0
800.0,8.0,0.0,,-1.686377010307012,0.6863770103070119,9.0
900.0,9.0,0.0,,-1.6307843679319487,0.6307843679319487,9.0
1000.0,10.0,0.0,,-1.6189837995074452,0.6189837995074452,9.0
1100.0,11.0,0.0,,-1.6164621120847884,0.6164621120847884,9.0
1200.0,12.0,0.0,,-1.5774327411062028,0.5774327411062028,9.0
1300.0,13.0,0.0,,-1.5426004314447035,0.5426004314447035,9.0
1400.0,14.0,0.0,,-1.5247009440618988,0.5247009440618988,9.0
1500.0,15.0,0.0,,-1.5011658178135836,0.5011658178135836,9.0
1600.0,16.0,0.0,,-1.4997091114083845,0.4997091114083845,9.0
1700.0,17.0,0.0,,-1.4839893775332078,0.4839893775332078,9.0
1800.0,18.0,0.0,,-1.468966050087367,0.4689660500873669,9.0
1900.0,19.0,0.0,,-1.4588965607844662,0.4588965607844661,9.0
2000.0,20.0,0.0,,-1.443386194838172,0.4433861948381721,9.0
2100.0,21.0,0.0,,-1.437343436423239,0.4373434364232389,9.0
2200.0,22.0,0.0,,-1.395905871167636,0.395905871167636,9.0
2400.0,24.0,0.0,,-1.3717302157860174,0.3717302157860174,9.0
2500.0,25.0,0.0,,-1.3588800412716853,0.3588800412716852,9.0
2600.0,26.0,0.0,,-1.3364828340996322,0.3364828340996322,9.0
2700.0,27.0,0.0,,-1.335295030742049,0.335295030742049,9.0
2800.0,28.0,0.0,,-1.3297562531532474,0.3297562531532474,9.0
2900.0,29.0,0.0,,-1.3021324410127693,0.3021324410127692,9.0
3000.0,30.0,0.0,,-1.2941067944222038,0.2941067944222038,9.0
3100.0,31.0,0.0,,-1.2720274627057864,0.2720274627057863,9.0
3300.0,33.0,0.0,,-1.2538498454602764,0.2538498454602764,9.0
3500.0,35.0,0.0,,-1.2336300428677296,0.2336300428677296,9.0
3700.0,37.0,0.0,,-1.22587607271186,0.22587607271186,9.0
3800.0,38.0,0.0,,-1.2195918847449143,0.2195918847449145,9.0
4000.0,40.0,0.0,,-1.2150785312014718,0.2150785312014718,9.0
4100.0,41.0,0.0,,-1.2136737100119324,0.2136737100119323,9.0
4200.0,42.0,0.0,,-1.2119724822206133,0.2119724822206132,9.0
4300.0,43.0,0.0,,-1.2012122293204184,0.2012122293204183,9.0
4900.0,49.0,0.0,,-1.2004429796475846,0.2004429796475846,9.0
5500.0,55.0,0.0,,-1.2000478284907732,0.2000478284907731,9.0
5600.0,56.0,0.0,,-1.2000219782088202,0.2000219782088201,9.0
5900.0,59.0,0.0,,-1.2000007846711085,0.2000007846711085,9.0
6100.0,61.0,0.0,,-1.1999924463716616,0.1999924463716615,9.0
6300.0,63.0,0.0,,-1.1999833161154327,0.1999833161154327,9.0
6600.0,66.0,0.0,,-1.1993303457124942,0.1993303457124942,9.0
7000.0,70.0,0.0,,-1.1990713826688364,0.1990713826688364,9.0
7100.0,71.0,0.0,,-1.199050540777127,0.199050540777127,9.0
7600.0,76.0,0.0,,-1.1990437241784924,0.1990437241784923,9.0
7700.0,77.0,0.0,,-1.199028820237984,0.1990288202379839,9.0
7800.0,78.0,0.0,,-1.1990121928724895,0.1990121928724897,9.0
7900.0,79.0,0.0,,-1.199003764230428,0.1990037642304278,9.0
8900.0,89.0,0.0,,-1.19849337971067,0.19849337971067,9.0
9800.0,98.0,0.0,,-1.198467922625725,0.1984679226257251,9.0
9900.0,99.0,0.0,,-1.198399206359391,0.1983992063593906,9.0
10000.0,100.0,0.0,,-1.1983689074838733,0.1983689074838732,9.0
10100.0,101.0,0.0,,-1.1983559001392363,0.1983559001392363,9.0
10300.0,103.0,0.0,,-1.1983527357085713,0.1983527357085712,9.0
10500.0,105.0,0.0,,-1.198352024619176,0.1983520246191761,9.0
10700.0,107.0,0.0,,-1.1983520173754654,0.1983520173754653,9.0
11400.0,114.0,0.0,,-1.1983520156000824,0.1983520156000824,9.0
11600.0,116.0,0.0,,-1.1983028775813784,0.1983028775813784,9.0
11700.0,117.0,0.0,,-1.19830276646116,0.19830276646116,9.0
11800.0,118.0,0.0,,-1.1982509533449603,0.1982509533449603,9.0
11900.0,119.0,0.0,,-1.1982353295540136,0.1982353295540135,9.0
12100.0,121.0,0.0,,-1.197797873384824,0.197797873384824,9.0
12200.0,122.0,0.0,,-1.1977970362898451,0.1977970362898451,9.0
12300.0,123.0,0.0,,-1.1972991939116528,0.1972991939116528,9.0
12500.0,125.0,0.0,,-1.1972317498727876,0.1972317498727875,9.0
12700.0,127.0,0.0,,-1.1972014784151963,0.1972014784151965,9.0
12900.0,129.0,0.0,,-1.1972014405079845,0.1972014405079845,9.0
13000.0,130.0,0.0,,-1.197162532385629,0.1971625323856289,9.0
13100.0,131.0,0.0,,-1.1971608305202373,0.1971608305202372,9.0
13200.0,132.0,0.0,,-1.1971586328493675,0.1971586328493677,9.0
13400.0,134.0,0.0,,-1.1971584827693436,0.1971584827693435,9.0
13500.0,135.0,0.0,,-1.1971580221173037,0.1971580221173037,9.0
13600.0,136.0,0.0,,-1.1971578284929056,0.1971578284929056,9.0
13700.0,137.0,0.0,,-1.1971574662829438,0.1971574662829438,9.0
13800.0,138.0,0.0,,-1.1970658499101066,0.1970658499101065,9.0
13900.0,139.0,0.0,,-1.1963593292281631,0.1963593292281633,9.0
14300.0,143.0,0.0,,-1.1961658294406896,0.1961658294406896,9.0
14400.0,144.0,0.0,,-1.1959618430805723,0.1959618430805723,9.0
14500.0,145.0,0.0,,-1.1959416741680111,0.1959416741680111,9.0
14700.0,147.0,0.0,,-1.1959093383110178,0.1959093383110177,9.0
14800.0,148.0,0.0,,-1.1958374589314038,0.1958374589314038,9.0
14900.0,149.0,0.0,,-1.195810946448836,0.195810946448836,9.0
15200.0,152.0,0.0,,-1.1958107487724992,0.1958107487724991,9.0
15500.0,155.0,0.0,,-1.1958062806452907,0.1958062806452907,9.0
16600.0,166.0,0.0,,-1.1958050390960582,0.1958050390960581,9.0
17100.0,171.0,0.0,,-1.1958050012240309,0.1958050012240306,9.0
17200.0,172.0,0.0,,-1.1958049927873815,0.1958049927873815,9.0
17500.0,175.0,0.0,,-1.1958049862194402,0.1958049862194402,9.0
17800.0,178.0,0.0,,-1.1958049840903555,0.1958049840903557,9.0
18000.0,180.0,0.0,,-1.195804983409073,0.1958049834090729,9.0
18100.0,181.0,0.0,,-1.1958049458223747,0.1958049458223747,9.0
18200.0,182.0,0.0,,-1.1957703450117192,0.1957703450117192,9.0
18400.0,184.0,0.0,,-1.1957674839798698,0.1957674839798697,9.0
18800.0,188.0,0.0,,-1.1957671825063394,0.1957671825063394,9.0
18900.0,189.0,0.0,,-1.1957649980731464,0.1957649980731464,9.0
19100.0,191.0,0.0,,-1.19575968199069,0.1957596819906899,9.0
19500.0,195.0,0.0,,-1.1957562847009764,0.1957562847009764,9.0
19600.0,196.0,0.0,,-1.1957561779437451,0.1957561779437451,9.0
19700.0,197.0,0.0,,-1.195726239150087,0.1957262391500869,9.0
20100.0,201.0,0.0,,-1.19572420521573,0.1957242052157299,9.0
20300.0,203.0,0.0,,-1.1957093885746952,0.1957093885746952,9.0
20400.0,204.0,0.0,,-1.1956310852131176,0.1956310852131175,9.0
20500.0,205.0,0.0,,-1.1956296510076585,0.1956296510076582,9.0
20700.0,207.0,0.0,,-1.1956232930462043,0.1956232930462045,9.0
20800.0,208.0,0.0,,-1.1956023936020015,0.1956023936020017,9.0
21200.0,212.0,0.0,,-1.1955986869403463,0.1955986869403463,9.0
21400.0,214.0,0.0,,-1.1955981601909649,0.1955981601909648,9.0
21600.0,216.0,0.0,,-1.1955552359796142,0.1955552359796142,9.0
22300.0,223.0,0.0,,-1.1955551795191903,0.1955551795191903,9.0
22400.0,224.0,0.0,,-1.1955534730075357,0.1955534730075356,9.0
22500.0,225.0,0.0,,-1.1955511650913486,0.1955511650913486,9.0
22700.0,227.0,0.0,,-1.1955254307838583,0.1955254307838585,9.0
22900.0,229.0,0.0,,-1.1955079995255633,0.1955079995255633,9.0
23000.0,230.0,0.0,,-1.1955045116968912,0.1955045116968912,9.0
23100.0,231.0,0.0,,-1.1954983043846337,0.1954983043846336,9.0
23200.0,232.0,0.0,,-1.195478864637102,0.1954788646371019,9.0
23300.0,233.0,0.0,,-1.1954486396193609,0.1954486396193608,9.0
23500.0,235.0,0.0,,-1.1954233029084638,0.1954233029084637,9.0
23600.0,236.0,0.0,,-1.1954084916880388,0.1954084916880387,9.0
23900.0,239.0,0.0,,-1.1954084626885122,0.1954084626885122,9.0
24000.0,240.0,0.0,,-1.1953106734617098,0.1953106734617098,9.0
24200.0,242.0,0.0,,-1.1953076419329915,0.1953076419329915,9.0
24300.0,243.0,0.0,,-1.1952188145282614,0.1952188145282614,9.0
24700.0,247.0,0.0,,-1.195209215755174,0.1952092157551739,9.0
24800.0,248.0,0.0,,-1.19520158022267,0.1952015802226698,9.0
24900.0,249.0,0.0,,-1.1951996330895838,0.1951996330895837,9.0
25000.0,250.0,0.0,,-1.195199417784618,0.1951994177846179,9.0
25300.0,253.0,0.0,,-1.195199390561516,0.1951993905615161,9.0
25400.0,254.0,0.0,,-1.1951993904301237,0.1951993904301237,9.0
25500.0,255.0,0.0,,-1.1951973389251247,0.1951973389251247,9.0
25700.0,257.0,0.0,,-1.195197311167122,0.1951973111671221,9.0
26000.0,260.0,0.0,,-1.1951970780651404,0.1951970780651404,9.0
26200.0,262.0,0.0,,-1.1951970768824718,0.1951970768824718,9.0
26400.0,264.0,0.0,,-1.1951824282585153,0.1951824282585152,9.0
26500.0,265.0,0.0,,-1.1949527708911845,0.1949527708911844,9.0
26700.0,267.0,0.0,,-1.1949484996179938,0.1949484996179937,9.0
26800.0,268.0,0.0,,-1.1949464026418943,0.1949464026418943,9.0
27300.0,273.0,0.0,,-1.19494268916809,0.1949426891680901,9.0
27500.0,275.0,0.0,,-1.1949402244010905,0.1949402244010905,9.0
28300.0,283.0,0.0,,-1.194940159358711,0.194940159358711,9.0
28400.0,284.0,0.0,,-1.1949400745604193,0.1949400745604192,9.0
28500.0,285.0,0.0,,-1.1949400047662675,0.1949400047662675,9.0
28600.0,286.0,0.0,,-1.1949400045742462,0.1949400045742462,9.0
28700.0,287.0,0.0,,-1.1949400042813982,0.1949400042813982,9.0
28800.0,288.0,0.0,,-1.194940003300414,0.194940003300414,9.0
29000.0,290.0,0.0,,-1.194939988348798,0.1949399883487979,9.0
29100.0,291.0,0.0,,-1.1949399871048512,0.1949399871048511,9.0
29200.0,292.0,0.0,,-1.1949399821776328,0.1949399821776327,9.0
29300.0,293.0,0.0,,-1.1949399801616725,0.1949399801616724,9.0
29400.0,294.0,0.0,,-1.194939980156472,0.1949399801564719,9.0
29600.0,296.0,0.0,,-1.1949399744676277,0.1949399744676274,9.0
29700.0,297.0,0.0,,-1.1949399721982532,0.1949399721982532,9.0
30100.0,301.0,0.0,,-1.1949399716790348,0.1949399716790347,9.0
30200.0,302.0,0.0,,-1.1949399714107205,0.1949399714107205,9.0
30300.0,303.0,0.0,,-1.194939970118597,0.1949399701185969,9.0
30400.0,304.0,0.0,,-1.194939967828739,0.1949399678287386,9.0
30600.0,306.0,0.0,,-1.1949399676012176,0.1949399676012175,9.0
30700.0,307.0,0.0,,-1.1949399660773552,0.1949399660773552,9.0
31000.0,310.0,0.0,,-1.194939958654167,0.1949399586541669,9.0
31200.0,312.0,0.0,,-1.1949399583467248,0.1949399583467248,9.0
31300.0,313.0,0.0,,-1.194939958344342,0.1949399583443418,9.0
31400.0,314.0,0.0,,-1.1949399576355393,0.1949399576355392,9.0
31500.0,315.0,0.0,,-1.194939957618784,0.194939957618784,9.0
31600.0,316.0,0.0,,-1.19493995739148,0.19493995739148,9.0
31800.0,318.0,0.0,,-1.194879551843111,0.194879551843111,9.0
32300.0,323.0,0.0,,-1.1948785512672255,0.1948785512672255,9.0
32400.0,324.0,0.0,,-1.1947750793790566,0.1947750793790565,9.0
33100.0,331.0,0.0,,-1.1947744772798288,0.1947744772798287,9.0
33300.0,333.0,0.0,,-1.1947744379548588,0.1947744379548588,9.0
33400.0,334.0,0.0,,-1.1947742179728749,0.1947742179728748,9.0
33500.0,335.0,0.0,,-1.194774211781238,0.1947742117812378,9.0
33600.0,336.0,0.0,,-1.1947737762186326,0.1947737762186325,9.0
33700.0,337.0,0.0,,-1.1947736860935698,0.1947736860935698,9.0
34200.0,342.0,0.0,,-1.1947736669630564,0.1947736669630564,9.0
34300.0,343.0,0.0,,-1.1947736555257062,0.1947736555257062,9.0
34400.0,344.0,0.0,,-1.1947736363972612,0.1947736363972612,9.0
34500.0,345.0,0.0,,-1.1947736362778043,0.1947736362778043,9.0
34600.0,346.0,0.0,,-1.1947736233200246,0.1947736233200245,9.0
35000.0,350.0,0.0,,-1.1947736232775816,0.1947736232775816,9.0
35200.0,352.0,0.0,,-1.194713780851445,0.1947137808514449,9.0
35300.0,353.0,0.0,,-1.1947134172573308,0.1947134172573308,9.0
35600.0,356.0,0.0,,-1.1947030243139685,0.1947030243139684,9.0
35800.0,358.0,0.0,,-1.1946469915944535,0.1946469915944535,9.0
36000.0,360.0,0.0,,-1.1946469893827452,0.1946469893827451,9.0
36200.0,362.0,0.0,,-1.1946469399059505,0.1946469399059505,9.0
36400.0,364.0,0.0,,-1.1946466267808686,0.1946466267808686,9.0
36600.0,366.0,0.0,,-1.1946466267362863,0.1946466267362863,9.0
37000.0,370.0,0.0,,-1.194646615396794,0.194646615396794,9.0
37100.0,371.0,0.0,,-1.1946465805367712,0.1946465805367712,9.0
37200.0,372.0,0.0,,-1.1946465624935318,0.1946465624935318,9.0
37300.0,373.0,0.0,,-1.194646517555988,0.1946465175559879,9.0
37400.0,374.0,0.0,,-1.1945849375229394,0.1945849375229393,9.0
38000.0,380.0,0.0,,-1.1945526448522443,0.1945526448522445,9.0
38100.0,381.0,0.0,,-1.1945524098150817,0.1945524098150814,9.0
38300.0,383.0,0.0,,-1.1945489486580183,0.1945489486580183,9.0
38500.0,385.0,0.0,,-1.19454546960905,0.19454546960905,9.0
38600.0,386.0,0.0,,-1.1945434669357544,0.1945434669357544,9.0
38800.0,388.0,0.0,,-1.1945418631314846,0.1945418631314845,9.0
38900.0,389.0,0.0,,-1.1945418065649964,0.1945418065649964,9.0
39200.0,392.0,0.0,,-1.194541429004707,0.1945414290047069,9.0
39300.0,393.0,0.0,,-1.1945410219605777,0.1945410219605776,9.0
39400.0,394.0,0.0,,-1.1945375533580302,0.1945375533580302,9.0
39500.0,395.0,0.0,,-1.1944462801651818,0.1944462801651818,9.0
39600.0,396.0,0.0,,-1.1944462161688882,0.1944462161688882,9.0
39700.0,397.0,0.0,,-1.1944460423440104,0.1944460423440104,9.0
39900.0,399.0,0.0,,-1.1944452749822825,0.1944452749822824,9.0
40000.0,400.0,0.0,,-1.1944446592380915,0.1944446592380917,9.0
40300.0,403.0,0.0,,-1.1942248886103286,0.1942248886103286,9.0
40500.0,405.0,0.0,,-1.194165368478699,0.194165368478699,9.0
40800.0,408.0,0.0,,-1.1940791047551698,0.1940791047551697,9.0
40900.0,409.0,0.0,,-1.1940177280063349,0.1940177280063348,9.0
41000.0,410.0,0.0,,-1.1938368610597694,0.1938368610597693,9.0
41200.0,412.0,0.0,,-1.1938035149933806,0.1938035149933805,9.0
41400.0,414.0,0.0,,-1.1937566904611967,0.1937566904611967,9.0
41500.0,415.0,0.0,,-1.1936042137470793,0.1936042137470792,9.0
41700.0,417.0,0.0,,-1.1936007157014137,0.1936007157014136,9.0
41800.0,418.0,0.0,,-1.193597541936683,0.1935975419366833,9.0
41900.0,419.0,0.0,,-1.193585539777688,0.193585539777688,9.0
42000.0,420.0,0.0,,-1.193557523917209,0.1935575239172089,9.0
42200.0,422.0,0.0,,-1.193557433121036,0.1935574331210361,9.0
42300.0,423.0,0.0,,-1.1935151651389444,0.1935151651389444,9.0
42900.0,429.0,0.0,,-1.193514274072028,0.1935142740720281,9.0
43100.0,431.0,0.0,,-1.1935142740720257,0.1935142740720257,9.0
43200.0,432.0,0.0,,-1.1935137940488236,0.1935137940488236,9.0
43300.0,433.0,0.0,,-1.193513531624586,0.1935135316245859,9.0
44000.0,440.0,0.0,,-1.1935135092499327,0.1935135092499327,9.0
44100.0,441.0,0.0,,-1.1935135050011387,0.1935135050011387,9.0
44200.0,442.0,0.0,,-1.1935134869729245,0.1935134869729244,9.0
44300.0,443.0,0.0,,-1.1934814542561547,0.1934814542561547,9.0
44400.0,444.0,0.0,,-1.1934777723385892,0.1934777723385892,9.0
44600.0,446.0,0.0,,-1.1934661572157053,0.1934661572157052,9.0
44700.0,447.0,0.0,,-1.1934469663521583,0.1934469663521585,9.0
45000.0,450.0,0.0,,-1.1934467743856938,0.1934467743856938,9.0
45100.0,451.0,0.0,,-1.1933714324674949,0.1933714324674946,9.0
45400.0,454.0,0.0,,-1.193333012683484,0.193333012683484,9.0
45600.0,456.0,0.0,,-1.1933327337665125,0.1933327337665125,9.0
45700.0,457.0,0.0,,-1.1933127427161965,0.1933127427161964,9.0
45800.0,458.0,0.0,,-1.1932911143084703,0.1932911143084703,9.0
45900.0,459.0,0.0,,-1.1932892822886612,0.1932892822886611,9.0
46100.0,461.0,0.0,,-1.1932890514594152,0.1932890514594152,9.0
46200.0,462.0,0.0,,-1.1932886580692708,0.1932886580692707,9.0
46300.0,463.0,0.0,,-1.1932876934434262,0.1932876934434262,9.0
46500.0,465.0,0.0,,-1.1932865410014273,0.1932865410014272,9.0
46700.0,467.0,0.0,,-1.1932863603094837,0.1932863603094836,9.0
46800.0,468.0,0.0,,-1.1932862793975436,0.1932862793975436,9.0
46900.0,469.0,0.0,,-1.193286274564067,0.1932862745640673,9.0
47000.0,470.0,0.0,,-1.1932857139942514,0.1932857139942514,9.0
47200.0,472.0,0.0,,-1.1932855909740774,0.1932855909740773,9.0
47300.0,473.0,0.0,,-1.1932852826647808,0.1932852826647808,9.0
47400.0,474.0,0.0,,-1.193285279547004,0.1932852795470039,9.0
47600.0,476.0,0.0,,-1.19328518491575,0.1932851849157499,9.0
47700.0,477.0,0.0,,-1.1932851693272906,0.1932851693272905,9.0
47900.0,479.0,0.0,,-1.1932849432205177,0.1932849432205174,9.0
48000.0,480.0,0.0,,-1.1932848487245027,0.1932848487245027,9.0
48100.0,481.0,0.0,,-1.1932846271886657,0.1932846271886656,9.0
48400.0,484.0,0.0,,-1.1932845544763182,0.1932845544763182,9.0
48500.0,485.0,0.0,,-1.1932845376359174,0.1932845376359173,9.0
48600.0,486.0,0.0,,-1.1932845321068093,0.1932845321068093,9.0
48800.0,488.0,0.0,,-1.1932290950221471,0.1932290950221471,9.0
49000.0,490.0,0.0,,-1.193217373764775,0.1932173737647753,9.0
49200.0,492.0,0.0,,-1.1932173736213467,0.1932173736213467,9.0
49300.0,493.0,0.0,,-1.1932167872573338,0.1932167872573338,9.0
49400.0,494.0,0.0,,-1.1932150525339886,0.1932150525339886,9.0
49800.0,498.0,0.0,,-1.1932149771767544,0.1932149771767544,9.0
49900.0,499.0,0.0,,-1.193214959659053,0.1932149596590531,9.0
50200.0,502.0,0.0,,-1.1932147479340425,0.1932147479340424,9.0
50300.0,503.0,0.0,,-1.1931881732968053,0.1931881732968052,9.0
50400.0,504.0,0.0,,-1.193188091231438,0.1931880912314381,9.0
50600.0,506.0,0.0,,-1.1931835293884872,0.1931835293884871,9.0
50700.0,507.0,0.0,,-1.1931833351354486,0.1931833351354486,9.0
50800.0,508.0,0.0,,-1.193183273736993,0.1931832737369929,9.0
51000.0,510.0,0.0,,-1.1931832604813766,0.1931832604813765,9.0
51100.0,511.0,0.0,,-1.1931829814252404,0.1931829814252403,9.0
51200.0,512.0,0.0,,-1.1931827367289118,0.1931827367289118,9.0
51300.0,513.0,0.0,,-1.1931819023393384,0.1931819023393384,9.0
51400.0,514.0,0.0,,-1.1931586739337934,0.1931586739337933,9.0
51600.0,516.0,0.0,,-1.1931575736402182,0.1931575736402182,9.0
52100.0,521.0,0.0,,-1.1928984135068594,0.1928984135068594,9.0
52600.0,526.0,0.0,,-1.1928984037887076,0.1928984037887076,9.0
53000.0,530.0,0.0,,-1.1928965103225946,0.1928965103225945,9.0
53100.0,531.0,0.0,,-1.192892004252075,0.1928920042520749,9.0
53400.0,534.0,0.0,,-1.1928919435847172,0.1928919435847171,9.0
53600.0,536.0,0.0,,-1.1928914249069094,0.1928914249069093,9.0
54000.0,540.0,0.0,,-1.1928914248498643,0.1928914248498643,9.0
54100.0,541.0,0.0,,-1.1928912945792545,0.1928912945792544,9.0
54400.0,544.0,0.0,,-1.1928912875122737,0.1928912875122737,9.0
54700.0,547.0,0.0,,-1.192891257337729,0.192891257337729,9.0
54800.0,548.0,0.0,,-1.1928912476240268,0.1928912476240267,9.0
54900.0,549.0,0.0,,-1.1928912476027478,0.1928912476027477,9.0
55300.0,553.0,0.0,,-1.192891247599141,0.1928912475991409,9.0
55400.0,554.0,0.0,,-1.1928217047926506,0.1928217047926506,9.0
55800.0,558.0,0.0,,-1.1928216597035823,0.1928216597035823,9.0
56100.0,561.0,0.0,,-1.1928212850728672,0.1928212850728672,9.0
56600.0,566.0,0.0,,-1.1928176052911037,0.1928176052911034,9.0
56800.0,568.0,0.0,,-1.1928085362988683,0.1928085362988683,9.0
57000.0,570.0,0.0,,-1.192765541623328,0.192765541623328,9.0
57200.0,572.0,0.0,,-1.1927655334384344,0.1927655334384344,9.0
57300.0,573.0,0.0,,-1.1927624849234406,0.1927624849234406,9.0
57500.0,575.0,0.0,,-1.192757119646382,0.1927571196463819,9.0
57700.0,577.0,0.0,,-1.1927544906854013,0.1927544906854013,9.0
57900.0,579.0,0.0,,-1.1927305912912236,0.1927305912912236,9.0
58000.0,580.0,0.0,,-1.192676953933884,0.1926769539338839,9.0
58400.0,584.0,0.0,,-1.1925981442574298,0.1925981442574298,9.0
58700.0,587.0,0.0,,-1.1925893878906348,0.1925893878906348,9.0
59200.0,592.0,0.0,,-1.1925890590431054,0.1925890590431054,9.0
59600.0,596.0,0.0,,-1.1925889460063852,0.1925889460063852,9.0
59800.0,598.0,0.0,,-1.1925888748360207,0.1925888748360207,9.0
60000.0,600.0,0.0,,-1.1925534739246888,0.1925534739246888,9.0
60300.0,603.0,0.0,,-1.1925414650922994,0.1925414650922994,9.0
60600.0,606.0,0.0,,-1.1924716430082358,0.1924716430082358,9.0
60800.0,608.0,0.0,,-1.192428171422534,0.192428171422534,9.0
60900.0,609.0,0.0,,-1.192404597376408,0.1924045973764079,9.0
61100.0,611.0,0.0,,-1.192404581041936,0.1924045810419361,9.0
61200.0,612.0,0.0,,-1.1923851144093325,0.1923851144093322,9.0
61300.0,613.0,0.0,,-1.192385095288169,0.1923850952881689,9.0
61500.0,615.0,0.0,,-1.192384704732634,0.1923847047326341,9.0
61600.0,616.0,0.0,,-1.1923832821439753,0.1923832821439752,9.0
61800.0,618.0,0.0,,-1.1923829598991793,0.1923829598991793,9.0
61900.0,619.0,0.0,,-1.192382585946806,0.192382585946806,9.0
62100.0,621.0,0.0,,-1.1923824329218955,0.1923824329218955,9.0
62300.0,623.0,0.0,,-1.192382289400299,0.1923822894002989,9.0
62500.0,625.0,0.0,,-1.192382288907578,0.1923822889075779,9.0
62600.0,626.0,0.0,,-1.1923822889026023,0.1923822889026023,9.0
62700.0,627.0,0.0,,-1.1923822799255284,0.1923822799255283,9.0
62800.0,628.0,0.0,,-1.1923822790835237,0.1923822790835234,9.0
62900.0,629.0,0.0,,-1.1923822786506229,0.1923822786506228,9.0
63100.0,631.0,0.0,,-1.1923188799600333,0.1923188799600332,9.0
63300.0,633.0,0.0,,-1.1923186832826835,0.1923186832826835,9.0
63400.0,634.0,0.0,,-1.1923186576173177,0.1923186576173174,9.0
63500.0,635.0,0.0,,-1.1923181390756703,0.1923181390756703,9.0
63700.0,637.0,0.0,,-1.192317614769408,0.1923176147694081,9.0
63800.0,638.0,0.0,,-1.1922924101217722,0.1922924101217722,9.0
63900.0,639.0,0.0,,-1.1922922024049003,0.1922922024049005,9.0
64000.0,640.0,0.0,,-1.1922814668249,0.1922814668249,9.0
64200.0,642.0,0.0,,-1.1922811410926772,0.1922811410926772,9.0
64300.0,643.0,0.0,,-1.1922715681005225,0.1922715681005222,9.0
64500.0,645.0,0.0,,-1.1922670207065762,0.1922670207065762,9.0
64700.0,647.0,0.0,,-1.1922637315957156,0.1922637315957156,9.0
64800.0,648.0,0.0,,-1.1922633581689552,0.1922633581689552,9.0
64900.0,649.0,0.0,,-1.1922633515229952,0.1922633515229952,9.0
65000.0,650.0,0.0,,-1.192260717270135,0.1922607172701349,9.0
65600.0,656.0,0.0,,-1.1922606912789089,0.1922606912789086,9.0
65700.0,657.0,0.0,,-1.192259906332969,0.192259906332969,9.0
65900.0,659.0,0.0,,-1.192259665877559,0.192259665877559,9.0
66000.0,660.0,0.0,,-1.192259643079431,0.192259643079431,9.0
66200.0,662.0,0.0,,-1.19225957078299,0.1922595707829899,9.0
66300.0,663.0,0.0,,-1.192249407281687,0.1922494072816869,9.0
66500.0,665.0,0.0,,-1.192196460759562,0.1921964607595618,9.0
66800.0,668.0,0.0,,-1.1921945652964654,0.1921945652964654,9.0
66900.0,669.0,0.0,,-1.192193982183905,0.1921939821839049,9.0
67000.0,670.0,0.0,,-1.192190823468743,0.192190823468743,9.0
67100.0,671.0,0.0,,-1.1921297618890128,0.1921297618890127,9.0
67400.0,674.0,0.0,,-1.1921277272342448,0.1921277272342447,9.0
67500.0,675.0,0.0,,-1.1921275315479294,0.1921275315479294,9.0
67600.0,676.0,0.0,,-1.1921183439207392,0.1921183439207392,9.0
67800.0,678.0,0.0,,-1.1920814317955597,0.1920814317955594,9.0
67900.0,679.0,0.0,,-1.1920499389093488,0.1920499389093488,9.0
68000.0,680.0,0.0,,-1.1920392077727686,0.1920392077727686,9.0
68100.0,681.0,0.0,,-1.1920347563299545,0.1920347563299542,9.0
68200.0,682.0,0.0,,-1.192022966431253,0.1920229664312529,9.0
68400.0,684.0,0.0,,-1.1920216492190807,0.1920216492190807,9.0
68500.0,685.0,0.0,,-1.1920193976010551,0.1920193976010551,9.0
68600.0,686.0,0.0,,-1.192018977359964,0.1920189773599641,9.0
68700.0,687.0,0.0,,-1.1920189543652526,0.1920189543652526,9.0
68800.0,688.0,0.0,,-1.1920189539947197,0.1920189539947194,9.0
68900.0,689.0,0.0,,-1.1920189532973025,0.1920189532973024,9.0
69100.0,691.0,0.0,,-1.1920189522278888,0.1920189522278887,9.0
69200.0,692.0,0.0,,-1.1920189521412692,0.1920189521412691,9.0
69400.0,694.0,0.0,,-1.192018952139986,0.192018952139986,9.0
69500.0,695.0,0.0,,-1.1920189521398912,0.1920189521398911,9.0
69600.0,696.0,0.0,,-1.191998705070883,0.1919987050708829,9.0
69800.0,698.0,0.0,,-1.1919546612130922,0.1919546612130922,9.0
69900.0,699.0,0.0,,-1.191953489542274,0.1919534895422741,9.0
70000.0,700.0,0.0,,-1.191948586514868,0.191948586514868,9.0
70100.0,701.0,0.0,,-1.1919485181156269,0.1919485181156268,9.0
70500.0,705.0,0.0,,-1.1919477507122245,0.1919477507122244,9.0
70600.0,706.0,0.0,,-1.1918940076527695,0.1918940076527695,9.0
70700.0,707.0,0.0,,-1.1918690227012183,0.1918690227012183,9.0
70900.0,709.0,0.0,,-1.191868748072167,0.191868748072167,9.0
71200.0,712.0,0.0,,-1.1918687357979263,0.1918687357979263,9.0
71400.0,714.0,0.0,,-1.1918683672189865,0.1918683672189862,9.0
71500.0,715.0,0.0,,-1.191867187549054,0.191867187549054,9.0
71800.0,718.0,0.0,,-1.1918669267039488,0.1918669267039487,9.0
72000.0,720.0,0.0,,-1.1918665785343017,0.1918665785343016,9.0
72100.0,721.0,0.0,,-1.191865651291621,0.191865651291621,9.0
72400.0,724.0,0.0,,-1.1918656222773902,0.1918656222773902,9.0
72500.0,725.0,0.0,,-1.1918655852208704,0.1918655852208703,9.0
72600.0,726.0,0.0,,-1.191865546239376,0.1918655462393761,9.0
72700.0,727.0,0.0,,-1.191865468598976,0.191865468598976,9.0
72900.0,729.0,0.0,,-1.1918654658748218,0.1918654658748217,9.0
73000.0,730.0,0.0,,-1.1918654601835963,0.1918654601835965,9.0
73100.0,731.0,0.0,,-1.1918146762037276,0.1918146762037276,9.0
73200.0,732.0,0.0,,-1.1918109246651385,0.1918109246651382,9.0
73300.0,733.0,0.0,,-1.191804251374876,0.1918042513748759,9.0
73500.0,735.0,0.0,,-1.1917986065068045,0.1917986065068044,9.0
73700.0,737.0,0.0,,-1.191703302640053,0.1917033026400529,9.0
74100.0,741.0,0.0,,-1.1916963365923234,0.1916963365923234,9.0
74600.0,746.0,0.0,,-1.1916823128751268,0.1916823128751268,9.0
74700.0,747.0,0.0,,-1.1916796104078555,0.1916796104078555,9.0
75300.0,753.0,0.0,,-1.191664662742752,0.191664662742752,9.0
75400.0,754.0,0.0,,-1.1916541301208723,0.1916541301208725,9.0
75500.0,755.0,0.0,,-1.1916389500250302,0.1916389500250301,9.0
75900.0,759.0,0.0,,-1.191638716021882,0.1916387160218819,9.0
76000.0,760.0,0.0,,-1.1916217590940843,0.1916217590940845,9.0
76100.0,761.0,0.0,,-1.1916162028804451,0.1916162028804451,9.0
76200.0,762.0,0.0,,-1.1916147913222983,0.1916147913222983,9.0
76300.0,763.0,0.0,,-1.1916143270418262,0.1916143270418262,9.0
76400.0,764.0,0.0,,-1.1915601016655926,0.1915601016655925,9.0
76500.0,765.0,0.0,,-1.1915594043751183,0.1915594043751183,9.0
76700.0,767.0,0.0,,-1.1915217182144449,0.1915217182144448,9.0
76900.0,769.0,0.0,,-1.1861132705834676,0.1861132705834676,9.0
77100.0,771.0,0.0,,-1.185818854779892,0.185818854779892,9.0
77300.0,773.0,0.0,,-1.1742556718425834,0.1742556718425834,9.0
77400.0,774.0,0.0,,-1.1742449906758443,0.1742449906758443,9.0
77500.0,775.0,0.0,,-1.1729579562296055,0.1729579562296055,9.0
77600.0,776.0,0.0,,-1.170949615167654,0.1709496151676539,9.0
77700.0,777.0,0.0,,-1.166957958021031,0.1669579580210309,9.0
77800.0,778.0,0.0,,-1.164250811960597,0.164250811960597,9.0
78300.0,783.0,0.0,,-1.1642042790716436,0.1642042790716436,9.0
78800.0,788.0,0.0,,-1.1639315985514609,0.1639315985514609,9.0
78900.0,789.0,0.0,,-1.1638040903724451,0.1638040903724451,9.0
79000.0,790.0,0.0,,-1.1637918235760727,0.1637918235760727,9.0
79100.0,791.0,0.0,,-1.1637832815845754,0.1637832815845754,9.0
79600.0,796.0,0.0,,-1.1637818297687197,0.1637818297687197,9.0
79700.0,797.0,0.0,,-1.1637778709824165,0.1637778709824164,9.0
79800.0,798.0,0.0,,-1.1636527942384165,0.1636527942384162,9.0
79900.0,799.0,0.0,,-1.1636526804113263,0.1636526804113265,9.0
80500.0,805.0,0.0,,-1.16324279857129,0.1632427985712901,9.0
81000.0,810.0,0.0,,-1.1632364906889685,0.1632364906889685,9.0
81300.0,813.0,0.0,,-1.1631769080396412,0.1631769080396412,9.0
81400.0,814.0,0.0,,-1.163176908015818,0.1631769080158178,9.0
81700.0,817.0,0.0,,-1.1631323663714617,0.1631323663714616,9.0
81800.0,818.0,0.0,,-1.1630910217480477,0.1630910217480476,9.0
81900.0,819.0,0.0,,-1.162999809651333,0.1629998096513329,9.0
82600.0,826.0,0.0,,-1.162993258350952,0.1629932583509521,9.0
82700.0,827.0,0.0,,-1.16298464045217,0.1629846404521699,9.0
82900.0,829.0,0.0,,-1.16297495065748,0.16297495065748,9.0
83500.0,835.0,0.0,,-1.1629733870090726,0.1629733870090726,9.0
83600.0,836.0,0.0,,-1.1629710553138803,0.1629710553138803,9.0
83700.0,837.0,0.0,,-1.1629679946728824,0.1629679946728823,9.0
83900.0,839.0,0.0,,-1.1629657759211838,0.1629657759211837,9.0
84100.0,841.0,0.0,,-1.1629633300823157,0.1629633300823156,9.0
84400.0,844.0,0.0,,-1.1629632583753815,0.1629632583753817,9.0
84600.0,846.0,0.0,,-1.1629622186679698,0.1629622186679697,9.0
84800.0,848.0,0.0,,-1.16296186045992,0.1629618604599201,9.0
84900.0,849.0,0.0,,-1.162961454904916,0.1629614549049161,9.0
85500.0,855.0,0.0,,-1.162961390381571,0.1629613903815709,9.0
85600.0,856.0,0.0,,-1.162961172222227,0.162961172222227,9.0
85700.0,857.0,0.0,,-1.162961156458139,0.162961156458139,9.0
85800.0,858.0,0.0,,-1.1629611456647968,0.1629611456647968,9.0
85900.0,859.0,0.0,,-1.1629611453025803,0.1629611453025805,9.0
86000.0,860.0,0.0,,-1.1629611378095197,0.1629611378095194,9.0
86200.0,862.0,0.0,,-1.1629611371485666,0.1629611371485666,9.0
86400.0,864.0,0.0,,-1.1629611357351004,0.1629611357351004,9.0
86500.0,865.0,0.0,,-1.1629611316434727,0.1629611316434727,9.0
87000.0,870.0,0.0,,-1.1629611299844254,0.1629611299844253,9.0
87500.0,875.0,0.0,,-1.1629611299837466,0.1629611299837465,9.0
87600.0,876.0,0.0,,-1.1629611299606004,0.1629611299606004,9.0
87700.0,877.0,0.0,,-1.1629611299036926,0.1629611299036926,9.0
88000.0,880.0,0.0,,-1.1629611298932503,0.1629611298932503,9.0
88100.0,881.0,0.0,,-1.162961129889978,0.162961129889978,9.0
88200.0,882.0,0.0,,-1.1629611298894906,0.1629611298894906,9.0
88300.0,883.0,0.0,,-1.1629611296530409,0.1629611296530408,9.0
88700.0,887.0,0.0,,-1.1629611294996884,0.1629611294996884,9.0
88800.0,888.0,0.0,,-1.1629611294722102,0.1629611294722102,9.0
89300.0,893.0,0.0,,-1.1629611294683977,0.1629611294683974,9.0
89400.0,894.0,0.0,,-1.1629611294358568,0.1629611294358568,9.0
89900.0,899.0,0.0,,-1.1629611294302131,0.1629611294302131,9.0
90000.0,900.0,0.0,,-1.1629611294301552,0.1629611294301551,9.0
90200.0,902.0,0.0,,-1.162961129410743,0.1629611294107429,9.0
90400.0,904.0,0.0,,-1.1629611294098945,0.1629611294098942,9.0
90600.0,906.0,0.0,,-1.16296112940956,0.1629611294095598,9.0
90800.0,908.0,0.0,,-1.1629611294055602,0.1629611294055601,9.0
91100.0,911.0,0.0,,-1.1629611294039497,0.1629611294039494,9.0
91500.0,915.0,0.0,,-1.162961129403627,0.162961129403627,9.0
91700.0,917.0,0.0,,-1.1629611294036144,0.1629611294036144,9.0
91800.0,918.0,0.0,,-1.162961129403424,0.1629611294034241,9.0
92000.0,920.0,0.0,,-1.1629611294030824,0.1629611294030823,9.0
92200.0,922.0,0.0,,-1.1629611294030469,0.1629611294030468,9.0
92400.0,924.0,0.0,,-1.1629611294029882,0.1629611294029882,9.0
92500.0,925.0,0.0,,-1.1629611294028517,0.1629611294028516,9.0
92600.0,926.0,0.0,,-1.1629611294027633,0.1629611294027633,9.0
92900.0,929.0,0.0,,-1.1629611294025195,0.1629611294025195,9.0
93300.0,933.0,0.0,,-1.162961129402519,0.162961129402519,9.0
93400.0,934.0,0.0,,-1.1629611294024484,0.1629611294024484,9.0
93900.0,939.0,0.0,,-1.1629611294024482,0.1629611294024482,9.0
94000.0,940.0,0.0,,-1.1629611294024436,0.1629611294024435,9.0
94100.0,941.0,0.0,,-1.1629611294024371,0.1629611294024371,9.0
94500.0,945.0,0.0,,-1.162961129402433,0.1629611294024326,9.0
94800.0,948.0,0.0,,-1.1629611294024242,0.1629611294024242,9.0
95000.0,950.0,0.0,,-1.162961129402424,0.162961129402424,9.0
95100.0,951.0,0.0,,-1.16296112940242,0.16296112940242,9.0
95200.0,952.0,0.0,,-1.1629611294024162,0.1629611294024162,9.0
95400.0,954.0,0.0,,-1.1629611294022837,0.1629611294022837,9.0
95500.0,955.0,0.0,,-1.1629611294022664,0.1629611294022663,9.0
95600.0,956.0,0.0,,-1.1629611294022533,0.1629611294022532,9.0
96000.0,960.0,0.0,,-1.1629611294022528,0.1629611294022528,9.0
96100.0,961.0,0.0,,-1.1629611294022526,0.1629611294022526,9.0
96200.0,962.0,0.0,,-1.1629611294022524,0.1629611294022523,9.0
96400.0,964.0,0.0,,-1.162961129402252,0.1629611294022519,9.0
96600.0,966.0,0.0,,-1.1629611294022515,0.1629611294022517,9.0
97000.0,970.0,0.0,,-1.1629611294022515,0.1629611294022515,9.0
97600.0,976.0,0.0,,-1.1629611294022513,0.1629611294022512,9.0
97800.0,978.0,0.0,,-1.1629611294022495,0.1629611294022495,9.0
98000.0,980.0,0.0,,-1.1629611294022433,0.1629611294022432,9.0
98400.0,984.0,0.0,,-1.1629611294022415,0.1629611294022417,9.0
98500.0,985.0,0.0,,-1.1629611294022415,0.1629611294022415,9.0
98600.0,986.0,0.0,,-1.1629611294022402,0.1629611294022401,9.0
98800.0,988.0,0.0,,-1.1629611294022395,0.1629611294022395,9.0
99000.0,990.0,0.0,,-1.1629611294022355,0.1629611294022355,9.0
100.0,1.0,0.0,,-1.8592355116207344,0.8592355116207346,10.0
300.0,3.0,0.0,,-1.8563019454609864,0.8563019454609866,10.0
400.0,4.0,0.0,,-1.801853050040652,0.801853050040652,10.0
500.0,5.0,0.0,,-1.7635073804391244,0.7635073804391244,10.0
800.0,8.0,0.0,,-1.7342656971648538,0.7342656971648538,10.0
900.0,9.0,0.0,,-1.7152518070039182,0.7152518070039182,10.0
1000.0,10.0,0.0,,-1.680076433619817,0.6800764336198171,10.0
1100.0,11.0,0.0,,-1.6748934368856403,0.6748934368856405,10.0
1200.0,12.0,0.0,,-1.5860669535932217,0.5860669535932215,10.0
1500.0,15.0,0.0,,-1.564076165889656,0.564076165889656,10.0
1700.0,17.0,0.0,,-1.5157672533886963,0.5157672533886963,10.0
1800.0,18.0,0.0,,-1.5085598319057096,0.5085598319057096,10.0
1900.0,19.0,0.0,,-1.463303118039997,0.4633031180399969,10.0
2000.0,20.0,0.0,,-1.4498232378939564,0.4498232378939564,10.0
2100.0,21.0,0.0,,-1.443003308820729,0.443003308820729,10.0
2200.0,22.0,0.0,,-1.434921205586067,0.4349212055860669,10.0
2300.0,23.0,0.0,,-1.4051696666338591,0.4051696666338591,10.0
2400.0,24.0,0.0,,-1.3996477396155782,0.3996477396155782,10.0
2500.0,25.0,0.0,,-1.3981059490470928,0.3981059490470928,10.0
2600.0,26.0,0.0,,-1.377240800907329,0.3772408009073289,10.0
2700.0,27.0,0.0,,-1.3614204394363036,0.3614204394363036,10.0
2800.0,28.0,0.0,,-1.3521807654255713,0.3521807654255713,10.0
2900.0,29.0,0.0,,-1.3317644270988112,0.3317644270988111,10.0
3000.0,30.0,0.0,,-1.3293771467528297,0.3293771467528297,10.0
3100.0,31.0,0.0,,-1.3201096805575847,0.3201096805575847,10.0
3200.0,32.0,0.0,,-1.3151671890924574,0.3151671890924574,10.0
3300.0,33.0,0.0,,-1.291352376943594,0.2913523769435939,10.0
3400.0,34.0,0.0,,-1.287052792695452,0.287052792695452,10.0
3500.0,35.0,0.0,,-1.280216752507778,0.2802167525077781,10.0
3600.0,36.0,0.0,,-1.2740184646521446,0.2740184646521446,10.0
3700.0,37.0,0.0,,-1.2637438540622377,0.2637438540622376,10.0
3800.0,38.0,0.0,,-1.24699804419771,0.24699804419771,10.0
4000.0,40.0,0.0,,-1.2314133967094014,0.2314133967094014,10.0
4100.0,41.0,0.0,,-1.2301444739633338,0.2301444739633338,10.0
4200.0,42.0,0.0,,-1.2262481817616089,0.2262481817616088,10.0
4400.0,44.0,0.0,,-1.219040327756754,0.2190403277567538,10.0
4500.0,45.0,0.0,,-1.216905955683354,0.2169059556833539,10.0
4800.0,48.0,0.0,,-1.2167093966637317,0.2167093966637314,10.0
6100.0,61.0,0.0,,-1.2156076352240757,0.2156076352240756,10.0
6200.0,62.0,0.0,,-1.2051276903910453,0.2051276903910452,10.0
6400.0,64.0,0.0,,-1.2044313636569104,0.2044313636569104,10.0
6500.0,65.0,0.0,,-1.20443046894068,0.2044304689406799,10.0
6700.0,67.0,0.0,,-1.204430466976108,0.2044304669761081,10.0
6800.0,68.0,0.0,,-1.204430378609,0.204430378609,10.0
7000.0,70.0,0.0,,-1.2033473247080553,0.2033473247080552,10.0
7500.0,75.0,0.0,,-1.2033470968197344,0.2033470968197344,10.0
7700.0,77.0,0.0,,-1.2033006394458694,0.2033006394458694,10.0
7900.0,79.0,0.0,,-1.2032997566193386,0.2032997566193386,10.0
8100.0,81.0,0.0,,-1.2032807501539755,0.2032807501539755,10.0
8300.0,83.0,0.0,,-1.2032604340728423,0.2032604340728423,10.0
8500.0,85.0,0.0,,-1.203199444558258,0.2031994445582579,10.0
8800.0,88.0,0.0,,-1.2031638212480515,0.2031638212480515,10.0
9000.0,90.0,0.0,,-1.2031570954417488,0.2031570954417487,10.0
9200.0,92.0,0.0,,-1.20313464458701,0.2031346445870099,10.0
9300.0,93.0,0.0,,-1.2030430173486806,0.2030430173486805,10.0
9600.0,96.0,0.0,,-1.2030326675563032,0.2030326675563032,10.0
10000.0,100.0,0.0,,-1.2030322970462517,0.2030322970462517,10.0
10300.0,103.0,0.0,,-1.203032210584862,0.2030322105848621,10.0
10700.0,107.0,0.0,,-1.2030322093172374,0.2030322093172374,10.0
10800.0,108.0,0.0,,-1.203032208556561,0.203032208556561,10.0
10900.0,109.0,0.0,,-1.2030321859830564,0.2030321859830564,10.0
11000.0,110.0,0.0,,-1.203032178745912,0.2030321787459119,10.0
11100.0,111.0,0.0,,-1.20303217119571,0.2030321711957099,10.0
11700.0,117.0,0.0,,-1.202967271188572,0.2029672711885719,10.0
12000.0,120.0,0.0,,-1.2029650088929271,0.2029650088929273,10.0
12100.0,121.0,0.0,,-1.2029649704525098,0.2029649704525098,10.0
12400.0,124.0,0.0,,-1.2028522475772647,0.2028522475772647,10.0
12600.0,126.0,0.0,,-1.2028519242092035,0.2028519242092035,10.0
12700.0,127.0,0.0,,-1.2028512010944563,0.2028512010944565,10.0
12900.0,129.0,0.0,,-1.202847457335006,0.2028474573350058,10.0
13000.0,130.0,0.0,,-1.2028473133279527,0.2028473133279527,10.0
13200.0,132.0,0.0,,-1.2028471834905397,0.2028471834905396,10.0
13300.0,133.0,0.0,,-1.202847154261863,0.202847154261863,10.0
13500.0,135.0,0.0,,-1.202847115405702,0.2028471154057021,10.0
13600.0,136.0,0.0,,-1.2028471139820658,0.2028471139820657,10.0
13700.0,137.0,0.0,,-1.2028469603457768,0.2028469603457767,10.0
13800.0,138.0,0.0,,-1.2028433656542887,0.2028433656542887,10.0
14100.0,141.0,0.0,,-1.2028220785649066,0.2028220785649066,10.0
14300.0,143.0,0.0,,-1.2028092320626227,0.2028092320626227,10.0
14400.0,144.0,0.0,,-1.2028044473261623,0.2028044473261623,10.0
14600.0,146.0,0.0,,-1.2028030633491338,0.2028030633491337,10.0
14700.0,147.0,0.0,,-1.2022810778863038,0.2022810778863037,10.0
14900.0,149.0,0.0,,-1.202252836574846,0.2022528365748459,10.0
15000.0,150.0,0.0,,-1.2022486942957658,0.2022486942957657,10.0
15100.0,151.0,0.0,,-1.202246993459425,0.2022469934594253,10.0
15200.0,152.0,0.0,,-1.2022079036847486,0.2022079036847486,10.0
15300.0,153.0,0.0,,-1.2022008379125178,0.2022008379125177,10.0
16000.0,160.0,0.0,,-1.2022006655239297,0.2022006655239296,10.0
16200.0,162.0,0.0,,-1.2021564249419558,0.2021564249419558,10.0
16500.0,165.0,0.0,,-1.2021562690205512,0.2021562690205511,10.0
16600.0,166.0,0.0,,-1.202154661204854,0.2021546612048541,10.0
16800.0,168.0,0.0,,-1.2021444114577926,0.2021444114577926,10.0
17000.0,170.0,0.0,,-1.2021441749381838,0.2021441749381838,10.0
17100.0,171.0,0.0,,-1.2021436656186684,0.2021436656186683,10.0
17200.0,172.0,0.0,,-1.2021432393615987,0.2021432393615987,10.0
17300.0,173.0,0.0,,-1.2021407909979196,0.2021407909979196,10.0
17500.0,175.0,0.0,,-1.2021407909677366,0.2021407909677366,10.0
17700.0,177.0,0.0,,-1.202140790054463,0.2021407900544629,10.0
17800.0,178.0,0.0,,-1.2021407647031133,0.2021407647031132,10.0
17900.0,179.0,0.0,,-1.2021405573077402,0.2021405573077401,10.0
18000.0,180.0,0.0,,-1.202139708258802,0.2021397082588019,10.0
18100.0,181.0,0.0,,-1.2021397075603466,0.2021397075603466,10.0
18200.0,182.0,0.0,,-1.2021397041339328,0.2021397041339327,10.0
18300.0,183.0,0.0,,-1.202139669173337,0.202139669173337,10.0
18400.0,184.0,0.0,,-1.2021396398352913,0.2021396398352912,10.0
18600.0,186.0,0.0,,-1.202139636721696,0.2021396367216958,10.0
18800.0,188.0,0.0,,-1.202139628982265,0.202139628982265,10.0
19000.0,190.0,0.0,,-1.2021396235280186,0.2021396235280186,10.0
19200.0,192.0,0.0,,-1.2021396229593324,0.2021396229593324,10.0
19700.0,197.0,0.0,,-1.2021396229249168,0.2021396229249168,10.0
19800.0,198.0,0.0,,-1.2021396224306136,0.2021396224306135,10.0
20400.0,204.0,0.0,,-1.2021396224300136,0.2021396224300136,10.0
20600.0,206.0,0.0,,-1.2021396224171386,0.2021396224171385,10.0
21000.0,210.0,0.0,,-1.2021396223683918,0.2021396223683917,10.0
21200.0,212.0,0.0,,-1.202139622367656,0.2021396223676559,10.0
21500.0,215.0,0.0,,-1.202139622367393,0.202139622367393,10.0
21600.0,216.0,0.0,,-1.2021396223670366,0.2021396223670366,10.0
21900.0,219.0,0.0,,-1.2021396223669232,0.2021396223669231,10.0
22000.0,220.0,0.0,,-1.2021396223658858,0.2021396223658857,10.0
22100.0,221.0,0.0,,-1.2021396223657157,0.2021396223657154,10.0
22200.0,222.0,0.0,,-1.2021396223654777,0.2021396223654776,10.0
22300.0,223.0,0.0,,-1.2020750264015931,0.2020750264015931,10.0
22500.0,225.0,0.0,,-1.2020750252113557,0.2020750252113556,10.0
22700.0,227.0,0.0,,-1.2020750205590751,0.2020750205590751,10.0
22800.0,228.0,0.0,,-1.2020750059341845,0.2020750059341842,10.0
22900.0,229.0,0.0,,-1.2020749981555334,0.2020749981555334,10.0
23000.0,230.0,0.0,,-1.2020321207869549,0.2020321207869548,10.0
23100.0,231.0,0.0,,-1.202010429898258,0.2020104298982581,10.0
23500.0,235.0,0.0,,-1.202008903694476,0.2020089036944758,10.0
23800.0,238.0,0.0,,-1.2020076084334157,0.2020076084334154,10.0
24100.0,241.0,0.0,,-1.2020074900674382,0.2020074900674382,10.0
24500.0,245.0,0.0,,-1.2019277224682825,0.2019277224682825,10.0
24900.0,249.0,0.0,,-1.20192687840608,0.2019268784060801,10.0
25200.0,252.0,0.0,,-1.2018375494886753,0.2018375494886752,10.0
25300.0,253.0,0.0,,-1.2018371823853462,0.2018371823853462,10.0
25400.0,254.0,0.0,,-1.2018357082568554,0.2018357082568553,10.0
25600.0,256.0,0.0,,-1.2018349044582803,0.2018349044582803,10.0
25700.0,257.0,0.0,,-1.2018345922485507,0.2018345922485507,10.0
25900.0,259.0,0.0,,-1.2018345071150796,0.2018345071150795,10.0
26100.0,261.0,0.0,,-1.2018343709903454,0.2018343709903454,10.0
26200.0,262.0,0.0,,-1.2018339053547986,0.2018339053547986,10.0
26300.0,263.0,0.0,,-1.2018337649873627,0.2018337649873627,10.0
26800.0,268.0,0.0,,-1.2018337572425677,0.2018337572425677,10.0
27000.0,270.0,0.0,,-1.2018337372414,0.2018337372413998,10.0
27100.0,271.0,0.0,,-1.2018337368759642,0.2018337368759641,10.0
27200.0,272.0,0.0,,-1.2018337270399464,0.2018337270399464,10.0
27300.0,273.0,0.0,,-1.2018337208131944,0.2018337208131944,10.0
27400.0,274.0,0.0,,-1.2018337162391894,0.2018337162391894,10.0
27600.0,276.0,0.0,,-1.2018337159047197,0.2018337159047196,10.0
27900.0,279.0,0.0,,-1.2018337072839025,0.2018337072839022,10.0
28100.0,281.0,0.0,,-1.2018337059293451,0.2018337059293451,10.0
28200.0,282.0,0.0,,-1.2018337057000972,0.2018337057000971,10.0
28400.0,284.0,0.0,,-1.2018337034759128,0.2018337034759127,10.0
28800.0,288.0,0.0,,-1.2018337034038726,0.2018337034038726,10.0
28900.0,289.0,0.0,,-1.2018337033234086,0.2018337033234085,10.0
29200.0,292.0,0.0,,-1.2018337032908055,0.2018337032908055,10.0
29400.0,294.0,0.0,,-1.2018337032860964,0.2018337032860964,10.0
29500.0,295.0,0.0,,-1.201833703284637,0.2018337032846366,10.0
29700.0,297.0,0.0,,-1.2018337032841755,0.2018337032841757,10.0
29800.0,298.0,0.0,,-1.2018107043296782,0.2018107043296781,10.0
30000.0,300.0,0.0,,-1.2018107039488704,0.2018107039488703,10.0
30200.0,302.0,0.0,,-1.2018096520826518,0.2018096520826517,10.0
30300.0,303.0,0.0,,-1.201809647807074,0.2018096478070741,10.0
30400.0,304.0,0.0,,-1.2018089959689715,0.2018089959689715,10.0
30500.0,305.0,0.0,,-1.201216523598212,0.2012165235982119,10.0
30700.0,307.0,0.0,,-1.2008850109480174,0.2008850109480173,10.0
30800.0,308.0,0.0,,-1.2008653665972735,0.2008653665972735,10.0
30900.0,309.0,0.0,,-1.2007779249714474,0.2007779249714474,10.0
31100.0,311.0,0.0,,-1.2007722342396372,0.2007722342396372,10.0
31300.0,313.0,0.0,,-1.2007721529529432,0.2007721529529431,10.0
31400.0,314.0,0.0,,-1.2007721100623088,0.2007721100623087,10.0
31500.0,315.0,0.0,,-1.2007346005119977,0.2007346005119976,10.0
32000.0,320.0,0.0,,-1.2007301899715437,0.2007301899715434,10.0
32100.0,321.0,0.0,,-1.2007135827407305,0.2007135827407302,10.0
32200.0,322.0,0.0,,-1.200710426676997,0.200710426676997,10.0
32300.0,323.0,0.0,,-1.200705622711915,0.200705622711915,10.0
32500.0,325.0,0.0,,-1.2006628056880415,0.2006628056880415,10.0
32600.0,326.0,0.0,,-1.2006615091941444,0.2006615091941443,10.0
32800.0,328.0,0.0,,-1.200660563019001,0.200660563019001,10.0
32900.0,329.0,0.0,,-1.200545058255372,0.200545058255372,10.0
33300.0,333.0,0.0,,-1.200542962937794,0.2005429629377939,10.0
33400.0,334.0,0.0,,-1.2004780382066744,0.2004780382066744,10.0
34100.0,341.0,0.0,,-1.2004213267160635,0.2004213267160635,10.0
34300.0,343.0,0.0,,-1.20033308400698,0.2003330840069801,10.0
34600.0,346.0,0.0,,-1.2003328493701648,0.2003328493701648,10.0
34700.0,347.0,0.0,,-1.2003327815982852,0.2003327815982851,10.0
34800.0,348.0,0.0,,-1.200258928126021,0.2002589281260209,10.0
35000.0,350.0,0.0,,-1.200229920708718,0.2002299207087181,10.0
35300.0,353.0,0.0,,-1.2002298714348834,0.2002298714348833,10.0
35600.0,356.0,0.0,,-1.2002298702565528,0.2002298702565528,10.0
35700.0,357.0,0.0,,-1.2002127016103166,0.2002127016103165,10.0
35800.0,358.0,0.0,,-1.2002119320460896,0.2002119320460895,10.0
36100.0,361.0,0.0,,-1.20020288738168,0.2002028873816801,10.0
36200.0,362.0,0.0,,-1.200202838222816,0.200202838222816,10.0
36300.0,363.0,0.0,,-1.200200245635379,0.200200245635379,10.0
36700.0,367.0,0.0,,-1.2001999299313164,0.2001999299313164,10.0
37000.0,370.0,0.0,,-1.200199876674071,0.2001998766740707,10.0
37100.0,371.0,0.0,,-1.2001998277786197,0.2001998277786196,10.0
37300.0,373.0,0.0,,-1.2001997760939247,0.2001997760939247,10.0
37500.0,375.0,0.0,,-1.2001621660047554,0.2001621660047554,10.0
37700.0,377.0,0.0,,-1.2001599740444897,0.2001599740444897,10.0
37800.0,378.0,0.0,,-1.200134337260293,0.200134337260293,10.0
38100.0,381.0,0.0,,-1.200117473693744,0.2001174736937441,10.0
38200.0,382.0,0.0,,-1.20007730215547,0.20007730215547,10.0
38400.0,384.0,0.0,,-1.2000761778724305,0.2000761778724304,10.0
38600.0,386.0,0.0,,-1.2000596603237843,0.2000596603237845,10.0
38800.0,388.0,0.0,,-1.2000005614977531,0.2000005614977531,10.0
38900.0,389.0,0.0,,-1.1999934175504106,0.1999934175504105,10.0
39100.0,391.0,0.0,,-1.1999496094304145,0.1999496094304143,10.0
39200.0,392.0,0.0,,-1.1999269960662855,0.1999269960662855,10.0
39300.0,393.0,0.0,,-1.199895520411599,0.199895520411599,10.0
39400.0,394.0,0.0,,-1.1998955176508594,0.1998955176508594,10.0
39500.0,395.0,0.0,,-1.1998954991673152,0.1998954991673152,10.0
39800.0,398.0,0.0,,-1.1998935835214253,0.1998935835214252,10.0
40000.0,400.0,0.0,,-1.1998890862915708,0.1998890862915707,10.0
40200.0,402.0,0.0,,-1.1848335786033588,0.1848335786033588,10.0
40500.0,405.0,0.0,,-1.1848335684131548,0.1848335684131548,10.0
40600.0,406.0,0.0,,-1.1836969937430497,0.1836969937430497,10.0
40900.0,409.0,0.0,,-1.177708317001822,0.1777083170018218,10.0
41000.0,410.0,0.0,,-1.1645207729597953,0.1645207729597952,10.0
41200.0,412.0,0.0,,-1.1638940523450227,0.1638940523450227,10.0
41400.0,414.0,0.0,,-1.1630008190922254,0.1630008190922254,10.0
41700.0,417.0,0.0,,-1.162996089759849,0.162996089759849,10.0
41900.0,419.0,0.0,,-1.1629956442056129,0.1629956442056128,10.0
42000.0,420.0,0.0,,-1.1629826989667968,0.1629826989667968,10.0
42100.0,421.0,0.0,,-1.1629637453074604,0.1629637453074603,10.0
42700.0,427.0,0.0,,-1.162962938503172,0.1629629385031719,10.0
42800.0,428.0,0.0,,-1.1629623460336251,0.1629623460336251,10.0
43100.0,431.0,0.0,,-1.1629619163459202,0.1629619163459201,10.0
43400.0,434.0,0.0,,-1.1629615519201344,0.1629615519201344,10.0
43500.0,435.0,0.0,,-1.1629615130284114,0.1629615130284114,10.0
43700.0,437.0,0.0,,-1.162961461738409,0.1629614617384089,10.0
43900.0,439.0,0.0,,-1.1629614599172502,0.1629614599172502,10.0
44000.0,440.0,0.0,,-1.1629611915418463,0.1629611915418463,10.0
44500.0,445.0,0.0,,-1.162961186408931,0.1629611864089313,10.0
44600.0,446.0,0.0,,-1.1629611832051403,0.1629611832051405,10.0
44700.0,447.0,0.0,,-1.1629611759293006,0.1629611759293006,10.0
44900.0,449.0,0.0,,-1.1629611649463594,0.1629611649463593,10.0
45100.0,451.0,0.0,,-1.1629611381144669,0.1629611381144666,10.0
45300.0,453.0,0.0,,-1.162961138111346,0.162961138111346,10.0
45500.0,455.0,0.0,,-1.162961138019226,0.1629611380192259,10.0
45700.0,457.0,0.0,,-1.1629611375620874,0.1629611375620874,10.0
46100.0,461.0,0.0,,-1.1629611375384217,0.1629611375384214,10.0
46200.0,462.0,0.0,,-1.1629611351977802,0.1629611351977802,10.0
46300.0,463.0,0.0,,-1.1629611351976552,0.1629611351976552,10.0
46400.0,464.0,0.0,,-1.162961135116866,0.162961135116866,10.0
46500.0,465.0,0.0,,-1.1629611294880102,0.1629611294880102,10.0
46700.0,467.0,0.0,,-1.1629611294440183,0.1629611294440183,10.0
47000.0,470.0,0.0,,-1.162961129407748,0.1629611294077479,10.0
47300.0,473.0,0.0,,-1.162961129404771,0.162961129404771,10.0
47500.0,475.0,0.0,,-1.1629611294041178,0.1629611294041177,10.0
47700.0,477.0,0.0,,-1.162961129404107,0.1629611294041066,10.0
47800.0,478.0,0.0,,-1.1629611294039517,0.1629611294039517,10.0
48000.0,480.0,0.0,,-1.1629611294037845,0.1629611294037845,10.0
48100.0,481.0,0.0,,-1.1629611294037567,0.1629611294037567,10.0
48200.0,482.0,0.0,,-1.1629611294037503,0.1629611294037505,10.0
48300.0,483.0,0.0,,-1.1629611294035278,0.1629611294035278,10.0
48400.0,484.0,0.0,,-1.1629611294029312,0.1629611294029311,10.0
48600.0,486.0,0.0,,-1.1629611294026734,0.1629611294026733,10.0
48900.0,489.0,0.0,,-1.1629611294025954,0.1629611294025954,10.0
49000.0,490.0,0.0,,-1.1629611294025195,0.1629611294025197,10.0
49300.0,493.0,0.0,,-1.1629611294024276,0.1629611294024275,10.0
49800.0,498.0,0.0,,-1.162961129402423,0.1629611294024227,10.0
50000.0,500.0,0.0,,-1.1629611294024162,0.1629611294024162,10.0
50200.0,502.0,0.0,,-1.1629611294024058,0.1629611294024058,10.0
50800.0,508.0,0.0,,-1.1629611294024036,0.1629611294024036,10.0
51000.0,510.0,0.0,,-1.1629611294024031,0.1629611294024031,10.0
51200.0,512.0,0.0,,-1.162961129402403,0.1629611294024029,10.0
51300.0,513.0,0.0,,-1.1629611294024027,0.1629611294024027,10.0
51400.0,514.0,0.0,,-1.1629611294024025,0.1629611294024022,10.0
51600.0,516.0,0.0,,-1.1629611294024014,0.1629611294024013,10.0
51800.0,518.0,0.0,,-1.1629611294024,0.1629611294024,10.0
52400.0,524.0,0.0,,-1.1629611294023996,0.1629611294023996,10.0
53200.0,532.0,0.0,,-1.1629611294023994,0.1629611294023993,10.0
54200.0,542.0,0.0,,-1.1629611294023992,0.1629611294023991,10.0
142300.0,1423.0,0.0,,-1.162961129402345,0.1629611294023449,10.0
142400.0,1424.0,0.0,,-1.1629611294023412,0.1629611294023412,10.0
142700.0,1427.0,0.0,,-1.1629611294023403,0.1629611294023405,10.0
142900.0,1429.0,0.0,,-1.16296112940234,0.1629611294023401,10.0
143000.0,1430.0,0.0,,-1.1629611294023396,0.1629611294023396,10.0
143100.0,1431.0,0.0,,-1.162961129402338,0.1629611294023378,10.0
143600.0,1436.0,0.0,,-1.1629611294023376,0.1629611294023376,10.0
200100.0,2001.0,0.0,,-1.1629611294023114,0.1629611294023114,10.0
200500.0,2005.0,0.0,,-1.1629611294023112,0.1629611294023112,10.0
200700.0,2007.0,0.0,,-1.1629611294023103,0.1629611294023103,10.0
201100.0,2011.0,0.0,,-1.16296112940231,0.1629611294023101,10.0
100.0,1.0,0.0,,-1.8822125971868089,0.8822125971868089,11.0
200.0,2.0,0.0,,-1.871906489419627,0.8719064894196269,11.0
300.0,3.0,0.0,,-1.8474641084601309,0.8474641084601309,11.0
400.0,4.0,0.0,,-1.774741446810772,0.7747414468107721,11.0
500.0,5.0,0.0,,-1.748942218617991,0.748942218617991,11.0
700.0,7.0,0.0,,-1.730282124991558,0.7302821249915579,11.0
800.0,8.0,0.0,,-1.7157908785338098,0.7157908785338098,11.0
900.0,9.0,0.0,,-1.6754681774780642,0.6754681774780642,11.0
1000.0,10.0,0.0,,-1.6016256663103254,0.6016256663103254,11.0
1100.0,11.0,0.0,,-1.601227337972193,0.6012273379721931,11.0
1200.0,12.0,0.0,,-1.600893011102679,0.6008930111026787,11.0
1300.0,13.0,0.0,,-1.5758593728743815,0.5758593728743815,11.0
1400.0,14.0,0.0,,-1.5474565990455569,0.5474565990455567,11.0
1500.0,15.0,0.0,,-1.511756812811012,0.5117568128110119,11.0
1600.0,16.0,0.0,,-1.4993955830230572,0.4993955830230572,11.0
1700.0,17.0,0.0,,-1.479469564886094,0.479469564886094,11.0
1800.0,18.0,0.0,,-1.4541177072544684,0.4541177072544684,11.0
2000.0,20.0,0.0,,-1.418397722450916,0.4183977224509159,11.0
2100.0,21.0,0.0,,-1.3786616997511378,0.3786616997511378,11.0
2200.0,22.0,0.0,,-1.3712795357365524,0.3712795357365523,11.0
2300.0,23.0,0.0,,-1.3661618352651677,0.3661618352651676,11.0
2400.0,24.0,0.0,,-1.3626499661438352,0.3626499661438351,11.0
2500.0,25.0,0.0,,-1.3458976116481003,0.3458976116481003,11.0
2600.0,26.0,0.0,,-1.3341238899000785,0.3341238899000784,11.0
2700.0,27.0,0.0,,-1.3126777034060115,0.3126777034060115,11.0
2800.0,28.0,0.0,,-1.3119357541247394,0.3119357541247394,11.0
2900.0,29.0,0.0,,-1.300448192263564,0.300448192263564,11.0
3000.0,30.0,0.0,,-1.2969081110313474,0.2969081110313474,11.0
3100.0,31.0,0.0,,-1.2926871884346978,0.2926871884346977,11.0
3200.0,32.0,0.0,,-1.2782902299950258,0.2782902299950258,11.0
3400.0,34.0,0.0,,-1.2774543924698845,0.2774543924698844,11.0
3500.0,35.0,0.0,,-1.2617543762232346,0.2617543762232346,11.0
3600.0,36.0,0.0,,-1.2604068947167542,0.2604068947167541,11.0
3700.0,37.0,0.0,,-1.2539592392268168,0.2539592392268168,11.0
3900.0,39.0,0.0,,-1.250662641965913,0.250662641965913,11.0
4100.0,41.0,0.0,,-1.2479139757863815,0.2479139757863815,11.0
4300.0,43.0,0.0,,-1.2475239743045026,0.2475239743045025,11.0
4600.0,46.0,0.0,,-1.2461837254920938,0.2461837254920937,11.0
5200.0,52.0,0.0,,-1.246050156048096,0.2460501560480958,11.0
5700.0,57.0,0.0,,-1.2460331488586938,0.2460331488586937,11.0
5900.0,59.0,0.0,,-1.24576439094724,0.24576439094724,11.0
6200.0,62.0,0.0,,-1.2456383992080573,0.2456383992080573,11.0
6600.0,66.0,0.0,,-1.2449799557631285,0.2449799557631282,11.0
7200.0,72.0,0.0,,-1.2449175061884106,0.2449175061884105,11.0
7300.0,73.0,0.0,,-1.244915593017499,0.2449155930174991,11.0
7400.0,74.0,0.0,,-1.244914874041187,0.244914874041187,11.0
7600.0,76.0,0.0,,-1.244733032370762,0.2447330323707619,11.0
7700.0,77.0,0.0,,-1.244585393437705,0.2445853934377049,11.0
8000.0,80.0,0.0,,-1.2445807950138816,0.2445807950138816,11.0
8100.0,81.0,0.0,,-1.2438858483422135,0.2438858483422137,11.0
8500.0,85.0,0.0,,-1.2438464472384594,0.2438464472384593,11.0
8800.0,88.0,0.0,,-1.243844359840226,0.243844359840226,11.0
8900.0,89.0,0.0,,-1.2438365991145872,0.2438365991145872,11.0
9000.0,90.0,0.0,,-1.2351884576989078,0.2351884576989078,11.0
9300.0,93.0,0.0,,-1.2283899743109972,0.2283899743109971,11.0
9400.0,94.0,0.0,,-1.228203587391575,0.2282035873915753,11.0
9500.0,95.0,0.0,,-1.219449167790172,0.2194491677901719,11.0
9700.0,97.0,0.0,,-1.2192637337578147,0.2192637337578147,11.0
9800.0,98.0,0.0,,-1.2162109028283223,0.2162109028283223,11.0
9900.0,99.0,0.0,,-1.2162071758806348,0.2162071758806347,11.0
10100.0,101.0,0.0,,-1.2045321411295764,0.2045321411295764,11.0
10600.0,106.0,0.0,,-1.2041309654612042,0.2041309654612042,11.0
10900.0,109.0,0.0,,-1.2040957000082904,0.2040957000082903,11.0
11000.0,110.0,0.0,,-1.2040329563724996,0.2040329563724996,11.0
11100.0,111.0,0.0,,-1.203832550813783,0.203832550813783,11.0
11200.0,112.0,0.0,,-1.2028580907472577,0.2028580907472577,11.0
11500.0,115.0,0.0,,-1.202715458559816,0.2027154585598161,11.0
11900.0,119.0,0.0,,-1.2026486736208022,0.2026486736208022,11.0
12100.0,121.0,0.0,,-1.2026448531187373,0.2026448531187372,11.0
12200.0,122.0,0.0,,-1.2026349327841264,0.2026349327841263,11.0
12400.0,124.0,0.0,,-1.202598927480193,0.2025989274801929,11.0
12500.0,125.0,0.0,,-1.2012861007458144,0.2012861007458144,11.0
12600.0,126.0,0.0,,-1.2012820062977756,0.2012820062977756,11.0
12700.0,127.0,0.0,,-1.201212076416553,0.201212076416553,11.0
12800.0,128.0,0.0,,-1.2012100827049048,0.2012100827049048,11.0
12900.0,129.0,0.0,,-1.2012094559040083,0.2012094559040083,11.0
13000.0,130.0,0.0,,-1.2011020029701098,0.2011020029701098,11.0
13200.0,132.0,0.0,,-1.2009766130734902,0.2009766130734902,11.0
13400.0,134.0,0.0,,-1.2009691653450545,0.2009691653450542,11.0
13600.0,136.0,0.0,,-1.2009690267888178,0.2009690267888177,11.0
13800.0,138.0,0.0,,-1.200969003487878,0.2009690034878779,11.0
13900.0,139.0,0.0,,-1.1787412132676334,0.1787412132676333,11.0
14300.0,143.0,0.0,,-1.176508343574546,0.176508343574546,11.0
14500.0,145.0,0.0,,-1.1737380406350957,0.1737380406350954,11.0
14600.0,146.0,0.0,,-1.166733306632752,0.1667333066327518,11.0
14800.0,148.0,0.0,,-1.1667230129794064,0.1667230129794064,11.0
15000.0,150.0,0.0,,-1.1653207778307153,0.1653207778307153,11.0
15600.0,156.0,0.0,,-1.1649245904469503,0.1649245904469505,11.0
15700.0,157.0,0.0,,-1.1647867624197057,0.1647867624197054,11.0
15800.0,158.0,0.0,,-1.1646980600461498,0.1646980600461498,11.0
15900.0,159.0,0.0,,-1.1643952117598917,0.1643952117598917,11.0
16000.0,160.0,0.0,,-1.1641724478828188,0.1641724478828188,11.0
16100.0,161.0,0.0,,-1.1640759267572989,0.1640759267572986,11.0
16400.0,164.0,0.0,,-1.1640739624217735,0.1640739624217735,11.0
16500.0,165.0,0.0,,-1.1632659201982067,0.1632659201982067,11.0
17000.0,170.0,0.0,,-1.1632566473319357,0.1632566473319356,11.0
17500.0,175.0,0.0,,-1.1632201586198163,0.1632201586198163,11.0
17600.0,176.0,0.0,,-1.1631872232501086,0.1631872232501086,11.0
17700.0,177.0,0.0,,-1.1631645619813216,0.1631645619813215,11.0
17800.0,178.0,0.0,,-1.1630979542995843,0.1630979542995845,11.0
18000.0,180.0,0.0,,-1.1630344022334005,0.1630344022334005,11.0
18200.0,182.0,0.0,,-1.1630021753867568,0.1630021753867567,11.0
18500.0,185.0,0.0,,-1.1629767370797996,0.1629767370797996,11.0
18900.0,189.0,0.0,,-1.162975260315283,0.1629752603152829,11.0
19000.0,190.0,0.0,,-1.1629745641486613,0.1629745641486613,11.0
19100.0,191.0,0.0,,-1.162974127303814,0.1629741273038141,11.0
19300.0,193.0,0.0,,-1.1629736866768208,0.1629736866768207,11.0
19700.0,197.0,0.0,,-1.162973022746004,0.162973022746004,11.0
19900.0,199.0,0.0,,-1.1629719131035556,0.1629719131035556,11.0
20000.0,200.0,0.0,,-1.16297132061018,0.1629713206101799,11.0
20100.0,201.0,0.0,,-1.1629674427193504,0.1629674427193503,11.0
20200.0,202.0,0.0,,-1.1629663267732993,0.1629663267732992,11.0
20300.0,203.0,0.0,,-1.1629656766774443,0.1629656766774443,11.0
20600.0,206.0,0.0,,-1.1629654297899332,0.1629654297899332,11.0
21100.0,211.0,0.0,,-1.1629654250300308,0.1629654250300307,11.0
21200.0,212.0,0.0,,-1.1629617201929177,0.1629617201929176,11.0
21300.0,213.0,0.0,,-1.162961331900792,0.1629613319007918,11.0
21500.0,215.0,0.0,,-1.1629611713343408,0.1629611713343408,11.0
21900.0,219.0,0.0,,-1.162961141383264,0.1629611413832641,11.0
22300.0,223.0,0.0,,-1.162961140811214,0.1629611408112139,11.0
22400.0,224.0,0.0,,-1.1629611353685774,0.1629611353685773,11.0
22600.0,226.0,0.0,,-1.1629611343377022,0.1629611343377022,11.0
22700.0,227.0,0.0,,-1.162961129902484,0.162961129902484,11.0
23400.0,234.0,0.0,,-1.1629611294060185,0.1629611294060182,11.0
23600.0,236.0,0.0,,-1.1629611294032267,0.1629611294032267,11.0
23700.0,237.0,0.0,,-1.1629611294028968,0.1629611294028967,11.0
24400.0,244.0,0.0,,-1.1629611294028297,0.1629611294028297,11.0
24500.0,245.0,0.0,,-1.1629611294024065,0.1629611294024062,11.0
25200.0,252.0,0.0,,-1.162961129402331,0.1629611294023309,11.0
25300.0,253.0,0.0,,-1.1629611294023254,0.1629611294023254,11.0
25400.0,254.0,0.0,,-1.162961129402321,0.162961129402321,11.0
25800.0,258.0,0.0,,-1.1629611294023046,0.1629611294023045,11.0
25900.0,259.0,0.0,,-1.162961129402297,0.162961129402297,11.0
26000.0,260.0,0.0,,-1.162961129402272,0.1629611294022719,11.0
26200.0,262.0,0.0,,-1.16296112940224,0.1629611294022399,11.0
26900.0,269.0,0.0,,-1.1629611294022386,0.1629611294022386,11.0
27500.0,275.0,0.0,,-1.1629611294022355,0.1629611294022355,11.0
28900.0,289.0,0.0,,-1.1618158566429466,0.1618158566429466,11.0
29000.0,290.0,0.0,,-1.1557105636724212,0.1557105636724212,11.0
29100.0,291.0,0.0,,-1.1557105610202123,0.1557105610202125,11.0
29200.0,292.0,0.0,,-1.1506749494862358,0.1506749494862358,11.0
29500.0,295.0,0.0,,-1.1506740633096244,0.1506740633096244,11.0
29700.0,297.0,0.0,,-1.1506648442878156,0.1506648442878155,11.0
29900.0,299.0,0.0,,-1.150031854888342,0.1500318548883419,11.0
30000.0,300.0,0.0,,-1.1491132771251773,0.1491132771251773,11.0
30100.0,301.0,0.0,,-1.148676630518604,0.148676630518604,11.0
30200.0,302.0,0.0,,-1.1471268725531658,0.1471268725531658,11.0
30300.0,303.0,0.0,,-1.139977120579775,0.139977120579775,11.0
30400.0,304.0,0.0,,-1.1384179002036048,0.1384179002036047,11.0
30600.0,306.0,0.0,,-1.1384020299967872,0.1384020299967872,11.0
30700.0,307.0,0.0,,-1.1383711102647267,0.1383711102647267,11.0
30800.0,308.0,0.0,,-1.1383691274540613,0.1383691274540612,11.0
31200.0,312.0,0.0,,-1.1383685604679312,0.1383685604679312,11.0
32100.0,321.0,0.0,,-1.1383685604663392,0.1383685604663391,11.0
32200.0,322.0,0.0,,-1.1383685592710309,0.1383685592710308,11.0
32600.0,326.0,0.0,,-1.1383685591575956,0.1383685591575956,11.0
33000.0,330.0,0.0,,-1.1383685591573478,0.1383685591573478,11.0
33300.0,333.0,0.0,,-1.1383685591573407,0.1383685591573407,11.0
33700.0,337.0,0.0,,-1.1383685591573118,0.1383685591573118,11.0
33800.0,338.0,0.0,,-1.1383685591573098,0.1383685591573098,11.0
33900.0,339.0,0.0,,-1.1383685591573087,0.1383685591573087,11.0
34000.0,340.0,0.0,,-1.1383685591573058,0.1383685591573058,11.0
34200.0,342.0,0.0,,-1.1383685591573047,0.1383685591573047,11.0
34400.0,344.0,0.0,,-1.1383685591573012,0.1383685591573011,11.0
35000.0,350.0,0.0,,-1.1383685591573007,0.1383685591573007,11.0
112500.0,1125.0,0.0,,-1.134087017408088,0.1340870174080881,11.0
112600.0,1126.0,0.0,,-1.133963543822777,0.1339635438227771,11.0
113000.0,1130.0,0.0,,-1.133916205039676,0.133916205039676,11.0
113100.0,1131.0,0.0,,-1.1339158339572195,0.1339158339572195,11.0
113200.0,1132.0,0.0,,-1.1339149292358184,0.1339149292358183,11.0
113300.0,1133.0,0.0,,-1.133902879079688,0.1339028790796879,11.0
113500.0,1135.0,0.0,,-1.1337905820029563,0.1337905820029563,11.0
113700.0,1137.0,0.0,,-1.1337902008757017,0.1337902008757014,11.0
113800.0,1138.0,0.0,,-1.1337894039021603,0.1337894039021603,11.0
113900.0,1139.0,0.0,,-1.1337863601291018,0.1337863601291018,11.0
114100.0,1141.0,0.0,,-1.133776033672432,0.133776033672432,11.0
114200.0,1142.0,0.0,,-1.13377577439008,0.13377577439008,11.0
114300.0,1143.0,0.0,,-1.1337757351532458,0.1337757351532458,11.0
114400.0,1144.0,0.0,,-1.1337736354536982,0.1337736354536982,11.0
114500.0,1145.0,0.0,,-1.1337730854217516,0.1337730854217516,11.0
114600.0,1146.0,0.0,,-1.1337716770524684,0.1337716770524684,11.0
114700.0,1147.0,0.0,,-1.1337712930982216,0.1337712930982215,11.0
114900.0,1149.0,0.0,,-1.133771286618049,0.1337712866180489,11.0
115000.0,1150.0,0.0,,-1.1337712440722547,0.1337712440722547,11.0
115500.0,1155.0,0.0,,-1.133771240732791,0.1337712407327906,11.0
115900.0,1159.0,0.0,,-1.133771238443692,0.133771238443692,11.0
116100.0,1161.0,0.0,,-1.1337712331989314,0.1337712331989313,11.0
116200.0,1162.0,0.0,,-1.1337150354300018,0.1337150354300018,11.0
116600.0,1166.0,0.0,,-1.1337147770403952,0.1337147770403952,11.0
116700.0,1167.0,0.0,,-1.1337140950336917,0.1337140950336917,11.0
116800.0,1168.0,0.0,,-1.1337126809511175,0.1337126809511175,11.0
116900.0,1169.0,0.0,,-1.1337116992785885,0.1337116992785882,11.0
117000.0,1170.0,0.0,,-1.1337112051807858,0.1337112051807858,11.0
117100.0,1171.0,0.0,,-1.133711118889551,0.133711118889551,11.0
117300.0,1173.0,0.0,,-1.1337027256133407,0.1337027256133407,11.0
117400.0,1174.0,0.0,,-1.1337025262220448,0.1337025262220448,11.0
117500.0,1175.0,0.0,,-1.1337015535484685,0.1337015535484684,11.0
117600.0,1176.0,0.0,,-1.1336952361445891,0.1336952361445891,11.0
117800.0,1178.0,0.0,,-1.1336919895410091,0.1336919895410091,11.0
117900.0,1179.0,0.0,,-1.1336852546429916,0.1336852546429916,11.0
118100.0,1181.0,0.0,,-1.1336836493988265,0.1336836493988262,11.0
118200.0,1182.0,0.0,,-1.133683549986655,0.1336835499866553,11.0
118300.0,1183.0,0.0,,-1.133681595801623,0.1336815958016231,11.0
118400.0,1184.0,0.0,,-1.1336807650107117,0.1336807650107114,11.0
118500.0,1185.0,0.0,,-1.1336807071037127,0.1336807071037127,11.0
118600.0,1186.0,0.0,,-1.133680673436995,0.133680673436995,11.0
118900.0,1189.0,0.0,,-1.1336806564624324,0.1336806564624324,11.0
119300.0,1193.0,0.0,,-1.1336806563125106,0.1336806563125105,11.0
119400.0,1194.0,0.0,,-1.133680651243798,0.133680651243798,11.0
119900.0,1199.0,0.0,,-1.13368065063007,0.13368065063007,11.0
120100.0,1201.0,0.0,,-1.1336806506300563,0.1336806506300563,11.0
120200.0,1202.0,0.0,,-1.1336806504658126,0.1336806504658125,11.0
120400.0,1204.0,0.0,,-1.1336806504532877,0.1336806504532877,11.0
120500.0,1205.0,0.0,,-1.1336806503971193,0.1336806503971193,11.0
120600.0,1206.0,0.0,,-1.1336806503781351,0.1336806503781351,11.0
120700.0,1207.0,0.0,,-1.1336806503720835,0.1336806503720835,11.0
121000.0,1210.0,0.0,,-1.13361651966778,0.1336165196677801,11.0
121200.0,1212.0,0.0,,-1.1336165157693363,0.1336165157693363,11.0
121400.0,1214.0,0.0,,-1.1336163154934027,0.1336163154934027,11.0
121500.0,1215.0,0.0,,-1.1336163148552434,0.1336163148552434,11.0
121600.0,1216.0,0.0,,-1.1335972380005055,0.1335972380005057,11.0
121900.0,1219.0,0.0,,-1.1335972379930257,0.1335972379930254,11.0
122200.0,1222.0,0.0,,-1.133558474051461,0.133558474051461,11.0
122900.0,1229.0,0.0,,-1.1335573363435043,0.1335573363435045,11.0
123300.0,1233.0,0.0,,-1.1335566676847066,0.1335566676847066,11.0
123400.0,1234.0,0.0,,-1.1335553252213797,0.1335553252213794,11.0
123600.0,1236.0,0.0,,-1.1335551638593078,0.1335551638593077,11.0
123900.0,1239.0,0.0,,-1.1335551213474535,0.1335551213474535,11.0
124100.0,1241.0,0.0,,-1.1335551198687337,0.1335551198687334,11.0
124200.0,1242.0,0.0,,-1.1335551197246674,0.1335551197246673,11.0
124300.0,1243.0,0.0,,-1.1335551171423317,0.1335551171423317,11.0
124400.0,1244.0,0.0,,-1.13355511713621,0.1335551171362099,11.0
124600.0,1246.0,0.0,,-1.1335551167619344,0.1335551167619344,11.0
124700.0,1247.0,0.0,,-1.133555116679181,0.133555116679181,11.0
124800.0,1248.0,0.0,,-1.1335551165929183,0.1335551165929183,11.0
125000.0,1250.0,0.0,,-1.1335551165929167,0.1335551165929167,11.0
125200.0,1252.0,0.0,,-1.1335551163994475,0.1335551163994475,11.0
125400.0,1254.0,0.0,,-1.1335551161544548,0.1335551161544548,11.0
125500.0,1255.0,0.0,,-1.1335153851751265,0.1335153851751265,11.0
125800.0,1258.0,0.0,,-1.1334480881598157,0.1334480881598154,11.0
126000.0,1260.0,0.0,,-1.1333979880062284,0.1333979880062283,11.0
126300.0,1263.0,0.0,,-1.133386775961559,0.133386775961559,11.0
126400.0,1264.0,0.0,,-1.1333523399164749,0.1333523399164746,11.0
126500.0,1265.0,0.0,,-1.1333501371952648,0.1333501371952647,11.0
126600.0,1266.0,0.0,,-1.133349415548292,0.1333494155482919,11.0
126700.0,1267.0,0.0,,-1.1333494155156127,0.1333494155156127,11.0
127100.0,1271.0,0.0,,-1.133349308406736,0.1333493084067361,11.0
127200.0,1272.0,0.0,,-1.133348957108431,0.1333489571084309,11.0
127400.0,1274.0,0.0,,-1.1333463401149162,0.1333463401149162,11.0
127500.0,1275.0,0.0,,-1.133290323793806,0.1332903237938061,11.0
127700.0,1277.0,0.0,,-1.133290230062459,0.133290230062459,11.0
128000.0,1280.0,0.0,,-1.1332752486083812,0.1332752486083812,11.0
128300.0,1283.0,0.0,,-1.1332741371332935,0.1332741371332935,11.0
128500.0,1285.0,0.0,,-1.1332727943498344,0.1332727943498344,11.0
128700.0,1287.0,0.0,,-1.133270475010053,0.133270475010053,11.0
129000.0,1290.0,0.0,,-1.1332693040756454,0.1332693040756454,11.0
129400.0,1294.0,0.0,,-1.1332692882794315,0.1332692882794317,11.0
129600.0,1296.0,0.0,,-1.1332692854579094,0.1332692854579094,11.0
129700.0,1297.0,0.0,,-1.1332692502968846,0.1332692502968846,11.0
130000.0,1300.0,0.0,,-1.1332692502749602,0.1332692502749601,11.0
130500.0,1305.0,0.0,,-1.1332692490893073,0.1332692490893072,11.0
130800.0,1308.0,0.0,,-1.1332692490581766,0.1332692490581766,11.0
130900.0,1309.0,0.0,,-1.1332692489721825,0.1332692489721825,11.0
131100.0,1311.0,0.0,,-1.1332692489719325,0.1332692489719322,11.0
131400.0,1314.0,0.0,,-1.133269248911971,0.1332692489119706,11.0
131500.0,1315.0,0.0,,-1.1332692488429348,0.1332692488429347,11.0
131600.0,1316.0,0.0,,-1.133269248838065,0.1332692488380649,11.0
132000.0,1320.0,0.0,,-1.1332692488373473,0.1332692488373472,11.0
132100.0,1321.0,0.0,,-1.133269248835566,0.133269248835566,11.0
132300.0,1323.0,0.0,,-1.133269248834698,0.133269248834698,11.0
132400.0,1324.0,0.0,,-1.1332692488346248,0.1332692488346247,11.0
132500.0,1325.0,0.0,,-1.1332295825275231,0.1332295825275231,11.0
132600.0,1326.0,0.0,,-1.1332293250479948,0.1332293250479947,11.0
132700.0,1327.0,0.0,,-1.1331162728797968,0.1331162728797967,11.0
133200.0,1332.0,0.0,,-1.1331162631800455,0.1331162631800455,11.0
133300.0,1333.0,0.0,,-1.1331017610310248,0.1331017610310247,11.0
133400.0,1334.0,0.0,,-1.1330900612754782,0.1330900612754781,11.0
133500.0,1335.0,0.0,,-1.1330876145442017,0.1330876145442017,11.0
133700.0,1337.0,0.0,,-1.1330812033751656,0.1330812033751656,11.0
133800.0,1338.0,0.0,,-1.133074648698318,0.1330746486983178,11.0
133900.0,1339.0,0.0,,-1.13307088754762,0.1330708875476198,11.0
134000.0,1340.0,0.0,,-1.1330699127976218,0.1330699127976218,11.0
134100.0,1341.0,0.0,,-1.1330641127064864,0.1330641127064864,11.0
134300.0,1343.0,0.0,,-1.1330627270154012,0.1330627270154012,11.0
134400.0,1344.0,0.0,,-1.1330616216479965,0.1330616216479965,11.0
134500.0,1345.0,0.0,,-1.1330607335042269,0.1330607335042268,11.0
134600.0,1346.0,0.0,,-1.1330605618586842,0.1330605618586842,11.0
134700.0,1347.0,0.0,,-1.1330605010850798,0.1330605010850798,11.0
134800.0,1348.0,0.0,,-1.1330603369010082,0.1330603369010081,11.0
134900.0,1349.0,0.0,,-1.1330244139286445,0.1330244139286442,11.0
135000.0,1350.0,0.0,,-1.133007092864226,0.1330070928642259,11.0
135100.0,1351.0,0.0,,-1.1330058631239932,0.1330058631239932,11.0
135200.0,1352.0,0.0,,-1.132979340243403,0.1329793402434029,11.0
135400.0,1354.0,0.0,,-1.132968784311013,0.132968784311013,11.0
135500.0,1355.0,0.0,,-1.1329243121989578,0.1329243121989578,11.0
135700.0,1357.0,0.0,,-1.1329243121386368,0.1329243121386367,11.0
136000.0,1360.0,0.0,,-1.1329222871890008,0.1329222871890008,11.0
136100.0,1361.0,0.0,,-1.1329125253716088,0.1329125253716088,11.0
136400.0,1364.0,0.0,,-1.132911760598556,0.1329117605985559,11.0
136500.0,1365.0,0.0,,-1.132911699392556,0.1329116993925558,11.0
136800.0,1368.0,0.0,,-1.1329114781067895,0.1329114781067895,11.0
137000.0,1370.0,0.0,,-1.1328849001256358,0.1328849001256358,11.0
137100.0,1371.0,0.0,,-1.1328843957432333,0.1328843957432333,11.0
137300.0,1373.0,0.0,,-1.1328841641215297,0.1328841641215294,11.0
137600.0,1376.0,0.0,,-1.132884159579331,0.132884159579331,11.0
137800.0,1378.0,0.0,,-1.132884149405715,0.1328841494057149,11.0
138100.0,1381.0,0.0,,-1.1328841426451357,0.1328841426451357,11.0
138400.0,1384.0,0.0,,-1.1328841213344854,0.1328841213344853,11.0
138600.0,1386.0,0.0,,-1.1328841142291934,0.1328841142291934,11.0
138900.0,1389.0,0.0,,-1.1328841117163877,0.1328841117163877,11.0
139000.0,1390.0,0.0,,-1.1328841111155477,0.1328841111155476,11.0
139100.0,1391.0,0.0,,-1.13288411109551,0.1328841110955101,11.0
139200.0,1392.0,0.0,,-1.132884110576421,0.1328841105764207,11.0
139500.0,1395.0,0.0,,-1.1328841105300078,0.1328841105300078,11.0
139800.0,1398.0,0.0,,-1.132884110487249,0.1328841104872486,11.0
140000.0,1400.0,0.0,,-1.132884110479219,0.1328841104792193,11.0
140200.0,1402.0,0.0,,-1.132884110477781,0.1328841104777809,11.0
140400.0,1404.0,0.0,,-1.1328841104777316,0.1328841104777316,11.0
140800.0,1408.0,0.0,,-1.1328841104776854,0.1328841104776854,11.0
140900.0,1409.0,0.0,,-1.13288411047768,0.1328841104776801,11.0
141200.0,1412.0,0.0,,-1.1328841104776697,0.1328841104776696,11.0
141300.0,1413.0,0.0,,-1.1328841104775726,0.1328841104775726,11.0
141400.0,1414.0,0.0,,-1.13288411047754,0.13288411047754,11.0
141500.0,1415.0,0.0,,-1.1328841104775296,0.1328841104775295,11.0
141700.0,1417.0,0.0,,-1.132884110477529,0.1328841104775286,11.0
142000.0,1420.0,0.0,,-1.1328841104775285,0.1328841104775284,11.0
142300.0,1423.0,0.0,,-1.1328841104775282,0.1328841104775282,11.0
142500.0,1425.0,0.0,,-1.132884110477528,0.132884110477528,11.0
142600.0,1426.0,0.0,,-1.1328841104775274,0.1328841104775273,11.0
142700.0,1427.0,0.0,,-1.1328841104775271,0.1328841104775271,11.0
143200.0,1432.0,0.0,,-1.132884110477527,0.1328841104775266,11.0
143300.0,1433.0,0.0,,-1.132879084667739,0.132879084667739,11.0
143600.0,1436.0,0.0,,-1.1328789907529568,0.1328789907529568,11.0
143800.0,1438.0,0.0,,-1.1328786641371718,0.1328786641371717,11.0
143900.0,1439.0,0.0,,-1.1328786505082171,0.1328786505082171,11.0
144100.0,1441.0,0.0,,-1.1328786501342345,0.1328786501342342,11.0
144200.0,1442.0,0.0,,-1.1328786486385,0.1328786486385,11.0
144300.0,1443.0,0.0,,-1.1328786175155794,0.1328786175155794,11.0
144400.0,1444.0,0.0,,-1.1328785932712226,0.1328785932712226,11.0
144800.0,1448.0,0.0,,-1.1328785916457236,0.1328785916457235,11.0
144900.0,1449.0,0.0,,-1.1328785878592438,0.1328785878592437,11.0
145100.0,1451.0,0.0,,-1.1328785453821468,0.1328785453821468,11.0
145200.0,1452.0,0.0,,-1.1328785434896251,0.1328785434896251,11.0
145400.0,1454.0,0.0,,-1.1328785432168964,0.1328785432168964,11.0
145500.0,1455.0,0.0,,-1.1328785414441749,0.1328785414441748,11.0
145600.0,1456.0,0.0,,-1.1328785411740707,0.1328785411740707,11.0
145700.0,1457.0,0.0,,-1.1328785411737554,0.1328785411737554,11.0
146000.0,1460.0,0.0,,-1.1328785394961849,0.1328785394961849,11.0
146100.0,1461.0,0.0,,-1.132878538833849,0.1328785388338489,11.0
146200.0,1462.0,0.0,,-1.1328785313506236,0.1328785313506235,11.0
146400.0,1464.0,0.0,,-1.1328785301280728,0.1328785301280728,11.0
146600.0,1466.0,0.0,,-1.1328785282242704,0.1328785282242703,11.0
146900.0,1469.0,0.0,,-1.1328785275549562,0.1328785275549562,11.0
147000.0,1470.0,0.0,,-1.1328785160933004,0.1328785160933003,11.0
147200.0,1472.0,0.0,,-1.1328784985303968,0.1328784985303968,11.0
147500.0,1475.0,0.0,,-1.1328491132719216,0.1328491132719216,11.0
147700.0,1477.0,0.0,,-1.132849108716119,0.132849108716119,11.0
147800.0,1478.0,0.0,,-1.132841099844314,0.1328410998443139,11.0
147900.0,1479.0,0.0,,-1.1328392842639106,0.1328392842639105,11.0
148400.0,1484.0,0.0,,-1.1326971699101025,0.1326971699101022,11.0
148500.0,1485.0,0.0,,-1.1326567584964586,0.1326567584964586,11.0
149200.0,1492.0,0.0,,-1.1326567396697804,0.1326567396697804,11.0
149300.0,1493.0,0.0,,-1.132656587351022,0.1326565873510219,11.0
149400.0,1494.0,0.0,,-1.1326565272681948,0.1326565272681947,11.0
149600.0,1496.0,0.0,,-1.1326563962948275,0.1326563962948275,11.0
149700.0,1497.0,0.0,,-1.132656390419268,0.1326563904192679,11.0
149800.0,1498.0,0.0,,-1.1326563595254238,0.1326563595254237,11.0
150000.0,1500.0,0.0,,-1.132656335274179,0.1326563352741789,11.0
150200.0,1502.0,0.0,,-1.1326563330280524,0.1326563330280523,11.0
150300.0,1503.0,0.0,,-1.1326562971387812,0.1326562971387812,11.0
150400.0,1504.0,0.0,,-1.1326562963069724,0.1326562963069724,11.0
150500.0,1505.0,0.0,,-1.1326562896317691,0.1326562896317693,11.0
150600.0,1506.0,0.0,,-1.132656283651297,0.132656283651297,11.0
150700.0,1507.0,0.0,,-1.1326562835020328,0.1326562835020328,11.0
150800.0,1508.0,0.0,,-1.1326035262348817,0.1326035262348814,11.0
151000.0,1510.0,0.0,,-1.1325922203303134,0.1325922203303133,11.0
151100.0,1511.0,0.0,,-1.1325918576577787,0.1325918576577787,11.0
151200.0,1512.0,0.0,,-1.1325636801832806,0.1325636801832805,11.0
151300.0,1513.0,0.0,,-1.1325513552817743,0.1325513552817743,11.0
151400.0,1514.0,0.0,,-1.132501891459627,0.1325018914596269,11.0
151500.0,1515.0,0.0,,-1.1324828417812804,0.1324828417812804,11.0
151700.0,1517.0,0.0,,-1.1324828417763193,0.1324828417763193,11.0
151800.0,1518.0,0.0,,-1.1324828402208666,0.1324828402208666,11.0
151900.0,1519.0,0.0,,-1.1324658758015695,0.1324658758015695,11.0
152200.0,1522.0,0.0,,-1.1324641951364351,0.1324641951364351,11.0
152400.0,1524.0,0.0,,-1.1324638718243325,0.1324638718243322,11.0
152500.0,1525.0,0.0,,-1.1324636667553318,0.1324636667553318,11.0
152600.0,1526.0,0.0,,-1.1302847727720104,0.1302847727720104,11.0
152700.0,1527.0,0.0,,-1.1123887050835863,0.1123887050835863,11.0
152900.0,1529.0,0.0,,-1.0960510054883956,0.0960510054883956,11.0
153000.0,1530.0,0.0,,-1.096018911308594,0.0960189113085938,11.0
153100.0,1531.0,0.0,,-1.095955174129223,0.095955174129223,11.0
153300.0,1533.0,0.0,,-1.0959516546718286,0.0959516546718286,11.0
153400.0,1534.0,0.0,,-1.0958834375125197,0.0958834375125197,11.0
153600.0,1536.0,0.0,,-1.095870768387545,0.095870768387545,11.0
153700.0,1537.0,0.0,,-1.0958531421699589,0.0958531421699588,11.0
153800.0,1538.0,0.0,,-1.0958497270895298,0.0958497270895297,11.0
154000.0,1540.0,0.0,,-1.0956768041361915,0.0956768041361915,11.0
154100.0,1541.0,0.0,,-1.0956391296844026,0.0956391296844025,11.0
154300.0,1543.0,0.0,,-1.095638235303198,0.0956382353031979,11.0
154600.0,1546.0,0.0,,-1.0956235197643598,0.0956235197643597,11.0
154700.0,1547.0,0.0,,-1.0956235197643571,0.0956235197643571,11.0
154800.0,1548.0,0.0,,-1.0956233778964417,0.0956233778964414,11.0
154900.0,1549.0,0.0,,-1.09562313452132,0.0956231345213198,11.0
155000.0,1550.0,0.0,,-1.095616684248366,0.0956166842483661,11.0
155100.0,1551.0,0.0,,-1.0956145388434946,0.0956145388434945,11.0
155500.0,1555.0,0.0,,-1.0956144083058106,0.0956144083058105,11.0
155600.0,1556.0,0.0,,-1.0956018367534728,0.0956018367534727,11.0
155700.0,1557.0,0.0,,-1.095601656654627,0.0956016566546269,11.0
155900.0,1559.0,0.0,,-1.0956014782419592,0.0956014782419591,11.0
156000.0,1560.0,0.0,,-1.0956011094114846,0.0956011094114845,11.0
156100.0,1561.0,0.0,,-1.0955998331953172,0.0955998331953171,11.0
156300.0,1563.0,0.0,,-1.0955997507445814,0.0955997507445813,11.0
156400.0,1564.0,0.0,,-1.0955988342185223,0.0955988342185223,11.0
156500.0,1565.0,0.0,,-1.0955978763281202,0.0955978763281202,11.0
156700.0,1567.0,0.0,,-1.0955954436243762,0.0955954436243762,11.0
156900.0,1569.0,0.0,,-1.0955909016908327,0.0955909016908327,11.0
157200.0,1572.0,0.0,,-1.0955045015620688,0.0955045015620688,11.0
157300.0,1573.0,0.0,,-1.09548874584492,0.09548874584492,11.0
157400.0,1574.0,0.0,,-1.09548712281727,0.09548712281727,11.0
157700.0,1577.0,0.0,,-1.095486710549526,0.095486710549526,11.0
157800.0,1578.0,0.0,,-1.0954831465532977,0.0954831465532977,11.0
157900.0,1579.0,0.0,,-1.0954828846462377,0.0954828846462376,11.0
158000.0,1580.0,0.0,,-1.095482390504546,0.0954823905045458,11.0
158200.0,1582.0,0.0,,-1.0954821947501878,0.0954821947501878,11.0
158400.0,1584.0,0.0,,-1.0954821866578437,0.0954821866578436,11.0
158500.0,1585.0,0.0,,-1.0954821357232731,0.0954821357232731,11.0
158600.0,1586.0,0.0,,-1.0954666403372073,0.0954666403372073,11.0
159300.0,1593.0,0.0,,-1.09546238179705,0.0954623817970499,11.0
159400.0,1594.0,0.0,,-1.0954623568351547,0.0954623568351547,11.0
159500.0,1595.0,0.0,,-1.095462013407734,0.0954620134077339,11.0
159600.0,1596.0,0.0,,-1.0954301777140076,0.0954301777140076,11.0
159800.0,1598.0,0.0,,-1.095425918732668,0.095425918732668,11.0
160100.0,1601.0,0.0,,-1.0954243648965307,0.0954243648965307,11.0
160200.0,1602.0,0.0,,-1.0954023754118147,0.0954023754118147,11.0
160400.0,1604.0,0.0,,-1.0954014364092366,0.0954014364092366,11.0
160500.0,1605.0,0.0,,-1.0954013919451655,0.0954013919451655,11.0
160600.0,1606.0,0.0,,-1.0953970660312895,0.0953970660312897,11.0
160700.0,1607.0,0.0,,-1.0953933581693829,0.0953933581693828,11.0
160900.0,1609.0,0.0,,-1.0953933057675878,0.0953933057675877,11.0
161000.0,1610.0,0.0,,-1.095393105344037,0.0953931053440373,11.0
161300.0,1613.0,0.0,,-1.0953930327364343,0.0953930327364342,11.0
161600.0,1616.0,0.0,,-1.0953929926968808,0.0953929926968808,11.0
161800.0,1618.0,0.0,,-1.095392667416861,0.095392667416861,11.0
162000.0,1620.0,0.0,,-1.095392653964046,0.0953926539640459,11.0
162100.0,1621.0,0.0,,-1.095392653863004,0.0953926538630041,11.0
162400.0,1624.0,0.0,,-1.095392653217854,0.0953926532178539,11.0
162800.0,1628.0,0.0,,-1.0953926531414475,0.0953926531414475,11.0
162900.0,1629.0,0.0,,-1.0953926531048142,0.0953926531048141,11.0
163100.0,1631.0,0.0,,-1.0953926530984197,0.0953926530984194,11.0
163200.0,1632.0,0.0,,-1.0953926530936349,0.0953926530936348,11.0
163500.0,1635.0,0.0,,-1.0953926530935685,0.0953926530935684,11.0
163600.0,1636.0,0.0,,-1.0953926530913207,0.0953926530913207,11.0
164500.0,1645.0,0.0,,-1.095357999310965,0.095357999310965,11.0
164800.0,1648.0,0.0,,-1.095357962536685,0.0953579625366849,11.0
165100.0,1651.0,0.0,,-1.095354852555274,0.0953548525552741,11.0
165300.0,1653.0,0.0,,-1.095275808449272,0.0952758084492719,11.0
165400.0,1654.0,0.0,,-1.0951772088153209,0.0951772088153206,11.0
165800.0,1658.0,0.0,,-1.0951769619033087,0.0951769619033087,11.0
165900.0,1659.0,0.0,,-1.0951648866638612,0.0951648866638612,11.0
166000.0,1660.0,0.0,,-1.0951640402349438,0.0951640402349438,11.0
166100.0,1661.0,0.0,,-1.0951636798195563,0.0951636798195563,11.0
166500.0,1665.0,0.0,,-1.0951632406780822,0.0951632406780822,11.0
166600.0,1666.0,0.0,,-1.095162796030338,0.095162796030338,11.0
166900.0,1669.0,0.0,,-1.0951623304624452,0.0951623304624451,11.0
167100.0,1671.0,0.0,,-1.095162291581992,0.095162291581992,11.0
167200.0,1672.0,0.0,,-1.0951621921408594,0.0951621921408594,11.0
167400.0,1674.0,0.0,,-1.0951621831532057,0.0951621831532054,11.0
167800.0,1678.0,0.0,,-1.0951621787134256,0.0951621787134255,11.0
167900.0,1679.0,0.0,,-1.0951621740991129,0.0951621740991128,11.0
168300.0,1683.0,0.0,,-1.0951142224225472,0.0951142224225471,11.0
168600.0,1686.0,0.0,,-1.095114044809289,0.095114044809289,11.0
168700.0,1687.0,0.0,,-1.0951119323186385,0.0951119323186384,11.0
168900.0,1689.0,0.0,,-1.095110109735575,0.0951101097355751,11.0
169100.0,1691.0,0.0,,-1.0949923172137146,0.0949923172137146,11.0
169400.0,1694.0,0.0,,-1.0949879078902138,0.0949879078902138,11.0
169600.0,1696.0,0.0,,-1.0949861323478487,0.0949861323478487,11.0
169700.0,1697.0,0.0,,-1.094970075000231,0.0949700750002309,11.0
169800.0,1698.0,0.0,,-1.0949693301138517,0.0949693301138516,11.0
169900.0,1699.0,0.0,,-1.094968875062623,0.0949688750626229,11.0
170300.0,1703.0,0.0,,-1.0948617460196173,0.0948617460196172,11.0
170400.0,1704.0,0.0,,-1.0948616278452377,0.0948616278452376,11.0
170600.0,1706.0,0.0,,-1.0948604142812202,0.0948604142812201,11.0
171000.0,1710.0,0.0,,-1.094860377307046,0.094860377307046,11.0
171400.0,1714.0,0.0,,-1.0948603383059612,0.0948603383059611,11.0
171500.0,1715.0,0.0,,-1.0948603171857771,0.0948603171857771,11.0
171800.0,1718.0,0.0,,-1.0948603165153146,0.0948603165153145,11.0
172500.0,1725.0,0.0,,-1.094796777180476,0.0947967771804758,11.0
172900.0,1729.0,0.0,,-1.094796481962959,0.0947964819629589,11.0
173000.0,1730.0,0.0,,-1.094796176487188,0.094796176487188,11.0
173100.0,1731.0,0.0,,-1.094796087245389,0.094796087245389,11.0
173200.0,1732.0,0.0,,-1.0947946700371285,0.0947946700371282,11.0
173400.0,1734.0,0.0,,-1.094771533543037,0.094771533543037,11.0
173600.0,1736.0,0.0,,-1.094771056089011,0.0947710560890109,11.0
173800.0,1738.0,0.0,,-1.0947688214899056,0.0947688214899056,11.0
173900.0,1739.0,0.0,,-1.0947684615402296,0.0947684615402295,11.0
174000.0,1740.0,0.0,,-1.0947641371399055,0.0947641371399057,11.0
174400.0,1744.0,0.0,,-1.0947640535946388,0.0947640535946388,11.0
174500.0,1745.0,0.0,,-1.0947636019227394,0.0947636019227393,11.0
174600.0,1746.0,0.0,,-1.0947617863056776,0.0947617863056775,11.0
174700.0,1747.0,0.0,,-1.0947586407140597,0.0947586407140597,11.0
174800.0,1748.0,0.0,,-1.094752078623557,0.0947520786235569,11.0
174900.0,1749.0,0.0,,-1.0947510747171034,0.0947510747171034,11.0
175000.0,1750.0,0.0,,-1.0947507429120729,0.0947507429120728,11.0
175300.0,1753.0,0.0,,-1.0947486852083994,0.0947486852083994,11.0
175600.0,1756.0,0.0,,-1.0947367364416851,0.0947367364416853,11.0
176000.0,1760.0,0.0,,-1.094736240054555,0.094736240054555,11.0
176100.0,1761.0,0.0,,-1.0947341653591238,0.0947341653591238,11.0
176200.0,1762.0,0.0,,-1.0947336187584218,0.0947336187584217,11.0
176300.0,1763.0,0.0,,-1.094730069877187,0.0947300698771866,11.0
176400.0,1764.0,0.0,,-1.0947288041927514,0.0947288041927514,11.0
176500.0,1765.0,0.0,,-1.0947287067325575,0.0947287067325575,11.0
176600.0,1766.0,0.0,,-1.0947248074538491,0.0947248074538491,11.0
176700.0,1767.0,0.0,,-1.0947192798906515,0.0947192798906515,11.0
176900.0,1769.0,0.0,,-1.094719236379949,0.0947192363799489,11.0
177100.0,1771.0,0.0,,-1.0947143093394964,0.0947143093394964,11.0
177200.0,1772.0,0.0,,-1.0947127030646906,0.0947127030646906,11.0
177400.0,1774.0,0.0,,-1.094712593303007,0.094712593303007,11.0
177500.0,1775.0,0.0,,-1.094712575746119,0.0947125757461189,11.0
177600.0,1776.0,0.0,,-1.0947120212379962,0.0947120212379961,11.0
178100.0,1781.0,0.0,,-1.094711966547644,0.0947119665476441,11.0
178200.0,1782.0,0.0,,-1.0947119656984037,0.0947119656984036,11.0
178300.0,1783.0,0.0,,-1.094711928127106,0.094711928127106,11.0
178500.0,1785.0,0.0,,-1.0947118888321248,0.0947118888321247,11.0
178800.0,1788.0,0.0,,-1.0947118820650257,0.0947118820650254,11.0
179000.0,1790.0,0.0,,-1.0947118640219418,0.0947118640219417,11.0
179100.0,1791.0,0.0,,-1.0947118593084093,0.0947118593084093,11.0
179400.0,1794.0,0.0,,-1.094711854693444,0.094711854693444,11.0
179600.0,1796.0,0.0,,-1.0947118503881506,0.0947118503881505,11.0
179800.0,1798.0,0.0,,-1.0946798784649872,0.0946798784649871,11.0
179900.0,1799.0,0.0,,-1.094679856202318,0.0946798562023178,11.0
180000.0,1800.0,0.0,,-1.0946794983713397,0.0946794983713397,11.0
180100.0,1801.0,0.0,,-1.0946791617016869,0.0946791617016866,11.0
180200.0,1802.0,0.0,,-1.094677444400565,0.0946774444005649,11.0
180400.0,1804.0,0.0,,-1.0946498176515869,0.0946498176515868,11.0
180800.0,1808.0,0.0,,-1.0946285919760788,0.0946285919760787,11.0
180900.0,1809.0,0.0,,-1.0946282183204226,0.0946282183204225,11.0
181000.0,1810.0,0.0,,-1.0944997509416874,0.0944997509416873,11.0
181200.0,1812.0,0.0,,-1.0944905910417402,0.0944905910417401,11.0
181600.0,1816.0,0.0,,-1.0944905733390649,0.0944905733390648,11.0
181700.0,1817.0,0.0,,-1.094490176174031,0.0944901761740311,11.0
181900.0,1819.0,0.0,,-1.0944900445589982,0.0944900445589982,11.0
182200.0,1822.0,0.0,,-1.0944183765625646,0.0944183765625645,11.0
182300.0,1823.0,0.0,,-1.0942956031953106,0.0942956031953106,11.0
182400.0,1824.0,0.0,,-1.0942955768235194,0.0942955768235194,11.0
182500.0,1825.0,0.0,,-1.09429090021082,0.0942909002108201,11.0
182700.0,1827.0,0.0,,-1.094290384882589,0.0942903848825889,11.0
182800.0,1828.0,0.0,,-1.094277140339606,0.0942771403396061,11.0
183200.0,1832.0,0.0,,-1.0942770498865455,0.0942770498865455,11.0
183400.0,1834.0,0.0,,-1.0942766858664073,0.0942766858664072,11.0
183700.0,1837.0,0.0,,-1.0942766615327686,0.0942766615327685,11.0
184000.0,1840.0,0.0,,-1.094276546647822,0.0942765466478221,11.0
184100.0,1841.0,0.0,,-1.094276371498614,0.0942763714986141,11.0
184200.0,1842.0,0.0,,-1.094276324261202,0.0942763242612021,11.0
184400.0,1844.0,0.0,,-1.0942762977450462,0.0942762977450462,11.0
184700.0,1847.0,0.0,,-1.0942762965301576,0.0942762965301575,11.0
185000.0,1850.0,0.0,,-1.0942762867836395,0.0942762867836395,11.0
185200.0,1852.0,0.0,,-1.0942415499322506,0.0942415499322506,11.0
185300.0,1853.0,0.0,,-1.094241420826242,0.0942414208262418,11.0
185400.0,1854.0,0.0,,-1.094238170778366,0.0942381707783659,11.0
185700.0,1857.0,0.0,,-1.0942374595341962,0.0942374595341961,11.0
186000.0,1860.0,0.0,,-1.094237354430104,0.094237354430104,11.0
186200.0,1862.0,0.0,,-1.0942373262011844,0.0942373262011844,11.0
186500.0,1865.0,0.0,,-1.0942372458791312,0.0942372458791311,11.0
186800.0,1868.0,0.0,,-1.0942372170867054,0.0942372170867054,11.0
186900.0,1869.0,0.0,,-1.094237182949621,0.0942371829496209,11.0
187000.0,1870.0,0.0,,-1.0942371233410442,0.0942371233410441,11.0
187300.0,1873.0,0.0,,-1.0942349928232864,0.0942349928232864,11.0
187400.0,1874.0,0.0,,-1.0942349921126415,0.0942349921126417,11.0
187500.0,1875.0,0.0,,-1.0942343098413323,0.0942343098413325,11.0
187700.0,1877.0,0.0,,-1.094234270139241,0.0942342701392409,11.0
187800.0,1878.0,0.0,,-1.0942256641669426,0.0942256641669425,11.0
188000.0,1880.0,0.0,,-1.090893126439573,0.0908931264395729,11.0
188200.0,1882.0,0.0,,-1.090892580829578,0.0908925808295779,11.0
188400.0,1884.0,0.0,,-1.0908802949163516,0.0908802949163516,11.0
188900.0,1889.0,0.0,,-1.0908374009631951,0.0908374009631951,11.0
189400.0,1894.0,0.0,,-1.090795589648504,0.0907955896485039,11.0
189600.0,1896.0,0.0,,-1.0907954781274578,0.0907954781274578,11.0
189700.0,1897.0,0.0,,-1.0907945619629658,0.0907945619629657,11.0
190000.0,1900.0,0.0,,-1.0907473066117122,0.0907473066117121,11.0
190100.0,1901.0,0.0,,-1.090730761938855,0.0907307619388551,11.0
190200.0,1902.0,0.0,,-1.0907259514076864,0.0907259514076863,11.0
190400.0,1904.0,0.0,,-1.0907257343316856,0.0907257343316856,11.0
190500.0,1905.0,0.0,,-1.0907255892759389,0.0907255892759386,11.0
191000.0,1910.0,0.0,,-1.090725503816271,0.090725503816271,11.0
191300.0,1913.0,0.0,,-1.0907255033230236,0.0907255033230236,11.0
191400.0,1914.0,0.0,,-1.0907254929147432,0.0907254929147431,11.0
191500.0,1915.0,0.0,,-1.0907253795790464,0.0907253795790463,11.0
191700.0,1917.0,0.0,,-1.0907253629791676,0.0907253629791675,11.0
191800.0,1918.0,0.0,,-1.090725362979012,0.0907253629790119,11.0
191900.0,1919.0,0.0,,-1.0906792897821014,0.0906792897821013,11.0
192200.0,1922.0,0.0,,-1.0906731070581506,0.0906731070581505,11.0
192500.0,1925.0,0.0,,-1.0906730076513331,0.0906730076513331,11.0
192600.0,1926.0,0.0,,-1.090672990624832,0.090672990624832,11.0
192700.0,1927.0,0.0,,-1.0906729359164322,0.0906729359164322,11.0
192800.0,1928.0,0.0,,-1.090659528253772,0.0906595282537721,11.0
192900.0,1929.0,0.0,,-1.0906584261461474,0.0906584261461473,11.0
193100.0,1931.0,0.0,,-1.0906577876332102,0.0906577876332102,11.0
193300.0,1933.0,0.0,,-1.0906573413351808,0.0906573413351807,11.0
193400.0,1934.0,0.0,,-1.090656803704624,0.090656803704624,11.0
193600.0,1936.0,0.0,,-1.0906559466982333,0.0906559466982332,11.0
193900.0,1939.0,0.0,,-1.0906456637362882,0.0906456637362882,11.0
194300.0,1943.0,0.0,,-1.090645292787827,0.0906452927878269,11.0
194400.0,1944.0,0.0,,-1.090556040488908,0.0905560404889078,11.0
194800.0,1948.0,0.0,,-1.0905521258223028,0.0905521258223027,11.0
195100.0,1951.0,0.0,,-1.0905427316896206,0.0905427316896205,11.0
195200.0,1952.0,0.0,,-1.090542726548586,0.090542726548586,11.0
195300.0,1953.0,0.0,,-1.0905425892239389,0.0905425892239388,11.0
195400.0,1954.0,0.0,,-1.090540803837357,0.0905408038373569,11.0
195500.0,1955.0,0.0,,-1.090522106087975,0.090522106087975,11.0
195700.0,1957.0,0.0,,-1.0905218982633942,0.0905218982633941,11.0
195900.0,1959.0,0.0,,-1.0905139444723932,0.0905139444723932,11.0
196100.0,1961.0,0.0,,-1.0905134931003428,0.0905134931003428,11.0
196200.0,1962.0,0.0,,-1.0904994809662834,0.0904994809662833,11.0
196400.0,1964.0,0.0,,-1.090495745614357,0.0904957456143569,11.0
197200.0,1972.0,0.0,,-1.0903268000380009,0.0903268000380008,11.0
197700.0,1977.0,0.0,,-1.0903201728935958,0.0903201728935958,11.0
197900.0,1979.0,0.0,,-1.0903196834945126,0.0903196834945125,11.0
198100.0,1981.0,0.0,,-1.0903182921893824,0.0903182921893823,11.0
198400.0,1984.0,0.0,,-1.0903177164311617,0.0903177164311617,11.0
198500.0,1985.0,0.0,,-1.0903167314826183,0.0903167314826185,11.0
198600.0,1986.0,0.0,,-1.0903164673734371,0.0903164673734373,11.0
198800.0,1988.0,0.0,,-1.0903085514184852,0.0903085514184851,11.0
199000.0,1990.0,0.0,,-1.0903069359035933,0.0903069359035932,11.0
199100.0,1991.0,0.0,,-1.0903053316624374,0.0903053316624373,11.0
199200.0,1992.0,0.0,,-1.0902243717821865,0.0902243717821864,11.0
199300.0,1993.0,0.0,,-1.090216679474246,0.090216679474246,11.0
199500.0,1995.0,0.0,,-1.0902150552893914,0.0902150552893914,11.0
199900.0,1999.0,0.0,,-1.0902143160660034,0.0902143160660033,11.0
200100.0,2001.0,0.0,,-1.0902141977466162,0.0902141977466162,11.0
200200.0,2002.0,0.0,,-1.0902141573552495,0.0902141573552495,11.0
200500.0,2005.0,0.0,,-1.0902141083308077,0.0902141083308074,11.0
200700.0,2007.0,0.0,,-1.0901702023530646,0.0901702023530646,11.0
201000.0,2010.0,0.0,,-1.090151619608644,0.090151619608644,11.0
201300.0,2013.0,0.0,,-1.090150691711233,0.0901506917112326,11.0
201400.0,2014.0,0.0,,-1.090148463270861,0.0901484632708606,11.0
201600.0,2016.0,0.0,,-1.090144980571807,0.090144980571807,11.0
201800.0,2018.0,0.0,,-1.0901442799355452,0.0901442799355451,11.0
201900.0,2019.0,0.0,,-1.0901158697108,0.0901158697107999,11.0
202600.0,2026.0,0.0,,-1.0901152257162765,0.0901152257162765,11.0
202700.0,2027.0,0.0,,-1.0901146838543916,0.0901146838543915,11.0
202800.0,2028.0,0.0,,-1.0901146038075549,0.0901146038075548,11.0
202900.0,2029.0,0.0,,-1.0901145716328031,0.0901145716328033,11.0
203000.0,2030.0,0.0,,-1.090091154258993,0.090091154258993,11.0
203200.0,2032.0,0.0,,-1.090090969299408,0.0900909692994078,11.0
203300.0,2033.0,0.0,,-1.0900887577484644,0.0900887577484643,11.0
204000.0,2040.0,0.0,,-1.0900882130323435,0.0900882130323434,11.0
204100.0,2041.0,0.0,,-1.0900761813322404,0.0900761813322403,11.0
204200.0,2042.0,0.0,,-1.090076170602968,0.090076170602968,11.0
204300.0,2043.0,0.0,,-1.0900757090771458,0.0900757090771458,11.0
204500.0,2045.0,0.0,,-1.0900749861603405,0.0900749861603404,11.0
204600.0,2046.0,0.0,,-1.090073684743662,0.090073684743662,11.0
204700.0,2047.0,0.0,,-1.0900058429913608,0.0900058429913608,11.0
205300.0,2053.0,0.0,,-1.0899951466948397,0.0899951466948396,11.0
205400.0,2054.0,0.0,,-1.0899879450762733,0.0899879450762732,11.0
205600.0,2056.0,0.0,,-1.0899846761746692,0.0899846761746692,11.0
205800.0,2058.0,0.0,,-1.0899846008688252,0.0899846008688252,11.0
206000.0,2060.0,0.0,,-1.0899835880534443,0.0899835880534445,11.0
206100.0,2061.0,0.0,,-1.089983206888288,0.0899832068882879,11.0
206200.0,2062.0,0.0,,-1.089937897336478,0.0899378973364779,11.0
206400.0,2064.0,0.0,,-1.089937891299939,0.0899378912999389,11.0
206800.0,2068.0,0.0,,-1.0899190547656483,0.0899190547656485,11.0
206900.0,2069.0,0.0,,-1.0898865013554078,0.0898865013554077,11.0
207100.0,2071.0,0.0,,-1.08971896339829,0.08971896339829,11.0
207300.0,2073.0,0.0,,-1.0897105506838354,0.0897105506838353,11.0
207700.0,2077.0,0.0,,-1.08970155477604,0.08970155477604,11.0
208000.0,2080.0,0.0,,-1.0895877153824782,0.0895877153824782,11.0
208500.0,2085.0,0.0,,-1.0895870859788563,0.0895870859788563,11.0
208600.0,2086.0,0.0,,-1.089587085912436,0.0895870859124361,11.0
208800.0,2088.0,0.0,,-1.0895870772844003,0.0895870772844003,11.0
208900.0,2089.0,0.0,,-1.0895865242043128,0.0895865242043127,11.0
209000.0,2090.0,0.0,,-1.0895864546441307,0.0895864546441307,11.0
209300.0,2093.0,0.0,,-1.0895725859125762,0.0895725859125762,11.0
209500.0,2095.0,0.0,,-1.0895725033611112,0.0895725033611112,11.0
209600.0,2096.0,0.0,,-1.0895715437372036,0.0895715437372035,11.0
209700.0,2097.0,0.0,,-1.0895715437367963,0.0895715437367965,11.0
209800.0,2098.0,0.0,,-1.0895715245031958,0.0895715245031958,11.0
209900.0,2099.0,0.0,,-1.0895714744210032,0.0895714744210032,11.0
210300.0,2103.0,0.0,,-1.089571473548681,0.089571473548681,11.0
210500.0,2105.0,0.0,,-1.08957070816868,0.08957070816868,11.0
210600.0,2106.0,0.0,,-1.0895705863677616,0.0895705863677616,11.0
210900.0,2109.0,0.0,,-1.0895705386496823,0.0895705386496823,11.0
211000.0,2110.0,0.0,,-1.0895704095084708,0.0895704095084708,11.0
211200.0,2112.0,0.0,,-1.0895703556858327,0.0895703556858327,11.0
211300.0,2113.0,0.0,,-1.0895693069524954,0.0895693069524954,11.0
211700.0,2117.0,0.0,,-1.0895693069125254,0.0895693069125254,11.0
211800.0,2118.0,0.0,,-1.0895692371864898,0.0895692371864897,11.0
211900.0,2119.0,0.0,,-1.089569109359599,0.0895691093595989,11.0
212000.0,2120.0,0.0,,-1.0895679192058418,0.0895679192058418,11.0
212300.0,2123.0,0.0,,-1.0895678344069142,0.0895678344069141,11.0
212400.0,2124.0,0.0,,-1.089567768001281,0.0895677680012809,11.0
212500.0,2125.0,0.0,,-1.089553851351967,0.0895538513519669,11.0
212600.0,2126.0,0.0,,-1.089551193254419,0.089551193254419,11.0
212800.0,2128.0,0.0,,-1.0895505734374604,0.0895505734374604,11.0
212900.0,2129.0,0.0,,-1.08951169096365,0.0895116909636499,11.0
213000.0,2130.0,0.0,,-1.0895074129244935,0.0895074129244937,11.0
213300.0,2133.0,0.0,,-1.089507125229379,0.0895071252293793,11.0
213500.0,2135.0,0.0,,-1.0894578369804122,0.0894578369804122,11.0
213800.0,2138.0,0.0,,-1.0894510905682873,0.0894510905682872,11.0
213900.0,2139.0,0.0,,-1.0894463632442968,0.0894463632442967,11.0
214100.0,2141.0,0.0,,-1.079667347729368,0.0796673477293679,11.0
214200.0,2142.0,0.0,,-1.0730647575564762,0.0730647575564762,11.0
214400.0,2144.0,0.0,,-1.067698665880502,0.0676986658805018,11.0
214600.0,2146.0,0.0,,-1.0616009194601492,0.0616009194601492,11.0
214900.0,2149.0,0.0,,-1.05808794502049,0.05808794502049,11.0
215000.0,2150.0,0.0,,-1.0568250725435726,0.0568250725435726,11.0
215100.0,2151.0,0.0,,-1.0563486909437014,0.0563486909437014,11.0
215400.0,2154.0,0.0,,-1.0562316321219096,0.0562316321219096,11.0
215500.0,2155.0,0.0,,-1.056231500758631,0.0562315007586309,11.0
215700.0,2157.0,0.0,,-1.0559311377828624,0.0559311377828624,11.0
215800.0,2158.0,0.0,,-1.0559296603563504,0.0559296603563503,11.0
215900.0,2159.0,0.0,,-1.0557669562890255,0.0557669562890255,11.0
216000.0,2160.0,0.0,,-1.0553067933174134,0.0553067933174133,11.0
216100.0,2161.0,0.0,,-1.055225578354014,0.055225578354014,11.0
216600.0,2166.0,0.0,,-1.055220365509849,0.0552203655098493,11.0
217000.0,2170.0,0.0,,-1.0552202911759545,0.0552202911759545,11.0
217100.0,2171.0,0.0,,-1.0552044675793963,0.0552044675793963,11.0
217500.0,2175.0,0.0,,-1.0552018967933368,0.0552018967933367,11.0
217600.0,2176.0,0.0,,-1.0550678964740157,0.0550678964740156,11.0
218100.0,2181.0,0.0,,-1.055062509267896,0.055062509267896,11.0
218500.0,2185.0,0.0,,-1.0550550632029017,0.0550550632029016,11.0
218800.0,2188.0,0.0,,-1.0550540238315185,0.0550540238315182,11.0
219100.0,2191.0,0.0,,-1.0550452866674669,0.0550452866674668,11.0
219400.0,2194.0,0.0,,-1.055027746215546,0.0550277462155459,11.0
219500.0,2195.0,0.0,,-1.0550275565762708,0.0550275565762707,11.0
219700.0,2197.0,0.0,,-1.0550273697597372,0.0550273697597372,11.0
219800.0,2198.0,0.0,,-1.0550206491863292,0.0550206491863292,11.0
220000.0,2200.0,0.0,,-1.0550192338294462,0.0550192338294461,11.0
220100.0,2201.0,0.0,,-1.0550168625774972,0.0550168625774971,11.0
220200.0,2202.0,0.0,,-1.0550124936158618,0.0550124936158618,11.0
220400.0,2204.0,0.0,,-1.054987495163067,0.0549874951630668,11.0
220600.0,2206.0,0.0,,-1.0549820151682745,0.0549820151682745,11.0
220800.0,2208.0,0.0,,-1.0549755890337853,0.0549755890337853,11.0
220900.0,2209.0,0.0,,-1.0369693906703368,0.0369693906703367,11.0
221000.0,2210.0,0.0,,-1.035594736123999,0.0355947361239989,11.0
221100.0,2211.0,0.0,,-1.0355942566937029,0.0355942566937028,11.0
221300.0,2213.0,0.0,,-1.0332238833584246,0.0332238833584246,11.0
221400.0,2214.0,0.0,,-1.0180854589663713,0.0180854589663712,11.0
221800.0,2218.0,0.0,,-1.0180810561701683,0.0180810561701685,11.0
222100.0,2221.0,0.0,,-1.0180805016019243,0.0180805016019243,11.0
222200.0,2222.0,0.0,,-1.018052772251529,0.0180527722515286,11.0
222400.0,2224.0,0.0,,-1.018045465967765,0.0180454659677646,11.0
222600.0,2226.0,0.0,,-1.0179971716094436,0.0179971716094435,11.0
222700.0,2227.0,0.0,,-1.017991342926904,0.017991342926904,11.0
222900.0,2229.0,0.0,,-1.0179904484556308,0.0179904484556308,11.0
223000.0,2230.0,0.0,,-1.0179862441397587,0.0179862441397586,11.0
223200.0,2232.0,0.0,,-1.017947625980805,0.0179476259808049,11.0
223700.0,2237.0,0.0,,-1.0179476258324538,0.0179476258324537,11.0
223900.0,2239.0,0.0,,-1.0179285676252623,0.0179285676252622,11.0
224100.0,2241.0,0.0,,-1.017925610397056,0.0179256103970559,11.0
224200.0,2242.0,0.0,,-1.0179254458337272,0.0179254458337272,11.0
224600.0,2246.0,0.0,,-1.0178817571069034,0.0178817571069034,11.0
225000.0,2250.0,0.0,,-1.0178815779930357,0.0178815779930354,11.0
225100.0,2251.0,0.0,,-1.0178798465761405,0.0178798465761405,11.0
225300.0,2253.0,0.0,,-1.0178768550007176,0.0178768550007175,11.0
225700.0,2257.0,0.0,,-1.017876563043104,0.0178765630431039,11.0
225800.0,2258.0,0.0,,-1.0178761592979175,0.0178761592979177,11.0
225900.0,2259.0,0.0,,-1.0178758706059332,0.0178758706059332,11.0
226000.0,2260.0,0.0,,-1.0178758388090452,0.0178758388090451,11.0
226100.0,2261.0,0.0,,-1.017875714023461,0.0178757140234613,11.0
226200.0,2262.0,0.0,,-1.0178753654080608,0.0178753654080607,11.0
226500.0,2265.0,0.0,,-1.0178751823173564,0.0178751823173564,11.0
226600.0,2266.0,0.0,,-1.0178750721655443,0.0178750721655445,11.0
226700.0,2267.0,0.0,,-1.017875069319643,0.017875069319643,11.0
226800.0,2268.0,0.0,,-1.017875052600949,0.017875052600949,11.0
226900.0,2269.0,0.0,,-1.0178750376726426,0.0178750376726426,11.0
227100.0,2271.0,0.0,,-1.017875003897414,0.017875003897414,11.0
227300.0,2273.0,0.0,,-1.0178749801183662,0.0178749801183661,11.0
227500.0,2275.0,0.0,,-1.017874939089397,0.017874939089397,11.0
227600.0,2276.0,0.0,,-1.0178744675240223,0.0178744675240223,11.0
227800.0,2278.0,0.0,,-1.0178744228936345,0.0178744228936345,11.0
227900.0,2279.0,0.0,,-1.0178743678818922,0.0178743678818922,11.0
228100.0,2281.0,0.0,,-1.0178743185627996,0.0178743185627996,11.0
228300.0,2283.0,0.0,,-1.0178743173915203,0.0178743173915203,11.0
228400.0,2284.0,0.0,,-1.0178743098478886,0.0178743098478886,11.0
228800.0,2288.0,0.0,,-1.0178740515732438,0.0178740515732438,11.0
229300.0,2293.0,0.0,,-1.01787385500129,0.01787385500129,11.0
229500.0,2295.0,0.0,,-1.0178738437875732,0.0178738437875731,11.0
229600.0,2296.0,0.0,,-1.0178737402388978,0.0178737402388977,11.0
229700.0,2297.0,0.0,,-1.0178736559829782,0.0178736559829781,11.0
229800.0,2298.0,0.0,,-1.0178736415406244,0.0178736415406244,11.0
230100.0,2301.0,0.0,,-1.017873631932509,0.017873631932509,11.0
230300.0,2303.0,0.0,,-1.0178735936175938,0.0178735936175937,11.0
230400.0,2304.0,0.0,,-1.017873408461803,0.017873408461803,11.0
230500.0,2305.0,0.0,,-1.017873405549523,0.0178734055495231,11.0
230600.0,2306.0,0.0,,-1.0178734010048227,0.0178734010048227,11.0
230800.0,2308.0,0.0,,-1.0178734007873016,0.0178734007873015,11.0
230900.0,2309.0,0.0,,-1.0178717142392997,0.0178717142392996,11.0
231300.0,2313.0,0.0,,-1.017871671831491,0.017871671831491,11.0
231400.0,2314.0,0.0,,-1.0178715088152064,0.0178715088152063,11.0
231600.0,2316.0,0.0,,-1.0178714598080103,0.0178714598080103,11.0
231700.0,2317.0,0.0,,-1.017871446848981,0.0178714468489809,11.0
231800.0,2318.0,0.0,,-1.0178694077011323,0.0178694077011325,11.0
231900.0,2319.0,0.0,,-1.0178692693725988,0.0178692693725988,11.0
232000.0,2320.0,0.0,,-1.017869255864628,0.017869255864628,11.0
232100.0,2321.0,0.0,,-1.0178692556779538,0.0178692556779538,11.0
232200.0,2322.0,0.0,,-1.0178692531071876,0.0178692531071875,11.0
232300.0,2323.0,0.0,,-1.0178692503864235,0.0178692503864237,11.0
232800.0,2328.0,0.0,,-1.0178692494398829,0.0178692494398828,11.0
232900.0,2329.0,0.0,,-1.0178692401788143,0.0178692401788143,11.0
233000.0,2330.0,0.0,,-1.0178692400059728,0.0178692400059727,11.0
233200.0,2332.0,0.0,,-1.0178692397479512,0.0178692397479511,11.0
233300.0,2333.0,0.0,,-1.0178692395206423,0.0178692395206423,11.0
233500.0,2335.0,0.0,,-1.017869239322323,0.0178692393223229,11.0
233600.0,2336.0,0.0,,-1.017869238974679,0.017869238974679,11.0
233800.0,2338.0,0.0,,-1.0178692389565251,0.0178692389565251,11.0
233900.0,2339.0,0.0,,-1.0178692386369876,0.0178692386369876,11.0
234000.0,2340.0,0.0,,-1.0178692385692822,0.0178692385692822,11.0
234200.0,2342.0,0.0,,-1.0178692380748824,0.0178692380748823,11.0
234300.0,2343.0,0.0,,-1.0178147646620743,0.0178147646620743,11.0
234600.0,2346.0,0.0,,-1.0178147646585705,0.0178147646585704,11.0
234700.0,2347.0,0.0,,-1.0178147626726328,0.0178147626726328,11.0
234800.0,2348.0,0.0,,-1.0178140213761138,0.0178140213761137,11.0
234900.0,2349.0,0.0,,-1.017813949716981,0.0178139497169809,11.0
235000.0,2350.0,0.0,,-1.017813554014963,0.017813554014963,11.0
235200.0,2352.0,0.0,,-1.01781355394622,0.01781355394622,11.0
235300.0,2353.0,0.0,,-1.0178135445400749,0.0178135445400746,11.0
235400.0,2354.0,0.0,,-1.0178130534380223,0.0178130534380225,11.0
235500.0,2355.0,0.0,,-1.0178125311644204,0.0178125311644203,11.0
235700.0,2357.0,0.0,,-1.0177950985454916,0.0177950985454915,11.0
236000.0,2360.0,0.0,,-1.0177921964166723,0.0177921964166722,11.0
236300.0,2363.0,0.0,,-1.01778918832693,0.0177891883269298,11.0
236700.0,2367.0,0.0,,-1.0177839212895323,0.0177839212895323,11.0
237100.0,2371.0,0.0,,-1.0177838344438888,0.0177838344438887,11.0
237200.0,2372.0,0.0,,-1.0177836594569147,0.0177836594569147,11.0
237400.0,2374.0,0.0,,-1.0177835480845323,0.0177835480845323,11.0
237700.0,2377.0,0.0,,-1.01778351692016,0.0177835169201601,11.0
237800.0,2378.0,0.0,,-1.017783335596058,0.0177833355960579,11.0
238000.0,2380.0,0.0,,-1.0177833167799857,0.0177833167799854,11.0
238200.0,2382.0,0.0,,-1.0177831106492197,0.0177831106492196,11.0
238300.0,2383.0,0.0,,-1.0177831049521064,0.0177831049521064,11.0
238500.0,2385.0,0.0,,-1.0177829665534253,0.0177829665534252,11.0
238600.0,2386.0,0.0,,-1.0177812238140047,0.0177812238140047,11.0
238700.0,2387.0,0.0,,-1.017781177958062,0.0177811779580621,11.0
239200.0,2392.0,0.0,,-1.0177808304321176,0.0177808304321176,11.0
239300.0,2393.0,0.0,,-1.0177805557857365,0.0177805557857364,11.0
239500.0,2395.0,0.0,,-1.0177801464417888,0.0177801464417888,11.0
239600.0,2396.0,0.0,,-1.01778014644159,0.0177801464415898,11.0
240000.0,2400.0,0.0,,-1.0177800646054445,0.0177800646054444,11.0
240100.0,2401.0,0.0,,-1.0177148708257318,0.0177148708257317,11.0
240200.0,2402.0,0.0,,-1.0177148242157743,0.0177148242157745,11.0
240400.0,2404.0,0.0,,-1.0177118773633365,0.0177118773633364,11.0
240500.0,2405.0,0.0,,-1.0177118601452124,0.0177118601452124,11.0
240600.0,2406.0,0.0,,-1.017711387211492,0.017711387211492,11.0
240700.0,2407.0,0.0,,-1.0176482438870194,0.0176482438870193,11.0
240900.0,2409.0,0.0,,-1.0176467424797788,0.0176467424797788,11.0
241500.0,2415.0,0.0,,-1.0176429480414677,0.0176429480414674,11.0
241600.0,2416.0,0.0,,-1.01759110222919,0.0175911022291901,11.0
242200.0,2422.0,0.0,,-1.017586521751796,0.0175865217517958,11.0
242400.0,2424.0,0.0,,-1.0175857812405549,0.0175857812405546,11.0
242800.0,2428.0,0.0,,-1.0175856719022536,0.0175856719022535,11.0
242900.0,2429.0,0.0,,-1.017584725626274,0.017584725626274,11.0
243100.0,2431.0,0.0,,-1.0175847256033057,0.0175847256033057,11.0
243200.0,2432.0,0.0,,-1.0175834425091252,0.0175834425091252,11.0
243400.0,2434.0,0.0,,-1.0175834292635966,0.0175834292635965,11.0
243700.0,2437.0,0.0,,-1.0175833027677146,0.0175833027677145,11.0
244200.0,2442.0,0.0,,-1.0175832734569243,0.0175832734569243,11.0
244300.0,2443.0,0.0,,-1.017583262841851,0.017583262841851,11.0
244400.0,2444.0,0.0,,-1.0175832128314957,0.0175832128314956,11.0
244800.0,2448.0,0.0,,-1.017583212244621,0.0175832122446206,11.0
244900.0,2449.0,0.0,,-1.0175831754864155,0.0175831754864155,11.0
245000.0,2450.0,0.0,,-1.0175831601176757,0.0175831601176754,11.0
245200.0,2452.0,0.0,,-1.0175756556426332,0.0175756556426331,11.0
245300.0,2453.0,0.0,,-1.0175756328962038,0.0175756328962037,11.0
245500.0,2455.0,0.0,,-1.017575595971998,0.017575595971998,11.0
245700.0,2457.0,0.0,,-1.017575524014339,0.0175755240143389,11.0
245800.0,2458.0,0.0,,-1.017575516115892,0.0175755161158921,11.0
245900.0,2459.0,0.0,,-1.0175750344596843,0.0175750344596843,11.0
246000.0,2460.0,0.0,,-1.0175750344023202,0.0175750344023202,11.0
246100.0,2461.0,0.0,,-1.0175711669466083,0.0175711669466085,11.0
246500.0,2465.0,0.0,,-1.0175711656654625,0.0175711656654624,11.0
246600.0,2466.0,0.0,,-1.017570957310023,0.0175709573100228,11.0
246700.0,2467.0,0.0,,-1.0175709438241078,0.0175709438241078,11.0
246800.0,2468.0,0.0,,-1.017570942167459,0.017570942167459,11.0
246900.0,2469.0,0.0,,-1.0175706977169554,0.0175706977169554,11.0
247300.0,2473.0,0.0,,-1.0175706008009178,0.0175706008009177,11.0
247400.0,2474.0,0.0,,-1.0175705957263854,0.0175705957263854,11.0
247500.0,2475.0,0.0,,-1.017570595344393,0.0175705953443929,11.0
247700.0,2477.0,0.0,,-1.017570592383984,0.0175705923839839,11.0
247800.0,2478.0,0.0,,-1.0175705908183272,0.0175705908183272,11.0
247900.0,2479.0,0.0,,-1.017570587444704,0.0175705874447038,11.0
248000.0,2480.0,0.0,,-1.0175705860256876,0.0175705860256876,11.0
248100.0,2481.0,0.0,,-1.0175705850219163,0.0175705850219163,11.0
248200.0,2482.0,0.0,,-1.0175705846967364,0.0175705846967364,11.0
248300.0,2483.0,0.0,,-1.0175701195260805,0.0175701195260804,11.0
248700.0,2487.0,0.0,,-1.0175701192052635,0.0175701192052637,11.0
248800.0,2488.0,0.0,,-1.0175700914835182,0.0175700914835181,11.0
248900.0,2489.0,0.0,,-1.0175700907155565,0.0175700907155562,11.0
249000.0,2490.0,0.0,,-1.0175700906936902,0.0175700906936902,11.0
249200.0,2492.0,0.0,,-1.0175700835932864,0.0175700835932863,11.0
249300.0,2493.0,0.0,,-1.0175700831930363,0.0175700831930365,11.0
249600.0,2496.0,0.0,,-1.0175700818997728,0.0175700818997728,11.0
249700.0,2497.0,0.0,,-1.0175700804957306,0.0175700804957306,11.0
249800.0,2498.0,0.0,,-1.0175699455866185,0.0175699455866182,11.0
250200.0,2502.0,0.0,,-1.0175699452422702,0.0175699452422701,11.0
250300.0,2503.0,0.0,,-1.0175699433616665,0.0175699433616662,11.0
250400.0,2504.0,0.0,,-1.0175699327429772,0.0175699327429772,11.0
250700.0,2507.0,0.0,,-1.017569931298544,0.017569931298544,11.0
250900.0,2509.0,0.0,,-1.0175699304947554,0.0175699304947554,11.0
251100.0,2511.0,0.0,,-1.01756993044964,0.0175699304496399,11.0
251200.0,2512.0,0.0,,-1.0175699300081285,0.0175699300081284,11.0
251400.0,2514.0,0.0,,-1.017569930004257,0.0175699300042573,11.0
251600.0,2516.0,0.0,,-1.0175699299762004,0.0175699299762004,11.0
251800.0,2518.0,0.0,,-1.017569929740829,0.0175699297408289,11.0
252000.0,2520.0,0.0,,-1.0175699295886969,0.0175699295886968,11.0
252200.0,2522.0,0.0,,-1.0175699295646168,0.0175699295646167,11.0
252600.0,2526.0,0.0,,-1.017569929556868,0.0175699295568678,11.0
252700.0,2527.0,0.0,,-1.0175699294393394,0.0175699294393394,11.0
253100.0,2531.0,0.0,,-1.0175697961775687,0.0175697961775687,11.0
253200.0,2532.0,0.0,,-1.0175697899798335,0.0175697899798334,11.0
253500.0,2535.0,0.0,,-1.017569078152691,0.0175690781526909,11.0
253600.0,2536.0,0.0,,-1.0175689238292345,0.0175689238292344,11.0
253700.0,2537.0,0.0,,-1.017568920732749,0.0175689207327489,11.0
254000.0,2540.0,0.0,,-1.0175689146564972,0.0175689146564972,11.0
254100.0,2541.0,0.0,,-1.0175689111161146,0.0175689111161145,11.0
254500.0,2545.0,0.0,,-1.0175689109893211,0.0175689109893211,11.0
254800.0,2548.0,0.0,,-1.0175689109163186,0.0175689109163186,11.0
254900.0,2549.0,0.0,,-1.0175689108528112,0.0175689108528112,11.0
255100.0,2551.0,0.0,,-1.017568910812756,0.0175689108127559,11.0
255200.0,2552.0,0.0,,-1.0175689106790922,0.0175689106790921,11.0
255300.0,2553.0,0.0,,-1.0175689106671404,0.0175689106671403,11.0
255600.0,2556.0,0.0,,-1.0175689106597394,0.0175689106597394,11.0
255700.0,2557.0,0.0,,-1.0175689106297308,0.0175689106297307,11.0
255900.0,2559.0,0.0,,-1.0175689106193673,0.0175689106193672,11.0
256100.0,2561.0,0.0,,-1.0175689106178392,0.0175689106178391,11.0
256300.0,2563.0,0.0,,-1.0175689106052432,0.0175689106052432,11.0
256400.0,2564.0,0.0,,-1.0175689105928878,0.0175689105928877,11.0
256800.0,2568.0,0.0,,-1.0175689105873011,0.0175689105873011,11.0
256900.0,2569.0,0.0,,-1.0175689105861847,0.0175689105861847,11.0
257200.0,2572.0,0.0,,-1.017568910584766,0.017568910584766,11.0
257300.0,2573.0,0.0,,-1.017568910583342,0.017568910583342,11.0
257400.0,2574.0,0.0,,-1.0175689105822698,0.0175689105822698,11.0
258000.0,2580.0,0.0,,-1.017568204816014,0.0175682048160139,11.0
258300.0,2583.0,0.0,,-1.017568195663996,0.0175681956639961,11.0
258400.0,2584.0,0.0,,-1.0175681808186927,0.0175681808186927,11.0
258600.0,2586.0,0.0,,-1.017568172686746,0.017568172686746,11.0
258700.0,2587.0,0.0,,-1.017568168769366,0.017568168769366,11.0
259000.0,2590.0,0.0,,-1.017568165648001,0.0175681656480009,11.0
259100.0,2591.0,0.0,,-1.0175681656474216,0.0175681656474215,11.0
259200.0,2592.0,0.0,,-1.0175560855946455,0.0175560855946455,11.0
259700.0,2597.0,0.0,,-1.0175559850079583,0.0175559850079585,11.0
259900.0,2599.0,0.0,,-1.0175559200198816,0.0175559200198816,11.0
260000.0,2600.0,0.0,,-1.0175556268691135,0.0175556268691134,11.0
260100.0,2601.0,0.0,,-1.0175551396560278,0.0175551396560278,11.0
260400.0,2604.0,0.0,,-1.0175549310177865,0.0175549310177862,11.0
260900.0,2609.0,0.0,,-1.017554921304597,0.0175549213045969,11.0
261200.0,2612.0,0.0,,-1.0175545402996962,0.0175545402996961,11.0
261500.0,2615.0,0.0,,-1.017554514797706,0.017554514797706,11.0
261700.0,2617.0,0.0,,-1.0175544975909927,0.0175544975909927,11.0
262000.0,2620.0,0.0,,-1.0175544848049087,0.0175544848049087,11.0
262300.0,2623.0,0.0,,-1.017554478604337,0.0175544786043369,11.0
262400.0,2624.0,0.0,,-1.0175544583464948,0.0175544583464948,11.0
262800.0,2628.0,0.0,,-1.01755434662806,0.0175543466280601,11.0
263300.0,2633.0,0.0,,-1.0175543463720098,0.0175543463720098,11.0
263400.0,2634.0,0.0,,-1.0175543040333437,0.0175543040333436,11.0
263500.0,2635.0,0.0,,-1.0175542997456024,0.0175542997456024,11.0
263600.0,2636.0,0.0,,-1.0175532969820402,0.0175532969820402,11.0
263800.0,2638.0,0.0,,-1.0175532969640793,0.0175532969640792,11.0
263900.0,2639.0,0.0,,-1.0175532942613783,0.0175532942613783,11.0
264100.0,2641.0,0.0,,-1.017553119782724,0.0175531197827238,11.0
264200.0,2642.0,0.0,,-1.0175530885166642,0.0175530885166641,11.0
264300.0,2643.0,0.0,,-1.0175530881096138,0.0175530881096137,11.0
264400.0,2644.0,0.0,,-1.0175530881090251,0.0175530881090251,11.0
264500.0,2645.0,0.0,,-1.017553075578579,0.0175530755785791,11.0
264900.0,2649.0,0.0,,-1.017553074798749,0.0175530747987489,11.0
265100.0,2651.0,0.0,,-1.0175530670307884,0.0175530670307884,11.0
265200.0,2652.0,0.0,,-1.0175530667356751,0.0175530667356751,11.0
265300.0,2653.0,0.0,,-1.017552950116859,0.0175529501168589,11.0
265400.0,2654.0,0.0,,-1.0175529491056832,0.0175529491056831,11.0
265800.0,2658.0,0.0,,-1.0175529415901732,0.0175529415901731,11.0
265900.0,2659.0,0.0,,-1.017552938362629,0.0175529383626289,11.0
266000.0,2660.0,0.0,,-1.0175529381623885,0.0175529381623884,11.0
266200.0,2662.0,0.0,,-1.017552938142289,0.0175529381422889,11.0
266300.0,2663.0,0.0,,-1.017552938072266,0.0175529380722661,11.0
266500.0,2665.0,0.0,,-1.0175529377063606,0.0175529377063605,11.0
266600.0,2666.0,0.0,,-1.0175529371386347,0.0175529371386347,11.0
266900.0,2669.0,0.0,,-1.0175529371266363,0.0175529371266363,11.0
267000.0,2670.0,0.0,,-1.017552937102226,0.017552937102226,11.0
267300.0,2673.0,0.0,,-1.0175529370921728,0.0175529370921727,11.0
267500.0,2675.0,0.0,,-1.0175529370921486,0.0175529370921485,11.0
267600.0,2676.0,0.0,,-1.0175527904990005,0.0175527904990002,11.0
267800.0,2678.0,0.0,,-1.017552787582445,0.017552787582445,11.0
267900.0,2679.0,0.0,,-1.0175527851085704,0.0175527851085703,11.0
268400.0,2684.0,0.0,,-1.017552784713004,0.0175527847130039,11.0
268500.0,2685.0,0.0,,-1.0175526881327792,0.0175526881327792,11.0
268600.0,2686.0,0.0,,-1.01755268813262,0.01755268813262,11.0
269000.0,2690.0,0.0,,-1.017552688129822,0.017552688129822,11.0
269200.0,2692.0,0.0,,-1.0175526849424017,0.0175526849424014,11.0
269400.0,2694.0,0.0,,-1.0175526808096027,0.0175526808096027,11.0
269500.0,2695.0,0.0,,-1.0175526808096025,0.0175526808096024,11.0
269900.0,2699.0,0.0,,-1.017552680493775,0.0175526804937748,11.0
270000.0,2700.0,0.0,,-1.0175501644787357,0.0175501644787354,11.0
270200.0,2702.0,0.0,,-1.017550164477618,0.0175501644776181,11.0
270500.0,2705.0,0.0,,-1.0175501592883769,0.0175501592883766,11.0
270600.0,2706.0,0.0,,-1.0175500981628662,0.0175500981628662,11.0
270700.0,2707.0,0.0,,-1.0175500981523324,0.0175500981523324,11.0
271000.0,2710.0,0.0,,-1.0175500580210133,0.0175500580210132,11.0
271500.0,2715.0,0.0,,-1.017550056372436,0.017550056372436,11.0
271900.0,2719.0,0.0,,-1.017550056371952,0.0175500563719519,11.0
272200.0,2722.0,0.0,,-1.0175500563501672,0.0175500563501671,11.0
272300.0,2723.0,0.0,,-1.017550056023006,0.0175500560230059,11.0
272400.0,2724.0,0.0,,-1.0175500559761317,0.0175500559761316,11.0
272500.0,2725.0,0.0,,-1.0175500558998432,0.0175500558998431,11.0
272600.0,2726.0,0.0,,-1.0175500558274009,0.0175500558274008,11.0
272700.0,2727.0,0.0,,-1.0175500557837205,0.0175500557837202,11.0
272900.0,2729.0,0.0,,-1.017550055772212,0.0175500557722121,11.0
273100.0,2731.0,0.0,,-1.0175500557467876,0.0175500557467875,11.0
273200.0,2732.0,0.0,,-1.0175500557114003,0.0175500557114003,11.0
273400.0,2734.0,0.0,,-1.0175500557054582,0.0175500557054582,11.0
273600.0,2736.0,0.0,,-1.0175500557048842,0.0175500557048842,11.0
273700.0,2737.0,0.0,,-1.0175500557042654,0.0175500557042653,11.0
273800.0,2738.0,0.0,,-1.0175500556750663,0.0175500556750662,11.0
274100.0,2741.0,0.0,,-1.0175500556727095,0.0175500556727097,11.0
274300.0,2743.0,0.0,,-1.017550055668239,0.017550055668239,11.0
274400.0,2744.0,0.0,,-1.017550055663072,0.0175500556630718,11.0
274800.0,2748.0,0.0,,-1.0175500556604236,0.0175500556604235,11.0
274900.0,2749.0,0.0,,-1.0175498888937735,0.0175498888937735,11.0
275200.0,2752.0,0.0,,-1.0175498679233306,0.0175498679233305,11.0
275300.0,2753.0,0.0,,-1.0175498674011183,0.0175498674011185,11.0
275600.0,2756.0,0.0,,-1.0175498523945548,0.0175498523945547,11.0
275900.0,2759.0,0.0,,-1.017549850492664,0.0175498504926638,11.0
276200.0,2762.0,0.0,,-1.0175498504758564,0.0175498504758564,11.0
276400.0,2764.0,0.0,,-1.0175498504748417,0.0175498504748417,11.0
276600.0,2766.0,0.0,,-1.0175498504134748,0.0175498504134747,11.0
276700.0,2767.0,0.0,,-1.017549850397752,0.017549850397752,11.0
277100.0,2771.0,0.0,,-1.0175498492001605,0.0175498492001604,11.0
277500.0,2775.0,0.0,,-1.017549849200036,0.0175498492000361,11.0
277600.0,2776.0,0.0,,-1.0175498491986343,0.0175498491986343,11.0
277700.0,2777.0,0.0,,-1.0175498491824064,0.0175498491824064,11.0
277800.0,2778.0,0.0,,-1.017549849166996,0.0175498491669958,11.0
278100.0,2781.0,0.0,,-1.0175498491669952,0.0175498491669952,11.0
278200.0,2782.0,0.0,,-1.0175498491664274,0.0175498491664274,11.0
278300.0,2783.0,0.0,,-1.0175498491302937,0.0175498491302936,11.0
278500.0,2785.0,0.0,,-1.0175498491285342,0.0175498491285341,11.0
278600.0,2786.0,0.0,,-1.0175498491285169,0.0175498491285168,11.0
278700.0,2787.0,0.0,,-1.0175498491284982,0.0175498491284982,11.0
278900.0,2789.0,0.0,,-1.017549849127641,0.0175498491276406,11.0
279000.0,2790.0,0.0,,-1.0175498491269372,0.0175498491269372,11.0
279200.0,2792.0,0.0,,-1.017549849126918,0.0175498491269181,11.0
279400.0,2794.0,0.0,,-1.0175498491261157,0.0175498491261154,11.0
279500.0,2795.0,0.0,,-1.0175498491260326,0.0175498491260326,11.0
279600.0,2796.0,0.0,,-1.0175498491258217,0.0175498491258214,11.0
279700.0,2797.0,0.0,,-1.0175497623782297,0.0175497623782294,11.0
280100.0,2801.0,0.0,,-1.0175497617326184,0.0175497617326183,11.0
280500.0,2805.0,0.0,,-1.0175497613335247,0.0175497613335247,11.0
280600.0,2806.0,0.0,,-1.0175497607020767,0.0175497607020767,11.0
280700.0,2807.0,0.0,,-1.017549760668382,0.017549760668382,11.0
281100.0,2811.0,0.0,,-1.0175497606681942,0.0175497606681942,11.0
281200.0,2812.0,0.0,,-1.0175497606411965,0.0175497606411962,11.0
281700.0,2817.0,0.0,,-1.017549760640237,0.017549760640237,11.0
281800.0,2818.0,0.0,,-1.0175453095083795,0.0175453095083797,11.0
281900.0,2819.0,0.0,,-1.017545236598676,0.0175452365986759,11.0
282000.0,2820.0,0.0,,-1.0175447580233712,0.0175447580233711,11.0
282100.0,2821.0,0.0,,-1.0175447578833277,0.0175447578833276,11.0
282200.0,2822.0,0.0,,-1.0175447433101714,0.0175447433101714,11.0
282300.0,2823.0,0.0,,-1.0175446951874505,0.0175446951874505,11.0
282500.0,2825.0,0.0,,-1.017544686538698,0.0175446865386978,11.0
283000.0,2830.0,0.0,,-1.017544686484018,0.017544686484018,11.0
283100.0,2831.0,0.0,,-1.0175446860669637,0.0175446860669636,11.0
283200.0,2832.0,0.0,,-1.0175446860453523,0.0175446860453523,11.0
283500.0,2835.0,0.0,,-1.017544686045352,0.017544686045352,11.0
283700.0,2837.0,0.0,,-1.0175446860449369,0.0175446860449368,11.0
283900.0,2839.0,0.0,,-1.017544686036614,0.0175446860366139,11.0
284300.0,2843.0,0.0,,-1.0175446860341686,0.0175446860341685,11.0
284500.0,2845.0,0.0,,-1.0175446860341035,0.0175446860341035,11.0
284600.0,2846.0,0.0,,-1.01754467037261,0.0175446703726098,11.0
284900.0,2849.0,0.0,,-1.0175446701533994,0.0175446701533994,11.0
285100.0,2851.0,0.0,,-1.017544668901235,0.017544668901235,11.0
285200.0,2852.0,0.0,,-1.0175446689011765,0.0175446689011764,11.0
285600.0,2856.0,0.0,,-1.0175446688617091,0.0175446688617091,11.0
286100.0,2861.0,0.0,,-1.0175446688616476,0.0175446688616476,11.0
286400.0,2864.0,0.0,,-1.01754466885761,0.0175446688576099,11.0
286600.0,2866.0,0.0,,-1.0175446688576095,0.0175446688576095,11.0
286800.0,2868.0,0.0,,-1.0175445092414497,0.0175445092414494,11.0
287000.0,2870.0,0.0,,-1.0175445092371511,0.0175445092371513,11.0
287200.0,2872.0,0.0,,-1.0175445067198792,0.0175445067198791,11.0
287300.0,2873.0,0.0,,-1.0175445040863784,0.0175445040863784,11.0
287400.0,2874.0,0.0,,-1.0175445040863782,0.0175445040863782,11.0
287500.0,2875.0,0.0,,-1.0175445037165944,0.0175445037165944,11.0
287600.0,2876.0,0.0,,-1.0175445028367616,0.0175445028367615,11.0
287800.0,2878.0,0.0,,-1.017544502834996,0.0175445028349958,11.0
287900.0,2879.0,0.0,,-1.0175445027822534,0.0175445027822533,11.0
288300.0,2883.0,0.0,,-1.0175445027822183,0.0175445027822183,11.0
288500.0,2885.0,0.0,,-1.01754450278188,0.0175445027818801,11.0
288800.0,2888.0,0.0,,-1.0175445027791874,0.0175445027791874,11.0
289600.0,2896.0,0.0,,-1.0175445027791707,0.0175445027791707,11.0
289700.0,2897.0,0.0,,-1.0175445027791286,0.0175445027791285,11.0
290300.0,2903.0,0.0,,-1.0175445027791246,0.0175445027791245,11.0
290400.0,2904.0,0.0,,-1.0175445027791206,0.0175445027791205,11.0
290500.0,2905.0,0.0,,-1.0175445027791157,0.0175445027791154,11.0
290600.0,2906.0,0.0,,-1.0175444651037229,0.0175444651037228,11.0
290800.0,2908.0,0.0,,-1.0175444649448977,0.0175444649448976,11.0
291000.0,2910.0,0.0,,-1.017543972492306,0.0175439724923058,11.0
291100.0,2911.0,0.0,,-1.017543937846127,0.017543937846127,11.0
291200.0,2912.0,0.0,,-1.0175439378460998,0.0175439378460997,11.0
291400.0,2914.0,0.0,,-1.0175439213662052,0.0175439213662051,11.0
291500.0,2915.0,0.0,,-1.0175439211629127,0.0175439211629127,11.0
291900.0,2919.0,0.0,,-1.0175439211196644,0.0175439211196644,11.0
292000.0,2920.0,0.0,,-1.0175439208523305,0.0175439208523302,11.0
292100.0,2921.0,0.0,,-1.0175439198613037,0.0175439198613036,11.0
292200.0,2922.0,0.0,,-1.0175439181439625,0.0175439181439625,11.0
292300.0,2923.0,0.0,,-1.0175439179865204,0.0175439179865204,11.0
292600.0,2926.0,0.0,,-1.0175439149371472,0.0175439149371472,11.0
292800.0,2928.0,0.0,,-1.0175439147579566,0.0175439147579565,11.0
293200.0,2932.0,0.0,,-1.0175435904711032,0.0175435904711032,11.0
293700.0,2937.0,0.0,,-1.0175435904711028,0.0175435904711027,11.0
293900.0,2939.0,0.0,,-1.0175435903998549,0.0175435903998548,11.0
294000.0,2940.0,0.0,,-1.017543590391503,0.0175435903915031,11.0
294200.0,2942.0,0.0,,-1.0175435901264414,0.0175435901264413,11.0
294400.0,2944.0,0.0,,-1.0175435898286491,0.0175435898286493,11.0
294600.0,2946.0,0.0,,-1.0175435898193002,0.0175435898193001,11.0
294700.0,2947.0,0.0,,-1.0175435895759648,0.0175435895759648,11.0
294800.0,2948.0,0.0,,-1.0175435895756453,0.0175435895756452,11.0
295000.0,2950.0,0.0,,-1.0175435894210834,0.0175435894210833,11.0
295300.0,2953.0,0.0,,-1.0175435892282885,0.0175435892282884,11.0
295500.0,2955.0,0.0,,-1.0175435892231364,0.0175435892231363,11.0
295700.0,2957.0,0.0,,-1.017543589196103,0.0175435891961031,11.0
295800.0,2958.0,0.0,,-1.017543575391319,0.0175435753913189,11.0
296300.0,2963.0,0.0,,-1.017543520891428,0.017543520891428,11.0
296500.0,2965.0,0.0,,-1.0175435171496698,0.0175435171496698,11.0
296600.0,2966.0,0.0,,-1.0175435112929354,0.0175435112929354,11.0
296900.0,2969.0,0.0,,-1.0175435051250816,0.0175435051250816,11.0
297000.0,2970.0,0.0,,-1.0175435036815066,0.0175435036815065,11.0
297100.0,2971.0,0.0,,-1.0175435034934337,0.0175435034934337,11.0
297200.0,2972.0,0.0,,-1.01754345612103,0.0175434561210299,11.0
297300.0,2973.0,0.0,,-1.017543455465313,0.0175434554653133,11.0
297400.0,2974.0,0.0,,-1.017543454599556,0.0175434545995558,11.0
297500.0,2975.0,0.0,,-1.0175434545915851,0.0175434545915851,11.0
297800.0,2978.0,0.0,,-1.0175434427803007,0.0175434427803007,11.0
298400.0,2984.0,0.0,,-1.0175434319429335,0.0175434319429337,11.0
298900.0,2989.0,0.0,,-1.017543431911887,0.017543431911887,11.0
299100.0,2991.0,0.0,,-1.0175434319118772,0.0175434319118772,11.0
299300.0,2993.0,0.0,,-1.0175434318874643,0.0175434318874645,11.0
299400.0,2994.0,0.0,,-1.0175434318599368,0.0175434318599367,11.0
299600.0,2996.0,0.0,,-1.0175434318545713,0.0175434318545713,11.0
299800.0,2998.0,0.0,,-1.017543431828435,0.0175434318284353,11.0
100.0,1.0,0.0,,-1.871476725695304,0.871476725695304,12.0
200.0,2.0,0.0,,-1.8714767153136769,0.8714767153136767,12.0
300.0,3.0,0.0,,-1.8408454945269432,0.8408454945269432,12.0
400.0,4.0,0.0,,-1.8174254711813944,0.8174254711813942,12.0
600.0,6.0,0.0,,-1.7855369308895286,0.7855369308895286,12.0
700.0,7.0,0.0,,-1.7600696981648487,0.7600696981648487,12.0
800.0,8.0,0.0,,-1.7368263134842716,0.7368263134842716,12.0
900.0,9.0,0.0,,-1.704658204671751,0.7046582046717513,12.0
1100.0,11.0,0.0,,-1.6520600645250778,0.6520600645250778,12.0
1300.0,13.0,0.0,,-1.5899749812153887,0.5899749812153887,12.0
1500.0,15.0,0.0,,-1.578780020596092,0.578780020596092,12.0
1700.0,17.0,0.0,,-1.5500112049731665,0.5500112049731665,12.0
1800.0,18.0,0.0,,-1.5245412151563875,0.5245412151563875,12.0
1900.0,19.0,0.0,,-1.503622953775256,0.5036229537752561,12.0
2000.0,20.0,0.0,,-1.4987960710774144,0.4987960710774144,12.0
2100.0,21.0,0.0,,-1.474088757160791,0.474088757160791,12.0
2200.0,22.0,0.0,,-1.4575049983087809,0.4575049983087806,12.0
2300.0,23.0,0.0,,-1.442892407559357,0.442892407559357,12.0
2400.0,24.0,0.0,,-1.4235806246913767,0.4235806246913767,12.0
2500.0,25.0,0.0,,-1.4161831182042488,0.4161831182042488,12.0
2600.0,26.0,0.0,,-1.4118515542581722,0.4118515542581722,12.0
2700.0,27.0,0.0,,-1.3984108436642069,0.3984108436642068,12.0
2800.0,28.0,0.0,,-1.3867656016952166,0.3867656016952165,12.0
3000.0,30.0,0.0,,-1.3816916269376194,0.3816916269376194,12.0
3100.0,31.0,0.0,,-1.3757365758995692,0.3757365758995692,12.0
3200.0,32.0,0.0,,-1.3751423878380338,0.3751423878380338,12.0
3300.0,33.0,0.0,,-1.363245206855941,0.3632452068559411,12.0
3400.0,34.0,0.0,,-1.3504114705466794,0.3504114705466794,12.0
3800.0,38.0,0.0,,-1.3270123560157656,0.3270123560157656,12.0
4200.0,42.0,0.0,,-1.3258822865367257,0.3258822865367254,12.0
4300.0,43.0,0.0,,-1.3232289418080905,0.3232289418080905,12.0
4500.0,45.0,0.0,,-1.314288234808238,0.3142882348082381,12.0
4600.0,46.0,0.0,,-1.31378559980306,0.3137855998030598,12.0
4900.0,49.0,0.0,,-1.3132766689569988,0.3132766689569988,12.0
5000.0,50.0,0.0,,-1.3132314018239637,0.3132314018239635,12.0
5100.0,51.0,0.0,,-1.3130725046260607,0.3130725046260607,12.0
5200.0,52.0,0.0,,-1.3103085668332262,0.3103085668332261,12.0
5600.0,56.0,0.0,,-1.3087969736215144,0.3087969736215143,12.0
6100.0,61.0,0.0,,-1.3086523979939164,0.3086523979939164,12.0
6200.0,62.0,0.0,,-1.308589909185015,0.308589909185015,12.0
6300.0,63.0,0.0,,-1.3084554564723423,0.3084554564723425,12.0
6500.0,65.0,0.0,,-1.3084153701621948,0.3084153701621948,12.0
6700.0,67.0,0.0,,-1.3083999153570651,0.3083999153570651,12.0
6900.0,69.0,0.0,,-1.3083975160335972,0.3083975160335972,12.0
7000.0,70.0,0.0,,-1.3083669534683235,0.3083669534683235,12.0
7100.0,71.0,0.0,,-1.3083663829889012,0.3083663829889012,12.0
7200.0,72.0,0.0,,-1.3083634186943929,0.3083634186943929,12.0
7400.0,74.0,0.0,,-1.308362441304436,0.3083624413044359,12.0
7500.0,75.0,0.0,,-1.3083622172028482,0.3083622172028482,12.0
7800.0,78.0,0.0,,-1.308362108741911,0.308362108741911,12.0
8100.0,81.0,0.0,,-1.3083615705928942,0.3083615705928941,12.0
8200.0,82.0,0.0,,-1.308361488494334,0.308361488494334,12.0
8500.0,85.0,0.0,,-1.3083614630436884,0.3083614630436884,12.0
8600.0,86.0,0.0,,-1.3083614490023914,0.3083614490023914,12.0
9000.0,90.0,0.0,,-1.3083614408100015,0.3083614408100015,12.0
9200.0,92.0,0.0,,-1.3083614379502178,0.3083614379502177,12.0
9300.0,93.0,0.0,,-1.3083614367503054,0.3083614367503053,12.0
9800.0,98.0,0.0,,-1.3083614367355618,0.3083614367355618,12.0
9900.0,99.0,0.0,,-1.30833099597404,0.3083309959740399,12.0
10100.0,101.0,0.0,,-1.3083251224774664,0.3083251224774663,12.0
10200.0,102.0,0.0,,-1.308322726301652,0.3083227263016519,12.0
10300.0,103.0,0.0,,-1.3083216347487108,0.3083216347487107,12.0
10400.0,104.0,0.0,,-1.308157982063129,0.308157982063129,12.0
10500.0,105.0,0.0,,-1.308142536608898,0.3081425366088979,12.0
10600.0,106.0,0.0,,-1.3081404049725207,0.3081404049725207,12.0
10700.0,107.0,0.0,,-1.307952966319755,0.3079529663197551,12.0
11000.0,110.0,0.0,,-1.3068736037570692,0.3068736037570692,12.0
11100.0,111.0,0.0,,-1.3066945690847085,0.3066945690847082,12.0
11300.0,113.0,0.0,,-1.3064208192791709,0.3064208192791708,12.0
11900.0,119.0,0.0,,-1.306311874584227,0.306311874584227,12.0
12200.0,122.0,0.0,,-1.3061933137361694,0.3061933137361694,12.0
12500.0,125.0,0.0,,-1.3061851936635596,0.3061851936635595,12.0
12800.0,128.0,0.0,,-1.3061801456772564,0.3061801456772564,12.0
12900.0,129.0,0.0,,-1.306177614453803,0.3061776144538033,12.0
13000.0,130.0,0.0,,-1.306176932476986,0.3061769324769858,12.0
13100.0,131.0,0.0,,-1.306173366701478,0.3061733667014779,12.0
13300.0,133.0,0.0,,-1.3061731522414903,0.3061731522414903,12.0
13600.0,136.0,0.0,,-1.306173041274975,0.306173041274975,12.0
13700.0,137.0,0.0,,-1.3061724597931816,0.3061724597931816,12.0
14700.0,147.0,0.0,,-1.3061724447399787,0.3061724447399787,12.0
14900.0,149.0,0.0,,-1.3061724259573122,0.3061724259573122,12.0
16100.0,161.0,0.0,,-1.2902509085668454,0.2902509085668454,12.0
16200.0,162.0,0.0,,-1.283249418734956,0.2832494187349559,12.0
16300.0,163.0,0.0,,-1.283249411257764,0.2832494112577641,12.0
16400.0,164.0,0.0,,-1.2785936395664463,0.2785936395664463,12.0
16700.0,167.0,0.0,,-1.2782242631372045,0.2782242631372043,12.0
16800.0,168.0,0.0,,-1.2761170043240142,0.2761170043240142,12.0
16900.0,169.0,0.0,,-1.2714050296590744,0.2714050296590744,12.0
17100.0,171.0,0.0,,-1.2695344276967997,0.2695344276967997,12.0
17200.0,172.0,0.0,,-1.2694004510003438,0.2694004510003438,12.0
17300.0,173.0,0.0,,-1.2692850993852822,0.2692850993852822,12.0
17500.0,175.0,0.0,,-1.2690465829775612,0.2690465829775612,12.0
17600.0,176.0,0.0,,-1.2689997172295613,0.2689997172295613,12.0
17700.0,177.0,0.0,,-1.2689875811037954,0.2689875811037954,12.0
17800.0,178.0,0.0,,-1.2689253348613845,0.2689253348613842,12.0
18200.0,182.0,0.0,,-1.2688883916963074,0.2688883916963074,12.0
18400.0,184.0,0.0,,-1.2688808926214634,0.2688808926214634,12.0
18500.0,185.0,0.0,,-1.268849921420383,0.268849921420383,12.0
18800.0,188.0,0.0,,-1.2687662881560209,0.2687662881560209,12.0
18900.0,189.0,0.0,,-1.268678626360237,0.268678626360237,12.0
19300.0,193.0,0.0,,-1.2685686970284276,0.2685686970284275,12.0
19400.0,194.0,0.0,,-1.2685078992701695,0.2685078992701697,12.0
19600.0,196.0,0.0,,-1.268461405306221,0.2684614053062211,12.0
19700.0,197.0,0.0,,-1.268458548148271,0.2684585481482711,12.0
19800.0,198.0,0.0,,-1.2684557250823911,0.2684557250823913,12.0
20000.0,200.0,0.0,,-1.2684540636617525,0.2684540636617523,12.0
20100.0,201.0,0.0,,-1.2684475594015574,0.2684475594015574,12.0
20500.0,205.0,0.0,,-1.268447546737905,0.268447546737905,12.0
20600.0,206.0,0.0,,-1.2684474380662845,0.2684474380662844,12.0
20800.0,208.0,0.0,,-1.2632888941255616,0.2632888941255615,12.0
20900.0,209.0,0.0,,-1.262997957653729,0.2629979576537287,12.0
21000.0,210.0,0.0,,-1.2546662754370217,0.2546662754370214,12.0
21100.0,211.0,0.0,,-1.2502160253334784,0.2502160253334784,12.0
21200.0,212.0,0.0,,-1.2416178605254142,0.2416178605254142,12.0
21300.0,213.0,0.0,,-1.235372451881482,0.2353724518814819,12.0
21400.0,214.0,0.0,,-1.2246566518512956,0.2246566518512955,12.0
21500.0,215.0,0.0,,-1.215637383254987,0.2156373832549869,12.0
21700.0,217.0,0.0,,-1.207253677686814,0.2072536776868139,12.0
21800.0,218.0,0.0,,-1.206987948057467,0.206987948057467,12.0
22100.0,221.0,0.0,,-1.206974221287086,0.2069742212870859,12.0
22200.0,222.0,0.0,,-1.2069741385297692,0.2069741385297692,12.0
22400.0,224.0,0.0,,-1.2069385917900488,0.2069385917900488,12.0
22900.0,229.0,0.0,,-1.2069342365932765,0.2069342365932764,12.0
23100.0,231.0,0.0,,-1.2029714547954549,0.2029714547954548,12.0
24000.0,240.0,0.0,,-1.2022933418948574,0.2022933418948573,12.0
24100.0,241.0,0.0,,-1.202053611843776,0.2020536118437759,12.0
24200.0,242.0,0.0,,-1.2019720064477,0.2019720064476999,12.0
24300.0,243.0,0.0,,-1.201609577563309,0.2016095775633093,12.0
24600.0,246.0,0.0,,-1.201550198889528,0.201550198889528,12.0
24700.0,247.0,0.0,,-1.2012467160842606,0.2012467160842606,12.0
24800.0,248.0,0.0,,-1.201106418979821,0.201106418979821,12.0
25200.0,252.0,0.0,,-1.2010779663623077,0.2010779663623076,12.0
25300.0,253.0,0.0,,-1.2008060713894442,0.2008060713894441,12.0
26100.0,261.0,0.0,,-1.2007044870340289,0.2007044870340286,12.0
26400.0,264.0,0.0,,-1.2007006563607083,0.2007006563607083,12.0
26500.0,265.0,0.0,,-1.2006963049318555,0.2006963049318555,12.0
26600.0,266.0,0.0,,-1.2006750556765051,0.2006750556765051,12.0
26700.0,267.0,0.0,,-1.200644963109604,0.2006449631096039,12.0
26800.0,268.0,0.0,,-1.2006411550029843,0.2006411550029845,12.0
27600.0,276.0,0.0,,-1.2006410986111982,0.2006410986111981,12.0
27700.0,277.0,0.0,,-1.2006367293992422,0.2006367293992421,12.0
27800.0,278.0,0.0,,-1.2006364959641922,0.2006364959641922,12.0
28000.0,280.0,0.0,,-1.2005622184299614,0.2005622184299613,12.0
28100.0,281.0,0.0,,-1.2004465584633903,0.2004465584633905,12.0
28400.0,284.0,0.0,,-1.2004133866130042,0.2004133866130042,12.0
28500.0,285.0,0.0,,-1.2003209654978284,0.2003209654978284,12.0
28900.0,289.0,0.0,,-1.2002998433203087,0.2002998433203087,12.0
29000.0,290.0,0.0,,-1.200288165933168,0.2002881659331681,12.0
29200.0,292.0,0.0,,-1.200252875015423,0.2002528750154231,12.0
29300.0,293.0,0.0,,-1.2001976943924368,0.2001976943924368,12.0
29500.0,295.0,0.0,,-1.2001887822088677,0.2001887822088675,12.0
29600.0,296.0,0.0,,-1.1999907167305266,0.1999907167305266,12.0
30000.0,300.0,0.0,,-1.1999797258644358,0.1999797258644358,12.0
30300.0,303.0,0.0,,-1.199975118778958,0.199975118778958,12.0
30400.0,304.0,0.0,,-1.1999750309030688,0.1999750309030687,12.0
30500.0,305.0,0.0,,-1.1999412521432171,0.1999412521432171,12.0
30700.0,307.0,0.0,,-1.1999397714840248,0.1999397714840247,12.0
30900.0,309.0,0.0,,-1.19991843287845,0.19991843287845,12.0
31400.0,314.0,0.0,,-1.1999159839152282,0.1999159839152282,12.0
31500.0,315.0,0.0,,-1.1999143243362749,0.1999143243362748,12.0
31600.0,316.0,0.0,,-1.1998699840644051,0.1998699840644051,12.0
32300.0,323.0,0.0,,-1.1998698759917183,0.1998698759917183,12.0
32500.0,325.0,0.0,,-1.199859973889422,0.199859973889422,12.0
32600.0,326.0,0.0,,-1.1998589695860749,0.1998589695860748,12.0
32700.0,327.0,0.0,,-1.1998583663300326,0.1998583663300326,12.0
32800.0,328.0,0.0,,-1.1998574847625982,0.1998574847625982,12.0
32900.0,329.0,0.0,,-1.199851118117841,0.199851118117841,12.0
33000.0,330.0,0.0,,-1.1998509894823497,0.1998509894823497,12.0
33300.0,333.0,0.0,,-1.1998503202091753,0.1998503202091752,12.0
33600.0,336.0,0.0,,-1.1998503202086686,0.1998503202086685,12.0
33900.0,339.0,0.0,,-1.19985031047156,0.1998503104715601,12.0
34200.0,342.0,0.0,,-1.1998502906445832,0.1998502906445831,12.0
34300.0,343.0,0.0,,-1.1998502846108892,0.1998502846108891,12.0
34400.0,344.0,0.0,,-1.1998501556522394,0.1998501556522394,12.0
34500.0,345.0,0.0,,-1.1998500334314883,0.1998500334314885,12.0
34700.0,347.0,0.0,,-1.1998500334287316,0.1998500334287316,12.0
34900.0,349.0,0.0,,-1.1998500310449784,0.1998500310449784,12.0
35000.0,350.0,0.0,,-1.199850016624213,0.1998500166242129,12.0
35100.0,351.0,0.0,,-1.1998500166231945,0.1998500166231944,12.0
35500.0,355.0,0.0,,-1.1998500165722357,0.1998500165722356,12.0
35600.0,356.0,0.0,,-1.199850016365162,0.1998500163651619,12.0
35700.0,357.0,0.0,,-1.1998500140164758,0.1998500140164758,12.0
35800.0,358.0,0.0,,-1.1998499969795156,0.1998499969795155,12.0
36100.0,361.0,0.0,,-1.1998499964400982,0.1998499964400981,12.0
36500.0,365.0,0.0,,-1.1998499951968558,0.1998499951968557,12.0
36600.0,366.0,0.0,,-1.1998499916009278,0.1998499916009277,12.0
36700.0,367.0,0.0,,-1.1998499913473712,0.1998499913473712,12.0
36800.0,368.0,0.0,,-1.199849990237777,0.199849990237777,12.0
37000.0,370.0,0.0,,-1.1998499901944968,0.1998499901944967,12.0
37100.0,371.0,0.0,,-1.1998499887101026,0.1998499887101026,12.0
37200.0,372.0,0.0,,-1.199849987532943,0.1998499875329429,12.0
37300.0,373.0,0.0,,-1.1998499875295627,0.1998499875295627,12.0
37400.0,374.0,0.0,,-1.1998499861772525,0.1998499861772524,12.0
37500.0,375.0,0.0,,-1.1998499855964575,0.1998499855964575,12.0
37800.0,378.0,0.0,,-1.199849985585127,0.199849985585127,12.0
37900.0,379.0,0.0,,-1.1998499848929016,0.1998499848929016,12.0
38200.0,382.0,0.0,,-1.1998499847921271,0.1998499847921273,12.0
38300.0,383.0,0.0,,-1.1998499847919688,0.1998499847919688,12.0
38400.0,384.0,0.0,,-1.199849984791155,0.199849984791155,12.0
38500.0,385.0,0.0,,-1.1998499847911328,0.1998499847911328,12.0
38600.0,386.0,0.0,,-1.1998499847739,0.1998499847739001,12.0
38700.0,387.0,0.0,,-1.1998499847736566,0.1998499847736565,12.0
38800.0,388.0,0.0,,-1.1998499847724309,0.1998499847724308,12.0
39000.0,390.0,0.0,,-1.1998499847722393,0.1998499847722392,12.0
39200.0,392.0,0.0,,-1.1998499847712094,0.1998499847712094,12.0
39300.0,393.0,0.0,,-1.1998499847708404,0.1998499847708403,12.0
39400.0,394.0,0.0,,-1.199849984770774,0.1998499847707739,12.0
39600.0,396.0,0.0,,-1.1998499847701505,0.1998499847701502,12.0
39700.0,397.0,0.0,,-1.1998499847701398,0.1998499847701398,12.0
39800.0,398.0,0.0,,-1.1998499847701258,0.1998499847701258,12.0
40000.0,400.0,0.0,,-1.1998499847696755,0.1998499847696757,12.0
40900.0,409.0,0.0,,-1.199849984769664,0.1998499847696639,12.0
41100.0,411.0,0.0,,-1.1998499847696549,0.1998499847696546,12.0
41200.0,412.0,0.0,,-1.1998499847696482,0.1998499847696482,12.0
41500.0,415.0,0.0,,-1.1998499847696422,0.1998499847696422,12.0
41600.0,416.0,0.0,,-1.1998499847696409,0.1998499847696406,12.0
41800.0,418.0,0.0,,-1.1998499847696396,0.1998499847696395,12.0
42100.0,421.0,0.0,,-1.1998499847696389,0.1998499847696386,12.0
42400.0,424.0,0.0,,-1.1998499847696378,0.1998499847696377,12.0
42900.0,429.0,0.0,,-1.1998499847696376,0.1998499847696375,12.0
43500.0,435.0,0.0,,-1.1998499847696371,0.1998499847696373,12.0
100.0,1.0,0.0,,-1.8882073515665256,0.8882073515665256,13.0
200.0,2.0,0.0,,-1.8714173714773232,0.8714173714773232,13.0
300.0,3.0,0.0,,-1.8240620075332323,0.8240620075332323,13.0
400.0,4.0,0.0,,-1.795628334722484,0.795628334722484,13.0
500.0,5.0,0.0,,-1.741855970823733,0.7418559708237329,13.0
600.0,6.0,0.0,,-1.729857787719769,0.729857787719769,13.0
800.0,8.0,0.0,,-1.7056430904021007,0.7056430904021007,13.0
900.0,9.0,0.0,,-1.6885336963081825,0.6885336963081823,13.0
1000.0,10.0,0.0,,-1.6651518554785691,0.6651518554785691,13.0
1100.0,11.0,0.0,,-1.6391377765787247,0.6391377765787247,13.0
1200.0,12.0,0.0,,-1.6175524255525002,0.6175524255525002,13.0
1300.0,13.0,0.0,,-1.5952902156603732,0.5952902156603732,13.0
1400.0,14.0,0.0,,-1.5612134436740257,0.5612134436740255,13.0
1600.0,16.0,0.0,,-1.545842661260877,0.5458426612608771,13.0
1700.0,17.0,0.0,,-1.513594697297775,0.513594697297775,13.0
1800.0,18.0,0.0,,-1.509436260627652,0.5094362606276519,13.0
1900.0,19.0,0.0,,-1.484606450049187,0.4846064500491867,13.0
2000.0,20.0,0.0,,-1.4584862226630944,0.4584862226630943,13.0
2100.0,21.0,0.0,,-1.457907157707232,0.457907157707232,13.0
2200.0,22.0,0.0,,-1.437103577374111,0.437103577374111,13.0
2300.0,23.0,0.0,,-1.4108712261585994,0.4108712261585994,13.0
2400.0,24.0,0.0,,-1.390476146084104,0.3904761460841039,13.0
2500.0,25.0,0.0,,-1.3866114394343525,0.3866114394343523,13.0
2600.0,26.0,0.0,,-1.385470683643319,0.385470683643319,13.0
2700.0,27.0,0.0,,-1.3624036309237986,0.3624036309237985,13.0
2900.0,29.0,0.0,,-1.3436131020410746,0.3436131020410746,13.0
3000.0,30.0,0.0,,-1.3252084219804328,0.3252084219804327,13.0
3100.0,31.0,0.0,,-1.3032867903061027,0.3032867903061027,13.0
3200.0,32.0,0.0,,-1.2815005353253257,0.2815005353253257,13.0
3400.0,34.0,0.0,,-1.2689740539778591,0.2689740539778591,13.0
3500.0,35.0,0.0,,-1.2573665084747252,0.2573665084747252,13.0
3600.0,36.0,0.0,,-1.2567834713446455,0.2567834713446455,13.0
3700.0,37.0,0.0,,-1.2544292496365688,0.2544292496365687,13.0
3800.0,38.0,0.0,,-1.233916745964461,0.2339167459644611,13.0
4000.0,40.0,0.0,,-1.2323501171926836,0.2323501171926836,13.0
4100.0,41.0,0.0,,-1.2215633326500406,0.2215633326500405,13.0
4200.0,42.0,0.0,,-1.217007072069606,0.217007072069606,13.0
4300.0,43.0,0.0,,-1.216392947260928,0.216392947260928,13.0
4500.0,45.0,0.0,,-1.2139557528686262,0.2139557528686262,13.0
4800.0,48.0,0.0,,-1.207789187013152,0.207789187013152,13.0
5200.0,52.0,0.0,,-1.201957060349102,0.2019570603491021,13.0
5600.0,56.0,0.0,,-1.201879964981581,0.201879964981581,13.0
5900.0,59.0,0.0,,-1.201625902914956,0.2016259029149558,13.0
6000.0,60.0,0.0,,-1.2016255609010351,0.2016255609010351,13.0
6700.0,67.0,0.0,,-1.2016159158728703,0.2016159158728703,13.0
7100.0,71.0,0.0,,-1.201614776774785,0.2016147767747846,13.0
7400.0,74.0,0.0,,-1.2016146869626656,0.2016146869626656,13.0
7500.0,75.0,0.0,,-1.2016139566202082,0.2016139566202082,13.0
8100.0,81.0,0.0,,-1.201613934415497,0.201613934415497,13.0
8300.0,83.0,0.0,,-1.2016139269429975,0.2016139269429975,13.0
8700.0,87.0,0.0,,-1.2016139268682322,0.2016139268682322,13.0
8800.0,88.0,0.0,,-1.201613926535915,0.2016139265359149,13.0
8900.0,89.0,0.0,,-1.20161392636849,0.2016139263684899,13.0
9100.0,91.0,0.0,,-1.2016139263681165,0.2016139263681162,13.0
9300.0,93.0,0.0,,-1.2016139263453156,0.2016139263453156,13.0
9400.0,94.0,0.0,,-1.2015916929680084,0.2015916929680083,13.0
9600.0,96.0,0.0,,-1.20158358712295,0.2015835871229498,13.0
9700.0,97.0,0.0,,-1.2015835871229494,0.2015835871229494,13.0
9800.0,98.0,0.0,,-1.201468485920271,0.2014684859202709,13.0
9900.0,99.0,0.0,,-1.2013752450930095,0.2013752450930097,13.0
10200.0,102.0,0.0,,-1.2013751718099448,0.2013751718099448,13.0
10300.0,103.0,0.0,,-1.2012390755390077,0.2012390755390076,13.0
10500.0,105.0,0.0,,-1.200524031887858,0.200524031887858,13.0
10600.0,106.0,0.0,,-1.2004932395493493,0.2004932395493492,13.0
10700.0,107.0,0.0,,-1.2003247190738868,0.2003247190738868,13.0
11100.0,111.0,0.0,,-1.2003197547365672,0.2003197547365671,13.0
11200.0,112.0,0.0,,-1.2003140375561223,0.2003140375561223,13.0
11300.0,113.0,0.0,,-1.1999927400585852,0.1999927400585852,13.0
11800.0,118.0,0.0,,-1.199902381891775,0.1999023818917749,13.0
11900.0,119.0,0.0,,-1.1998648642378884,0.1998648642378884,13.0
12400.0,124.0,0.0,,-1.199863643357815,0.1998636433578149,13.0
12500.0,125.0,0.0,,-1.1998560102817997,0.1998560102817996,13.0
12600.0,126.0,0.0,,-1.1998524106948594,0.1998524106948593,13.0
12700.0,127.0,0.0,,-1.199852049866741,0.1998520498667413,13.0
12800.0,128.0,0.0,,-1.199851042300888,0.1998510423008881,13.0
13100.0,131.0,0.0,,-1.1998503797447195,0.1998503797447195,13.0
13500.0,135.0,0.0,,-1.1998502446781911,0.1998502446781911,13.0
13800.0,138.0,0.0,,-1.1998501063665614,0.1998501063665614,13.0
14100.0,141.0,0.0,,-1.1998501056114146,0.1998501056114145,13.0
14200.0,142.0,0.0,,-1.1998500894908537,0.1998500894908534,13.0
14400.0,144.0,0.0,,-1.1998500372067409,0.1998500372067406,13.0
14600.0,146.0,0.0,,-1.1998500365036844,0.1998500365036843,13.0
14700.0,147.0,0.0,,-1.1998500230659577,0.1998500230659576,13.0
14800.0,148.0,0.0,,-1.1998500059744568,0.1998500059744568,13.0
15000.0,150.0,0.0,,-1.1998499970796277,0.1998499970796277,13.0
15100.0,151.0,0.0,,-1.199849996154823,0.199849996154823,13.0
15400.0,154.0,0.0,,-1.1998499946313896,0.1998499946313896,13.0
15500.0,155.0,0.0,,-1.1998499886676928,0.1998499886676927,13.0
15700.0,157.0,0.0,,-1.1998499877321112,0.1998499877321111,13.0
15800.0,158.0,0.0,,-1.1998499871395012,0.1998499871395012,13.0
16000.0,160.0,0.0,,-1.1998499870191308,0.1998499870191308,13.0
16200.0,162.0,0.0,,-1.199849985494575,0.199849985494575,13.0
16400.0,164.0,0.0,,-1.1998499854881512,0.1998499854881512,13.0
16500.0,165.0,0.0,,-1.19984998535954,0.1998499853595401,13.0
16700.0,167.0,0.0,,-1.1998499851467788,0.1998499851467787,13.0
16800.0,168.0,0.0,,-1.1998499850597106,0.1998499850597106,13.0
17200.0,172.0,0.0,,-1.1998499850580746,0.1998499850580746,13.0
17300.0,173.0,0.0,,-1.199849984914379,0.1998499849143791,13.0
17600.0,176.0,0.0,,-1.199849984903098,0.1998499849030979,13.0
17700.0,177.0,0.0,,-1.199849984886289,0.1998499848862889,13.0
17900.0,179.0,0.0,,-1.199849984778233,0.1998499847782329,13.0
18600.0,186.0,0.0,,-1.1998499847779829,0.1998499847779828,13.0
18900.0,189.0,0.0,,-1.1998499847727486,0.1998499847727486,13.0
19100.0,191.0,0.0,,-1.1998499847721282,0.1998499847721282,13.0
19400.0,194.0,0.0,,-1.199849984771984,0.1998499847719841,13.0
19700.0,197.0,0.0,,-1.199849984771883,0.1998499847718833,13.0
19800.0,198.0,0.0,,-1.1998499847718784,0.1998499847718784,13.0
20000.0,200.0,0.0,,-1.1998499847708113,0.1998499847708112,13.0
20200.0,202.0,0.0,,-1.1998499847707191,0.1998499847707191,13.0
20300.0,203.0,0.0,,-1.1998499847707125,0.1998499847707124,13.0
20600.0,206.0,0.0,,-1.1998499847706947,0.1998499847706947,13.0
20700.0,207.0,0.0,,-1.199849984769781,0.199849984769781,13.0
21100.0,211.0,0.0,,-1.199849984769688,0.1998499847696879,13.0
21400.0,214.0,0.0,,-1.1998499847696869,0.1998499847696868,13.0
21600.0,216.0,0.0,,-1.199849984769662,0.1998499847696619,13.0
21800.0,218.0,0.0,,-1.1998499847696524,0.1998499847696524,13.0
22200.0,222.0,0.0,,-1.1998499847696509,0.1998499847696508,13.0
22300.0,223.0,0.0,,-1.1998499847696469,0.1998499847696468,13.0
22800.0,228.0,0.0,,-1.199849984769645,0.1998499847696453,13.0
23000.0,230.0,0.0,,-1.1998499847696409,0.1998499847696406,13.0
23500.0,235.0,0.0,,-1.1998499847696378,0.1998499847696377,13.0
24600.0,246.0,0.0,,-1.1998499847696376,0.1998499847696375,13.0
24700.0,247.0,0.0,,-1.1998499847696371,0.1998499847696373,13.0
29600.0,296.0,0.0,,-1.199670254726909,0.1996702547269089,13.0
30400.0,304.0,0.0,,-1.1988945258084551,0.1988945258084553,13.0
30900.0,309.0,0.0,,-1.198624111526214,0.1986241115262139,13.0
31100.0,311.0,0.0,,-1.1985542453444216,0.1985542453444215,13.0
31300.0,313.0,0.0,,-1.1985398342022868,0.1985398342022868,13.0
31400.0,314.0,0.0,,-1.198538055984741,0.1985380559847409,13.0
31500.0,315.0,0.0,,-1.1985328605613286,0.1985328605613285,13.0
31600.0,316.0,0.0,,-1.1985297266627934,0.1985297266627934,13.0
31700.0,317.0,0.0,,-1.198520364916312,0.1985203649163121,13.0
32000.0,320.0,0.0,,-1.1985198346937975,0.1985198346937977,13.0
32100.0,321.0,0.0,,-1.198519819961445,0.198519819961445,13.0
32200.0,322.0,0.0,,-1.1985198094649294,0.1985198094649294,13.0
32500.0,325.0,0.0,,-1.1985197137304562,0.1985197137304561,13.0
33000.0,330.0,0.0,,-1.1985197031043036,0.1985197031043035,13.0
33200.0,332.0,0.0,,-1.1985196981897572,0.1985196981897572,13.0
33400.0,334.0,0.0,,-1.1985196843412536,0.1985196843412535,13.0
33800.0,338.0,0.0,,-1.1985196826389162,0.1985196826389161,13.0
34000.0,340.0,0.0,,-1.198519682176374,0.1985196821763739,13.0
34100.0,341.0,0.0,,-1.1985196801099938,0.1985196801099937,13.0
34300.0,343.0,0.0,,-1.1985196800071054,0.1985196800071054,13.0
34700.0,347.0,0.0,,-1.1985196799803155,0.1985196799803157,13.0
34900.0,349.0,0.0,,-1.1985196797842703,0.1985196797842703,13.0
35300.0,353.0,0.0,,-1.1985196797766802,0.1985196797766801,13.0
35700.0,357.0,0.0,,-1.1985196797745885,0.1985196797745885,13.0
35800.0,358.0,0.0,,-1.194368048502496,0.1943680485024961,13.0
37000.0,370.0,0.0,,-1.1865184148253607,0.1865184148253607,13.0
37400.0,374.0,0.0,,-1.1782252714843129,0.1782252714843126,13.0
37600.0,376.0,0.0,,-1.1744818875212466,0.1744818875212466,13.0
37700.0,377.0,0.0,,-1.172504374443234,0.1725043744432339,13.0
37800.0,378.0,0.0,,-1.1698714027473915,0.1698714027473915,13.0
37900.0,379.0,0.0,,-1.1676719056860565,0.1676719056860562,13.0
38100.0,381.0,0.0,,-1.1674561043065843,0.1674561043065845,13.0
38500.0,385.0,0.0,,-1.1674543558631398,0.1674543558631398,13.0
38700.0,387.0,0.0,,-1.1674307373905872,0.1674307373905872,13.0
38800.0,388.0,0.0,,-1.167356076006712,0.1673560760067118,13.0
39000.0,390.0,0.0,,-1.1673525443416866,0.1673525443416865,13.0
39100.0,391.0,0.0,,-1.1673387501689565,0.1673387501689562,13.0
39200.0,392.0,0.0,,-1.1673267166211936,0.1673267166211935,13.0
39400.0,394.0,0.0,,-1.1673252711037478,0.1673252711037478,13.0
39500.0,395.0,0.0,,-1.1673192593888158,0.1673192593888157,13.0
39800.0,398.0,0.0,,-1.167234487445976,0.1672344874459761,13.0
40200.0,402.0,0.0,,-1.1671761966559857,0.1671761966559857,13.0
40400.0,404.0,0.0,,-1.1671761791990538,0.1671761791990538,13.0
40500.0,405.0,0.0,,-1.16717025520035,0.16717025520035,13.0
40600.0,406.0,0.0,,-1.1671322992262083,0.1671322992262085,13.0
40900.0,409.0,0.0,,-1.1671227480147766,0.1671227480147765,13.0
41000.0,410.0,0.0,,-1.1671195080277323,0.1671195080277323,13.0
41100.0,411.0,0.0,,-1.167117895101243,0.167117895101243,13.0
41200.0,412.0,0.0,,-1.167115446414335,0.1671154464143349,13.0
41900.0,419.0,0.0,,-1.167115268892976,0.167115268892976,13.0
42100.0,421.0,0.0,,-1.167115263713737,0.1671152637137369,13.0
42300.0,423.0,0.0,,-1.167115233033113,0.1671152330331129,13.0
42500.0,425.0,0.0,,-1.1670483876611164,0.1670483876611164,13.0
42700.0,427.0,0.0,,-1.16704826173808,0.1670482617380799,13.0
42800.0,428.0,0.0,,-1.1670354998692531,0.1670354998692531,13.0
43200.0,432.0,0.0,,-1.166980794301835,0.1669807943018353,13.0
43500.0,435.0,0.0,,-1.1669757667750729,0.1669757667750728,13.0
43600.0,436.0,0.0,,-1.1669594154094487,0.1669594154094487,13.0
43700.0,437.0,0.0,,-1.1669590091146045,0.1669590091146042,13.0
43900.0,439.0,0.0,,-1.166954143196356,0.1669541431963559,13.0
44000.0,440.0,0.0,,-1.16695113400241,0.1669511340024101,13.0
44300.0,443.0,0.0,,-1.1669499107953705,0.1669499107953704,13.0
44400.0,444.0,0.0,,-1.1669478658552044,0.1669478658552043,13.0
44600.0,446.0,0.0,,-1.1669470797563093,0.1669470797563093,13.0
44700.0,447.0,0.0,,-1.166947079071714,0.166947079071714,13.0
45400.0,454.0,0.0,,-1.166947069015336,0.166947069015336,13.0
45500.0,455.0,0.0,,-1.1669470690126982,0.1669470690126981,13.0
45600.0,456.0,0.0,,-1.1669397631630924,0.1669397631630924,13.0
45800.0,458.0,0.0,,-1.1669385585597618,0.1669385585597618,13.0
46000.0,460.0,0.0,,-1.166938467994347,0.166938467994347,13.0
46200.0,462.0,0.0,,-1.166938355243708,0.166938355243708,13.0
46300.0,463.0,0.0,,-1.166938282241084,0.1669382822410838,13.0
46500.0,465.0,0.0,,-1.1669381237470646,0.1669381237470646,13.0
47300.0,473.0,0.0,,-1.1669380742636708,0.1669380742636708,13.0
47700.0,477.0,0.0,,-1.1669380705493435,0.1669380705493435,13.0
47800.0,478.0,0.0,,-1.16693806980488,0.1669380698048801,13.0
47900.0,479.0,0.0,,-1.1669380687311368,0.1669380687311368,13.0
48100.0,481.0,0.0,,-1.1669380674499232,0.1669380674499232,13.0
48200.0,482.0,0.0,,-1.1669380673923004,0.1669380673923004,13.0
48400.0,484.0,0.0,,-1.166920049697581,0.1669200496975806,13.0
48800.0,488.0,0.0,,-1.166800338785981,0.1668003387859813,13.0
49000.0,490.0,0.0,,-1.1667995815186785,0.1667995815186784,13.0
49200.0,492.0,0.0,,-1.166794106620752,0.1667941066207521,13.0
49300.0,493.0,0.0,,-1.1667515798365924,0.1667515798365924,13.0
49600.0,496.0,0.0,,-1.166747440588377,0.1667474405883771,13.0
49700.0,497.0,0.0,,-1.1667032878209889,0.1667032878209888,13.0
50400.0,504.0,0.0,,-1.16536602760221,0.1653660276022099,13.0
50800.0,508.0,0.0,,-1.1653644333285773,0.1653644333285773,13.0
51400.0,514.0,0.0,,-1.165364382274419,0.165364382274419,13.0
51500.0,515.0,0.0,,-1.1652852425536826,0.1652852425536826,13.0
51600.0,516.0,0.0,,-1.1652635111234222,0.1652635111234222,13.0
51800.0,518.0,0.0,,-1.1652634968811006,0.1652634968811006,13.0
52100.0,521.0,0.0,,-1.1652627399491775,0.1652627399491775,13.0
52200.0,522.0,0.0,,-1.1652627123976966,0.1652627123976966,13.0
52400.0,524.0,0.0,,-1.16526270970127,0.16526270970127,13.0
52500.0,525.0,0.0,,-1.1652626725124775,0.1652626725124777,13.0
52700.0,527.0,0.0,,-1.1652625491407729,0.1652625491407728,13.0
53100.0,531.0,0.0,,-1.1652625463816846,0.1652625463816845,13.0
53300.0,533.0,0.0,,-1.1652625463380577,0.1652625463380574,13.0
53400.0,534.0,0.0,,-1.1652625393607143,0.1652625393607143,13.0
53600.0,536.0,0.0,,-1.165262538788797,0.1652625387887969,13.0
53700.0,537.0,0.0,,-1.165262538219724,0.1652625382197241,13.0
53800.0,538.0,0.0,,-1.1652625382197064,0.1652625382197063,13.0
53900.0,539.0,0.0,,-1.165228062488235,0.1652280624882349,13.0
54500.0,545.0,0.0,,-1.165228062301049,0.1652280623010489,13.0
54600.0,546.0,0.0,,-1.1650590095664164,0.1650590095664164,13.0
55000.0,550.0,0.0,,-1.165058460142096,0.1650584601420961,13.0
55300.0,553.0,0.0,,-1.1650567004974597,0.1650567004974596,13.0
55500.0,555.0,0.0,,-1.164752772705545,0.1647527727055446,13.0
55600.0,556.0,0.0,,-1.1647521732862511,0.1647521732862511,13.0
55800.0,558.0,0.0,,-1.1643896236677886,0.1643896236677886,13.0
56000.0,560.0,0.0,,-1.164379194847578,0.1643791948475781,13.0
56100.0,561.0,0.0,,-1.1643700300162303,0.1643700300162303,13.0
56200.0,562.0,0.0,,-1.164236989906304,0.1642369899063038,13.0
56700.0,567.0,0.0,,-1.1642340254227717,0.1642340254227716,13.0
56900.0,569.0,0.0,,-1.164233964058501,0.1642339640585013,13.0
57000.0,570.0,0.0,,-1.164182812053021,0.1641828120530211,13.0
57200.0,572.0,0.0,,-1.1641824647382717,0.1641824647382714,13.0
57300.0,573.0,0.0,,-1.1641822383900655,0.1641822383900655,13.0
57400.0,574.0,0.0,,-1.1641743152941832,0.1641743152941832,13.0
57500.0,575.0,0.0,,-1.1640992027418826,0.1640992027418826,13.0
57600.0,576.0,0.0,,-1.1640949070248177,0.1640949070248176,13.0
57700.0,577.0,0.0,,-1.1640647674953966,0.1640647674953965,13.0
58000.0,580.0,0.0,,-1.164064575899484,0.1640645758994838,13.0
58100.0,581.0,0.0,,-1.1640525812909663,0.1640525812909663,13.0
58200.0,582.0,0.0,,-1.1640349189042667,0.1640349189042667,13.0
58300.0,583.0,0.0,,-1.164024653442983,0.164024653442983,13.0
58500.0,585.0,0.0,,-1.1639756124686895,0.1639756124686895,13.0
58900.0,589.0,0.0,,-1.1639755812549686,0.1639755812549685,13.0
59100.0,591.0,0.0,,-1.1639690683867598,0.1639690683867598,13.0
59300.0,593.0,0.0,,-1.1639690406713008,0.1639690406713008,13.0
59400.0,594.0,0.0,,-1.1639677762703116,0.1639677762703115,13.0
59600.0,596.0,0.0,,-1.1638830937232325,0.1638830937232323,13.0
59800.0,598.0,0.0,,-1.1638736161586072,0.1638736161586071,13.0
60100.0,601.0,0.0,,-1.163854437961299,0.1638544379612989,13.0
60400.0,604.0,0.0,,-1.163854435900764,0.1638544359007638,13.0
60500.0,605.0,0.0,,-1.1638535871673048,0.1638535871673048,13.0
60600.0,606.0,0.0,,-1.1638535135695598,0.1638535135695598,13.0
60800.0,608.0,0.0,,-1.1638402821839742,0.1638402821839741,13.0
61100.0,611.0,0.0,,-1.163835203098119,0.1638352030981189,13.0
61300.0,613.0,0.0,,-1.163810752091777,0.1638107520917771,13.0
61400.0,614.0,0.0,,-1.163801740723865,0.163801740723865,13.0
61700.0,617.0,0.0,,-1.1637793504051963,0.1637793504051963,13.0
62000.0,620.0,0.0,,-1.1637738838182694,0.1637738838182694,13.0
62300.0,623.0,0.0,,-1.1637655354845844,0.1637655354845844,13.0
62400.0,624.0,0.0,,-1.1637182077052772,0.1637182077052772,13.0
62500.0,625.0,0.0,,-1.163714547085864,0.163714547085864,13.0
63000.0,630.0,0.0,,-1.163714240156482,0.1637142401564819,13.0
63100.0,631.0,0.0,,-1.1637140645507604,0.1637140645507604,13.0
63200.0,632.0,0.0,,-1.1637101882096297,0.1637101882096294,13.0
63400.0,634.0,0.0,,-1.1637084224177032,0.1637084224177032,13.0
63500.0,635.0,0.0,,-1.163701779394761,0.163701779394761,13.0
63600.0,636.0,0.0,,-1.1637014874269245,0.1637014874269244,13.0
63700.0,637.0,0.0,,-1.1636786892920907,0.1636786892920907,13.0
63800.0,638.0,0.0,,-1.163668811521821,0.163668811521821,13.0
64000.0,640.0,0.0,,-1.1636237369189186,0.1636237369189186,13.0
64200.0,642.0,0.0,,-1.1634894634573802,0.1634894634573802,13.0
64700.0,647.0,0.0,,-1.1634675241715935,0.1634675241715935,13.0
65200.0,652.0,0.0,,-1.163355955288468,0.163355955288468,13.0
65400.0,654.0,0.0,,-1.163345104552561,0.1633451045525606,13.0
65500.0,655.0,0.0,,-1.1633202399667897,0.1633202399667894,13.0
65600.0,656.0,0.0,,-1.1632273079621211,0.1632273079621211,13.0
65900.0,659.0,0.0,,-1.1632253571300355,0.1632253571300355,13.0
66000.0,660.0,0.0,,-1.1632222602264506,0.1632222602264506,13.0
66300.0,663.0,0.0,,-1.163218007336677,0.1632180073366769,13.0
66400.0,664.0,0.0,,-1.163217915840219,0.1632179158402189,13.0
66500.0,665.0,0.0,,-1.1632154082500938,0.1632154082500938,13.0
66700.0,667.0,0.0,,-1.1631961881468544,0.1631961881468544,13.0
66800.0,668.0,0.0,,-1.163196126456612,0.1631961264566119,13.0
67000.0,670.0,0.0,,-1.1631954638201407,0.1631954638201407,13.0
67100.0,671.0,0.0,,-1.1631252046146536,0.1631252046146536,13.0
67400.0,674.0,0.0,,-1.163079575765271,0.163079575765271,13.0
67700.0,677.0,0.0,,-1.1630178537157168,0.1630178537157167,13.0
68100.0,681.0,0.0,,-1.1630144033177603,0.1630144033177603,13.0
68500.0,685.0,0.0,,-1.1630093210939108,0.1630093210939107,13.0
68600.0,686.0,0.0,,-1.1630047899714948,0.1630047899714948,13.0
68800.0,688.0,0.0,,-1.1630026618007554,0.1630026618007554,13.0
69000.0,690.0,0.0,,-1.162993402807601,0.162993402807601,13.0
69100.0,691.0,0.0,,-1.1629842877425518,0.1629842877425518,13.0
69200.0,692.0,0.0,,-1.1629834950004725,0.1629834950004725,13.0
69300.0,693.0,0.0,,-1.162981542881917,0.162981542881917,13.0
69400.0,694.0,0.0,,-1.1629709187582515,0.1629709187582515,13.0
69500.0,695.0,0.0,,-1.1629706392925416,0.1629706392925416,13.0
69700.0,697.0,0.0,,-1.162965574287948,0.1629655742879481,13.0
70000.0,700.0,0.0,,-1.1629655222357012,0.1629655222357011,13.0
70100.0,701.0,0.0,,-1.1629648191059243,0.1629648191059243,13.0
70200.0,702.0,0.0,,-1.1629629705749678,0.1629629705749677,13.0
70400.0,704.0,0.0,,-1.162962927719738,0.1629629277197379,13.0
70500.0,705.0,0.0,,-1.162962551519623,0.1629625515196229,13.0
70700.0,707.0,0.0,,-1.162962046340444,0.1629620463404439,13.0
71000.0,710.0,0.0,,-1.162962016060993,0.162962016060993,13.0
71100.0,711.0,0.0,,-1.1629618125436303,0.1629618125436303,13.0
71200.0,712.0,0.0,,-1.1629613254656817,0.1629613254656816,13.0
71300.0,713.0,0.0,,-1.1629612320014568,0.1629612320014568,13.0
71600.0,716.0,0.0,,-1.1629612052626714,0.1629612052626714,13.0
71700.0,717.0,0.0,,-1.162961170156195,0.162961170156195,13.0
71800.0,718.0,0.0,,-1.1629611565410616,0.1629611565410615,13.0
71900.0,719.0,0.0,,-1.1629611531158546,0.1629611531158545,13.0
72200.0,722.0,0.0,,-1.1629611389205945,0.1629611389205945,13.0
72400.0,724.0,0.0,,-1.1629611303875538,0.1629611303875537,13.0
72800.0,728.0,0.0,,-1.1629611302773148,0.1629611302773148,13.0
73200.0,732.0,0.0,,-1.1629611296213886,0.1629611296213886,13.0
73400.0,734.0,0.0,,-1.1629611295349795,0.1629611295349795,13.0
73600.0,736.0,0.0,,-1.1629611294288935,0.1629611294288935,13.0
73800.0,738.0,0.0,,-1.162961129428031,0.1629611294280311,13.0
73900.0,739.0,0.0,,-1.1629611294264892,0.1629611294264892,13.0
74000.0,740.0,0.0,,-1.162961129421073,0.1629611294210733,13.0
74300.0,743.0,0.0,,-1.162961129419465,0.162961129419465,13.0
74400.0,744.0,0.0,,-1.1629611294124906,0.1629611294124906,13.0
74500.0,745.0,0.0,,-1.1629611294094082,0.1629611294094082,13.0
74600.0,746.0,0.0,,-1.1629611294092383,0.1629611294092383,13.0
74700.0,747.0,0.0,,-1.1629611294062825,0.1629611294062822,13.0
75000.0,750.0,0.0,,-1.162961129403566,0.162961129403566,13.0
75700.0,757.0,0.0,,-1.162961129403374,0.1629611294033739,13.0
75900.0,759.0,0.0,,-1.1629611294023885,0.1629611294023885,13.0
76000.0,760.0,0.0,,-1.1629611294023523,0.1629611294023523,13.0
76500.0,765.0,0.0,,-1.1629611294023292,0.1629611294023292,13.0
76900.0,769.0,0.0,,-1.1629611294022657,0.1629611294022657,13.0
77200.0,772.0,0.0,,-1.162961129402261,0.162961129402261,13.0
77400.0,774.0,0.0,,-1.162961129402259,0.162961129402259,13.0
77500.0,775.0,0.0,,-1.1629611294022588,0.1629611294022588,13.0
77600.0,776.0,0.0,,-1.162961129402258,0.1629611294022579,13.0
77800.0,778.0,0.0,,-1.1629611294022495,0.1629611294022495,13.0
78100.0,781.0,0.0,,-1.1629611294022386,0.1629611294022386,13.0
78200.0,782.0,0.0,,-1.162961129402237,0.162961129402237,13.0
78300.0,783.0,0.0,,-1.1629611294022366,0.1629611294022366,13.0
78800.0,788.0,0.0,,-1.1629611294022364,0.1629611294022364,13.0
79000.0,790.0,0.0,,-1.1629611294022355,0.1629611294022355,13.0
100.0,1.0,0.0,,-1.857650809333504,0.8576508093335038,14.0
200.0,2.0,0.0,,-1.847890625463988,0.8478906254639877,14.0
300.0,3.0,0.0,,-1.813583780223838,0.8135837802238379,14.0
400.0,4.0,0.0,,-1.8016352877071025,0.8016352877071022,14.0
500.0,5.0,0.0,,-1.779521959816897,0.779521959816897,14.0
600.0,6.0,0.0,,-1.7698777960679353,0.7698777960679353,14.0
700.0,7.0,0.0,,-1.7419673370574569,0.7419673370574569,14.0
800.0,8.0,0.0,,-1.7072453507091352,0.7072453507091352,14.0
900.0,9.0,0.0,,-1.6994929850531302,0.6994929850531302,14.0
1000.0,10.0,0.0,,-1.674340378992504,0.674340378992504,14.0
1100.0,11.0,0.0,,-1.6321279996064937,0.6321279996064937,14.0
1200.0,12.0,0.0,,-1.6173087594742033,0.6173087594742033,14.0
1300.0,13.0,0.0,,-1.6037627362177496,0.6037627362177496,14.0
1400.0,14.0,0.0,,-1.582568018964516,0.5825680189645159,14.0
1500.0,15.0,0.0,,-1.524372886527977,0.5243728865279773,14.0
1600.0,16.0,0.0,,-1.5018093434788118,0.5018093434788118,14.0
1800.0,18.0,0.0,,-1.4655443359123872,0.4655443359123872,14.0
2000.0,20.0,0.0,,-1.4205526626025242,0.4205526626025242,14.0
2200.0,22.0,0.0,,-1.3932050169543204,0.3932050169543204,14.0
2300.0,23.0,0.0,,-1.3554878071533198,0.3554878071533198,14.0
2400.0,24.0,0.0,,-1.3449068776065398,0.3449068776065398,14.0
2500.0,25.0,0.0,,-1.3317957476923996,0.3317957476923996,14.0
2800.0,28.0,0.0,,-1.3119810940209276,0.3119810940209275,14.0
2900.0,29.0,0.0,,-1.2591684019436542,0.2591684019436542,14.0
3000.0,30.0,0.0,,-1.2455378505310597,0.2455378505310597,14.0
3100.0,31.0,0.0,,-1.2294608895577437,0.2294608895577434,14.0
3200.0,32.0,0.0,,-1.220495770404812,0.220495770404812,14.0
3400.0,34.0,0.0,,-1.2111031016210547,0.2111031016210547,14.0
3500.0,35.0,0.0,,-1.2018669422245107,0.2018669422245107,14.0
3700.0,37.0,0.0,,-1.1874484620533927,0.1874484620533927,14.0
3900.0,39.0,0.0,,-1.1783923742611488,0.1783923742611488,14.0
4100.0,41.0,0.0,,-1.1710859920633214,0.1710859920633214,14.0
4200.0,42.0,0.0,,-1.1703965439062989,0.1703965439062986,14.0
4300.0,43.0,0.0,,-1.1580076682130251,0.1580076682130251,14.0
4500.0,45.0,0.0,,-1.156309847517924,0.1563098475179241,14.0
4600.0,46.0,0.0,,-1.1466622422421844,0.1466622422421843,14.0
5000.0,50.0,0.0,,-1.146210941516767,0.1462109415167669,14.0
5100.0,51.0,0.0,,-1.1461544613070849,0.1461544613070848,14.0
5300.0,53.0,0.0,,-1.1448407929612214,0.1448407929612214,14.0
5400.0,54.0,0.0,,-1.1442842511432254,0.1442842511432254,14.0
5600.0,56.0,0.0,,-1.1436145885064373,0.1436145885064372,14.0
6000.0,60.0,0.0,,-1.1431166230460394,0.1431166230460394,14.0
6800.0,68.0,0.0,,-1.1431156325346183,0.1431156325346183,14.0
7000.0,70.0,0.0,,-1.1431141341171909,0.1431141341171906,14.0
7300.0,73.0,0.0,,-1.1422414948944344,0.1422414948944343,14.0
7600.0,76.0,0.0,,-1.139150216561779,0.139150216561779,14.0
8000.0,80.0,0.0,,-1.13907883695764,0.1390788369576399,14.0
8100.0,81.0,0.0,,-1.1390199282918676,0.1390199282918676,14.0
8200.0,82.0,0.0,,-1.1389993177046798,0.1389993177046797,14.0
8600.0,86.0,0.0,,-1.1389993022362512,0.1389993022362512,14.0
8800.0,88.0,0.0,,-1.138997418192414,0.138997418192414,14.0
9300.0,93.0,0.0,,-1.138997006213634,0.1389970062136341,14.0
9700.0,97.0,0.0,,-1.1389968052794954,0.1389968052794954,14.0
10300.0,103.0,0.0,,-1.13899680064949,0.1389968006494899,14.0
10500.0,105.0,0.0,,-1.1389369752806582,0.1389369752806581,14.0
10600.0,106.0,0.0,,-1.1389177772856385,0.1389177772856384,14.0
10900.0,109.0,0.0,,-1.1385229016689515,0.1385229016689515,14.0
11600.0,116.0,0.0,,-1.1385089525969232,0.1385089525969232,14.0
12000.0,120.0,0.0,,-1.138501201620926,0.1385012016209259,14.0
12200.0,122.0,0.0,,-1.138413417677794,0.138413417677794,14.0
12300.0,123.0,0.0,,-1.1384052718368574,0.1384052718368573,14.0
12400.0,124.0,0.0,,-1.1383909926916012,0.1383909926916011,14.0
12500.0,125.0,0.0,,-1.1383715731435589,0.1383715731435588,14.0
13400.0,134.0,0.0,,-1.138369908753122,0.138369908753122,14.0
13600.0,136.0,0.0,,-1.1383691816980648,0.1383691816980647,14.0
13700.0,137.0,0.0,,-1.138368777276484,0.1383687772764839,14.0
13800.0,138.0,0.0,,-1.138368540110391,0.1383685401103909,14.0
14400.0,144.0,0.0,,-1.1383137124682376,0.1383137124682376,14.0
14500.0,145.0,0.0,,-1.1383071017296698,0.1383071017296697,14.0
14900.0,149.0,0.0,,-1.1383061022959438,0.1383061022959437,14.0
15000.0,150.0,0.0,,-1.1383029743120514,0.1383029743120514,14.0
15100.0,151.0,0.0,,-1.1382996266864955,0.1382996266864955,14.0
15400.0,154.0,0.0,,-1.138297726060265,0.1382977260602649,14.0
15700.0,157.0,0.0,,-1.1382861320192932,0.1382861320192931,14.0
16000.0,160.0,0.0,,-1.138222971767242,0.1382229717672418,14.0
16100.0,161.0,0.0,,-1.1382211550081445,0.1382211550081444,14.0
16200.0,162.0,0.0,,-1.1382118384647868,0.1382118384647868,14.0
16300.0,163.0,0.0,,-1.138209192775249,0.1382091927752489,14.0
16500.0,165.0,0.0,,-1.1382091140458488,0.1382091140458488,14.0
16600.0,166.0,0.0,,-1.1382090052605065,0.1382090052605065,14.0
16700.0,167.0,0.0,,-1.1382079140034416,0.1382079140034415,14.0
17100.0,171.0,0.0,,-1.1382063701223506,0.1382063701223506,14.0
17200.0,172.0,0.0,,-1.1382061554317096,0.1382061554317095,14.0
17300.0,173.0,0.0,,-1.1382061334598492,0.1382061334598492,14.0
17500.0,175.0,0.0,,-1.138206105701995,0.1382061057019949,14.0
18200.0,182.0,0.0,,-1.1382061056759072,0.1382061056759072,14.0
18800.0,188.0,0.0,,-1.1382061056759054,0.1382061056759054,14.0
18900.0,189.0,0.0,,-1.1382061056758686,0.1382061056758685,14.0
19100.0,191.0,0.0,,-1.1382061056700703,0.1382061056700705,14.0
19300.0,193.0,0.0,,-1.1382061056691857,0.1382061056691856,14.0
19400.0,194.0,0.0,,-1.1381764868666937,0.1381764868666937,14.0
19500.0,195.0,0.0,,-1.1381764600339048,0.1381764600339048,14.0
19900.0,199.0,0.0,,-1.1381762926976395,0.1381762926976395,14.0
20100.0,201.0,0.0,,-1.1381744801549258,0.1381744801549258,14.0
20200.0,202.0,0.0,,-1.1381434684716922,0.1381434684716922,14.0
20600.0,206.0,0.0,,-1.13814344111564,0.1381434411156401,14.0
20700.0,207.0,0.0,,-1.1381097393535713,0.1381097393535713,14.0
20900.0,209.0,0.0,,-1.1380996194763875,0.1380996194763875,14.0
21100.0,211.0,0.0,,-1.138096648443134,0.1380966484431338,14.0
21300.0,213.0,0.0,,-1.138096647971165,0.1380966479711649,14.0
21600.0,216.0,0.0,,-1.1380965973381671,0.1380965973381671,14.0
22100.0,221.0,0.0,,-1.1380965968737575,0.1380965968737575,14.0
22300.0,223.0,0.0,,-1.138096596740802,0.1380965967408018,14.0
22500.0,225.0,0.0,,-1.1380965958875855,0.1380965958875857,14.0
22700.0,227.0,0.0,,-1.1380379577086417,0.1380379577086414,14.0
22900.0,229.0,0.0,,-1.1380379562917673,0.1380379562917673,14.0
23100.0,231.0,0.0,,-1.1380378544648664,0.1380378544648663,14.0
23200.0,232.0,0.0,,-1.1380376736542612,0.1380376736542612,14.0
23400.0,234.0,0.0,,-1.1380098181164098,0.1380098181164097,14.0
23700.0,237.0,0.0,,-1.1380095923552311,0.1380095923552311,14.0
23800.0,238.0,0.0,,-1.1380089830542732,0.1380089830542732,14.0
23900.0,239.0,0.0,,-1.1380089161743157,0.1380089161743156,14.0
24000.0,240.0,0.0,,-1.1380089153240354,0.1380089153240353,14.0
24100.0,241.0,0.0,,-1.1380072229219085,0.1380072229219082,14.0
24200.0,242.0,0.0,,-1.1379981069546778,0.1379981069546778,14.0
24400.0,244.0,0.0,,-1.137927656104789,0.137927656104789,14.0
24700.0,247.0,0.0,,-1.1379181321069485,0.1379181321069482,14.0
24800.0,248.0,0.0,,-1.1378401019441515,0.1378401019441515,14.0
25500.0,255.0,0.0,,-1.1378394802709102,0.1378394802709102,14.0
25600.0,256.0,0.0,,-1.137835562363449,0.137835562363449,14.0
25900.0,259.0,0.0,,-1.137835426165817,0.137835426165817,14.0
26000.0,260.0,0.0,,-1.137802481205986,0.1378024812059859,14.0
26100.0,261.0,0.0,,-1.137802471307748,0.1378024713077481,14.0
26200.0,262.0,0.0,,-1.137784715482696,0.1377847154826961,14.0
26300.0,263.0,0.0,,-1.1377346322213953,0.1377346322213952,14.0
26500.0,265.0,0.0,,-1.137731662518482,0.1377316625184821,14.0
26600.0,266.0,0.0,,-1.1377146415066055,0.1377146415066055,14.0
26700.0,267.0,0.0,,-1.1377144248110378,0.1377144248110378,14.0
26900.0,269.0,0.0,,-1.1377134606166548,0.1377134606166548,14.0
27100.0,271.0,0.0,,-1.137713054548761,0.137713054548761,14.0
27200.0,272.0,0.0,,-1.137712051594869,0.1377120515948693,14.0
27500.0,275.0,0.0,,-1.1377118552853291,0.1377118552853291,14.0
27600.0,276.0,0.0,,-1.1377114964656552,0.1377114964656551,14.0
27900.0,279.0,0.0,,-1.1377113667032988,0.1377113667032987,14.0
28300.0,283.0,0.0,,-1.1377113571697604,0.1377113571697603,14.0
28500.0,285.0,0.0,,-1.1377113294121484,0.1377113294121483,14.0
28800.0,288.0,0.0,,-1.1377113262291496,0.1377113262291496,14.0
29200.0,292.0,0.0,,-1.137711325476517,0.137711325476517,14.0
29400.0,294.0,0.0,,-1.1377113239244203,0.1377113239244205,14.0
29800.0,298.0,0.0,,-1.137711323858672,0.137711323858672,14.0
30200.0,302.0,0.0,,-1.1376520933409564,0.1376520933409564,14.0
30300.0,303.0,0.0,,-1.137630223761367,0.1376302237613667,14.0
30900.0,309.0,0.0,,-1.1376228059469575,0.1376228059469577,14.0
31100.0,311.0,0.0,,-1.1376225593493048,0.1376225593493047,14.0
31200.0,312.0,0.0,,-1.1376154948505404,0.1376154948505403,14.0
31300.0,313.0,0.0,,-1.137604238403219,0.137604238403219,14.0
31800.0,318.0,0.0,,-1.137603039001895,0.1376030390018949,14.0
32300.0,323.0,0.0,,-1.137490974838998,0.137490974838998,14.0
32400.0,324.0,0.0,,-1.1374265740687108,0.1374265740687108,14.0
32700.0,327.0,0.0,,-1.137088252992534,0.1370882529925339,14.0
32900.0,329.0,0.0,,-1.1370788679388388,0.1370788679388388,14.0
33100.0,331.0,0.0,,-1.13707865396487,0.13707865396487,14.0
33200.0,332.0,0.0,,-1.1368853810590622,0.1368853810590622,14.0
33300.0,333.0,0.0,,-1.1367866912986666,0.1367866912986666,14.0
33900.0,339.0,0.0,,-1.1366508504530677,0.1366508504530676,14.0
34300.0,343.0,0.0,,-1.1366298499272485,0.1366298499272484,14.0
34600.0,346.0,0.0,,-1.136597020399286,0.1365970203992859,14.0
34700.0,347.0,0.0,,-1.136592629631056,0.136592629631056,14.0
34800.0,348.0,0.0,,-1.1365887028298085,0.1365887028298085,14.0
35000.0,350.0,0.0,,-1.1365844973476444,0.1365844973476444,14.0
35100.0,351.0,0.0,,-1.1365816354948544,0.1365816354948543,14.0
35600.0,356.0,0.0,,-1.1365816157302626,0.1365816157302626,14.0
35900.0,359.0,0.0,,-1.1365814800581011,0.1365814800581013,14.0
36200.0,362.0,0.0,,-1.1365814688522038,0.1365814688522038,14.0
36400.0,364.0,0.0,,-1.1365814491111803,0.1365814491111805,14.0
36500.0,365.0,0.0,,-1.1365208691908568,0.1365208691908568,14.0
37200.0,372.0,0.0,,-1.1364969238303035,0.1364969238303035,14.0
37400.0,374.0,0.0,,-1.1364890509871743,0.1364890509871743,14.0
37600.0,376.0,0.0,,-1.1364873896298635,0.1364873896298637,14.0
38200.0,382.0,0.0,,-1.1364852578939206,0.1364852578939206,14.0
38500.0,385.0,0.0,,-1.1364850272210818,0.1364850272210818,14.0
38900.0,389.0,0.0,,-1.1364850237140578,0.1364850237140578,14.0
39000.0,390.0,0.0,,-1.1364850201801986,0.1364850201801986,14.0
39200.0,392.0,0.0,,-1.1364393781197712,0.1364393781197712,14.0
39600.0,396.0,0.0,,-1.1364304370967064,0.1364304370967064,14.0
39700.0,397.0,0.0,,-1.1364178420221835,0.1364178420221835,14.0
39800.0,398.0,0.0,,-1.1363983825189157,0.1363983825189154,14.0
39900.0,399.0,0.0,,-1.1363682781932145,0.1363682781932145,14.0
40300.0,403.0,0.0,,-1.1363555595665833,0.1363555595665833,14.0
40400.0,404.0,0.0,,-1.1363358144141784,0.1363358144141784,14.0
40500.0,405.0,0.0,,-1.136325696830891,0.136325696830891,14.0
40600.0,406.0,0.0,,-1.1363172640263273,0.1363172640263272,14.0
40800.0,408.0,0.0,,-1.136316646317525,0.1363166463175249,14.0
40900.0,409.0,0.0,,-1.1363159549416566,0.1363159549416566,14.0
41000.0,410.0,0.0,,-1.1363158720729911,0.1363158720729913,14.0
41100.0,411.0,0.0,,-1.136310399916324,0.136310399916324,14.0
41400.0,414.0,0.0,,-1.1363100528911576,0.1363100528911576,14.0
41600.0,416.0,0.0,,-1.1362531182335236,0.1362531182335236,14.0
41700.0,417.0,0.0,,-1.136252110246608,0.1362521102466081,14.0
41800.0,418.0,0.0,,-1.1362391807513506,0.1362391807513505,14.0
41900.0,419.0,0.0,,-1.136116780158738,0.1361167801587379,14.0
42200.0,422.0,0.0,,-1.1361157556384658,0.1361157556384657,14.0
42300.0,423.0,0.0,,-1.1361145006224735,0.1361145006224735,14.0
42400.0,424.0,0.0,,-1.1360891467337906,0.1360891467337905,14.0
42500.0,425.0,0.0,,-1.1360823490265168,0.1360823490265168,14.0
42600.0,426.0,0.0,,-1.136079974197561,0.1360799741975606,14.0
42700.0,427.0,0.0,,-1.1360763213346805,0.1360763213346802,14.0
42800.0,428.0,0.0,,-1.1360763213115914,0.1360763213115914,14.0
42900.0,429.0,0.0,,-1.1360729620606895,0.1360729620606895,14.0
43400.0,434.0,0.0,,-1.1359999787671842,0.1359999787671841,14.0
43900.0,439.0,0.0,,-1.1359999757764174,0.1359999757764174,14.0
44000.0,440.0,0.0,,-1.1359806678865876,0.1359806678865875,14.0
44100.0,441.0,0.0,,-1.1359573267905132,0.1359573267905132,14.0
44200.0,442.0,0.0,,-1.1359394772777107,0.1359394772777107,14.0
44300.0,443.0,0.0,,-1.1345808947138911,0.1345808947138913,14.0
44700.0,447.0,0.0,,-1.1345789836209146,0.1345789836209145,14.0
44900.0,449.0,0.0,,-1.134506954648606,0.1345069546486059,14.0
45300.0,453.0,0.0,,-1.1343114220947008,0.1343114220947008,14.0
45500.0,455.0,0.0,,-1.134304742364987,0.134304742364987,14.0
45600.0,456.0,0.0,,-1.1342804445943933,0.1342804445943932,14.0
45900.0,459.0,0.0,,-1.1342369422713328,0.1342369422713327,14.0
46000.0,460.0,0.0,,-1.1342344933879396,0.1342344933879395,14.0
46600.0,466.0,0.0,,-1.1342300076822909,0.1342300076822906,14.0
46800.0,468.0,0.0,,-1.134218413598418,0.1342184135984179,14.0
47000.0,470.0,0.0,,-1.134217603183845,0.1342176031838446,14.0
47200.0,472.0,0.0,,-1.134217078639943,0.134217078639943,14.0
47400.0,474.0,0.0,,-1.1342169570962912,0.1342169570962912,14.0
47500.0,475.0,0.0,,-1.1342169250514424,0.1342169250514424,14.0
48000.0,480.0,0.0,,-1.1342169217794358,0.1342169217794357,14.0
48100.0,481.0,0.0,,-1.134216909603063,0.1342169096030629,14.0
48300.0,483.0,0.0,,-1.1342168878321737,0.1342168878321736,14.0
48900.0,489.0,0.0,,-1.1342168815029994,0.1342168815029993,14.0
49000.0,490.0,0.0,,-1.1342168805866883,0.1342168805866883,14.0
49100.0,491.0,0.0,,-1.134216880578145,0.1342168805781449,14.0
49200.0,492.0,0.0,,-1.1342168805210762,0.1342168805210761,14.0
49300.0,493.0,0.0,,-1.134216880169048,0.1342168801690479,14.0
49400.0,494.0,0.0,,-1.1342051107617233,0.1342051107617232,14.0
49700.0,497.0,0.0,,-1.1342051102108055,0.1342051102108055,14.0
49900.0,499.0,0.0,,-1.1341922305753516,0.1341922305753515,14.0
50000.0,500.0,0.0,,-1.134190671623674,0.134190671623674,14.0
50100.0,501.0,0.0,,-1.13418563204329,0.1341856320432899,14.0
50200.0,502.0,0.0,,-1.134183641387027,0.134183641387027,14.0
50300.0,503.0,0.0,,-1.1341832427746577,0.1341832427746576,14.0
50600.0,506.0,0.0,,-1.1341831995142435,0.1341831995142435,14.0
50800.0,508.0,0.0,,-1.1341828218684014,0.1341828218684013,14.0
50900.0,509.0,0.0,,-1.1341819873023122,0.1341819873023122,14.0
51100.0,511.0,0.0,,-1.1341818090240687,0.1341818090240687,14.0
51500.0,515.0,0.0,,-1.1341817603709006,0.1341817603709005,14.0
51900.0,519.0,0.0,,-1.134181760353728,0.1341817603537278,14.0
52100.0,521.0,0.0,,-1.1341789895977934,0.1341789895977934,14.0
52400.0,524.0,0.0,,-1.1341788874019798,0.1341788874019798,14.0
52500.0,525.0,0.0,,-1.1341199138585654,0.1341199138585653,14.0
52600.0,526.0,0.0,,-1.1341184359062737,0.1341184359062734,14.0
53000.0,530.0,0.0,,-1.1341175929221168,0.1341175929221167,14.0
53100.0,531.0,0.0,,-1.1340971169683796,0.1340971169683795,14.0
53300.0,533.0,0.0,,-1.1340933541877525,0.1340933541877522,14.0
53400.0,534.0,0.0,,-1.1340462871703156,0.1340462871703156,14.0
53500.0,535.0,0.0,,-1.1340423366422752,0.1340423366422751,14.0
53600.0,536.0,0.0,,-1.1340423345143442,0.1340423345143442,14.0
53700.0,537.0,0.0,,-1.134042181973526,0.134042181973526,14.0
53800.0,538.0,0.0,,-1.1340321870543577,0.1340321870543577,14.0
54200.0,542.0,0.0,,-1.1340318593298169,0.1340318593298168,14.0
54500.0,545.0,0.0,,-1.134031823764556,0.1340318237645559,14.0
54600.0,546.0,0.0,,-1.1340315824382312,0.1340315824382312,14.0
54900.0,549.0,0.0,,-1.13403133886565,0.13403133886565,14.0
55100.0,551.0,0.0,,-1.1340313265233584,0.1340313265233583,14.0
55200.0,552.0,0.0,,-1.1340310071460151,0.1340310071460151,14.0
55400.0,554.0,0.0,,-1.134030975950428,0.1340309759504281,14.0
55500.0,555.0,0.0,,-1.134030854067341,0.1340308540673409,14.0
55900.0,559.0,0.0,,-1.1339998772521134,0.1339998772521133,14.0
56200.0,562.0,0.0,,-1.1339948353410287,0.1339948353410287,14.0
56400.0,564.0,0.0,,-1.1338173027025116,0.1338173027025115,14.0
56700.0,567.0,0.0,,-1.1338130092631484,0.1338130092631484,14.0
56800.0,568.0,0.0,,-1.1338094876674196,0.1338094876674196,14.0
57100.0,571.0,0.0,,-1.133809124267532,0.1338091242675321,14.0
57300.0,573.0,0.0,,-1.1338062525888508,0.1338062525888508,14.0
57600.0,576.0,0.0,,-1.1338060799972716,0.1338060799972715,14.0
57900.0,579.0,0.0,,-1.1338049186551102,0.1338049186551102,14.0
58000.0,580.0,0.0,,-1.1338048552686717,0.1338048552686714,14.0
58100.0,581.0,0.0,,-1.1338047323021927,0.1338047323021927,14.0
58500.0,585.0,0.0,,-1.1338046989752293,0.1338046989752292,14.0
58600.0,586.0,0.0,,-1.1338046980754837,0.1338046980754836,14.0
58800.0,588.0,0.0,,-1.133804670979896,0.1338046709798961,14.0
58900.0,589.0,0.0,,-1.1338046706773257,0.1338046706773255,14.0
59000.0,590.0,0.0,,-1.1338046702814122,0.1338046702814121,14.0
59400.0,594.0,0.0,,-1.133804669534316,0.133804669534316,14.0
59800.0,598.0,0.0,,-1.133804669533974,0.1338046695339738,14.0
59900.0,599.0,0.0,,-1.1338046694791677,0.1338046694791677,14.0
60000.0,600.0,0.0,,-1.1337723963507946,0.1337723963507946,14.0
60200.0,602.0,0.0,,-1.1337398404190209,0.1337398404190206,14.0
60500.0,605.0,0.0,,-1.133739615061354,0.1337396150613539,14.0
60600.0,606.0,0.0,,-1.1337396149120644,0.1337396149120644,14.0
60700.0,607.0,0.0,,-1.133738196803192,0.1337381968031921,14.0
60900.0,609.0,0.0,,-1.1337274114186986,0.1337274114186986,14.0
61100.0,611.0,0.0,,-1.1337154787469677,0.1337154787469676,14.0
61500.0,615.0,0.0,,-1.1337153957316035,0.1337153957316037,14.0
61600.0,616.0,0.0,,-1.1337142867744436,0.1337142867744436,14.0
61700.0,617.0,0.0,,-1.1337142544901024,0.1337142544901024,14.0
61800.0,618.0,0.0,,-1.133681357078938,0.1336813570789381,14.0
61900.0,619.0,0.0,,-1.1336810335374223,0.1336810335374223,14.0
62000.0,620.0,0.0,,-1.1336791600002756,0.1336791600002755,14.0
62100.0,621.0,0.0,,-1.1336789836614694,0.1336789836614693,14.0
62300.0,623.0,0.0,,-1.1336789591078151,0.1336789591078151,14.0
62400.0,624.0,0.0,,-1.1336789550324822,0.1336789550324821,14.0
62500.0,625.0,0.0,,-1.1336788821555157,0.1336788821555155,14.0
62800.0,628.0,0.0,,-1.1336787617660795,0.1336787617660795,14.0
62900.0,629.0,0.0,,-1.13367874846033,0.1336787484603299,14.0
63100.0,631.0,0.0,,-1.133678736318843,0.1336787363188429,14.0
63300.0,633.0,0.0,,-1.1336787322786352,0.1336787322786352,14.0
63700.0,637.0,0.0,,-1.1336787318712276,0.1336787318712275,14.0
63800.0,638.0,0.0,,-1.1336787310504384,0.1336787310504383,14.0
64200.0,642.0,0.0,,-1.1336787306012426,0.1336787306012425,14.0
64300.0,643.0,0.0,,-1.1336406205090164,0.1336406205090163,14.0
64500.0,645.0,0.0,,-1.1336395789344609,0.1336395789344608,14.0
64700.0,647.0,0.0,,-1.1336376584349386,0.1336376584349385,14.0
64800.0,648.0,0.0,,-1.133633603256224,0.1336336032562239,14.0
65000.0,650.0,0.0,,-1.1335651022544653,0.1335651022544652,14.0
65200.0,652.0,0.0,,-1.1160802035584998,0.1160802035584998,14.0
65400.0,654.0,0.0,,-1.109898492538106,0.1098984925381061,14.0
65600.0,656.0,0.0,,-1.1089721673434292,0.1089721673434291,14.0
65700.0,657.0,0.0,,-1.0993952102870306,0.0993952102870305,14.0
66200.0,662.0,0.0,,-1.0977026977886108,0.0977026977886108,14.0
66400.0,664.0,0.0,,-1.096927870690794,0.0969278706907939,14.0
66500.0,665.0,0.0,,-1.0968517508903946,0.0968517508903945,14.0
66600.0,666.0,0.0,,-1.0968390324202328,0.0968390324202328,14.0
66800.0,668.0,0.0,,-1.096592197378822,0.0965921973788219,14.0
67100.0,671.0,0.0,,-1.0965841924601136,0.0965841924601136,14.0
67300.0,673.0,0.0,,-1.096549946254448,0.0965499462544479,14.0
67600.0,676.0,0.0,,-1.095095986462857,0.0950959864628573,14.0
68700.0,687.0,0.0,,-1.0950256194297532,0.0950256194297531,14.0
68800.0,688.0,0.0,,-1.093268127520048,0.0932681275200479,14.0
69200.0,692.0,0.0,,-1.0932621717278053,0.0932621717278052,14.0
69400.0,694.0,0.0,,-1.0932595051192522,0.0932595051192521,14.0
69700.0,697.0,0.0,,-1.0932579339769333,0.0932579339769332,14.0
69900.0,699.0,0.0,,-1.0932572124807982,0.0932572124807982,14.0
70500.0,705.0,0.0,,-1.0932570232123622,0.0932570232123621,14.0
70800.0,708.0,0.0,,-1.0932570181684924,0.0932570181684924,14.0
71000.0,710.0,0.0,,-1.0932570070763985,0.0932570070763985,14.0
71200.0,712.0,0.0,,-1.093257004797952,0.0932570047979519,14.0
71400.0,714.0,0.0,,-1.0932569965222734,0.0932569965222733,14.0
71700.0,717.0,0.0,,-1.093256992563679,0.093256992563679,14.0
71900.0,719.0,0.0,,-1.0932569778546553,0.0932569778546552,14.0
72000.0,720.0,0.0,,-1.0932569761087574,0.0932569761087573,14.0
72200.0,722.0,0.0,,-1.0932569747457015,0.0932569747457017,14.0
72400.0,724.0,0.0,,-1.0932569745831415,0.0932569745831415,14.0
73100.0,731.0,0.0,,-1.0932569745519685,0.0932569745519684,14.0
73300.0,733.0,0.0,,-1.093256974513379,0.0932569745133791,14.0
73400.0,734.0,0.0,,-1.093194835336875,0.093194835336875,14.0
73700.0,737.0,0.0,,-1.0931939633233607,0.0931939633233607,14.0
73800.0,738.0,0.0,,-1.0931848139335318,0.0931848139335318,14.0
74400.0,744.0,0.0,,-1.0931845452641629,0.0931845452641628,14.0
74500.0,745.0,0.0,,-1.093184254342115,0.093184254342115,14.0
74700.0,747.0,0.0,,-1.093181698781664,0.093181698781664,14.0
74800.0,748.0,0.0,,-1.0931810979444216,0.0931810979444216,14.0
75000.0,750.0,0.0,,-1.0931810363612549,0.0931810363612548,14.0
75200.0,752.0,0.0,,-1.0931729226234168,0.0931729226234168,14.0
75300.0,753.0,0.0,,-1.093170839957818,0.0931708399578179,14.0
75500.0,755.0,0.0,,-1.0931692986563937,0.0931692986563936,14.0
75600.0,756.0,0.0,,-1.093141113734996,0.093141113734996,14.0
76300.0,763.0,0.0,,-1.0931382250378414,0.0931382250378414,14.0
76400.0,764.0,0.0,,-1.0931365430729372,0.0931365430729371,14.0
76600.0,766.0,0.0,,-1.093136526532127,0.0931365265321266,14.0
76700.0,767.0,0.0,,-1.0931364584188272,0.0931364584188272,14.0
76900.0,769.0,0.0,,-1.0931364423325285,0.0931364423325282,14.0
77100.0,771.0,0.0,,-1.0931364309351477,0.0931364309351474,14.0
77200.0,772.0,0.0,,-1.0921651447625984,0.0921651447625984,14.0
77900.0,779.0,0.0,,-1.0919515647639009,0.0919515647639006,14.0
78000.0,780.0,0.0,,-1.0918692630365137,0.0918692630365136,14.0
78200.0,782.0,0.0,,-1.091860531276967,0.0918605312769669,14.0
78300.0,783.0,0.0,,-1.0918603304541912,0.0918603304541911,14.0
78400.0,784.0,0.0,,-1.091823176387429,0.0918231763874291,14.0
78500.0,785.0,0.0,,-1.0918226901026862,0.0918226901026861,14.0
78700.0,787.0,0.0,,-1.0918171293940206,0.0918171293940206,14.0
79000.0,790.0,0.0,,-1.0918171264267218,0.0918171264267218,14.0
79100.0,791.0,0.0,,-1.0918170429228709,0.0918170429228708,14.0
79200.0,792.0,0.0,,-1.0918158433736314,0.0918158433736313,14.0
79400.0,794.0,0.0,,-1.0918149582578447,0.0918149582578446,14.0
79700.0,797.0,0.0,,-1.0918138777550446,0.0918138777550445,14.0
80100.0,801.0,0.0,,-1.0918138250142215,0.0918138250142215,14.0
80200.0,802.0,0.0,,-1.0918138206794594,0.0918138206794594,14.0
80300.0,803.0,0.0,,-1.0917647100409615,0.0917647100409615,14.0
80400.0,804.0,0.0,,-1.091763985159602,0.0917639851596019,14.0
80600.0,806.0,0.0,,-1.0917588303666474,0.0917588303666474,14.0
80700.0,807.0,0.0,,-1.0915996017841876,0.0915996017841875,14.0
80900.0,809.0,0.0,,-1.091592735023213,0.091592735023213,14.0
81000.0,810.0,0.0,,-1.091591215468689,0.0915912154686893,14.0
81100.0,811.0,0.0,,-1.0915859257072638,0.0915859257072637,14.0
81200.0,812.0,0.0,,-1.0915553646437466,0.0915553646437465,14.0
81400.0,814.0,0.0,,-1.0915553382178735,0.0915553382178735,14.0
81600.0,816.0,0.0,,-1.0915550164725012,0.0915550164725012,14.0
81700.0,817.0,0.0,,-1.0915550013731816,0.0915550013731816,14.0
81800.0,818.0,0.0,,-1.0915541691249782,0.0915541691249781,14.0
81900.0,819.0,0.0,,-1.0915523947479029,0.0915523947479028,14.0
82400.0,824.0,0.0,,-1.0915523103256408,0.0915523103256408,14.0
82800.0,828.0,0.0,,-1.0915522991731084,0.0915522991731083,14.0
82900.0,829.0,0.0,,-1.0909387092777745,0.0909387092777742,14.0
83000.0,830.0,0.0,,-1.0909385926744135,0.0909385926744137,14.0
83100.0,831.0,0.0,,-1.0909303166268391,0.0909303166268391,14.0
83300.0,833.0,0.0,,-1.0908682093238988,0.0908682093238988,14.0
83400.0,834.0,0.0,,-1.0908646326782954,0.0908646326782953,14.0
83600.0,836.0,0.0,,-1.0907014614668529,0.0907014614668528,14.0
83700.0,837.0,0.0,,-1.0907014459171538,0.0907014459171537,14.0
83900.0,839.0,0.0,,-1.090700953821925,0.090700953821925,14.0
84100.0,841.0,0.0,,-1.0906993175126865,0.0906993175126864,14.0
84200.0,842.0,0.0,,-1.090699302959279,0.090699302959279,14.0
84400.0,844.0,0.0,,-1.0906992955036887,0.0906992955036887,14.0
84500.0,845.0,0.0,,-1.0906110686190176,0.0906110686190175,14.0
84700.0,847.0,0.0,,-1.0906088152487232,0.0906088152487232,14.0
84800.0,848.0,0.0,,-1.0906031566931134,0.0906031566931133,14.0
85300.0,853.0,0.0,,-1.090603148415247,0.0906031484152469,14.0
85500.0,855.0,0.0,,-1.0906029151405152,0.0906029151405152,14.0
85600.0,856.0,0.0,,-1.090598556274461,0.0905985562744606,14.0
85800.0,858.0,0.0,,-1.0905963915120231,0.0905963915120231,14.0
85900.0,859.0,0.0,,-1.0905963511270331,0.0905963511270331,14.0
86000.0,860.0,0.0,,-1.090595661602504,0.0905956616025038,14.0
86200.0,862.0,0.0,,-1.0905834250441526,0.0905834250441526,14.0
86300.0,863.0,0.0,,-1.0905821864735197,0.0905821864735194,14.0
86400.0,864.0,0.0,,-1.090582186452021,0.0905821864520213,14.0
86500.0,865.0,0.0,,-1.090582144146474,0.090582144146474,14.0
86600.0,866.0,0.0,,-1.0905762818172795,0.0905762818172797,14.0
86900.0,869.0,0.0,,-1.0905745288413822,0.0905745288413821,14.0
87000.0,870.0,0.0,,-1.0905743899035112,0.0905743899035111,14.0
87100.0,871.0,0.0,,-1.0905742942849646,0.0905742942849645,14.0
87200.0,872.0,0.0,,-1.0905741036205665,0.0905741036205662,14.0
87300.0,873.0,0.0,,-1.0905739060875097,0.0905739060875097,14.0
87400.0,874.0,0.0,,-1.0905719347254292,0.0905719347254292,14.0
87500.0,875.0,0.0,,-1.0905342999559835,0.0905342999559835,14.0
88000.0,880.0,0.0,,-1.090534291983686,0.090534291983686,14.0
88100.0,881.0,0.0,,-1.090525215768869,0.0905252157688689,14.0
88400.0,884.0,0.0,,-1.0905240186444505,0.0905240186444502,14.0
88500.0,885.0,0.0,,-1.090522162912544,0.0905221629125438,14.0
88800.0,888.0,0.0,,-1.0905221324252197,0.0905221324252196,14.0
89000.0,890.0,0.0,,-1.0905221295212293,0.0905221295212292,14.0
89100.0,891.0,0.0,,-1.0905211850936998,0.0905211850936997,14.0
89200.0,892.0,0.0,,-1.0905209431414389,0.0905209431414388,14.0
89500.0,895.0,0.0,,-1.090520847686451,0.0905208476864509,14.0
89700.0,897.0,0.0,,-1.090518736272855,0.090518736272855,14.0
89800.0,898.0,0.0,,-1.0905101860310706,0.0905101860310706,14.0
90000.0,900.0,0.0,,-1.0904907830735802,0.0904907830735801,14.0
90100.0,901.0,0.0,,-1.090446985686656,0.0904469856866561,14.0
90200.0,902.0,0.0,,-1.090381570488983,0.0903815704889829,14.0
90500.0,905.0,0.0,,-1.0903299916234197,0.0903299916234197,14.0
90800.0,908.0,0.0,,-1.090272774706954,0.090272774706954,14.0
91200.0,912.0,0.0,,-1.0902710611609985,0.0902710611609982,14.0
91300.0,913.0,0.0,,-1.090271025830162,0.090271025830162,14.0
91600.0,916.0,0.0,,-1.090093786403159,0.090093786403159,14.0
92300.0,923.0,0.0,,-1.090089197294799,0.090089197294799,14.0
92400.0,924.0,0.0,,-1.0900888034633145,0.0900888034633142,14.0
92500.0,925.0,0.0,,-1.0898780661387335,0.0898780661387337,14.0
92700.0,927.0,0.0,,-1.0898780543748627,0.0898780543748627,14.0
92800.0,928.0,0.0,,-1.089875395125001,0.089875395125001,14.0
93000.0,930.0,0.0,,-1.0897084025890056,0.0897084025890055,14.0
93100.0,931.0,0.0,,-1.0896156696591817,0.0896156696591816,14.0
93500.0,935.0,0.0,,-1.0896106287899778,0.0896106287899778,14.0
93600.0,936.0,0.0,,-1.0896093275854672,0.0896093275854672,14.0
93800.0,938.0,0.0,,-1.0895993746349537,0.0895993746349537,14.0
93900.0,939.0,0.0,,-1.089531217870464,0.0895312178704641,14.0
94000.0,940.0,0.0,,-1.0892019090981102,0.0892019090981102,14.0
94200.0,942.0,0.0,,-1.0892015271985318,0.0892015271985318,14.0
94300.0,943.0,0.0,,-1.0891995621031303,0.0891995621031302,14.0
94500.0,945.0,0.0,,-1.0891971437287014,0.0891971437287013,14.0
94700.0,947.0,0.0,,-1.089197076190736,0.0891970761907361,14.0
94800.0,948.0,0.0,,-1.0891967072940691,0.0891967072940691,14.0
94900.0,949.0,0.0,,-1.0891933833318088,0.0891933833318088,14.0
95000.0,950.0,0.0,,-1.0891912524739689,0.0891912524739688,14.0
95100.0,951.0,0.0,,-1.089191060952258,0.0891910609522579,14.0
95200.0,952.0,0.0,,-1.089188836142532,0.0891888361425319,14.0
95300.0,953.0,0.0,,-1.0891874420600869,0.0891874420600868,14.0
95500.0,955.0,0.0,,-1.089186861602508,0.089186861602508,14.0
95700.0,957.0,0.0,,-1.0891849693470206,0.0891849693470205,14.0
95900.0,959.0,0.0,,-1.0891837094117554,0.0891837094117553,14.0
96000.0,960.0,0.0,,-1.0891836632375107,0.0891836632375107,14.0
96400.0,964.0,0.0,,-1.089183550198516,0.0891835501985158,14.0
97100.0,971.0,0.0,,-1.0891834607502424,0.0891834607502424,14.0
97300.0,973.0,0.0,,-1.0891834542888288,0.0891834542888287,14.0
97600.0,976.0,0.0,,-1.0891834529600617,0.0891834529600614,14.0
97700.0,977.0,0.0,,-1.0891834456041432,0.0891834456041431,14.0
97800.0,978.0,0.0,,-1.089183435176879,0.0891834351768789,14.0
98000.0,980.0,0.0,,-1.0891834339302804,0.0891834339302803,14.0
98200.0,982.0,0.0,,-1.0891834339217163,0.0891834339217163,14.0
98300.0,983.0,0.0,,-1.0891834326216487,0.0891834326216487,14.0
98400.0,984.0,0.0,,-1.0891834307405008,0.0891834307405008,14.0
98600.0,986.0,0.0,,-1.0891834306842512,0.0891834306842511,14.0
98700.0,987.0,0.0,,-1.0891834241535394,0.0891834241535394,14.0
99000.0,990.0,0.0,,-1.0891834218285368,0.0891834218285367,14.0
99400.0,994.0,0.0,,-1.0891834212498808,0.0891834212498807,14.0
99500.0,995.0,0.0,,-1.0891834193837682,0.0891834193837681,14.0
99600.0,996.0,0.0,,-1.089183418911363,0.0891834189113629,14.0
99900.0,999.0,0.0,,-1.089183418860313,0.0891834188603126,14.0
100200.0,1002.0,0.0,,-1.0891834188296488,0.0891834188296487,14.0
100600.0,1006.0,0.0,,-1.0891834187587228,0.0891834187587228,14.0
100700.0,1007.0,0.0,,-1.089183418726145,0.0891834187261453,14.0
100900.0,1009.0,0.0,,-1.0891834187043097,0.0891834187043096,14.0
101300.0,1013.0,0.0,,-1.0891834187024672,0.0891834187024671,14.0
101400.0,1014.0,0.0,,-1.0891834186849316,0.0891834186849316,14.0
101600.0,1016.0,0.0,,-1.0891834186806055,0.0891834186806055,14.0
101800.0,1018.0,0.0,,-1.0891834186761706,0.0891834186761706,14.0
102200.0,1022.0,0.0,,-1.0891834186685423,0.0891834186685422,14.0
102500.0,1025.0,0.0,,-1.089183418668418,0.0891834186684179,14.0
102600.0,1026.0,0.0,,-1.0891834186681586,0.0891834186681586,14.0
102800.0,1028.0,0.0,,-1.0891834186679623,0.0891834186679625,14.0
103100.0,1031.0,0.0,,-1.0891834186678953,0.0891834186678952,14.0
103200.0,1032.0,0.0,,-1.0891834186678844,0.0891834186678843,14.0
103300.0,1033.0,0.0,,-1.0891834186677376,0.0891834186677376,14.0
103600.0,1036.0,0.0,,-1.0891834186677256,0.0891834186677256,14.0
103900.0,1039.0,0.0,,-1.0891834186676268,0.0891834186676268,14.0
104200.0,1042.0,0.0,,-1.0891834186674672,0.0891834186674671,14.0
104500.0,1045.0,0.0,,-1.0891834186674585,0.0891834186674584,14.0
104900.0,1049.0,0.0,,-1.0891834186674574,0.0891834186674573,14.0
105000.0,1050.0,0.0,,-1.0891834186674525,0.0891834186674522,14.0
105100.0,1051.0,0.0,,-1.089183418667451,0.0891834186674509,14.0
105300.0,1053.0,0.0,,-1.0891834186674385,0.0891834186674385,14.0
105500.0,1055.0,0.0,,-1.0891834186674385,0.0891834186674382,14.0
105800.0,1058.0,0.0,,-1.0891834186674338,0.0891834186674338,14.0
106100.0,1061.0,0.0,,-1.0891834186674327,0.0891834186674327,14.0
106200.0,1062.0,0.0,,-1.0891834186674316,0.0891834186674316,14.0
100.0,1.0,0.0,,-1.8708085682107405,0.8708085682107405,15.0
200.0,2.0,0.0,,-1.8654881198058155,0.8654881198058153,15.0
300.0,3.0,0.0,,-1.8320126137116497,0.8320126137116497,15.0
400.0,4.0,0.0,,-1.8149422189314783,0.8149422189314786,15.0
500.0,5.0,0.0,,-1.7707335284909278,0.7707335284909278,15.0
600.0,6.0,0.0,,-1.7543831782834731,0.7543831782834731,15.0
700.0,7.0,0.0,,-1.7242660788722035,0.7242660788722035,15.0
800.0,8.0,0.0,,-1.6959787406763729,0.6959787406763729,15.0
900.0,9.0,0.0,,-1.6748025684037433,0.6748025684037433,15.0
1000.0,10.0,0.0,,-1.6325202368213212,0.6325202368213212,15.0
1100.0,11.0,0.0,,-1.5931069677099052,0.5931069677099052,15.0
1200.0,12.0,0.0,,-1.5468649273754886,0.5468649273754886,15.0
1400.0,14.0,0.0,,-1.472813632143677,0.4728136321436771,15.0
1600.0,16.0,0.0,,-1.4702159926850398,0.4702159926850398,15.0
1700.0,17.0,0.0,,-1.4677042440641743,0.4677042440641743,15.0
1800.0,18.0,0.0,,-1.4487620381206092,0.4487620381206092,15.0
1900.0,19.0,0.0,,-1.4270966336506776,0.4270966336506776,15.0
2000.0,20.0,0.0,,-1.4031259102098204,0.4031259102098203,15.0
2200.0,22.0,0.0,,-1.376414637744262,0.3764146377442618,15.0
2300.0,23.0,0.0,,-1.324075162384522,0.3240751623845219,15.0
2400.0,24.0,0.0,,-1.3201285006999002,0.3201285006999002,15.0
2500.0,25.0,0.0,,-1.3173243252923534,0.3173243252923534,15.0
2600.0,26.0,0.0,,-1.2879286019843752,0.2879286019843752,15.0
2800.0,28.0,0.0,,-1.2680500061922892,0.2680500061922892,15.0
3000.0,30.0,0.0,,-1.2498720674453776,0.2498720674453776,15.0
3100.0,31.0,0.0,,-1.24020195696668,0.24020195696668,15.0
3200.0,32.0,0.0,,-1.2390348112971683,0.2390348112971683,15.0
3300.0,33.0,0.0,,-1.229408587052513,0.2294085870525131,15.0
3600.0,36.0,0.0,,-1.226722528756842,0.2267225287568419,15.0
3900.0,39.0,0.0,,-1.21955063758245,0.2195506375824498,15.0
4000.0,40.0,0.0,,-1.216853499056406,0.2168534990564059,15.0
4100.0,41.0,0.0,,-1.2143732150837891,0.2143732150837891,15.0
4500.0,45.0,0.0,,-1.210489232803724,0.210489232803724,15.0
4700.0,47.0,0.0,,-1.210476817759598,0.2104768177595979,15.0
4800.0,48.0,0.0,,-1.207826460794049,0.2078264607940489,15.0
5500.0,55.0,0.0,,-1.2045503953549606,0.2045503953549605,15.0
5900.0,59.0,0.0,,-1.1860860293642337,0.1860860293642336,15.0
6400.0,64.0,0.0,,-1.175617016303054,0.1756170163030539,15.0
6600.0,66.0,0.0,,-1.173730891325674,0.1737308913256741,15.0
6700.0,67.0,0.0,,-1.17361890405562,0.1736189040556199,15.0
6900.0,69.0,0.0,,-1.1732488246625292,0.1732488246625292,15.0
7200.0,72.0,0.0,,-1.1731637525917993,0.1731637525917992,15.0
7300.0,73.0,0.0,,-1.173031402679011,0.1730314026790109,15.0
7500.0,75.0,0.0,,-1.172999304996917,0.1729993049969169,15.0
7600.0,76.0,0.0,,-1.172895821637846,0.172895821637846,15.0
7700.0,77.0,0.0,,-1.1638408239868514,0.1638408239868514,15.0
7800.0,78.0,0.0,,-1.163523389710301,0.163523389710301,15.0
7900.0,79.0,0.0,,-1.1600924772421022,0.1600924772421021,15.0
8000.0,80.0,0.0,,-1.153873811360684,0.1538738113606841,15.0
8100.0,81.0,0.0,,-1.1514826564369915,0.1514826564369915,15.0
8400.0,84.0,0.0,,-1.148477961992416,0.1484779619924161,15.0
8500.0,85.0,0.0,,-1.1382448022041367,0.1382448022041367,15.0
8600.0,86.0,0.0,,-1.1368326505021646,0.1368326505021646,15.0
8800.0,88.0,0.0,,-1.1263375001879148,0.1263375001879148,15.0
8900.0,89.0,0.0,,-1.1204267197506903,0.1204267197506905,15.0
9000.0,90.0,0.0,,-1.1091793300719972,0.1091793300719972,15.0
9300.0,93.0,0.0,,-1.1084692049420262,0.1084692049420261,15.0
9400.0,94.0,0.0,,-1.099245381013048,0.099245381013048,15.0
9600.0,96.0,0.0,,-1.0992392835024472,0.0992392835024471,15.0
10000.0,100.0,0.0,,-1.0992358185311806,0.0992358185311805,15.0
10300.0,103.0,0.0,,-1.0991662853150932,0.0991662853150932,15.0
10400.0,104.0,0.0,,-1.099159695671328,0.0991596956713278,15.0
10700.0,107.0,0.0,,-1.099159205070518,0.0991592050705179,15.0
10900.0,109.0,0.0,,-1.0991590945537526,0.0991590945537526,15.0
11000.0,110.0,0.0,,-1.0991590011675825,0.0991590011675822,15.0
11400.0,114.0,0.0,,-1.0991589725717437,0.0991589725717436,15.0
11600.0,116.0,0.0,,-1.0991589570072016,0.0991589570072015,15.0
12100.0,121.0,0.0,,-1.0991589446420675,0.0991589446420675,15.0
12300.0,123.0,0.0,,-1.099158944530894,0.099158944530894,15.0
12500.0,125.0,0.0,,-1.0991589385544809,0.0991589385544808,15.0
12700.0,127.0,0.0,,-1.0991589384128333,0.0991589384128333,15.0
12900.0,129.0,0.0,,-1.0991589374983042,0.0991589374983041,15.0
13100.0,131.0,0.0,,-1.0991589373492283,0.0991589373492285,15.0
13200.0,132.0,0.0,,-1.0991589371904975,0.0991589371904977,15.0
13400.0,134.0,0.0,,-1.099158937190268,0.0991589371902681,15.0
13500.0,135.0,0.0,,-1.0991589370358126,0.0991589370358125,15.0
13600.0,136.0,0.0,,-1.099158936550063,0.0991589365500629,15.0
13800.0,138.0,0.0,,-1.0990966169838052,0.0990966169838052,15.0
13900.0,139.0,0.0,,-1.0990910300931185,0.0990910300931184,15.0
14300.0,143.0,0.0,,-1.0990135222148965,0.0990135222148964,15.0
14400.0,144.0,0.0,,-1.099002494704307,0.0990024947043071,15.0
14700.0,147.0,0.0,,-1.099002252136509,0.099002252136509,15.0
15300.0,153.0,0.0,,-1.0990008114292034,0.0990008114292033,15.0
15500.0,155.0,0.0,,-1.0990007848879035,0.0990007848879035,15.0
15700.0,157.0,0.0,,-1.09900065903469,0.0990006590346899,15.0
16000.0,160.0,0.0,,-1.099000656581302,0.0990006565813019,15.0
16100.0,161.0,0.0,,-1.099000654298492,0.099000654298492,15.0
16200.0,162.0,0.0,,-1.099000641153763,0.0990006411537629,15.0
16500.0,165.0,0.0,,-1.099000640498817,0.099000640498817,15.0
16800.0,168.0,0.0,,-1.098954642200142,0.0989546422001419,15.0
17000.0,170.0,0.0,,-1.0989356136252124,0.0989356136252124,15.0
17300.0,173.0,0.0,,-1.098935489426722,0.098935489426722,15.0
17400.0,174.0,0.0,,-1.0989354629970354,0.0989354629970353,15.0
17700.0,177.0,0.0,,-1.0988749797883075,0.0988749797883075,15.0
18000.0,180.0,0.0,,-1.0988748103724637,0.0988748103724634,15.0
18100.0,181.0,0.0,,-1.0988723429403595,0.0988723429403595,15.0
18200.0,182.0,0.0,,-1.0988721680971163,0.0988721680971163,15.0
18300.0,183.0,0.0,,-1.0988678179261764,0.0988678179261763,15.0
18400.0,184.0,0.0,,-1.0988629798780192,0.0988629798780191,15.0
18500.0,185.0,0.0,,-1.0988473865430586,0.0988473865430585,15.0
18600.0,186.0,0.0,,-1.098826434470371,0.0988264344703713,15.0
18700.0,187.0,0.0,,-1.0988216534218334,0.0988216534218333,15.0
18900.0,189.0,0.0,,-1.0988023977571912,0.0988023977571912,15.0
19100.0,191.0,0.0,,-1.0987070704544046,0.0987070704544046,15.0
19300.0,193.0,0.0,,-1.0986309886328478,0.0986309886328478,15.0
19500.0,195.0,0.0,,-1.0986232585608136,0.0986232585608135,15.0
19600.0,196.0,0.0,,-1.0986051895853082,0.0986051895853081,15.0
19700.0,197.0,0.0,,-1.0985829684203434,0.0985829684203434,15.0
19800.0,198.0,0.0,,-1.0985744657311698,0.0985744657311697,15.0
19900.0,199.0,0.0,,-1.098557420372271,0.098557420372271,15.0
20100.0,201.0,0.0,,-1.0985574173294597,0.0985574173294596,15.0
20200.0,202.0,0.0,,-1.098557416931942,0.098557416931942,15.0
20300.0,203.0,0.0,,-1.0985574167571257,0.0985574167571257,15.0
20400.0,204.0,0.0,,-1.098554687997107,0.0985546879971071,15.0
21100.0,211.0,0.0,,-1.098554574973735,0.0985545749737351,15.0
21400.0,214.0,0.0,,-1.098554512885381,0.098554512885381,15.0
21600.0,216.0,0.0,,-1.0985544937491205,0.0985544937491202,15.0
21700.0,217.0,0.0,,-1.0985544214128955,0.0985544214128957,15.0
21900.0,219.0,0.0,,-1.0985450193394195,0.0985450193394195,15.0
22200.0,222.0,0.0,,-1.0985070213316388,0.0985070213316388,15.0
22400.0,224.0,0.0,,-1.0985041098095094,0.0985041098095094,15.0
22500.0,225.0,0.0,,-1.0985040840342168,0.0985040840342168,15.0
22600.0,226.0,0.0,,-1.0985012050289382,0.0985012050289382,15.0
22700.0,227.0,0.0,,-1.098494896614841,0.0984948966148406,15.0
22800.0,228.0,0.0,,-1.0984911125625734,0.0984911125625733,15.0
22900.0,229.0,0.0,,-1.0984908130062463,0.0984908130062462,15.0
23000.0,230.0,0.0,,-1.0984862980533745,0.0984862980533742,15.0
23100.0,231.0,0.0,,-1.0984826589003511,0.0984826589003511,15.0
23400.0,234.0,0.0,,-1.0984788327196815,0.0984788327196815,15.0
23500.0,235.0,0.0,,-1.0984372661498758,0.0984372661498758,15.0
24400.0,244.0,0.0,,-1.0984366816194298,0.0984366816194297,15.0
24500.0,245.0,0.0,,-1.098402881572928,0.0984028815729278,15.0
24800.0,248.0,0.0,,-1.098402616334382,0.098402616334382,15.0
24900.0,249.0,0.0,,-1.0982503155804186,0.0982503155804186,15.0
25000.0,250.0,0.0,,-1.0982323482635414,0.0982323482635414,15.0
25200.0,252.0,0.0,,-1.098221021422553,0.0982210214225529,15.0
25600.0,256.0,0.0,,-1.0982203959668289,0.0982203959668288,15.0
25700.0,257.0,0.0,,-1.0982166218552436,0.0982166218552436,15.0
25800.0,258.0,0.0,,-1.0982164002401942,0.0982164002401941,15.0
25900.0,259.0,0.0,,-1.0982122527095723,0.0982122527095723,15.0
26000.0,260.0,0.0,,-1.098212086053205,0.0982120860532049,15.0
26100.0,261.0,0.0,,-1.09821190685215,0.0982119068521498,15.0
26200.0,262.0,0.0,,-1.0982118751076808,0.0982118751076808,15.0
26300.0,263.0,0.0,,-1.0981964416588903,0.0981964416588903,15.0
26600.0,266.0,0.0,,-1.098164311104595,0.0981643111045948,15.0
26700.0,267.0,0.0,,-1.0980766108326456,0.0980766108326456,15.0
26800.0,268.0,0.0,,-1.0980762299496605,0.0980762299496602,15.0
26900.0,269.0,0.0,,-1.0980454354055122,0.0980454354055122,15.0
27000.0,270.0,0.0,,-1.098025031396495,0.0980250313964949,15.0
27200.0,272.0,0.0,,-1.0978031400734518,0.0978031400734518,15.0
27300.0,273.0,0.0,,-1.09779393761271,0.0977939376127099,15.0
28100.0,281.0,0.0,,-1.0977871057823192,0.0977871057823192,15.0
28200.0,282.0,0.0,,-1.097379278397307,0.0973792783973073,15.0
28700.0,287.0,0.0,,-1.0969000391578916,0.0969000391578915,15.0
28800.0,288.0,0.0,,-1.0966824418567844,0.0966824418567844,15.0
28900.0,289.0,0.0,,-1.0965570965254117,0.0965570965254116,15.0
29200.0,292.0,0.0,,-1.0965483119652184,0.0965483119652184,15.0
29300.0,293.0,0.0,,-1.0964846712283636,0.0964846712283635,15.0
29400.0,294.0,0.0,,-1.0964804634977916,0.0964804634977916,15.0
29500.0,295.0,0.0,,-1.0964582878383358,0.0964582878383357,15.0
29600.0,296.0,0.0,,-1.0964465489240582,0.0964465489240582,15.0
29900.0,299.0,0.0,,-1.0964459753489384,0.0964459753489384,15.0
30300.0,303.0,0.0,,-1.0964459417694203,0.0964459417694203,15.0
30800.0,308.0,0.0,,-1.0964458117056644,0.0964458117056643,15.0
31000.0,310.0,0.0,,-1.0964456692103275,0.0964456692103274,15.0
31300.0,313.0,0.0,,-1.096445077684386,0.0964450776843859,15.0
31400.0,314.0,0.0,,-1.096444749961026,0.0964447499610259,15.0
31500.0,315.0,0.0,,-1.096444725426221,0.096444725426221,15.0
31800.0,318.0,0.0,,-1.0964446753686077,0.0964446753686076,15.0
32000.0,320.0,0.0,,-1.096444657688776,0.096444657688776,15.0
32100.0,321.0,0.0,,-1.09644464844469,0.0964446484446901,15.0
32200.0,322.0,0.0,,-1.0964446341077263,0.0964446341077263,15.0
32500.0,325.0,0.0,,-1.0964446300187882,0.0964446300187882,15.0
33000.0,330.0,0.0,,-1.096444628162765,0.0964446281627648,15.0
33100.0,331.0,0.0,,-1.0964445889903829,0.0964445889903826,15.0
34000.0,340.0,0.0,,-1.096444586613556,0.0964445866135561,15.0
34700.0,347.0,0.0,,-1.0964055896750795,0.0964055896750797,15.0
34800.0,348.0,0.0,,-1.0963677524940894,0.0963677524940893,15.0
34900.0,349.0,0.0,,-1.0963622868033285,0.0963622868033284,15.0
35100.0,351.0,0.0,,-1.0963562231447912,0.0963562231447912,15.0
35200.0,352.0,0.0,,-1.0963432412014564,0.0963432412014564,15.0
35300.0,353.0,0.0,,-1.0963129087464605,0.0963129087464602,15.0
35400.0,354.0,0.0,,-1.096308078358743,0.0963080783587431,15.0
35600.0,356.0,0.0,,-1.0962930265897544,0.0962930265897543,15.0
35700.0,357.0,0.0,,-1.096292550488482,0.0962925504884819,15.0
35900.0,359.0,0.0,,-1.096291693667533,0.0962916936675331,15.0
36100.0,361.0,0.0,,-1.0962916551921646,0.0962916551921646,15.0
36200.0,362.0,0.0,,-1.0962794936838935,0.0962794936838935,15.0
36500.0,365.0,0.0,,-1.096277287818036,0.096277287818036,15.0
36700.0,367.0,0.0,,-1.0962625216317878,0.0962625216317878,15.0
36800.0,368.0,0.0,,-1.096244369389494,0.0962443693894941,15.0
36900.0,369.0,0.0,,-1.096243878390197,0.0962438783901973,15.0
37100.0,371.0,0.0,,-1.0962320290147307,0.0962320290147307,15.0
37200.0,372.0,0.0,,-1.0961422777675824,0.0961422777675824,15.0
37400.0,374.0,0.0,,-1.0960962480095082,0.0960962480095082,15.0
37600.0,376.0,0.0,,-1.096096197085401,0.096096197085401,15.0
37900.0,379.0,0.0,,-1.0959579248671445,0.0959579248671442,15.0
38200.0,382.0,0.0,,-1.0959541348835773,0.0959541348835772,15.0
38500.0,385.0,0.0,,-1.0955023252660574,0.0955023252660574,15.0
38600.0,386.0,0.0,,-1.0954802686016398,0.0954802686016398,15.0
38700.0,387.0,0.0,,-1.095280691733717,0.095280691733717,15.0
39000.0,390.0,0.0,,-1.0952122273469398,0.0952122273469397,15.0
39200.0,392.0,0.0,,-1.0951267089051815,0.0951267089051814,15.0
39300.0,393.0,0.0,,-1.0951140962351231,0.0951140962351233,15.0
39600.0,396.0,0.0,,-1.0951106018482224,0.0951106018482224,15.0
39800.0,398.0,0.0,,-1.095100949419053,0.0951009494190526,15.0
39900.0,399.0,0.0,,-1.0951007949996248,0.0951007949996247,15.0
40200.0,402.0,0.0,,-1.095083790318771,0.0950837903187709,15.0
40300.0,403.0,0.0,,-1.0950833644883473,0.0950833644883473,15.0
40700.0,407.0,0.0,,-1.0949992232660777,0.0949992232660774,15.0
41100.0,411.0,0.0,,-1.094998314977913,0.094998314977913,15.0
41400.0,414.0,0.0,,-1.0949703698288116,0.0949703698288115,15.0
41500.0,415.0,0.0,,-1.0949539422682422,0.0949539422682421,15.0
41700.0,417.0,0.0,,-1.0948462434555952,0.0948462434555952,15.0
41900.0,419.0,0.0,,-1.094837513252894,0.094837513252894,15.0
42200.0,422.0,0.0,,-1.094836677279316,0.0948366772793158,15.0
42400.0,424.0,0.0,,-1.094834509974063,0.094834509974063,15.0
42600.0,426.0,0.0,,-1.0948324770480826,0.0948324770480826,15.0
42700.0,427.0,0.0,,-1.0948324273945615,0.0948324273945615,15.0
42800.0,428.0,0.0,,-1.0948322446225849,0.0948322446225848,15.0
43100.0,431.0,0.0,,-1.0948317036431048,0.0948317036431047,15.0
43300.0,433.0,0.0,,-1.0948316293003422,0.0948316293003421,15.0
43500.0,435.0,0.0,,-1.0948316288942326,0.0948316288942325,15.0
43600.0,436.0,0.0,,-1.0948262246468454,0.0948262246468454,15.0
43700.0,437.0,0.0,,-1.0948247077245636,0.0948247077245636,15.0
44200.0,442.0,0.0,,-1.0948061071603603,0.0948061071603605,15.0
44300.0,443.0,0.0,,-1.0947330026339674,0.0947330026339674,15.0
44600.0,446.0,0.0,,-1.094732996537121,0.094732996537121,15.0
44900.0,449.0,0.0,,-1.0947097276382605,0.0947097276382604,15.0
45200.0,452.0,0.0,,-1.094667598029268,0.0946675980292679,15.0
45500.0,455.0,0.0,,-1.094665469536199,0.094665469536199,15.0
45600.0,456.0,0.0,,-1.0946366745693776,0.0946366745693776,15.0
45800.0,458.0,0.0,,-1.0946084666942697,0.0946084666942694,15.0
46000.0,460.0,0.0,,-1.094606710684478,0.0946067106844779,15.0
46100.0,461.0,0.0,,-1.0946064998423526,0.0946064998423525,15.0
46200.0,462.0,0.0,,-1.0946042830387903,0.0946042830387903,15.0
46500.0,465.0,0.0,,-1.094604207343929,0.094604207343929,15.0
46700.0,467.0,0.0,,-1.094604154071141,0.094604154071141,15.0
47100.0,471.0,0.0,,-1.0946040921564573,0.0946040921564572,15.0
47300.0,473.0,0.0,,-1.0946040795613918,0.0946040795613918,15.0
47800.0,478.0,0.0,,-1.0946040795612098,0.0946040795612097,15.0
48100.0,481.0,0.0,,-1.09454361688386,0.09454361688386,15.0
48200.0,482.0,0.0,,-1.094534779499582,0.0945347794995818,15.0
48400.0,484.0,0.0,,-1.094534423457513,0.0945344234575129,15.0
48600.0,486.0,0.0,,-1.0945267311353717,0.0945267311353714,15.0
48800.0,488.0,0.0,,-1.0944492816832,0.0944492816832001,15.0
48900.0,489.0,0.0,,-1.0944426957593203,0.0944426957593205,15.0
49000.0,490.0,0.0,,-1.0944426956995297,0.0944426956995294,15.0
49200.0,492.0,0.0,,-1.0944426631827051,0.0944426631827051,15.0
49300.0,493.0,0.0,,-1.0944426419531186,0.0944426419531185,15.0
49400.0,494.0,0.0,,-1.09444251774013,0.09444251774013,15.0
49500.0,495.0,0.0,,-1.0944424848068666,0.0944424848068665,15.0
49700.0,497.0,0.0,,-1.0944424666272887,0.0944424666272887,15.0
49800.0,498.0,0.0,,-1.0944424651319602,0.0944424651319602,15.0
50000.0,500.0,0.0,,-1.0944424467538276,0.0944424467538276,15.0
50200.0,502.0,0.0,,-1.0944423853389762,0.0944423853389762,15.0
50300.0,503.0,0.0,,-1.0944423663111835,0.0944423663111837,15.0
50400.0,504.0,0.0,,-1.0944423438118476,0.0944423438118475,15.0
50900.0,509.0,0.0,,-1.094442338999594,0.0944423389995938,15.0
51000.0,510.0,0.0,,-1.0944423383405246,0.0944423383405246,15.0
51100.0,511.0,0.0,,-1.0944423381640485,0.0944423381640484,15.0
51200.0,512.0,0.0,,-1.0944423377353598,0.0944423377353598,15.0
51300.0,513.0,0.0,,-1.094442337400831,0.0944423374008309,15.0
51600.0,516.0,0.0,,-1.0944423374002556,0.0944423374002556,15.0
52000.0,520.0,0.0,,-1.094442337394815,0.0944423373948148,15.0
52100.0,521.0,0.0,,-1.0944423373912184,0.0944423373912184,15.0
52200.0,522.0,0.0,,-1.0944260327780055,0.0944260327780055,15.0
52500.0,525.0,0.0,,-1.0944260319041408,0.0944260319041407,15.0
52600.0,526.0,0.0,,-1.0944246701367948,0.0944246701367947,15.0
53000.0,530.0,0.0,,-1.0944230556050931,0.0944230556050931,15.0
53300.0,533.0,0.0,,-1.0944230556010277,0.0944230556010277,15.0
53700.0,537.0,0.0,,-1.0944230504542491,0.0944230504542491,15.0
53800.0,538.0,0.0,,-1.0943732291424155,0.0943732291424157,15.0
53900.0,539.0,0.0,,-1.094373142704532,0.094373142704532,15.0
54000.0,540.0,0.0,,-1.0943608941122471,0.0943608941122471,15.0
54100.0,541.0,0.0,,-1.09435918664901,0.0943591866490101,15.0
54400.0,544.0,0.0,,-1.0943590190541683,0.0943590190541685,15.0
54500.0,545.0,0.0,,-1.0943589687751245,0.0943589687751245,15.0
54700.0,547.0,0.0,,-1.0942509437297765,0.0942509437297764,15.0
54800.0,548.0,0.0,,-1.0942498050046083,0.0942498050046083,15.0
55000.0,550.0,0.0,,-1.0942497967799996,0.0942497967799995,15.0
55200.0,552.0,0.0,,-1.0942446712410656,0.0942446712410656,15.0
55300.0,553.0,0.0,,-1.0942415123112978,0.0942415123112978,15.0
55500.0,555.0,0.0,,-1.094238556425736,0.0942385564257359,15.0
55700.0,557.0,0.0,,-1.0942382591614834,0.0942382591614834,15.0
55900.0,559.0,0.0,,-1.0942373052032746,0.0942373052032745,15.0
56000.0,560.0,0.0,,-1.094237296481062,0.094237296481062,15.0
56300.0,563.0,0.0,,-1.0942372073100377,0.0942372073100374,15.0
56700.0,567.0,0.0,,-1.0942372067766126,0.0942372067766126,15.0
56900.0,569.0,0.0,,-1.0942371776460862,0.0942371776460861,15.0
57100.0,571.0,0.0,,-1.0941925344989742,0.0941925344989742,15.0
57300.0,573.0,0.0,,-1.0941725450898503,0.0941725450898505,15.0
57500.0,575.0,0.0,,-1.094172167421573,0.0941721674215729,15.0
57700.0,577.0,0.0,,-1.0941720493716045,0.0941720493716042,15.0
57800.0,578.0,0.0,,-1.0941373069636011,0.0941373069636011,15.0
58000.0,580.0,0.0,,-1.0941242643955564,0.0941242643955564,15.0
58200.0,582.0,0.0,,-1.094123483224232,0.0941234832242319,15.0
58300.0,583.0,0.0,,-1.0941182603505166,0.0941182603505166,15.0
58400.0,584.0,0.0,,-1.0941179281718043,0.0941179281718045,15.0
58600.0,586.0,0.0,,-1.0941175437398547,0.0941175437398547,15.0
58700.0,587.0,0.0,,-1.0941159282929631,0.0941159282929631,15.0
58800.0,588.0,0.0,,-1.0941157132018562,0.0941157132018561,15.0
58900.0,589.0,0.0,,-1.094115415179678,0.0941154151796779,15.0
59000.0,590.0,0.0,,-1.0941153090127207,0.0941153090127207,15.0
59200.0,592.0,0.0,,-1.0941148641928469,0.0941148641928468,15.0
59300.0,593.0,0.0,,-1.0941141495398587,0.0941141495398587,15.0
59400.0,594.0,0.0,,-1.0941123178062944,0.0941123178062943,15.0
59500.0,595.0,0.0,,-1.0939330126242053,0.0939330126242052,15.0
59600.0,596.0,0.0,,-1.082928581825939,0.0829285818259393,15.0
59700.0,597.0,0.0,,-1.0815343914344693,0.0815343914344692,15.0
59900.0,599.0,0.0,,-1.0695461370666437,0.0695461370666437,15.0
60000.0,600.0,0.0,,-1.069546117450096,0.0695461174500959,15.0
60100.0,601.0,0.0,,-1.069349941384988,0.069349941384988,15.0
60200.0,602.0,0.0,,-1.0643446076997236,0.0643446076997236,15.0
60400.0,604.0,0.0,,-1.0599240871322102,0.0599240871322102,15.0
61100.0,611.0,0.0,,-1.0582072315134798,0.0582072315134798,15.0
61400.0,614.0,0.0,,-1.0574347850746026,0.0574347850746026,15.0
61600.0,616.0,0.0,,-1.0574048641433378,0.0574048641433377,15.0
61900.0,619.0,0.0,,-1.0573898234972032,0.0573898234972032,15.0
62000.0,620.0,0.0,,-1.057300604206186,0.0573006042061858,15.0
62400.0,624.0,0.0,,-1.0572847657203863,0.0572847657203863,15.0
62600.0,626.0,0.0,,-1.0572824174120987,0.0572824174120987,15.0
62700.0,627.0,0.0,,-1.0572231013121611,0.0572231013121611,15.0
62900.0,629.0,0.0,,-1.057222809096617,0.0572228090966169,15.0
63000.0,630.0,0.0,,-1.0572143779721328,0.0572143779721328,15.0
63100.0,631.0,0.0,,-1.0570624712896266,0.0570624712896266,15.0
63300.0,633.0,0.0,,-1.057057126294046,0.057057126294046,15.0
63600.0,636.0,0.0,,-1.0568021585317748,0.0568021585317748,15.0
63900.0,639.0,0.0,,-1.0567767843862388,0.0567767843862387,15.0
64100.0,641.0,0.0,,-1.0566727491337122,0.0566727491337122,15.0
64200.0,642.0,0.0,,-1.0564283347457335,0.0564283347457337,15.0
64300.0,643.0,0.0,,-1.0560658732236357,0.0560658732236356,15.0
64400.0,644.0,0.0,,-1.0560569193002642,0.0560569193002642,15.0
64500.0,645.0,0.0,,-1.056030877643171,0.056030877643171,15.0
64600.0,646.0,0.0,,-1.0560297735850597,0.0560297735850596,15.0
64700.0,647.0,0.0,,-1.0560077310333913,0.0560077310333912,15.0
64900.0,649.0,0.0,,-1.0560023478015927,0.0560023478015927,15.0
65000.0,650.0,0.0,,-1.0559522343959025,0.0559522343959024,15.0
65600.0,656.0,0.0,,-1.05595062469923,0.05595062469923,15.0
65900.0,659.0,0.0,,-1.0559389828727437,0.0559389828727436,15.0
66000.0,660.0,0.0,,-1.0559371022031712,0.0559371022031711,15.0
66100.0,661.0,0.0,,-1.0559361291810194,0.0559361291810194,15.0
66300.0,663.0,0.0,,-1.0559348895946752,0.0559348895946751,15.0
66400.0,664.0,0.0,,-1.0559335127416374,0.0559335127416373,15.0
66600.0,666.0,0.0,,-1.0559316582433005,0.0559316582433002,15.0
66800.0,668.0,0.0,,-1.0559316050545111,0.0559316050545113,15.0
67000.0,670.0,0.0,,-1.055410900861037,0.055410900861037,15.0
67600.0,676.0,0.0,,-1.05539435187765,0.05539435187765,15.0
67800.0,678.0,0.0,,-1.055345818718156,0.0553458187181561,15.0
68000.0,680.0,0.0,,-1.0553446998448035,0.0553446998448035,15.0
68100.0,681.0,0.0,,-1.0553020927757764,0.0553020927757763,15.0
68200.0,682.0,0.0,,-1.055301284147621,0.055301284147621,15.0
68400.0,684.0,0.0,,-1.0553011969436967,0.0553011969436967,15.0
68500.0,685.0,0.0,,-1.0548808848576068,0.0548808848576067,15.0
68700.0,687.0,0.0,,-1.0548608045811425,0.0548608045811425,15.0
68900.0,689.0,0.0,,-1.0548581256229428,0.0548581256229427,15.0
69000.0,690.0,0.0,,-1.0547937036751012,0.0547937036751011,15.0
69300.0,693.0,0.0,,-1.0547923023230974,0.0547923023230974,15.0
69400.0,694.0,0.0,,-1.0547889411519726,0.0547889411519726,15.0
69600.0,696.0,0.0,,-1.0547568760380688,0.0547568760380687,15.0
69700.0,697.0,0.0,,-1.054756697165991,0.0547566971659909,15.0
69800.0,698.0,0.0,,-1.054748789207708,0.054748789207708,15.0
69900.0,699.0,0.0,,-1.0547471875734784,0.0547471875734784,15.0
70100.0,701.0,0.0,,-1.054746877304481,0.054746877304481,15.0
70400.0,704.0,0.0,,-1.054719665478275,0.0547196654782746,15.0
70500.0,705.0,0.0,,-1.0546452403568802,0.0546452403568802,15.0
70700.0,707.0,0.0,,-1.0546394451578018,0.0546394451578018,15.0
71100.0,711.0,0.0,,-1.054628625272238,0.0546286252722381,15.0
71200.0,712.0,0.0,,-1.054619327734011,0.054619327734011,15.0
71400.0,714.0,0.0,,-1.05461917150591,0.0546191715059098,15.0
71500.0,715.0,0.0,,-1.0546190701941407,0.0546190701941406,15.0
71600.0,716.0,0.0,,-1.0546137129737188,0.0546137129737187,15.0
71800.0,718.0,0.0,,-1.0545645099752927,0.0545645099752927,15.0
72600.0,726.0,0.0,,-1.0545549345513003,0.0545549345513003,15.0
72800.0,728.0,0.0,,-1.0545452353333444,0.0545452353333444,15.0
72900.0,729.0,0.0,,-1.0545342295266025,0.0545342295266022,15.0
73000.0,730.0,0.0,,-1.054511387723884,0.054511387723884,15.0
73200.0,732.0,0.0,,-1.054510634014042,0.0545106340140419,15.0
73600.0,736.0,0.0,,-1.054510514198991,0.054510514198991,15.0
73700.0,737.0,0.0,,-1.0545104090662476,0.0545104090662476,15.0
73800.0,738.0,0.0,,-1.0545101823345542,0.0545101823345541,15.0
73900.0,739.0,0.0,,-1.054510026288482,0.0545100262884821,15.0
74000.0,740.0,0.0,,-1.0545086181576129,0.0545086181576128,15.0
74100.0,741.0,0.0,,-1.0545083077586297,0.0545083077586294,15.0
74400.0,744.0,0.0,,-1.054508105152116,0.0545081051521159,15.0
74500.0,745.0,0.0,,-1.0545079089655611,0.0545079089655611,15.0
74800.0,748.0,0.0,,-1.0545078940291963,0.0545078940291963,15.0
75100.0,751.0,0.0,,-1.0545078827636232,0.0545078827636231,15.0
75200.0,752.0,0.0,,-1.054507838068045,0.054507838068045,15.0
75400.0,754.0,0.0,,-1.054507830813388,0.0545078308133879,15.0
75600.0,756.0,0.0,,-1.054507830028257,0.0545078300282571,15.0
75800.0,758.0,0.0,,-1.0545078277932127,0.0545078277932127,15.0
76000.0,760.0,0.0,,-1.0545078243529324,0.0545078243529324,15.0
76600.0,766.0,0.0,,-1.0545078243346775,0.0545078243346774,15.0
77000.0,770.0,0.0,,-1.054447949486035,0.054447949486035,15.0
77100.0,771.0,0.0,,-1.054445912612108,0.0544459126121079,15.0
77200.0,772.0,0.0,,-1.0544453462160626,0.0544453462160625,15.0
77400.0,774.0,0.0,,-1.0544448160834712,0.0544448160834711,15.0
77500.0,775.0,0.0,,-1.0544438739089157,0.0544438739089154,15.0
77700.0,777.0,0.0,,-1.0544432888334734,0.0544432888334733,15.0
77800.0,778.0,0.0,,-1.054439947967257,0.054439947967257,15.0
77900.0,779.0,0.0,,-1.054431551733262,0.0544315517332618,15.0
78200.0,782.0,0.0,,-1.0544290909769942,0.0544290909769942,15.0
78300.0,783.0,0.0,,-1.0544259134755476,0.0544259134755475,15.0
78400.0,784.0,0.0,,-1.0544250997799542,0.0544250997799542,15.0
78600.0,786.0,0.0,,-1.054389363934586,0.054389363934586,15.0
79100.0,791.0,0.0,,-1.054344765583701,0.054344765583701,15.0
79400.0,794.0,0.0,,-1.0543444187107722,0.0543444187107722,15.0
79700.0,797.0,0.0,,-1.0543443294568209,0.0543443294568206,15.0
79800.0,798.0,0.0,,-1.0543443290021703,0.0543443290021703,15.0
79900.0,799.0,0.0,,-1.054343302670333,0.054343302670333,15.0
80200.0,802.0,0.0,,-1.0543430241489335,0.0543430241489335,15.0
80300.0,803.0,0.0,,-1.0543429604426522,0.0543429604426521,15.0
80500.0,805.0,0.0,,-1.0543142924398927,0.0543142924398927,15.0
80800.0,808.0,0.0,,-1.0540855379797194,0.0540855379797193,15.0
81400.0,814.0,0.0,,-1.0540827850114567,0.0540827850114566,15.0
81600.0,816.0,0.0,,-1.0540756519347982,0.0540756519347982,15.0
81800.0,818.0,0.0,,-1.0540490190997318,0.0540490190997318,15.0
81900.0,819.0,0.0,,-1.0540490190951288,0.0540490190951288,15.0
82300.0,823.0,0.0,,-1.054048447540591,0.0540484475405909,15.0
82400.0,824.0,0.0,,-1.0540470676308498,0.0540470676308497,15.0
82500.0,825.0,0.0,,-1.0540467288081043,0.0540467288081043,15.0
82600.0,826.0,0.0,,-1.0540194819179367,0.0540194819179367,15.0
83200.0,832.0,0.0,,-1.0540101143667262,0.0540101143667262,15.0
83300.0,833.0,0.0,,-1.054008774272825,0.054008774272825,15.0
83400.0,834.0,0.0,,-1.0539494153905515,0.0539494153905515,15.0
83700.0,837.0,0.0,,-1.0538104263734105,0.0538104263734104,15.0
84100.0,841.0,0.0,,-1.0538103926175642,0.0538103926175641,15.0
84400.0,844.0,0.0,,-1.053809313260462,0.053809313260462,15.0
84800.0,848.0,0.0,,-1.0538084491603708,0.0538084491603707,15.0
84900.0,849.0,0.0,,-1.053806842438419,0.053806842438419,15.0
85000.0,850.0,0.0,,-1.0538066151075574,0.0538066151075573,15.0
85200.0,852.0,0.0,,-1.0538064424837257,0.0538064424837254,15.0
85300.0,853.0,0.0,,-1.053805965782152,0.0538059657821521,15.0
85400.0,854.0,0.0,,-1.0538059240286903,0.0538059240286903,15.0
85500.0,855.0,0.0,,-1.0537717018242734,0.0537717018242733,15.0
85600.0,856.0,0.0,,-1.0537464249486377,0.0537464249486376,15.0
85700.0,857.0,0.0,,-1.0537320016678535,0.0537320016678535,15.0
86000.0,860.0,0.0,,-1.053731859210384,0.0537318592103841,15.0
86200.0,862.0,0.0,,-1.053731122477107,0.053731122477107,15.0
86400.0,864.0,0.0,,-1.053725348834948,0.053725348834948,15.0
86500.0,865.0,0.0,,-1.053687413509561,0.053687413509561,15.0
86600.0,866.0,0.0,,-1.0536867386609043,0.0536867386609043,15.0
86800.0,868.0,0.0,,-1.0536821594652843,0.0536821594652843,15.0
86900.0,869.0,0.0,,-1.0536818420016487,0.0536818420016487,15.0
87000.0,870.0,0.0,,-1.053678701845625,0.053678701845625,15.0
87300.0,873.0,0.0,,-1.053677033233525,0.053677033233525,15.0
87400.0,874.0,0.0,,-1.0536160220692916,0.0536160220692916,15.0
87600.0,876.0,0.0,,-1.0536160220685022,0.0536160220685022,15.0
87800.0,878.0,0.0,,-1.053611274037619,0.0536112740376188,15.0
87900.0,879.0,0.0,,-1.0536043655284129,0.0536043655284128,15.0
88000.0,880.0,0.0,,-1.0535766383362852,0.0535766383362852,15.0
88100.0,881.0,0.0,,-1.0535721314273616,0.0535721314273616,15.0
88200.0,882.0,0.0,,-1.0535059286431825,0.0535059286431824,15.0
88700.0,887.0,0.0,,-1.0535049254242173,0.0535049254242172,15.0
88900.0,889.0,0.0,,-1.053435241494603,0.0534352414946031,15.0
89000.0,890.0,0.0,,-1.0534140230240392,0.0534140230240391,15.0
89100.0,891.0,0.0,,-1.052842669077944,0.0528426690779439,15.0
89300.0,893.0,0.0,,-1.0528219154470173,0.0528219154470173,15.0
89900.0,899.0,0.0,,-1.05282174943903,0.0528217494390299,15.0
90000.0,900.0,0.0,,-1.052812763669897,0.0528127636698969,15.0
90200.0,902.0,0.0,,-1.0528084433415632,0.0528084433415632,15.0
90300.0,903.0,0.0,,-1.0528035592270053,0.0528035592270053,15.0
90500.0,905.0,0.0,,-1.05278500734404,0.0527850073440401,15.0
90700.0,907.0,0.0,,-1.052777764487226,0.052777764487226,15.0
90800.0,908.0,0.0,,-1.0527697067032835,0.0527697067032835,15.0
90900.0,909.0,0.0,,-1.052753163645076,0.0527531636450759,15.0
91000.0,910.0,0.0,,-1.0527521566096725,0.0527521566096722,15.0
91200.0,912.0,0.0,,-1.0527408523224586,0.0527408523224586,15.0
91500.0,915.0,0.0,,-1.052725090329505,0.0527250903295049,15.0
91900.0,919.0,0.0,,-1.052724738460199,0.0527247384601989,15.0
92100.0,921.0,0.0,,-1.0527244371264306,0.0527244371264306,15.0
92200.0,922.0,0.0,,-1.0527233406371783,0.0527233406371783,15.0
92300.0,923.0,0.0,,-1.052722645148689,0.052722645148689,15.0
92400.0,924.0,0.0,,-1.0527120360012765,0.0527120360012765,15.0
92800.0,928.0,0.0,,-1.0527081635483402,0.0527081635483401,15.0
93000.0,930.0,0.0,,-1.0527070717881903,0.0527070717881903,15.0
93100.0,931.0,0.0,,-1.0527069142238388,0.0527069142238387,15.0
93200.0,932.0,0.0,,-1.0526994509237433,0.0526994509237432,15.0
93300.0,933.0,0.0,,-1.0526972325345767,0.0526972325345767,15.0
93400.0,934.0,0.0,,-1.0526787929285517,0.0526787929285514,15.0
93600.0,936.0,0.0,,-1.0526780759543293,0.0526780759543292,15.0
94000.0,940.0,0.0,,-1.052673787097004,0.0526737870970039,15.0
94200.0,942.0,0.0,,-1.0526733679352456,0.0526733679352455,15.0
94300.0,943.0,0.0,,-1.0526733678662965,0.0526733678662962,15.0
94400.0,944.0,0.0,,-1.052671602659239,0.052671602659239,15.0
94600.0,946.0,0.0,,-1.0526708497080774,0.0526708497080774,15.0
94700.0,947.0,0.0,,-1.0526628919218768,0.0526628919218767,15.0
95000.0,950.0,0.0,,-1.0526609507819795,0.0526609507819795,15.0
95300.0,953.0,0.0,,-1.0526585977990737,0.0526585977990736,15.0
95500.0,955.0,0.0,,-1.0526572058791932,0.0526572058791932,15.0
95700.0,957.0,0.0,,-1.052650603598676,0.052650603598676,15.0
95900.0,959.0,0.0,,-1.052650586287282,0.0526505862872819,15.0
96000.0,960.0,0.0,,-1.0526505262086758,0.0526505262086758,15.0
96100.0,961.0,0.0,,-1.0526378483885257,0.0526378483885257,15.0
96300.0,963.0,0.0,,-1.052631702416864,0.0526317024168641,15.0
96500.0,965.0,0.0,,-1.0526300717422583,0.0526300717422585,15.0
96600.0,966.0,0.0,,-1.052625620684139,0.0526256206841388,15.0
96700.0,967.0,0.0,,-1.0526244340014088,0.0526244340014088,15.0
96800.0,968.0,0.0,,-1.0526243508885362,0.0526243508885362,15.0
96900.0,969.0,0.0,,-1.052621545023824,0.0526215450238238,15.0
97200.0,972.0,0.0,,-1.052588801102271,0.052588801102271,15.0
97400.0,974.0,0.0,,-1.0525841275280905,0.0525841275280904,15.0
97600.0,976.0,0.0,,-1.052444305147003,0.0524443051470029,15.0
98000.0,980.0,0.0,,-1.052442571143865,0.0524425711438649,15.0
98100.0,981.0,0.0,,-1.0523533420574138,0.0523533420574138,15.0
98500.0,985.0,0.0,,-1.0523531964363106,0.0523531964363106,15.0
98600.0,986.0,0.0,,-1.0523289921557455,0.0523289921557454,15.0
98700.0,987.0,0.0,,-1.052328989555038,0.052328989555038,15.0
98900.0,989.0,0.0,,-1.0523275460701564,0.0523275460701564,15.0
99000.0,990.0,0.0,,-1.052327508389796,0.052327508389796,15.0
99100.0,991.0,0.0,,-1.0523225321212537,0.0523225321212534,15.0
99300.0,993.0,0.0,,-1.0523196317558283,0.0523196317558285,15.0
99700.0,997.0,0.0,,-1.0523190631847592,0.0523190631847592,15.0
99800.0,998.0,0.0,,-1.0523177229738758,0.0523177229738758,15.0
99900.0,999.0,0.0,,-1.0523132045511858,0.0523132045511858,15.0
100300.0,1003.0,0.0,,-1.052313178175431,0.0523131781754306,15.0
100400.0,1004.0,0.0,,-1.052310891638527,0.052310891638527,15.0
100500.0,1005.0,0.0,,-1.0523091504090654,0.0523091504090653,15.0
100600.0,1006.0,0.0,,-1.0523087072734651,0.0523087072734651,15.0
100900.0,1009.0,0.0,,-1.0523086646688469,0.0523086646688468,15.0
101000.0,1010.0,0.0,,-1.0523074755552158,0.0523074755552157,15.0
101100.0,1011.0,0.0,,-1.0523057861693526,0.0523057861693525,15.0
101300.0,1013.0,0.0,,-1.052304155499769,0.0523041554997689,15.0
101600.0,1016.0,0.0,,-1.0523040910301371,0.0523040910301371,15.0
101700.0,1017.0,0.0,,-1.0523022616946611,0.0523022616946611,15.0
101800.0,1018.0,0.0,,-1.052302157296188,0.0523021572961881,15.0
102100.0,1021.0,0.0,,-1.0523020212249188,0.0523020212249187,15.0
102200.0,1022.0,0.0,,-1.0523004466761416,0.0523004466761416,15.0
102500.0,1025.0,0.0,,-1.05229955286917,0.05229955286917,15.0
102700.0,1027.0,0.0,,-1.0522995253276828,0.0522995253276827,15.0
102900.0,1029.0,0.0,,-1.0522993243011272,0.0522993243011271,15.0
103000.0,1030.0,0.0,,-1.0522990730559358,0.0522990730559358,15.0
103400.0,1034.0,0.0,,-1.0522989897535504,0.0522989897535504,15.0
103600.0,1036.0,0.0,,-1.0522989701406462,0.0522989701406462,15.0
103700.0,1037.0,0.0,,-1.0522989639042448,0.0522989639042448,15.0
103900.0,1039.0,0.0,,-1.0522989627351078,0.0522989627351078,15.0
104000.0,1040.0,0.0,,-1.0522989154481133,0.0522989154481132,15.0
104500.0,1045.0,0.0,,-1.052298915343022,0.052298915343022,15.0
104600.0,1046.0,0.0,,-1.0522989152215882,0.0522989152215882,15.0
104700.0,1047.0,0.0,,-1.052298907455038,0.0522989074550379,15.0
105000.0,1050.0,0.0,,-1.0522989043434676,0.0522989043434676,15.0
105200.0,1052.0,0.0,,-1.052298904200458,0.052298904200458,15.0
105300.0,1053.0,0.0,,-1.0522988711202967,0.0522988711202967,15.0
105400.0,1054.0,0.0,,-1.0522988696735682,0.0522988696735682,15.0
105600.0,1056.0,0.0,,-1.05229886106705,0.05229886106705,15.0
105900.0,1059.0,0.0,,-1.052298859833299,0.0522988598332989,15.0
106000.0,1060.0,0.0,,-1.052298859712831,0.0522988597128313,15.0
106100.0,1061.0,0.0,,-1.0522988580932024,0.0522988580932024,15.0
106300.0,1063.0,0.0,,-1.0522988542179244,0.0522988542179243,15.0
106400.0,1064.0,0.0,,-1.0522988534520996,0.0522988534520996,15.0
106500.0,1065.0,0.0,,-1.0522988507016118,0.0522988507016117,15.0
106600.0,1066.0,0.0,,-1.0522988482340283,0.0522988482340285,15.0
106700.0,1067.0,0.0,,-1.052294928769124,0.0522949287691241,15.0
106800.0,1068.0,0.0,,-1.0522949281385046,0.0522949281385045,15.0
107200.0,1072.0,0.0,,-1.052294744377228,0.0522947443772279,15.0
107300.0,1073.0,0.0,,-1.052294654463977,0.052294654463977,15.0
107400.0,1074.0,0.0,,-1.052294623909052,0.052294623909052,15.0
107500.0,1075.0,0.0,,-1.0522945984178105,0.0522945984178104,15.0
107600.0,1076.0,0.0,,-1.0522945699426614,0.0522945699426613,15.0
107700.0,1077.0,0.0,,-1.052294565963427,0.052294565963427,15.0
107800.0,1078.0,0.0,,-1.0522945644491186,0.0522945644491186,15.0
108200.0,1082.0,0.0,,-1.0522945644227055,0.0522945644227057,15.0
108300.0,1083.0,0.0,,-1.0522945641682837,0.0522945641682834,15.0
108700.0,1087.0,0.0,,-1.052294564080241,0.052294564080241,15.0
108900.0,1089.0,0.0,,-1.0522945635898284,0.0522945635898284,15.0
109100.0,1091.0,0.0,,-1.0522945635414305,0.0522945635414302,15.0
109200.0,1092.0,0.0,,-1.0522945635287202,0.0522945635287201,15.0
109300.0,1093.0,0.0,,-1.052294563528596,0.052294563528596,15.0
109500.0,1095.0,0.0,,-1.0522945634962215,0.0522945634962215,15.0
109800.0,1098.0,0.0,,-1.052294563496201,0.052294563496201,15.0
110100.0,1101.0,0.0,,-1.0522945634929843,0.0522945634929843,15.0
110200.0,1102.0,0.0,,-1.0522945634918954,0.0522945634918954,15.0
110400.0,1104.0,0.0,,-1.0522945634901082,0.0522945634901081,15.0
110600.0,1106.0,0.0,,-1.0522945634239889,0.0522945634239888,15.0
110700.0,1107.0,0.0,,-1.052294563357681,0.052294563357681,15.0
110800.0,1108.0,0.0,,-1.0522945633116916,0.0522945633116915,15.0
110900.0,1109.0,0.0,,-1.0522945633087737,0.0522945633087734,15.0
111200.0,1112.0,0.0,,-1.0522945633078893,0.0522945633078892,15.0
112300.0,1123.0,0.0,,-1.0522945633021168,0.0522945633021167,15.0
112600.0,1126.0,0.0,,-1.0522945633001264,0.0522945633001263,15.0
113000.0,1130.0,0.0,,-1.0522945633001262,0.0522945633001261,15.0
113200.0,1132.0,0.0,,-1.0522945633000478,0.0522945633000477,15.0
113900.0,1139.0,0.0,,-1.052294563300042,0.052294563300042,15.0
114200.0,1142.0,0.0,,-1.0522945633000411,0.0522945633000411,15.0
114500.0,1145.0,0.0,,-1.052294563300041,0.0522945633000409,15.0
114600.0,1146.0,0.0,,-1.05229456330004,0.05229456330004,15.0
115100.0,1151.0,0.0,,-1.0522945633000398,0.0522945633000397,15.0
115600.0,1156.0,0.0,,-1.0522945633000391,0.0522945633000391,15.0
116100.0,1161.0,0.0,,-1.052294563300039,0.0522945633000389,15.0
116600.0,1166.0,0.0,,-1.052294563300039,0.0522945633000386,15.0
118600.0,1186.0,0.0,,-1.0522945633000385,0.0522945633000384,15.0
215500.0,2155.0,0.0,,-1.0522945633000305,0.0522945633000304,15.0
215700.0,2157.0,0.0,,-1.0522945633000298,0.0522945633000297,15.0
216000.0,2160.0,0.0,,-1.0522945633000296,0.0522945633000295,15.0
