eval,gen,hv,igd+,icmop,cv,run
100.0,1.0,0.2446780986255125,0.2354483135975915,0.2446780986255125,0.0,1.0
200.0,2.0,0.2830983685055953,0.2011623742543285,0.2830983685055953,0.0,1.0
300.0,3.0,0.3071017841273363,0.1819556897326983,0.3071017841273363,0.0,1.0
400.0,4.0,0.3264606899752612,0.1683970284918676,0.3264606899752612,0.0,1.0
500.0,5.0,0.3365201659910263,0.1620677737663766,0.3365201659910263,0.0,1.0
600.0,6.0,0.3676984257408932,0.1465791340633142,0.3676984257408932,0.0,1.0
700.0,7.0,0.3770464358331523,0.1413154084932864,0.3770464358331523,0.0,1.0
800.0,8.0,0.3923530641673256,0.1314265800566665,0.3923530641673256,0.0,1.0
900.0,9.0,0.3931271044488902,0.1267477769006715,0.3931271044488902,0.0,1.0
1000.0,10.0,0.3974746635322067,0.1245620335532651,0.3974746635322067,0.0,1.0
1100.0,11.0,0.4021423352423413,0.1200156226678771,0.4021423352423413,0.0,1.0
1200.0,12.0,0.4096257354501761,0.109455743881103,0.4096257354501761,0.0,1.0
1300.0,13.0,0.4122546864168976,0.1065120514391769,0.4122546864168976,0.0,1.0
1400.0,14.0,0.4168268613714391,0.1041524474592148,0.4168268613714391,0.0,1.0
1500.0,15.0,0.4196123233718827,0.1004895937734039,0.4196123233718827,0.0,1.0
1600.0,16.0,0.4258037226369484,0.0979597781091395,0.4258037226369484,0.0,1.0
1700.0,17.0,0.4268001836554137,0.0964519410922389,0.4268001836554137,0.0,1.0
1800.0,18.0,0.432306216081161,0.0934529229690202,0.432306216081161,0.0,1.0
1900.0,19.0,0.4328338284328985,0.0909726505205867,0.4328338284328985,0.0,1.0
2000.0,20.0,0.4395365135650073,0.0898809115267852,0.4395365135650073,0.0,1.0
2100.0,21.0,0.4409628427837466,0.0882162175256689,0.4409628427837466,0.0,1.0
2200.0,22.0,0.443270263727979,0.0850299624956925,0.443270263727979,0.0,1.0
2300.0,23.0,0.4448856173295943,0.0846854016753772,0.4448856173295943,0.0,1.0
2500.0,25.0,0.4467603877881205,0.0837841994294347,0.4467603877881205,0.0,1.0
2600.0,26.0,0.4462995782290325,0.0833090831878955,0.4462995782290325,0.0,1.0
2700.0,27.0,0.448671335950208,0.0833665301385964,0.448671335950208,0.0,1.0
2800.0,28.0,0.449615435626173,0.0820176538735505,0.449615435626173,0.0,1.0
3000.0,30.0,0.4538638407337903,0.0786476917601289,0.4538638407337903,0.0,1.0
3100.0,31.0,0.4590842999036228,0.0724042973312827,0.4590842999036228,0.0,1.0
3200.0,32.0,0.462830318591551,0.0705159931692943,0.462830318591551,0.0,1.0
3300.0,33.0,0.4629284303059787,0.0717395388448132,0.4629284303059787,0.0,1.0
3500.0,35.0,0.4624506313277846,0.0723903828579457,0.4624506313277846,0.0,1.0
3600.0,36.0,0.4635978227719269,0.0675532077607387,0.4635978227719269,0.0,1.0
3700.0,37.0,0.4657301212218529,0.0667903253307143,0.4657301212218529,0.0,1.0
3800.0,38.0,0.4688485186753452,0.0642506540052904,0.4688485186753452,0.0,1.0
3900.0,39.0,0.46484165366855,0.0637362929129554,0.46484165366855,0.0,1.0
4000.0,40.0,0.4685340169087587,0.0618287008233241,0.4685340169087587,0.0,1.0
4100.0,41.0,0.470150495078744,0.0605326222140321,0.470150495078744,0.0,1.0
4300.0,43.0,0.4738712507569905,0.0581667283865736,0.4738712507569905,0.0,1.0
4400.0,44.0,0.4773855808772214,0.0571233582650514,0.4773855808772214,0.0,1.0
4600.0,46.0,0.4773531242316908,0.0568580817388755,0.4773531242316908,0.0,1.0
4800.0,48.0,0.4793728342834172,0.0564740757870973,0.4793728342834172,0.0,1.0
5100.0,51.0,0.4719846867079084,0.0584945866382038,0.4719846867079084,0.0,1.0
5200.0,52.0,0.4795580553386994,0.0523159950188196,0.4795580553386994,0.0,1.0
5600.0,56.0,0.4784008486601009,0.0536364942568988,0.4784008486601009,0.0,1.0
5800.0,58.0,0.4796811852100257,0.0528362439970059,0.4796811852100257,0.0,1.0
6100.0,61.0,0.4783550133989552,0.05376203658768,0.4783550133989552,0.0,1.0
6300.0,63.0,0.4815479380047123,0.0503042184164266,0.4815479380047123,0.0,1.0
6500.0,65.0,0.4862838943771597,0.0460718045109038,0.4862838943771597,0.0,1.0
6600.0,66.0,0.4868646348460739,0.0462859896593619,0.4868646348460739,0.0,1.0
6800.0,68.0,0.4851107691780909,0.0469079621937351,0.4851107691780909,0.0,1.0
6900.0,69.0,0.4853553305673791,0.0464386354690173,0.4853553305673791,0.0,1.0
7000.0,70.0,0.4862053351922282,0.0463167292681318,0.4862053351922282,0.0,1.0
7100.0,71.0,0.4862581005902716,0.0448701563840285,0.4862581005902716,0.0,1.0
7200.0,72.0,0.4891374046164602,0.0430501175177521,0.4891374046164602,0.0,1.0
7300.0,73.0,0.4899230112085232,0.0427351828455772,0.4899230112085232,0.0,1.0
7500.0,75.0,0.4884276518835582,0.045045158712349,0.4884276518835582,0.0,1.0
7600.0,76.0,0.4884478560602081,0.0451951964406611,0.4884478560602081,0.0,1.0
7700.0,77.0,0.4916419673885531,0.0445577001225647,0.4916419673885531,0.0,1.0
7800.0,78.0,0.4926009788662182,0.0443461156415603,0.4926009788662182,0.0,1.0
8000.0,80.0,0.4860916553576474,0.0457197935043511,0.4860916553576474,0.0,1.0
8100.0,81.0,0.4882765288248218,0.04325858154114,0.4882765288248218,0.0,1.0
8300.0,83.0,0.4862645970954953,0.0452950273876686,0.4862645970954953,0.0,1.0
8400.0,84.0,0.4841403550211902,0.0446004349276645,0.4841403550211902,0.0,1.0
8500.0,85.0,0.4913701717038956,0.040808836504414,0.4913701717038956,0.0,1.0
8800.0,88.0,0.4828349916864278,0.0463607696934881,0.4828349916864278,0.0,1.0
9000.0,90.0,0.4778281042980429,0.0515001193742261,0.4778281042980429,0.0,1.0
9100.0,91.0,0.4789722447535485,0.0484773594605459,0.4789722447535485,0.0,1.0
9200.0,92.0,0.483563128968832,0.04569370814211,0.483563128968832,0.0,1.0
9300.0,93.0,0.4850508754602293,0.0460048825921121,0.4850508754602293,0.0,1.0
9400.0,94.0,0.487624137707902,0.0452039666569643,0.487624137707902,0.0,1.0
9700.0,97.0,0.4836176750604712,0.0456650786707735,0.4836176750604712,0.0,1.0
9800.0,98.0,0.484993764914953,0.0459540443711146,0.484993764914953,0.0,1.0
9900.0,99.0,0.4829542597784191,0.0457147127113969,0.4829542597784191,0.0,1.0
10000.0,100.0,0.4833185546550856,0.0458413700373857,0.4833185546550856,0.0,1.0
10400.0,104.0,0.4763827292306472,0.0465246667232223,0.4763827292306472,0.0,1.0
10500.0,105.0,0.482331577583823,0.0425867242487594,0.482331577583823,0.0,1.0
10700.0,107.0,0.4827475540806006,0.0431634334446653,0.4827475540806006,0.0,1.0
10800.0,108.0,0.4853514846798193,0.0424988498040555,0.4853514846798193,0.0,1.0
10900.0,109.0,0.4832998147858399,0.0422188501616028,0.4832998147858399,0.0,1.0
11100.0,111.0,0.4811534272491406,0.0442618213122087,0.4811534272491406,0.0,1.0
11400.0,114.0,0.4820669040919486,0.0478622727159763,0.4820669040919486,0.0,1.0
11500.0,115.0,0.4861204675801108,0.0453717060194285,0.4861204675801108,0.0,1.0
11600.0,116.0,0.4858982610215084,0.0436003371326866,0.4858982610215084,0.0,1.0
11700.0,117.0,0.4872026226418683,0.0431933175297536,0.4872026226418683,0.0,1.0
11800.0,118.0,0.4872314926229298,0.0434123990885661,0.4872314926229298,0.0,1.0
12100.0,121.0,0.490153329718738,0.0416409677699349,0.490153329718738,0.0,1.0
12200.0,122.0,0.4905203484905891,0.0425620916392064,0.4905203484905891,0.0,1.0
12300.0,123.0,0.4908354946767214,0.0435676831703786,0.4908354946767214,0.0,1.0
12400.0,124.0,0.4924583101294144,0.0439696542741748,0.4924583101294144,0.0,1.0
12600.0,126.0,0.4869375167996689,0.0439889349339558,0.4869375167996689,0.0,1.0
12700.0,127.0,0.4914396596995582,0.0412485544303616,0.4914396596995582,0.0,1.0
12800.0,128.0,0.493281855211909,0.0394989061352304,0.493281855211909,0.0,1.0
13000.0,130.0,0.4892739659817912,0.0395713784691381,0.4892739659817912,0.0,1.0
13100.0,131.0,0.4894327853683987,0.04264341886481,0.4894327853683987,0.0,1.0
13300.0,133.0,0.4929912131523183,0.042044810507889,0.4929912131523183,0.0,1.0
13700.0,137.0,0.4835597557032743,0.0479635991209413,0.4835597557032743,0.0,1.0
13800.0,138.0,0.4861984830097416,0.0433856855656889,0.4861984830097416,0.0,1.0
13900.0,139.0,0.4871779169414011,0.0432487746503942,0.4871779169414011,0.0,1.0
14000.0,140.0,0.487532264515536,0.0436103361498822,0.487532264515536,0.0,1.0
14100.0,141.0,0.4889419893729645,0.0435862984069066,0.4889419893729645,0.0,1.0
14200.0,142.0,0.4889627654205643,0.0422347847189186,0.4889627654205643,0.0,1.0
14300.0,143.0,0.4918821845925827,0.0419769057082222,0.4918821845925827,0.0,1.0
14400.0,144.0,0.4913645251394886,0.0404216893439412,0.4913645251394886,0.0,1.0
14500.0,145.0,0.4911207880484793,0.0401405550575212,0.4911207880484793,0.0,1.0
14700.0,147.0,0.49270405153474,0.0416712005633696,0.49270405153474,0.0,1.0
14800.0,148.0,0.4920312472174145,0.0416588173540035,0.4920312472174145,0.0,1.0
14900.0,149.0,0.4958121737851174,0.0391183037866672,0.4958121737851174,0.0,1.0
15200.0,152.0,0.4864759867683757,0.0444672608465214,0.4864759867683757,0.0,1.0
15300.0,153.0,0.4969740528306648,0.0413377990794092,0.4969740528306648,0.0,1.0
15600.0,156.0,0.4916646400801516,0.0423094264438854,0.4916646400801516,0.0,1.0
15800.0,158.0,0.4909829929700476,0.0409465064931167,0.4909829929700476,0.0,1.0
15900.0,159.0,0.4922957642250097,0.0405395364284711,0.4922957642250097,0.0,1.0
16300.0,163.0,0.4791736705970129,0.0429198323749203,0.4791736705970129,0.0,1.0
16400.0,164.0,0.4825437212844632,0.04323931218526,0.4825437212844632,0.0,1.0
16500.0,165.0,0.4860127357689627,0.0434861678221699,0.4860127357689627,0.0,1.0
16600.0,166.0,0.4873197792214621,0.04228373650959,0.4873197792214621,0.0,1.0
16800.0,168.0,0.4903442104572774,0.0425782225352674,0.4903442104572774,0.0,1.0
17000.0,170.0,0.4860652970076939,0.0448565928931101,0.4860652970076939,0.0,1.0
17100.0,171.0,0.4817328605822457,0.0444479528045147,0.4817328605822457,0.0,1.0
17200.0,172.0,0.4846156456744792,0.0435756103572213,0.4846156456744792,0.0,1.0
17300.0,173.0,0.4861395811233632,0.0445348269138073,0.4861395811233632,0.0,1.0
17400.0,174.0,0.4875377460535586,0.0449130758008987,0.4875377460535586,0.0,1.0
17500.0,175.0,0.4864445630425292,0.0444423352193549,0.4864445630425292,0.0,1.0
17600.0,176.0,0.4887739586137105,0.0441292793141615,0.4887739586137105,0.0,1.0
17800.0,178.0,0.4860387930579904,0.0426464804932911,0.4860387930579904,0.0,1.0
17900.0,179.0,0.4860426435664566,0.0451236957615721,0.4860426435664566,0.0,1.0
18000.0,180.0,0.4897230024271549,0.0430307282625191,0.4897230024271549,0.0,1.0
18200.0,182.0,0.4874311226237333,0.0431684252611511,0.4874311226237333,0.0,1.0
18300.0,183.0,0.4861025899669954,0.0428218610997466,0.4861025899669954,0.0,1.0
18500.0,185.0,0.4858669714628698,0.0429587417377703,0.4858669714628698,0.0,1.0
18800.0,188.0,0.4890738558675995,0.0410350574282404,0.4890738558675995,0.0,1.0
18900.0,189.0,0.4893621221241946,0.0410166909185294,0.4893621221241946,0.0,1.0
19000.0,190.0,0.4942482332334378,0.0391885919562949,0.4942482332334378,0.0,1.0
19200.0,192.0,0.4927000363809398,0.039969973424564,0.4927000363809398,0.0,1.0
19300.0,193.0,0.4978075044348315,0.037881690767154,0.4978075044348315,0.0,1.0
19600.0,196.0,0.4865824033649465,0.0416256585364571,0.4865824033649465,0.0,1.0
19700.0,197.0,0.4887361049363806,0.0412717077355636,0.4887361049363806,0.0,1.0
19800.0,198.0,0.4926328844824086,0.0395484089957844,0.4926328844824086,0.0,1.0
20000.0,200.0,0.4863502295361313,0.04215208963844,0.4863502295361313,0.0,1.0
20200.0,202.0,0.4866849493236617,0.0412503960860757,0.4866849493236617,0.0,1.0
20400.0,204.0,0.4901312430982155,0.0413478030383643,0.4901312430982155,0.0,1.0
20500.0,205.0,0.4934541678695264,0.0404175098349322,0.4934541678695264,0.0,1.0
20900.0,209.0,0.4831619891909891,0.0436962693617405,0.4831619891909891,0.0,1.0
21000.0,210.0,0.4860261801964153,0.0424359353523502,0.4860261801964153,0.0,1.0
21200.0,212.0,0.4863279090761229,0.0429683997156963,0.4863279090761229,0.0,1.0
21300.0,213.0,0.4899815475805918,0.0427862691394837,0.4899815475805918,0.0,1.0
21400.0,214.0,0.4907421693355173,0.0423735374915689,0.4907421693355173,0.0,1.0
21500.0,215.0,0.4948619407803515,0.0402102932613583,0.4948619407803515,0.0,1.0
21800.0,218.0,0.4924650151064715,0.0418364004204964,0.4924650151064715,0.0,1.0
21900.0,219.0,0.4938583992787351,0.0405512445974918,0.4938583992787351,0.0,1.0
22300.0,223.0,0.4848441819507926,0.0417355223931608,0.4848441819507926,0.0,1.0
22600.0,226.0,0.4868201836428034,0.0422231692163376,0.4868201836428034,0.0,1.0
22700.0,227.0,0.4892648379853658,0.0412213284333218,0.4892648379853658,0.0,1.0
22800.0,228.0,0.4924389070788821,0.0390940792704114,0.4924389070788821,0.0,1.0
23100.0,231.0,0.4969472427845687,0.0397708700523366,0.4969472427845687,0.0,1.0
23300.0,233.0,0.4958165332722895,0.0387039542325566,0.4958165332722895,0.0,1.0
23400.0,234.0,0.4963174581081128,0.0381638216331496,0.4963174581081128,0.0,1.0
23700.0,237.0,0.494174601178748,0.0409888340621338,0.494174601178748,0.0,1.0
24000.0,240.0,0.4889794926148615,0.042086612903046,0.4889794926148615,0.0,1.0
24100.0,241.0,0.4920306586415002,0.0416258974204849,0.4920306586415002,0.0,1.0
24200.0,242.0,0.4932832957944388,0.0409015892164294,0.4932832957944388,0.0,1.0
24500.0,245.0,0.4913921618951574,0.0428284008631376,0.4913921618951574,0.0,1.0
24700.0,247.0,0.4918748999842707,0.0427276067390131,0.4918748999842707,0.0,1.0
24800.0,248.0,0.494103270485368,0.0417132658567232,0.494103270485368,0.0,1.0
25000.0,250.0,0.4926412498695623,0.0433319784367279,0.4926412498695623,0.0,1.0
25300.0,253.0,0.4892257060992124,0.0442045683904948,0.4892257060992124,0.0,1.0
25500.0,255.0,0.4886162676114936,0.0457796740017096,0.4886162676114936,0.0,1.0
25600.0,256.0,0.4923602182309577,0.0430308896088357,0.4923602182309577,0.0,1.0
26000.0,260.0,0.4865236394319676,0.0475972987594617,0.4865236394319676,0.0,1.0
26200.0,262.0,0.4828250422613087,0.0493559519718501,0.4828250422613087,0.0,1.0
26300.0,263.0,0.4856057770997048,0.0476126436720367,0.4856057770997048,0.0,1.0
26600.0,266.0,0.4855147989693298,0.046808730337782,0.4855147989693298,0.0,1.0
26700.0,267.0,0.4891007101924817,0.0446012448577607,0.4891007101924817,0.0,1.0
26800.0,268.0,0.4883360004048094,0.044439661019194,0.4883360004048094,0.0,1.0
27000.0,270.0,0.4889795360706521,0.0441425710901036,0.4889795360706521,0.0,1.0
27100.0,271.0,0.4900382735584678,0.0437994596357045,0.4900382735584678,0.0,1.0
27200.0,272.0,0.4909689573775855,0.0435306601818429,0.4909689573775855,0.0,1.0
27300.0,273.0,0.4920088423831416,0.0429935495775868,0.4920088423831416,0.0,1.0
27500.0,275.0,0.494377518126509,0.0409096015271772,0.494377518126509,0.0,1.0
27600.0,276.0,0.4947577141655606,0.0408690953411894,0.4947577141655606,0.0,1.0
27700.0,277.0,0.4945972666626911,0.0391977571422528,0.4945972666626911,0.0,1.0
28000.0,280.0,0.4902048941259784,0.0409141324228261,0.4902048941259784,0.0,1.0
28100.0,281.0,0.4931429768281828,0.0390561419717392,0.4931429768281828,0.0,1.0
28200.0,282.0,0.4934630723267021,0.0393635954905662,0.4934630723267021,0.0,1.0
28300.0,283.0,0.4958597549641142,0.0389564880784434,0.4958597549641142,0.0,1.0
28800.0,288.0,0.4915301488468247,0.0400717847980775,0.4915301488468247,0.0,1.0
28900.0,289.0,0.491696281362234,0.0395139344660992,0.491696281362234,0.0,1.0
29100.0,291.0,0.4911361420363706,0.0399287815566504,0.4911361420363706,0.0,1.0
29400.0,294.0,0.4928474507882543,0.0414526735330617,0.4928474507882543,0.0,1.0
29600.0,296.0,0.4918427435517687,0.0421378756285201,0.4918427435517687,0.0,1.0
29800.0,298.0,0.4901947860832047,0.0425321220023965,0.4901947860832047,0.0,1.0
29900.0,299.0,0.4926107019377864,0.0415772814340546,0.4926107019377864,0.0,1.0
30000.0,300.0,0.4914528148464232,0.041423010093086,0.4914528148464232,0.0,1.0
30200.0,302.0,0.4926387458693989,0.0411714031953406,0.4926387458693989,0.0,1.0
30400.0,304.0,0.4895690879331879,0.0418443463509652,0.4895690879331879,0.0,1.0
30500.0,305.0,0.4903374802420642,0.0425111355932779,0.4903374802420642,0.0,1.0
30600.0,306.0,0.49338732646535,0.0402634019467004,0.49338732646535,0.0,1.0
30900.0,309.0,0.4952671432727156,0.041284370383617,0.4952671432727156,0.0,1.0
31100.0,311.0,0.4916079833238104,0.0418541475091273,0.4916079833238104,0.0,1.0
31300.0,313.0,0.4935827688203024,0.0413632275291202,0.4935827688203024,0.0,1.0
31400.0,314.0,0.49446291969539,0.0396711601822541,0.49446291969539,0.0,1.0
31800.0,318.0,0.4852910258541424,0.0469889058035492,0.4852910258541424,0.0,1.0
31900.0,319.0,0.4897327049799398,0.0446277453009289,0.4897327049799398,0.0,1.0
32000.0,320.0,0.4889664556086369,0.0444720658956184,0.4889664556086369,0.0,1.0
32200.0,322.0,0.4859473236321556,0.0460536761368942,0.4859473236321556,0.0,1.0
32300.0,323.0,0.4856804915496499,0.0441926443863022,0.4856804915496499,0.0,1.0
32500.0,325.0,0.4846510956577809,0.0464458787239405,0.4846510956577809,0.0,1.0
32600.0,326.0,0.4870058854654214,0.0463779534389156,0.4870058854654214,0.0,1.0
32700.0,327.0,0.4870099160077276,0.0465622598783843,0.4870099160077276,0.0,1.0
32800.0,328.0,0.4879751334849939,0.0455542968310345,0.4879751334849939,0.0,1.0
33100.0,331.0,0.4780842715730952,0.0461098313091628,0.4780842715730952,0.0,1.0
33300.0,333.0,0.4767391787459826,0.0471653915394325,0.4767391787459826,0.0,1.0
33500.0,335.0,0.4802750415126451,0.0449921322438185,0.4802750415126451,0.0,1.0
33600.0,336.0,0.4799928686855836,0.0446167581703932,0.4799928686855836,0.0,1.0
33700.0,337.0,0.4840310711098086,0.0440644385877061,0.4840310711098086,0.0,1.0
33800.0,338.0,0.4902486375023099,0.0430999511568053,0.4902486375023099,0.0,1.0
33900.0,339.0,0.4898255230587804,0.0425358235740322,0.4898255230587804,0.0,1.0
34300.0,343.0,0.4809402599780616,0.0455324653767526,0.4809402599780616,0.0,1.0
34400.0,344.0,0.4807968829450347,0.0452240340360538,0.4807968829450347,0.0,1.0
34500.0,345.0,0.4850498493519269,0.0446379441147338,0.4850498493519269,0.0,1.0
34700.0,347.0,0.4879283550092283,0.0433503528728613,0.4879283550092283,0.0,1.0
35000.0,350.0,0.4834215484973565,0.0465184603239044,0.4834215484973565,0.0,1.0
35100.0,351.0,0.4931217199399894,0.0429574002003098,0.4931217199399894,0.0,1.0
35400.0,354.0,0.4855587802653699,0.0466189316890133,0.4855587802653699,0.0,1.0
35500.0,355.0,0.4858662155309056,0.0448166580384675,0.4858662155309056,0.0,1.0
35600.0,356.0,0.4872551818886356,0.0449781328378515,0.4872551818886356,0.0,1.0
35700.0,357.0,0.4920420333982452,0.0425327881957127,0.4920420333982452,0.0,1.0
36000.0,360.0,0.4898754689487077,0.0429410573491822,0.4898754689487077,0.0,1.0
36200.0,362.0,0.4914371366015739,0.0423735291549842,0.4914371366015739,0.0,1.0
36300.0,363.0,0.4947645342783036,0.0420370388925487,0.4947645342783036,0.0,1.0
36500.0,365.0,0.4969883976207097,0.039388248231148,0.4969883976207097,0.0,1.0
36700.0,367.0,0.4971953842077919,0.039005912289107,0.4971953842077919,0.0,1.0
36900.0,369.0,0.4887372750605247,0.0439524636325941,0.4887372750605247,0.0,1.0
37200.0,372.0,0.4875379912121927,0.0443582030073168,0.4875379912121927,0.0,1.0
37500.0,375.0,0.4886932302554707,0.0441078094953424,0.4886932302554707,0.0,1.0
37600.0,376.0,0.4901750532335473,0.0442147493009002,0.4901750532335473,0.0,1.0
37800.0,378.0,0.4909954886352295,0.0435854651725746,0.4909954886352295,0.0,1.0
38000.0,380.0,0.4898430923472418,0.0438756319720408,0.4898430923472418,0.0,1.0
38300.0,383.0,0.4892184615842912,0.0444683747372877,0.4892184615842912,0.0,1.0
38400.0,384.0,0.4913391169428076,0.0433158780574551,0.4913391169428076,0.0,1.0
38500.0,385.0,0.4927109432830744,0.0421454050349464,0.4927109432830744,0.0,1.0
38600.0,386.0,0.4927708131814256,0.0420265300942125,0.4927708131814256,0.0,1.0
38700.0,387.0,0.4931952443302068,0.0407174409997281,0.4931952443302068,0.0,1.0
39000.0,390.0,0.4902498784038402,0.0428469511230502,0.4902498784038402,0.0,1.0
39100.0,391.0,0.4924871477942861,0.0411467019623865,0.4924871477942861,0.0,1.0
39500.0,395.0,0.4903906428865032,0.0462563690381976,0.4903906428865032,0.0,1.0
39600.0,396.0,0.4875655851413967,0.0445450219603088,0.4875655851413967,0.0,1.0
39700.0,397.0,0.4873972780766611,0.0437599365523915,0.4873972780766611,0.0,1.0
39900.0,399.0,0.4898419683737821,0.0458354010833618,0.4898419683737821,0.0,1.0
40000.0,400.0,0.4930076757706927,0.044604129352879,0.4930076757706927,0.0,1.0
40100.0,401.0,0.4924692563055229,0.0441906308861904,0.4924692563055229,0.0,1.0
40200.0,402.0,0.4930923684229545,0.0432198504554222,0.4930923684229545,0.0,1.0
40600.0,406.0,0.4884640518282685,0.045902627452121,0.4884640518282685,0.0,1.0
41000.0,410.0,0.4828176116542099,0.049024909066413,0.4828176116542099,0.0,1.0
41100.0,411.0,0.4865724004013415,0.0464346135757094,0.4865724004013415,0.0,1.0
41300.0,413.0,0.4908280151123673,0.0448339098783457,0.4908280151123673,0.0,1.0
41600.0,416.0,0.4813118608322616,0.0485361764968841,0.4813118608322616,0.0,1.0
41700.0,417.0,0.4852361449724939,0.0459942345763608,0.4852361449724939,0.0,1.0
41900.0,419.0,0.4779041144329587,0.0506871215085994,0.4779041144329587,0.0,1.0
42000.0,420.0,0.4916253677681754,0.0451852157922254,0.4916253677681754,0.0,1.0
42200.0,422.0,0.4883577191233231,0.0474918661165915,0.4883577191233231,0.0,1.0
42500.0,425.0,0.4843672990469723,0.0480462274992052,0.4843672990469723,0.0,1.0
42600.0,426.0,0.4849340259208874,0.0472251095938185,0.4849340259208874,0.0,1.0
42700.0,427.0,0.4876348558611888,0.045461799608569,0.4876348558611888,0.0,1.0
42900.0,429.0,0.4884730442097699,0.0465279425550176,0.4884730442097699,0.0,1.0
43000.0,430.0,0.4913896933784515,0.0461438135186429,0.4913896933784515,0.0,1.0
43200.0,432.0,0.4845737189587869,0.0462952312847031,0.4845737189587869,0.0,1.0
43400.0,434.0,0.4910798188814015,0.0454683211537564,0.4910798188814015,0.0,1.0
43700.0,437.0,0.4901301621209282,0.0459145047805457,0.4901301621209282,0.0,1.0
44100.0,441.0,0.4898010458620811,0.0460658260639511,0.4898010458620811,0.0,1.0
44200.0,442.0,0.4907367482376596,0.0449603217198576,0.4907367482376596,0.0,1.0
44600.0,446.0,0.4863066989073766,0.0457972660530382,0.4863066989073766,0.0,1.0
44800.0,448.0,0.4897585548703473,0.0449260867802312,0.4897585548703473,0.0,1.0
45000.0,450.0,0.4898410588042,0.0434997376713016,0.4898410588042,0.0,1.0
45200.0,452.0,0.484599978383062,0.0484417809836511,0.484599978383062,0.0,1.0
45400.0,454.0,0.4896823751187154,0.0460614819519722,0.4896823751187154,0.0,1.0
45500.0,455.0,0.4902304415584581,0.0456329790526903,0.4902304415584581,0.0,1.0
45600.0,456.0,0.491111902097176,0.0448796824991166,0.491111902097176,0.0,1.0
45800.0,458.0,0.489050283690529,0.0471851269059369,0.489050283690529,0.0,1.0
45900.0,459.0,0.491014787175115,0.0459798853499435,0.491014787175115,0.0,1.0
46100.0,461.0,0.4846475753881154,0.046507207992409,0.4846475753881154,0.0,1.0
46300.0,463.0,0.4829757524024812,0.0489286762936526,0.4829757524024812,0.0,1.0
46400.0,464.0,0.4838800415804367,0.0451932992460695,0.4838800415804367,0.0,1.0
46700.0,467.0,0.4787719641946471,0.0478805922685165,0.4787719641946471,0.0,1.0
46900.0,469.0,0.4778275432065261,0.0480097551735628,0.4778275432065261,0.0,1.0
47000.0,470.0,0.4785904146987655,0.0466672150211351,0.4785904146987655,0.0,1.0
47100.0,471.0,0.481323699189752,0.0466395678627259,0.481323699189752,0.0,1.0
47200.0,472.0,0.4861392339975341,0.0444519481965645,0.4861392339975341,0.0,1.0
47300.0,473.0,0.4876335970016876,0.0432309728320948,0.4876335970016876,0.0,1.0
47400.0,474.0,0.4889152565762386,0.043637882687042,0.4889152565762386,0.0,1.0
47600.0,476.0,0.4910689853871052,0.0431114198904423,0.4910689853871052,0.0,1.0
47700.0,477.0,0.4903378939193388,0.0426782872488891,0.4903378939193388,0.0,1.0
47800.0,478.0,0.4904603770616805,0.0431369841498879,0.4904603770616805,0.0,1.0
47900.0,479.0,0.4888391702742032,0.0419547472278292,0.4888391702742032,0.0,1.0
48000.0,480.0,0.4910742716263633,0.0430120455018141,0.4910742716263633,0.0,1.0
48200.0,482.0,0.4856844576432068,0.0445721112849251,0.4856844576432068,0.0,1.0
48400.0,484.0,0.4814218788839873,0.0455036829236508,0.4814218788839873,0.0,1.0
48500.0,485.0,0.4840774195026719,0.0447757358869734,0.4840774195026719,0.0,1.0
48700.0,487.0,0.4912161852372324,0.041637128727665,0.4912161852372324,0.0,1.0
48900.0,489.0,0.4910229989853678,0.0399967522694325,0.4910229989853678,0.0,1.0
49000.0,490.0,0.4913708694362124,0.0402132422409469,0.4913708694362124,0.0,1.0
49200.0,492.0,0.4916153438316805,0.0421832786008321,0.4916153438316805,0.0,1.0
49500.0,495.0,0.4839847475467712,0.0454546678513554,0.4839847475467712,0.0,1.0
49600.0,496.0,0.4880898917441278,0.0437195361908815,0.4880898917441278,0.0,1.0
49700.0,497.0,0.4878325796789632,0.0425788104436315,0.4878325796789632,0.0,1.0
49800.0,498.0,0.4977573435223224,0.0426679104703432,0.4977573435223224,0.0,1.0
49900.0,499.0,0.4987530448583344,0.0422213569061152,0.4987530448583344,0.0,1.0
50100.0,501.0,0.4852892601989815,0.0448245074980024,0.4852892601989815,0.0,1.0
50200.0,502.0,0.4861235051625295,0.0433723039058888,0.4861235051625295,0.0,1.0
50300.0,503.0,0.4879380930396582,0.0427602220652083,0.4879380930396582,0.0,1.0
50500.0,505.0,0.4900063830123999,0.044441862138692,0.4900063830123999,0.0,1.0
50600.0,506.0,0.4854820946279677,0.0425369910913306,0.4854820946279677,0.0,1.0
50700.0,507.0,0.4898434218935786,0.0407514529954764,0.4898434218935786,0.0,1.0
50800.0,508.0,0.4908927629530485,0.0422700755673505,0.4908927629530485,0.0,1.0
51000.0,510.0,0.488368987963796,0.0457421501238165,0.488368987963796,0.0,1.0
51100.0,511.0,0.4904789025471139,0.0444753917051968,0.4904789025471139,0.0,1.0
51400.0,514.0,0.4861873155174639,0.0495179144292762,0.4861873155174639,0.0,1.0
51600.0,516.0,0.4830387899353187,0.049399272826675,0.4830387899353187,0.0,1.0
51700.0,517.0,0.4856136706047547,0.0477050475818713,0.4856136706047547,0.0,1.0
51800.0,518.0,0.4883657965832649,0.0481432697098335,0.4883657965832649,0.0,1.0
51900.0,519.0,0.4882165547250439,0.0481120685128876,0.4882165547250439,0.0,1.0
52000.0,520.0,0.4896757218535728,0.045814286763953,0.4896757218535728,0.0,1.0
52300.0,523.0,0.4869195063476725,0.0462853361772541,0.4869195063476725,0.0,1.0
52400.0,524.0,0.4915926803162018,0.0451246031394536,0.4915926803162018,0.0,1.0
52500.0,525.0,0.4918127136745633,0.0445151725123668,0.4918127136745633,0.0,1.0
52600.0,526.0,0.4951669825893871,0.0421670482518441,0.4951669825893871,0.0,1.0
52800.0,528.0,0.4958278532343876,0.0439758718365692,0.4958278532343876,0.0,1.0
52900.0,529.0,0.497492028476577,0.0424910540998507,0.497492028476577,0.0,1.0
53000.0,530.0,0.5013707795156911,0.0380158291152116,0.5013707795156911,0.0,1.0
53300.0,533.0,0.4955850740409893,0.0436924363182415,0.4955850740409893,0.0,1.0
53400.0,534.0,0.496545836650259,0.0435848224618805,0.496545836650259,0.0,1.0
53500.0,535.0,0.4970982305909863,0.0412409923113062,0.4970982305909863,0.0,1.0
53900.0,539.0,0.4939056689515509,0.0419782424435825,0.4939056689515509,0.0,1.0
54100.0,541.0,0.4949233076669975,0.0421857906869048,0.4949233076669975,0.0,1.0
54200.0,542.0,0.4951517682887477,0.0416284343376832,0.4951517682887477,0.0,1.0
54300.0,543.0,0.4965012316182907,0.0404403848574734,0.4965012316182907,0.0,1.0
54400.0,544.0,0.4971237805677936,0.040552693083575,0.4971237805677936,0.0,1.0
54700.0,547.0,0.4910405201158271,0.0441684327918328,0.4910405201158271,0.0,1.0
54800.0,548.0,0.4941582413219884,0.0434064746433126,0.4941582413219884,0.0,1.0
54900.0,549.0,0.4953940228921024,0.0421918597052083,0.4953940228921024,0.0,1.0
55000.0,550.0,0.4956096862745895,0.0417978605400396,0.4956096862745895,0.0,1.0
55400.0,554.0,0.49390085256299,0.043036669465591,0.49390085256299,0.0,1.0
55600.0,556.0,0.4930225422699013,0.0433633760158177,0.4930225422699013,0.0,1.0
55800.0,558.0,0.4919235894301242,0.0438892095482009,0.4919235894301242,0.0,1.0
55900.0,559.0,0.4943004497972898,0.0428978037673837,0.4943004497972898,0.0,1.0
56000.0,560.0,0.4959137248671859,0.042638358596565,0.4959137248671859,0.0,1.0
56200.0,562.0,0.4949113638394263,0.0419060842374016,0.4949113638394263,0.0,1.0
56700.0,567.0,0.4943351459378508,0.043764467172699,0.4943351459378508,0.0,1.0
56800.0,568.0,0.4914660392690451,0.0431617927884955,0.4914660392690451,0.0,1.0
56900.0,569.0,0.4862338363251741,0.0431616097070719,0.4862338363251741,0.0,1.0
57000.0,570.0,0.4932488648147167,0.0408255211723556,0.4932488648147167,0.0,1.0
57300.0,573.0,0.4952127321117596,0.0411816414603674,0.4952127321117596,0.0,1.0
57400.0,574.0,0.4973649471278766,0.0394722844581374,0.4973649471278766,0.0,1.0
57700.0,577.0,0.4897239994173756,0.0454251209102979,0.4897239994173756,0.0,1.0
57800.0,578.0,0.4909344500238705,0.0436854749322243,0.4909344500238705,0.0,1.0
57900.0,579.0,0.4927975686226777,0.0420175160754078,0.4927975686226777,0.0,1.0
58000.0,580.0,0.4969003268408323,0.0410134685304959,0.4969003268408323,0.0,1.0
58100.0,581.0,0.4996993619814484,0.0392231618002883,0.4996993619814484,0.0,1.0
58300.0,583.0,0.4976158220744904,0.0413026246628127,0.4976158220744904,0.0,1.0
58500.0,585.0,0.490064579991565,0.0430050457666561,0.490064579991565,0.0,1.0
58600.0,586.0,0.4927395523826479,0.0421804375306152,0.4927395523826479,0.0,1.0
58700.0,587.0,0.4952890244654885,0.0415810244295024,0.4952890244654885,0.0,1.0
58800.0,588.0,0.4944006518620134,0.0415156759241433,0.4944006518620134,0.0,1.0
58900.0,589.0,0.4949314140901038,0.0410903540934138,0.4949314140901038,0.0,1.0
59200.0,592.0,0.4894674415858585,0.0418531168321165,0.4894674415858585,0.0,1.0
59400.0,594.0,0.492313381888515,0.0405409339570138,0.492313381888515,0.0,1.0
59700.0,597.0,0.488213758241561,0.0424770686451426,0.488213758241561,0.0,1.0
59900.0,599.0,0.4913992076675058,0.0406466757662673,0.4913992076675058,0.0,1.0
60000.0,600.0,0.4959939104324777,0.0402198421055239,0.4959939104324777,0.0,1.0
60200.0,602.0,0.4952585347240739,0.0399568939428973,0.4952585347240739,0.0,1.0
60600.0,606.0,0.4882248051837624,0.0464938072053699,0.4882248051837624,0.0,1.0
60700.0,607.0,0.488396072783347,0.0472034693534543,0.488396072783347,0.0,1.0
60800.0,608.0,0.4882059921604466,0.0463394067520424,0.4882059921604466,0.0,1.0
60900.0,609.0,0.4885780539992987,0.0441451399669163,0.4885780539992987,0.0,1.0
61000.0,610.0,0.4914374312832156,0.0431973074991875,0.4914374312832156,0.0,1.0
61100.0,611.0,0.4901465938822976,0.0431507134850366,0.4901465938822976,0.0,1.0
61200.0,612.0,0.4925415257985999,0.042640760698106,0.4925415257985999,0.0,1.0
61300.0,613.0,0.4976143023884383,0.0395830352164512,0.4976143023884383,0.0,1.0
61800.0,618.0,0.4871562228419372,0.0464188975509898,0.4871562228419372,0.0,1.0
61900.0,619.0,0.4921031184316404,0.0432647542784722,0.4921031184316404,0.0,1.0
62100.0,621.0,0.4918199319748034,0.0437660764382494,0.4918199319748034,0.0,1.0
62300.0,623.0,0.4912360246504567,0.0427852930715889,0.4912360246504567,0.0,1.0
62400.0,624.0,0.4950451174387315,0.0408235847857995,0.4950451174387315,0.0,1.0
62800.0,628.0,0.4873748878358722,0.0459428543049639,0.4873748878358722,0.0,1.0
62900.0,629.0,0.4890915531296679,0.0460066281587152,0.4890915531296679,0.0,1.0
63100.0,631.0,0.4851374657284804,0.0450003175998658,0.4851374657284804,0.0,1.0
63300.0,633.0,0.4833730765515157,0.0447275820892213,0.4833730765515157,0.0,1.0
63600.0,636.0,0.4868839970766886,0.0455558570323093,0.4868839970766886,0.0,1.0
63700.0,637.0,0.48534931454867,0.0448534747224727,0.48534931454867,0.0,1.0
63900.0,639.0,0.4868608241125106,0.0445757337575752,0.4868608241125106,0.0,1.0
64100.0,641.0,0.4860822833089511,0.0439607402582796,0.4860822833089511,0.0,1.0
64300.0,643.0,0.4812499724242468,0.0476221682977155,0.4812499724242468,0.0,1.0
64500.0,645.0,0.4814999111699653,0.0474724121001908,0.4814999111699653,0.0,1.0
64600.0,646.0,0.4826859229110094,0.0469378283683325,0.4826859229110094,0.0,1.0
64700.0,647.0,0.4871952223119558,0.0438059625820856,0.4871952223119558,0.0,1.0
64900.0,649.0,0.4862650199584308,0.0452517343355124,0.4862650199584308,0.0,1.0
65000.0,650.0,0.4881444137557961,0.0453830671971693,0.4881444137557961,0.0,1.0
65200.0,652.0,0.4849622222432166,0.0464307657819566,0.4849622222432166,0.0,1.0
65300.0,653.0,0.4849635837185189,0.046344435688123,0.4849635837185189,0.0,1.0
65400.0,654.0,0.4861492601142474,0.0446649841878945,0.4861492601142474,0.0,1.0
65500.0,655.0,0.4884643952004386,0.0445442776576013,0.4884643952004386,0.0,1.0
65700.0,657.0,0.4880296567039801,0.0447262138958942,0.4880296567039801,0.0,1.0
65800.0,658.0,0.4903147134365226,0.0436707870974584,0.4903147134365226,0.0,1.0
65900.0,659.0,0.4858162939479115,0.0429073575133347,0.4858162939479115,0.0,1.0
66000.0,660.0,0.4923405002084071,0.0409791695405685,0.4923405002084071,0.0,1.0
66300.0,663.0,0.4882444791819247,0.0421259828632094,0.4882444791819247,0.0,1.0
66400.0,664.0,0.4889464313881397,0.0427653944162902,0.4889464313881397,0.0,1.0
66500.0,665.0,0.4892374698054705,0.0423201784608952,0.4892374698054705,0.0,1.0
66700.0,667.0,0.4882742802406584,0.0417151932718914,0.4882742802406584,0.0,1.0
66900.0,669.0,0.4879905579933903,0.0435052890642426,0.4879905579933903,0.0,1.0
67000.0,670.0,0.487993234504313,0.0430562774607446,0.487993234504313,0.0,1.0
67100.0,671.0,0.489471652324606,0.0434035002054706,0.489471652324606,0.0,1.0
67200.0,672.0,0.49186218440677,0.0429979887718372,0.49186218440677,0.0,1.0
67300.0,673.0,0.4922928146293935,0.0415592783626723,0.4922928146293935,0.0,1.0
67400.0,674.0,0.4925231408233071,0.0417186043965094,0.4925231408233071,0.0,1.0
67600.0,676.0,0.4903473931830823,0.0429010616166432,0.4903473931830823,0.0,1.0
67800.0,678.0,0.4878301760523014,0.0454400564871844,0.4878301760523014,0.0,1.0
68000.0,680.0,0.486686304895113,0.0453958466444271,0.486686304895113,0.0,1.0
68200.0,682.0,0.4802452832235136,0.0469206604150822,0.4802452832235136,0.0,1.0
68500.0,685.0,0.4829174512204497,0.0449256406885254,0.4829174512204497,0.0,1.0
68600.0,686.0,0.484066974347018,0.0445815780420406,0.484066974347018,0.0,1.0
68900.0,689.0,0.4806512332625322,0.0461532370862217,0.4806512332625322,0.0,1.0
69100.0,691.0,0.4831148915147411,0.0453083434193457,0.4831148915147411,0.0,1.0
69300.0,693.0,0.4750441729665188,0.0479383816136418,0.4750441729665188,0.0,1.0
69500.0,695.0,0.4764050675844111,0.049646149646096,0.4764050675844111,0.0,1.0
69600.0,696.0,0.4751708972458242,0.0489882039016934,0.4751708972458242,0.0,1.0
69700.0,697.0,0.4782514010853739,0.0465274671863478,0.4782514010853739,0.0,1.0
69800.0,698.0,0.4781219681700545,0.0462802019035103,0.4781219681700545,0.0,1.0
69900.0,699.0,0.4805098611411681,0.0457467406003382,0.4805098611411681,0.0,1.0
70000.0,700.0,0.4816820688998794,0.0456966578573181,0.4816820688998794,0.0,1.0
100.0,1.0,0.1528427299262752,0.3644894426640498,0.1528427299262752,0.0,2.0
200.0,2.0,0.177021098194287,0.330450466037021,0.177021098194287,0.0,2.0
300.0,3.0,0.2305460770184645,0.2504263265088396,0.2305460770184645,0.0,2.0
400.0,4.0,0.2494939145775808,0.2203084642317256,0.2494939145775808,0.0,2.0
500.0,5.0,0.3219233016625116,0.1859987599815401,0.3219233016625116,0.0,2.0
600.0,6.0,0.3376613153541799,0.1767164767033225,0.3376613153541799,0.0,2.0
700.0,7.0,0.3503764835196031,0.1655639159561955,0.3503764835196031,0.0,2.0
800.0,8.0,0.3599858029196379,0.1456037238004235,0.3599858029196379,0.0,2.0
900.0,9.0,0.3672598941325827,0.1400991141631591,0.3672598941325827,0.0,2.0
1000.0,10.0,0.377701465042261,0.1264784951010804,0.377701465042261,0.0,2.0
1100.0,11.0,0.3886411129738995,0.1142705602921446,0.3886411129738995,0.0,2.0
1200.0,12.0,0.3997123874470065,0.1085468350127288,0.3997123874470065,0.0,2.0
1300.0,13.0,0.4055630440429652,0.1066087662154189,0.4055630440429652,0.0,2.0
1400.0,14.0,0.4124725958171318,0.1020783282954645,0.4124725958171318,0.0,2.0
1500.0,15.0,0.4177047844653324,0.0935642362244591,0.4177047844653324,0.0,2.0
1600.0,16.0,0.4246141984584468,0.0879690014001117,0.4246141984584468,0.0,2.0
1700.0,17.0,0.4342858553685471,0.0799426266911325,0.4342858553685471,0.0,2.0
1800.0,18.0,0.4379956772072029,0.0768346236272542,0.4379956772072029,0.0,2.0
1900.0,19.0,0.4368485495273056,0.0766184788391289,0.4368485495273056,0.0,2.0
2000.0,20.0,0.4341820270357622,0.0760263901197237,0.4341820270357622,0.0,2.0
2100.0,21.0,0.4353166737336411,0.0751983048382466,0.4353166737336411,0.0,2.0
2300.0,23.0,0.4413466406602873,0.0726203013533025,0.4413466406602873,0.0,2.0
2400.0,24.0,0.4479300179415281,0.0656980213803287,0.4479300179415281,0.0,2.0
2500.0,25.0,0.4497545024054172,0.0657761726803714,0.4497545024054172,0.0,2.0
2600.0,26.0,0.453889688631075,0.0636547003605285,0.453889688631075,0.0,2.0
2700.0,27.0,0.4584103032886595,0.0614494753921307,0.4584103032886595,0.0,2.0
2800.0,28.0,0.4607519932100123,0.0601143777915338,0.4607519932100123,0.0,2.0
2900.0,29.0,0.46358483329869,0.0578586028603737,0.46358483329869,0.0,2.0
3000.0,30.0,0.46427556926221,0.0563856150111223,0.46427556926221,0.0,2.0
3200.0,32.0,0.4678254088829088,0.056093875653496,0.4678254088829088,0.0,2.0
3300.0,33.0,0.4683326151965894,0.0545844220987402,0.4683326151965894,0.0,2.0
3500.0,35.0,0.471032469823311,0.0530647389713387,0.471032469823311,0.0,2.0
3700.0,37.0,0.4727955400164672,0.0536181767195921,0.4727955400164672,0.0,2.0
3800.0,38.0,0.4726166870393875,0.050457502077611,0.4726166870393875,0.0,2.0
3900.0,39.0,0.4706567778660058,0.0501608152581183,0.4706567778660058,0.0,2.0
4000.0,40.0,0.4741647410869203,0.0492361298815553,0.4741647410869203,0.0,2.0
4100.0,41.0,0.4749314775727994,0.0492509109934316,0.4749314775727994,0.0,2.0
4200.0,42.0,0.4784885665979399,0.0486056707881681,0.4784885665979399,0.0,2.0
4400.0,44.0,0.4767292714440952,0.0493013491125931,0.4767292714440952,0.0,2.0
4600.0,46.0,0.476170665704803,0.048987353475014,0.476170665704803,0.0,2.0
5000.0,50.0,0.4643737000078931,0.0535431203096508,0.4643737000078931,0.0,2.0
5100.0,51.0,0.4658258525695378,0.0528362587666546,0.4658258525695378,0.0,2.0
5300.0,53.0,0.4742175778069288,0.048656395297101,0.4742175778069288,0.0,2.0
5400.0,54.0,0.4800171284839935,0.0471523415120928,0.4800171284839935,0.0,2.0
5700.0,57.0,0.4785789592315375,0.0482883589187623,0.4785789592315375,0.0,2.0
5900.0,59.0,0.4820212229409065,0.0463016671426464,0.4820212229409065,0.0,2.0
6100.0,61.0,0.4812723149818442,0.0465247608045892,0.4812723149818442,0.0,2.0
6200.0,62.0,0.4808769277817759,0.0457475324502147,0.4808769277817759,0.0,2.0
6300.0,63.0,0.4827838846303049,0.0444357380893034,0.4827838846303049,0.0,2.0
6600.0,66.0,0.4800330529172958,0.0445983937228054,0.4800330529172958,0.0,2.0
6800.0,68.0,0.4842354497376259,0.043177643287405,0.4842354497376259,0.0,2.0
7000.0,70.0,0.4829185168149641,0.0443704280526674,0.4829185168149641,0.0,2.0
7100.0,71.0,0.483557243734293,0.0428237028243912,0.483557243734293,0.0,2.0
7200.0,72.0,0.4854387365765789,0.0431039993066093,0.4854387365765789,0.0,2.0
7300.0,73.0,0.4897822309664837,0.0421324834764911,0.4897822309664837,0.0,2.0
7400.0,74.0,0.491037274183161,0.0424081851291795,0.491037274183161,0.0,2.0
7600.0,76.0,0.4923958496380716,0.0442550004724499,0.4923958496380716,0.0,2.0
7700.0,77.0,0.4923258167464478,0.0430913657312041,0.4923258167464478,0.0,2.0
7800.0,78.0,0.4938284284061999,0.0409968498100232,0.4938284284061999,0.0,2.0
8000.0,80.0,0.4958548863705784,0.0402927498474084,0.4958548863705784,0.0,2.0
8100.0,81.0,0.4953475727531895,0.0390326167914149,0.4953475727531895,0.0,2.0
8200.0,82.0,0.4943052997097215,0.0381575776281508,0.4943052997097215,0.0,2.0
8500.0,85.0,0.4904591694599819,0.0396577531901818,0.4904591694599819,0.0,2.0
8600.0,86.0,0.49107862523092,0.0397552435334839,0.49107862523092,0.0,2.0
8700.0,87.0,0.4918469579710511,0.0385483455732388,0.4918469579710511,0.0,2.0
9000.0,90.0,0.4881314860497288,0.0400368411854443,0.4881314860497288,0.0,2.0
9200.0,92.0,0.4900848177796237,0.0423471007803001,0.4900848177796237,0.0,2.0
9400.0,94.0,0.486171867006389,0.0423896145818885,0.486171867006389,0.0,2.0
9700.0,97.0,0.4830411496033963,0.0453682486000139,0.4830411496033963,0.0,2.0
9800.0,98.0,0.488997842276148,0.0443209820002492,0.488997842276148,0.0,2.0
9900.0,99.0,0.4909218970406817,0.0417758563473111,0.4909218970406817,0.0,2.0
10000.0,100.0,0.4910461887345623,0.0412329352096021,0.4910461887345623,0.0,2.0
10200.0,102.0,0.4919385956654758,0.0431557121779034,0.4919385956654758,0.0,2.0
10300.0,103.0,0.4951219724816141,0.0416803657227541,0.4951219724816141,0.0,2.0
10400.0,104.0,0.4975105141518811,0.0402305262725945,0.4975105141518811,0.0,2.0
10600.0,106.0,0.4952358243110042,0.0410225115357086,0.4952358243110042,0.0,2.0
10700.0,107.0,0.4969398936749505,0.0413005718971712,0.4969398936749505,0.0,2.0
10800.0,108.0,0.4994578758174342,0.0415327104600351,0.4994578758174342,0.0,2.0
11000.0,110.0,0.4985369656961929,0.0409302549793677,0.4985369656961929,0.0,2.0
11200.0,112.0,0.4985058066841568,0.040027546228446,0.4985058066841568,0.0,2.0
11300.0,113.0,0.4980809677751124,0.0397925087818141,0.4980809677751124,0.0,2.0
11500.0,115.0,0.4991089907869463,0.0382358358933182,0.4991089907869463,0.0,2.0
12100.0,121.0,0.4957286286294305,0.0387352383910714,0.4957286286294305,0.0,2.0
12200.0,122.0,0.4974309705157134,0.0382258139693549,0.4974309705157134,0.0,2.0
12300.0,123.0,0.4983796882847159,0.0369750768639569,0.4983796882847159,0.0,2.0
12500.0,125.0,0.4970583959746702,0.0396300181060091,0.4970583959746702,0.0,2.0
12600.0,126.0,0.5005352827569973,0.0382089552863433,0.5005352827569973,0.0,2.0
12900.0,129.0,0.497307436475608,0.0401707576159338,0.497307436475608,0.0,2.0
13100.0,131.0,0.493425618169887,0.0398354177667006,0.493425618169887,0.0,2.0
13200.0,132.0,0.4972936229279748,0.0393283526122566,0.4972936229279748,0.0,2.0
13400.0,134.0,0.496273493036709,0.0384684925438734,0.496273493036709,0.0,2.0
13500.0,135.0,0.4990190401442756,0.0377013534188791,0.4990190401442756,0.0,2.0
13700.0,137.0,0.4948095897113297,0.0390401484028679,0.4948095897113297,0.0,2.0
14000.0,140.0,0.4944131923419226,0.0412015484816119,0.4944131923419226,0.0,2.0
14100.0,141.0,0.4935309607425154,0.0409732016991384,0.4935309607425154,0.0,2.0
14400.0,144.0,0.4899392296685249,0.0424691770345836,0.4899392296685249,0.0,2.0
14500.0,145.0,0.4899678158878316,0.0421626752961698,0.4899678158878316,0.0,2.0
14600.0,146.0,0.4939193717213829,0.0394612429121532,0.4939193717213829,0.0,2.0
14700.0,147.0,0.4943856268636307,0.0395428318839932,0.4943856268636307,0.0,2.0
14800.0,148.0,0.4944516569982838,0.0394449761328831,0.4944516569982838,0.0,2.0
15000.0,150.0,0.4915546002234122,0.0407868312687999,0.4915546002234122,0.0,2.0
15100.0,151.0,0.4917634731329039,0.0399735188672228,0.4917634731329039,0.0,2.0
15500.0,155.0,0.4904048951702104,0.0423582075202079,0.4904048951702104,0.0,2.0
15600.0,156.0,0.494561522670055,0.0415253914102141,0.494561522670055,0.0,2.0
15700.0,157.0,0.4981600074670158,0.0394280043300563,0.4981600074670158,0.0,2.0
15800.0,158.0,0.4972693407113938,0.0392848092385363,0.4972693407113938,0.0,2.0
15900.0,159.0,0.5004845867396261,0.036852811579582,0.5004845867396261,0.0,2.0
16300.0,163.0,0.4955499320560156,0.0393326912051397,0.4955499320560156,0.0,2.0
16400.0,164.0,0.4974791060901821,0.0386127961859678,0.4974791060901821,0.0,2.0
16600.0,166.0,0.4971346892418836,0.0399716285009906,0.4971346892418836,0.0,2.0
16800.0,168.0,0.497104082662634,0.0400664171527846,0.497104082662634,0.0,2.0
16900.0,169.0,0.4983225254612295,0.0388837664290785,0.4983225254612295,0.0,2.0
17000.0,170.0,0.5014150118480996,0.0375203780305063,0.5014150118480996,0.0,2.0
17200.0,172.0,0.4988835065947823,0.0387863356164816,0.4988835065947823,0.0,2.0
17300.0,173.0,0.4999270137072172,0.0384932859742669,0.4999270137072172,0.0,2.0
17700.0,177.0,0.4951337556840416,0.0403893490677812,0.4951337556840416,0.0,2.0
18000.0,180.0,0.4856288240218632,0.0445262939656142,0.4856288240218632,0.0,2.0
18100.0,181.0,0.4886476328998775,0.0431742871738418,0.4886476328998775,0.0,2.0
18200.0,182.0,0.4907239223864952,0.041546732365533,0.4907239223864952,0.0,2.0
18500.0,185.0,0.4904284577096894,0.0422080530708454,0.4904284577096894,0.0,2.0
18600.0,186.0,0.492089952981069,0.0412635639202761,0.492089952981069,0.0,2.0
18700.0,187.0,0.4961982627596912,0.0392983323385971,0.4961982627596912,0.0,2.0
19200.0,192.0,0.4930397075680878,0.0408204976475862,0.4930397075680878,0.0,2.0
19400.0,194.0,0.4929171654376972,0.0405983846101256,0.4929171654376972,0.0,2.0
19500.0,195.0,0.4948248258946445,0.0404610521167411,0.4948248258946445,0.0,2.0
19700.0,197.0,0.4953358268934046,0.0406340721975586,0.4953358268934046,0.0,2.0
19800.0,198.0,0.4951270945812909,0.0392870657952503,0.4951270945812909,0.0,2.0
19900.0,199.0,0.4952968771843992,0.0385964224958984,0.4952968771843992,0.0,2.0
20000.0,200.0,0.4954289857295819,0.0386752230798188,0.4954289857295819,0.0,2.0
20300.0,203.0,0.4939521723580501,0.0397124275368038,0.4939521723580501,0.0,2.0
20400.0,204.0,0.4973787065510947,0.040374133442216,0.4973787065510947,0.0,2.0
20700.0,207.0,0.4954343308727345,0.0402293503026142,0.4954343308727345,0.0,2.0
20900.0,209.0,0.4983746961101926,0.0412066644167643,0.4983746961101926,0.0,2.0
21100.0,211.0,0.4943383480890622,0.0421826465425074,0.4943383480890622,0.0,2.0
21200.0,212.0,0.4947907640028845,0.0417980765927587,0.4947907640028845,0.0,2.0
21300.0,213.0,0.4983421283556027,0.0402530089561026,0.4983421283556027,0.0,2.0
21500.0,215.0,0.4979141405367285,0.0408415701614548,0.4979141405367285,0.0,2.0
21600.0,216.0,0.4988813417346845,0.0387245899531258,0.4988813417346845,0.0,2.0
21700.0,217.0,0.4990804165506494,0.0397596009718226,0.4990804165506494,0.0,2.0
21900.0,219.0,0.4997048730003006,0.0398543732690823,0.4997048730003006,0.0,2.0
22300.0,223.0,0.4918699165472587,0.0446673701357556,0.4918699165472587,0.0,2.0
22400.0,224.0,0.4919026306222122,0.0452010933028903,0.4919026306222122,0.0,2.0
22500.0,225.0,0.4938704754143646,0.0426251637929385,0.4938704754143646,0.0,2.0
22600.0,226.0,0.4944443094215064,0.0429132170756174,0.4944443094215064,0.0,2.0
22800.0,228.0,0.4921651281009001,0.0450964815275301,0.4921651281009001,0.0,2.0
23000.0,230.0,0.4887000394069019,0.0456665491433253,0.4887000394069019,0.0,2.0
23100.0,231.0,0.4912008021382336,0.0437865133615896,0.4912008021382336,0.0,2.0
23200.0,232.0,0.4924877319566807,0.0421379641239153,0.4924877319566807,0.0,2.0
23500.0,235.0,0.4905296172279411,0.0431171430762621,0.4905296172279411,0.0,2.0
23700.0,237.0,0.4909308736876694,0.042814673494563,0.4909308736876694,0.0,2.0
23900.0,239.0,0.4914976758179334,0.0408170922778146,0.4914976758179334,0.0,2.0
24000.0,240.0,0.4918988393117814,0.0399367846522977,0.4918988393117814,0.0,2.0
24200.0,242.0,0.4921723077257607,0.0406358099582177,0.4921723077257607,0.0,2.0
24600.0,246.0,0.4878982779525271,0.0467553357038011,0.4878982779525271,0.0,2.0
24700.0,247.0,0.4892387868189133,0.0461113927225191,0.4892387868189133,0.0,2.0
24800.0,248.0,0.4919149101775235,0.0444250484534746,0.4919149101775235,0.0,2.0
24900.0,249.0,0.4946056175140806,0.0421482356353698,0.4946056175140806,0.0,2.0
25000.0,250.0,0.4961959751115658,0.041039732818929,0.4961959751115658,0.0,2.0
25100.0,251.0,0.4979151117377696,0.0396670056712023,0.4979151117377696,0.0,2.0
25500.0,255.0,0.4948339703080568,0.0405619093456031,0.4948339703080568,0.0,2.0
25600.0,256.0,0.4949767098796101,0.0413377233641745,0.4949767098796101,0.0,2.0
25800.0,258.0,0.4939851879687071,0.0422271969310201,0.4939851879687071,0.0,2.0
26000.0,260.0,0.4928178527981964,0.0403525553365612,0.4928178527981964,0.0,2.0
26200.0,262.0,0.4940568005575025,0.0406975408399717,0.4940568005575025,0.0,2.0
26300.0,263.0,0.4956420603267286,0.0409661136046979,0.4956420603267286,0.0,2.0
26400.0,264.0,0.4961472599993239,0.040116383639236,0.4961472599993239,0.0,2.0
26600.0,266.0,0.4921083565978942,0.0441437895305969,0.4921083565978942,0.0,2.0
26800.0,268.0,0.4917359160964106,0.0439181187633786,0.4917359160964106,0.0,2.0
27000.0,270.0,0.4917880107504839,0.0429362505142889,0.4917880107504839,0.0,2.0
27200.0,272.0,0.4916578281430162,0.0408226004509158,0.4916578281430162,0.0,2.0
27300.0,273.0,0.4945125626702885,0.0398958291191099,0.4945125626702885,0.0,2.0
27400.0,274.0,0.4957633618429818,0.0407269424557092,0.4957633618429818,0.0,2.0
27500.0,275.0,0.4949777988171148,0.0405070057399848,0.4949777988171148,0.0,2.0
27600.0,276.0,0.495693595884434,0.0398442449423652,0.495693595884434,0.0,2.0
27900.0,279.0,0.4942027543873608,0.0411943063270507,0.4942027543873608,0.0,2.0
28000.0,280.0,0.4964875062714375,0.0406555701197013,0.4964875062714375,0.0,2.0
28100.0,281.0,0.4966256800463441,0.0395021820650553,0.4966256800463441,0.0,2.0
28200.0,282.0,0.4993976462802411,0.0371825405608474,0.4993976462802411,0.0,2.0
28500.0,285.0,0.4954858476400081,0.0399358063857394,0.4954858476400081,0.0,2.0
28800.0,288.0,0.4918518139046302,0.0419526623047293,0.4918518139046302,0.0,2.0
28900.0,289.0,0.4937424477525894,0.0404682132296364,0.4937424477525894,0.0,2.0
29000.0,290.0,0.4962136730695821,0.0395331150935611,0.4962136730695821,0.0,2.0
29100.0,291.0,0.4983136122475413,0.0383375059478849,0.4983136122475413,0.0,2.0
29300.0,293.0,0.4965447742729739,0.0372366951364096,0.4965447742729739,0.0,2.0
29500.0,295.0,0.4919709088582162,0.0387779831668785,0.4919709088582162,0.0,2.0
29600.0,296.0,0.4944249661489171,0.0397477660145632,0.4944249661489171,0.0,2.0
29700.0,297.0,0.4956329831778019,0.0395769299040714,0.4956329831778019,0.0,2.0
29900.0,299.0,0.4952239403416051,0.0395893158345541,0.4952239403416051,0.0,2.0
30000.0,300.0,0.493305106936222,0.0394072267082778,0.493305106936222,0.0,2.0
30100.0,301.0,0.4956077636029534,0.0385229275229395,0.4956077636029534,0.0,2.0
30200.0,302.0,0.4995241378069705,0.037878923699477,0.4995241378069705,0.0,2.0
30300.0,303.0,0.4961017010469672,0.0375630596683244,0.4961017010469672,0.0,2.0
30400.0,304.0,0.4988673096780314,0.03776423714521,0.4988673096780314,0.0,2.0
30600.0,306.0,0.4945865273440212,0.0388750675850147,0.4945865273440212,0.0,2.0
30700.0,307.0,0.49562104762083,0.0394681891143218,0.49562104762083,0.0,2.0
30800.0,308.0,0.497389790618621,0.0398884077677998,0.497389790618621,0.0,2.0
31000.0,310.0,0.4915531454909514,0.0420319179477729,0.4915531454909514,0.0,2.0
31300.0,313.0,0.4861031589963877,0.0437235078037536,0.4861031589963877,0.0,2.0
31400.0,314.0,0.4905166303730847,0.0416652392943363,0.4905166303730847,0.0,2.0
31700.0,317.0,0.4900644373148226,0.0431749157912894,0.4900644373148226,0.0,2.0
31800.0,318.0,0.4916292464500688,0.0425334234446527,0.4916292464500688,0.0,2.0
31900.0,319.0,0.4921256640865096,0.0415530776639267,0.4921256640865096,0.0,2.0
32400.0,324.0,0.4915780927713462,0.042766514242532,0.4915780927713462,0.0,2.0
32500.0,325.0,0.4918510228389527,0.0418073884515631,0.4918510228389527,0.0,2.0
32700.0,327.0,0.4911290633826489,0.0419385317693546,0.4911290633826489,0.0,2.0
32900.0,329.0,0.4937729344108101,0.0410340208433176,0.4937729344108101,0.0,2.0
33200.0,332.0,0.486823995951079,0.0430238639699067,0.486823995951079,0.0,2.0
33600.0,336.0,0.4808151529452221,0.0470849637858571,0.4808151529452221,0.0,2.0
33800.0,338.0,0.4834973782595235,0.0458321909359304,0.4834973782595235,0.0,2.0
34000.0,340.0,0.4864731515907168,0.0440441886531908,0.4864731515907168,0.0,2.0
34300.0,343.0,0.4819120576518807,0.0473373657716647,0.4819120576518807,0.0,2.0
34400.0,344.0,0.4885329884291675,0.043619766330045,0.4885329884291675,0.0,2.0
34700.0,347.0,0.486966058296219,0.0451332968633809,0.486966058296219,0.0,2.0
35000.0,350.0,0.4890317872474293,0.044292031148503,0.4890317872474293,0.0,2.0
35200.0,352.0,0.4903462270009851,0.043796560629345,0.4903462270009851,0.0,2.0
35400.0,354.0,0.4924164171947222,0.0433607340292357,0.4924164171947222,0.0,2.0
35700.0,357.0,0.4868078618530443,0.0467709661266271,0.4868078618530443,0.0,2.0
35800.0,358.0,0.4880016839014148,0.0458192148195749,0.4880016839014148,0.0,2.0
35900.0,359.0,0.4866206249352384,0.0457536794428628,0.4866206249352384,0.0,2.0
36100.0,361.0,0.4878447398355799,0.0451116435906995,0.4878447398355799,0.0,2.0
36300.0,363.0,0.4881415699347483,0.04461447288182,0.4881415699347483,0.0,2.0
36500.0,365.0,0.4893227207112207,0.0443157315102925,0.4893227207112207,0.0,2.0
36600.0,366.0,0.4942437336926015,0.04154632641561,0.4942437336926015,0.0,2.0
36800.0,368.0,0.4910827705752485,0.0422885025144506,0.4910827705752485,0.0,2.0
37000.0,370.0,0.4921145962674948,0.0418732501852668,0.4921145962674948,0.0,2.0
37100.0,371.0,0.4942716407631226,0.04069075815687,0.4942716407631226,0.0,2.0
37200.0,372.0,0.4942810232165421,0.0416814734384972,0.4942810232165421,0.0,2.0
37300.0,373.0,0.4971268307519035,0.039864980559953,0.4971268307519035,0.0,2.0
37600.0,376.0,0.4960132660776168,0.0397381355511364,0.4960132660776168,0.0,2.0
38000.0,380.0,0.4893022779628348,0.0443896300594764,0.4893022779628348,0.0,2.0
38200.0,382.0,0.4901966270407946,0.0455350000121158,0.4901966270407946,0.0,2.0
38300.0,383.0,0.4922241041155363,0.0436551840688627,0.4922241041155363,0.0,2.0
38500.0,385.0,0.4871946082038667,0.0443513083377633,0.4871946082038667,0.0,2.0
38600.0,386.0,0.4877017664554984,0.042863379138208,0.4877017664554984,0.0,2.0
38700.0,387.0,0.4896175954598893,0.0444928578264742,0.4896175954598893,0.0,2.0
38800.0,388.0,0.4906437457509601,0.0436020564546648,0.4906437457509601,0.0,2.0
38900.0,389.0,0.4897125220419397,0.0433076138869418,0.4897125220419397,0.0,2.0
39100.0,391.0,0.4895954843392418,0.0436801757432093,0.4895954843392418,0.0,2.0
39200.0,392.0,0.4894870138306568,0.0435946468142312,0.4894870138306568,0.0,2.0
39300.0,393.0,0.492995618168853,0.044237720019339,0.492995618168853,0.0,2.0
39500.0,395.0,0.4870363331788495,0.0444816371270294,0.4870363331788495,0.0,2.0
39600.0,396.0,0.4921756903050917,0.0412917550085408,0.4921756903050917,0.0,2.0
39800.0,398.0,0.4946115115240992,0.0413072775489802,0.4946115115240992,0.0,2.0
40000.0,400.0,0.4911660666175948,0.0434579886338793,0.4911660666175948,0.0,2.0
40100.0,401.0,0.492889667153378,0.0408156549529454,0.492889667153378,0.0,2.0
40300.0,403.0,0.4920139567258051,0.0401101984782091,0.4920139567258051,0.0,2.0
40400.0,404.0,0.4921036985057522,0.0412545154161796,0.4921036985057522,0.0,2.0
40500.0,405.0,0.4937177384400819,0.0415339052559512,0.4937177384400819,0.0,2.0
40700.0,407.0,0.4938380836679135,0.0398389185153217,0.4938380836679135,0.0,2.0
40900.0,409.0,0.4923055431773904,0.0416119375145514,0.4923055431773904,0.0,2.0
41100.0,411.0,0.4905901325198993,0.0405031153734935,0.4905901325198993,0.0,2.0
41200.0,412.0,0.4930864932110585,0.0399618744670357,0.4930864932110585,0.0,2.0
41300.0,413.0,0.4928573646825597,0.0394419959435613,0.4928573646825597,0.0,2.0
41400.0,414.0,0.4929446975537283,0.0404424589605389,0.4929446975537283,0.0,2.0
41600.0,416.0,0.4904411303150471,0.0437117882314431,0.4904411303150471,0.0,2.0
41700.0,417.0,0.493835593770988,0.0420005157758488,0.493835593770988,0.0,2.0
41800.0,418.0,0.4935521311341035,0.0416372719669701,0.4935521311341035,0.0,2.0
42000.0,420.0,0.4924792298038191,0.0414341395302756,0.4924792298038191,0.0,2.0
42100.0,421.0,0.4947847078640297,0.0409533029454382,0.4947847078640297,0.0,2.0
42300.0,423.0,0.4946764750089498,0.0420411418589011,0.4946764750089498,0.0,2.0
42400.0,424.0,0.4939445130700925,0.0407133765074652,0.4939445130700925,0.0,2.0
42500.0,425.0,0.4996835878530905,0.0394448967121108,0.4996835878530905,0.0,2.0
42900.0,429.0,0.4935629924698299,0.0428579830988554,0.4935629924698299,0.0,2.0
43200.0,432.0,0.4935764886244812,0.0431135269572134,0.4935764886244812,0.0,2.0
43300.0,433.0,0.4939605403039206,0.0420482034004403,0.4939605403039206,0.0,2.0
43600.0,436.0,0.4886782418502991,0.0442116302407662,0.4886782418502991,0.0,2.0
43700.0,437.0,0.4911424100617464,0.0431642148438155,0.4911424100617464,0.0,2.0
43900.0,439.0,0.4906215092449513,0.0429152454288359,0.4906215092449513,0.0,2.0
44000.0,440.0,0.4946209297265783,0.0401188146932884,0.4946209297265783,0.0,2.0
44300.0,443.0,0.4937161860173307,0.0413610638903722,0.4937161860173307,0.0,2.0
44600.0,446.0,0.4967683014153761,0.0422667194225231,0.4967683014153761,0.0,2.0
44800.0,448.0,0.4942249921296043,0.0421592624354466,0.4942249921296043,0.0,2.0
45000.0,450.0,0.489044030572415,0.0440740907498812,0.489044030572415,0.0,2.0
45100.0,451.0,0.4898539981481349,0.0432947735940336,0.4898539981481349,0.0,2.0
45400.0,454.0,0.4890738160312612,0.045816801239702,0.4890738160312612,0.0,2.0
45600.0,456.0,0.4829685384304058,0.0451114516011705,0.4829685384304058,0.0,2.0
45700.0,457.0,0.4839446977765869,0.0456132692193372,0.4839446977765869,0.0,2.0
45800.0,458.0,0.4846797116441458,0.0456115090048353,0.4846797116441458,0.0,2.0
45900.0,459.0,0.4867988354761343,0.0446004277528538,0.4867988354761343,0.0,2.0
46000.0,460.0,0.4895403945031196,0.0428568276847209,0.4895403945031196,0.0,2.0
46100.0,461.0,0.4905206244757466,0.0434715058521803,0.4905206244757466,0.0,2.0
46200.0,462.0,0.491582961742013,0.0427154134088845,0.491582961742013,0.0,2.0
46300.0,463.0,0.493650094822391,0.0418734920237981,0.493650094822391,0.0,2.0
46400.0,464.0,0.497106920498341,0.0398362889272644,0.497106920498341,0.0,2.0
46600.0,466.0,0.4976503119271356,0.0402506089395387,0.4976503119271356,0.0,2.0
46800.0,468.0,0.4986461585703291,0.0382166848905088,0.4986461585703291,0.0,2.0
46900.0,469.0,0.4999335336384181,0.037323558419574,0.4999335336384181,0.0,2.0
47000.0,470.0,0.5011793812822855,0.0372101988360659,0.5011793812822855,0.0,2.0
47200.0,472.0,0.4979193566584045,0.0384100271101866,0.4979193566584045,0.0,2.0
47300.0,473.0,0.5002685984999471,0.0376946218394651,0.5002685984999471,0.0,2.0
47600.0,476.0,0.4952927984831754,0.0388698978469365,0.4952927984831754,0.0,2.0
47700.0,477.0,0.4955758044515673,0.0388911697025014,0.4955758044515673,0.0,2.0
48000.0,480.0,0.4893941876813295,0.0414636568234165,0.4893941876813295,0.0,2.0
48100.0,481.0,0.4933375699153361,0.0396221230240525,0.4933375699153361,0.0,2.0
48600.0,486.0,0.4935773019733755,0.042587875194709,0.4935773019733755,0.0,2.0
48700.0,487.0,0.4955494788851117,0.0414982466277165,0.4955494788851117,0.0,2.0
48800.0,488.0,0.4963811631928682,0.0413602881000805,0.4963811631928682,0.0,2.0
48900.0,489.0,0.4969504642067453,0.0402266580669572,0.4969504642067453,0.0,2.0
49000.0,490.0,0.4938450705432621,0.0399614610894206,0.4938450705432621,0.0,2.0
49100.0,491.0,0.4942297569036714,0.0395482893947259,0.4942297569036714,0.0,2.0
49200.0,492.0,0.493361671034687,0.0391230101219336,0.493361671034687,0.0,2.0
49300.0,493.0,0.4973637492557582,0.0384174336584436,0.4973637492557582,0.0,2.0
49700.0,497.0,0.4938916794070033,0.0385640023191901,0.4938916794070033,0.0,2.0
49800.0,498.0,0.4933515536280776,0.0378264365551521,0.4933515536280776,0.0,2.0
49900.0,499.0,0.4934948577059301,0.0389352458899831,0.4934948577059301,0.0,2.0
50100.0,501.0,0.4926770174830274,0.0422667962108829,0.4926770174830274,0.0,2.0
50200.0,502.0,0.4926201274038733,0.0418382262062333,0.4926201274038733,0.0,2.0
50300.0,503.0,0.4961969779929204,0.0388201433032253,0.4961969779929204,0.0,2.0
50700.0,507.0,0.497485862457394,0.038920008937144,0.497485862457394,0.0,2.0
51000.0,510.0,0.4932564224257885,0.0412127308957344,0.4932564224257885,0.0,2.0
51200.0,512.0,0.4913000665250847,0.0426497403867905,0.4913000665250847,0.0,2.0
51400.0,514.0,0.4906512235674528,0.0417526898701462,0.4906512235674528,0.0,2.0
51600.0,516.0,0.4857017539582857,0.0447158569008812,0.4857017539582857,0.0,2.0
51800.0,518.0,0.4878640759433856,0.0425648614636994,0.4878640759433856,0.0,2.0
51900.0,519.0,0.4894019754722984,0.0415415903450483,0.4894019754722984,0.0,2.0
52100.0,521.0,0.4840932044412107,0.0430178247120949,0.4840932044412107,0.0,2.0
52200.0,522.0,0.4869864299238244,0.0428653670482182,0.4869864299238244,0.0,2.0
52300.0,523.0,0.4918747964097359,0.0398856970075258,0.4918747964097359,0.0,2.0
52600.0,526.0,0.4905762136314569,0.0418665751499906,0.4905762136314569,0.0,2.0
52800.0,528.0,0.4858456775695642,0.0430371225467591,0.4858456775695642,0.0,2.0
52900.0,529.0,0.4876395622547367,0.0417455858954339,0.4876395622547367,0.0,2.0
53000.0,530.0,0.4876924623943048,0.0441793380492874,0.4876924623943048,0.0,2.0
53200.0,532.0,0.4870056744422498,0.044850215799802,0.4870056744422498,0.0,2.0
53300.0,533.0,0.4866843099989847,0.0443669716071261,0.4866843099989847,0.0,2.0
53500.0,535.0,0.4806757861842243,0.0476371118890141,0.4806757861842243,0.0,2.0
53600.0,536.0,0.4877792507392384,0.0442501736164262,0.4877792507392384,0.0,2.0
53700.0,537.0,0.4903033002866656,0.0430050190373603,0.4903033002866656,0.0,2.0
53800.0,538.0,0.4938137959464778,0.0398154906495357,0.4938137959464778,0.0,2.0
54100.0,541.0,0.4849223747363108,0.0441768027148393,0.4849223747363108,0.0,2.0
54300.0,543.0,0.4857467480148499,0.0429028182335355,0.4857467480148499,0.0,2.0
54400.0,544.0,0.4907612724338467,0.0416430152678062,0.4907612724338467,0.0,2.0
54600.0,546.0,0.4866431730686746,0.0419188857590136,0.4866431730686746,0.0,2.0
54700.0,547.0,0.4891230434650981,0.0415563486114666,0.4891230434650981,0.0,2.0
54900.0,549.0,0.4836069788945722,0.0432115212761125,0.4836069788945722,0.0,2.0
55100.0,551.0,0.4868262329036797,0.042959025734021,0.4868262329036797,0.0,2.0
55200.0,552.0,0.4886839003768899,0.042008870361401,0.4886839003768899,0.0,2.0
55400.0,554.0,0.4860328135221948,0.0430419607568336,0.4860328135221948,0.0,2.0
55700.0,557.0,0.4817325661316508,0.0463078001907804,0.4817325661316508,0.0,2.0
55900.0,559.0,0.4801400195728057,0.0454087433870651,0.4801400195728057,0.0,2.0
56200.0,562.0,0.4821080020998667,0.0435517573275159,0.4821080020998667,0.0,2.0
56300.0,563.0,0.4892374596537656,0.0409443002647142,0.4892374596537656,0.0,2.0
56500.0,565.0,0.486487894276713,0.0410138199343286,0.486487894276713,0.0,2.0
56900.0,569.0,0.4842188222567053,0.0466336654811948,0.4842188222567053,0.0,2.0
57000.0,570.0,0.4866693909500278,0.0443948685969122,0.4866693909500278,0.0,2.0
57200.0,572.0,0.4854543204836323,0.0448577105580719,0.4854543204836323,0.0,2.0
57500.0,575.0,0.4725172538025871,0.0467436048237419,0.4725172538025871,0.0,2.0
57600.0,576.0,0.4859924838620866,0.0441513864931668,0.4859924838620866,0.0,2.0
57800.0,578.0,0.482750106763434,0.0440362807733236,0.482750106763434,0.0,2.0
57900.0,579.0,0.4902587405686269,0.0408580707850413,0.4902587405686269,0.0,2.0
58000.0,580.0,0.4962527230575533,0.0392548446685113,0.4962527230575533,0.0,2.0
58300.0,583.0,0.4913792125655111,0.0420433227313154,0.4913792125655111,0.0,2.0
58400.0,584.0,0.4927153395545686,0.0407241520415349,0.4927153395545686,0.0,2.0
58500.0,585.0,0.4937586939661118,0.0400511922650935,0.4937586939661118,0.0,2.0
58700.0,587.0,0.4896484232425137,0.040555447138581,0.4896484232425137,0.0,2.0
58900.0,589.0,0.484810418810162,0.044918349661968,0.484810418810162,0.0,2.0
59100.0,591.0,0.483723991518126,0.0446239230662183,0.483723991518126,0.0,2.0
59200.0,592.0,0.4891968649542982,0.0430600979310406,0.4891968649542982,0.0,2.0
59400.0,594.0,0.4899187570051184,0.0420475045261838,0.4899187570051184,0.0,2.0
59500.0,595.0,0.4900410804556072,0.0416225270502208,0.4900410804556072,0.0,2.0
59700.0,597.0,0.4899507117900002,0.0429137726452172,0.4899507117900002,0.0,2.0
59800.0,598.0,0.4928806456008385,0.0405273593598683,0.4928806456008385,0.0,2.0
60200.0,602.0,0.4912158706433689,0.0444523098834235,0.4912158706433689,0.0,2.0
60300.0,603.0,0.4889809366072655,0.044249789278473,0.4889809366072655,0.0,2.0
60400.0,604.0,0.4912899202217916,0.0434197133755398,0.4912899202217916,0.0,2.0
60600.0,606.0,0.4839823134458142,0.0417325741692293,0.4839823134458142,0.0,2.0
60800.0,608.0,0.4900149359819104,0.0396762471523202,0.4900149359819104,0.0,2.0
60900.0,609.0,0.491026084739418,0.0411825533935093,0.491026084739418,0.0,2.0
61100.0,611.0,0.4918174947560179,0.0401533796191918,0.4918174947560179,0.0,2.0
61400.0,614.0,0.4859719511694073,0.0410748850650546,0.4859719511694073,0.0,2.0
61600.0,616.0,0.4862486289035286,0.0417962158417004,0.4862486289035286,0.0,2.0
61700.0,617.0,0.4889644798726159,0.0419522222752402,0.4889644798726159,0.0,2.0
61800.0,618.0,0.4915526712313657,0.0423832047424188,0.4915526712313657,0.0,2.0
62200.0,622.0,0.4847147965774252,0.0434251107741394,0.4847147965774252,0.0,2.0
62300.0,623.0,0.4850427112962358,0.0423499523386737,0.4850427112962358,0.0,2.0
62400.0,624.0,0.4836041505802638,0.0396648536703202,0.4836041505802638,0.0,2.0
62500.0,625.0,0.4865914766804634,0.0399340217872017,0.4865914766804634,0.0,2.0
62600.0,626.0,0.4923102594401823,0.0388204609511741,0.4923102594401823,0.0,2.0
62800.0,628.0,0.489524603711497,0.0400411311787093,0.489524603711497,0.0,2.0
62900.0,629.0,0.4895925751357913,0.0390796877740731,0.4895925751357913,0.0,2.0
63100.0,631.0,0.4859232320273655,0.0393146465718033,0.4859232320273655,0.0,2.0
63200.0,632.0,0.488817449387844,0.0392116872964885,0.488817449387844,0.0,2.0
63400.0,634.0,0.4903445642819019,0.0404911391678799,0.4903445642819019,0.0,2.0
63700.0,637.0,0.482625683561962,0.0436407848841306,0.482625683561962,0.0,2.0
63800.0,638.0,0.486014052934114,0.0404305069929382,0.486014052934114,0.0,2.0
63900.0,639.0,0.4949193157353316,0.0371356543256912,0.4949193157353316,0.0,2.0
64000.0,640.0,0.4968220985505547,0.036878065964667,0.4968220985505547,0.0,2.0
64200.0,642.0,0.4943358302968086,0.0389204639134479,0.4943358302968086,0.0,2.0
64300.0,643.0,0.4938407851322438,0.0375747964181926,0.4938407851322438,0.0,2.0
64400.0,644.0,0.4951434795947864,0.036891002858019,0.4951434795947864,0.0,2.0
64600.0,646.0,0.4938130267757459,0.0394229674539284,0.4938130267757459,0.0,2.0
64800.0,648.0,0.4902697378984678,0.0435361421860579,0.4902697378984678,0.0,2.0
65000.0,650.0,0.4846447815952195,0.0429907762581321,0.4846447815952195,0.0,2.0
65200.0,652.0,0.4833773583009694,0.0450322737314493,0.4833773583009694,0.0,2.0
65300.0,653.0,0.49209061952862,0.0422574020083427,0.49209061952862,0.0,2.0
65500.0,655.0,0.4921053166171065,0.0416254943948841,0.4921053166171065,0.0,2.0
65600.0,656.0,0.4924640934777934,0.04194979741765,0.4924640934777934,0.0,2.0
65800.0,658.0,0.4872526849342086,0.0445251363580272,0.4872526849342086,0.0,2.0
65900.0,659.0,0.4931906109766942,0.0421894176956371,0.4931906109766942,0.0,2.0
66000.0,660.0,0.4932138875635357,0.0436787780770764,0.4932138875635357,0.0,2.0
66100.0,661.0,0.4945003403795385,0.0430656706076594,0.4945003403795385,0.0,2.0
66200.0,662.0,0.4942917769768722,0.0428038144152973,0.4942917769768722,0.0,2.0
66400.0,664.0,0.4931918893824326,0.0434521905055531,0.4931918893824326,0.0,2.0
66500.0,665.0,0.4937132979557789,0.0428760912727986,0.4937132979557789,0.0,2.0
66800.0,668.0,0.4867541901384538,0.0423260606650845,0.4867541901384538,0.0,2.0
66900.0,669.0,0.4881816004151456,0.0412314158251369,0.4881816004151456,0.0,2.0
67100.0,671.0,0.4819438538156371,0.0452226800270873,0.4819438538156371,0.0,2.0
67200.0,672.0,0.4908758204425355,0.0440387183095805,0.4908758204425355,0.0,2.0
67300.0,673.0,0.495151191918516,0.0419917896137487,0.495151191918516,0.0,2.0
67500.0,675.0,0.4930109895480635,0.0433633402032276,0.4930109895480635,0.0,2.0
67600.0,676.0,0.4938068206639148,0.0414760771561051,0.4938068206639148,0.0,2.0
67700.0,677.0,0.4958749257286564,0.0396063295362374,0.4958749257286564,0.0,2.0
67800.0,678.0,0.4979305666759147,0.0466798793224103,0.4979305666759147,0.0,2.0
67900.0,679.0,0.4938061517787915,0.0442517142685435,0.4938061517787915,0.0,2.0
68000.0,680.0,0.4985411220772702,0.0426480892821591,0.4985411220772702,0.0,2.0
68200.0,682.0,0.4971179789321419,0.0419255736641232,0.4971179789321419,0.0,2.0
68400.0,684.0,0.4945943404892411,0.0421049287714419,0.4945943404892411,0.0,2.0
68600.0,686.0,0.4908412772886024,0.0431242610464821,0.4908412772886024,0.0,2.0
68700.0,687.0,0.4911103591882023,0.0430261299651177,0.4911103591882023,0.0,2.0
68800.0,688.0,0.4973643602789154,0.0405683754889515,0.4973643602789154,0.0,2.0
69000.0,690.0,0.4967500205463158,0.0415959971794644,0.4967500205463158,0.0,2.0
69100.0,691.0,0.4972023197738809,0.0414382792479313,0.4972023197738809,0.0,2.0
69300.0,693.0,0.4935662317094323,0.0418586872390614,0.4935662317094323,0.0,2.0
69400.0,694.0,0.4943560199865818,0.0435093501275192,0.4943560199865818,0.0,2.0
69600.0,696.0,0.4918715157530038,0.0419296427546864,0.4918715157530038,0.0,2.0
69700.0,697.0,0.495953093276565,0.0395751959335605,0.495953093276565,0.0,2.0
69900.0,699.0,0.497502552422625,0.0396828625069632,0.497502552422625,0.0,2.0
70000.0,700.0,0.5001237590532682,0.03850080633633,0.5001237590532682,0.0,2.0
100.0,1.0,0.1794237600687317,0.3355699377440491,0.1794237600687317,0.0,3.0
200.0,2.0,0.2364364508942594,0.2586005266333407,0.2364364508942594,0.0,3.0
300.0,3.0,0.2655520941491573,0.2329626175403615,0.2655520941491573,0.0,3.0
400.0,4.0,0.2946941484414232,0.2066648020404712,0.2946941484414232,0.0,3.0
500.0,5.0,0.3360162844967803,0.1747846804286579,0.3360162844967803,0.0,3.0
600.0,6.0,0.3596025933238989,0.1440584308334689,0.3596025933238989,0.0,3.0
700.0,7.0,0.3774015690145351,0.1293020603298647,0.3774015690145351,0.0,3.0
800.0,8.0,0.3840757576977714,0.1227646272673892,0.3840757576977714,0.0,3.0
900.0,9.0,0.394136238720283,0.1150546827053449,0.394136238720283,0.0,3.0
1000.0,10.0,0.3991345212809019,0.109562275965264,0.3991345212809019,0.0,3.0
1100.0,11.0,0.3993952560208867,0.1098328427873213,0.3993952560208867,0.0,3.0
1200.0,12.0,0.4098344422704723,0.0998795893420258,0.4098344422704723,0.0,3.0
1300.0,13.0,0.423297759465192,0.0951507156844832,0.423297759465192,0.0,3.0
1400.0,14.0,0.4269993685048049,0.0948367158597285,0.4269993685048049,0.0,3.0
1500.0,15.0,0.4386143115137506,0.0870464069849046,0.4386143115137506,0.0,3.0
1600.0,16.0,0.4456531361524046,0.0776944027693818,0.4456531361524046,0.0,3.0
1700.0,17.0,0.4462333935398996,0.0769751622618493,0.4462333935398996,0.0,3.0
1800.0,18.0,0.4526833395121749,0.072599317267507,0.4526833395121749,0.0,3.0
1900.0,19.0,0.4555496508843679,0.0729367716234386,0.4555496508843679,0.0,3.0
2000.0,20.0,0.4581311941453087,0.0681568607057652,0.4581311941453087,0.0,3.0
2100.0,21.0,0.4612412933432688,0.06399260220342,0.4612412933432688,0.0,3.0
2200.0,22.0,0.4617299734539872,0.0639418082853077,0.4617299734539872,0.0,3.0
2300.0,23.0,0.4659444158388159,0.0623808764751584,0.4659444158388159,0.0,3.0
2400.0,24.0,0.4646217455976519,0.0604007657885479,0.4646217455976519,0.0,3.0
2500.0,25.0,0.4644305692145265,0.0600526024999334,0.4644305692145265,0.0,3.0
2700.0,27.0,0.4693982080772882,0.0575923249718544,0.4693982080772882,0.0,3.0
2800.0,28.0,0.4718468143632448,0.0572117604621327,0.4718468143632448,0.0,3.0
2900.0,29.0,0.4707127168524897,0.0558111928100988,0.4707127168524897,0.0,3.0
3000.0,30.0,0.4738118279276732,0.0539190430703182,0.4738118279276732,0.0,3.0
3100.0,31.0,0.4730877788919191,0.0531058309853105,0.4730877788919191,0.0,3.0
3200.0,32.0,0.4747257403657156,0.0533054887864131,0.4747257403657156,0.0,3.0
3300.0,33.0,0.478132434900688,0.0505447135043732,0.478132434900688,0.0,3.0
3400.0,34.0,0.4762304658324649,0.0499715473118559,0.4762304658324649,0.0,3.0
3700.0,37.0,0.4787597355115191,0.050335053128837,0.4787597355115191,0.0,3.0
3800.0,38.0,0.4794950559364936,0.0485928044115379,0.4794950559364936,0.0,3.0
4100.0,41.0,0.4781963611078448,0.0518542872461115,0.4781963611078448,0.0,3.0
4300.0,43.0,0.4666018661352197,0.0545071330408986,0.4666018661352197,0.0,3.0
4400.0,44.0,0.472522731699397,0.0523739170467442,0.472522731699397,0.0,3.0
4500.0,45.0,0.4713485052381833,0.0521885655253688,0.4713485052381833,0.0,3.0
4600.0,46.0,0.4740482146456127,0.0506949796799161,0.4740482146456127,0.0,3.0
4700.0,47.0,0.4805430587223606,0.0480240289680891,0.4805430587223606,0.0,3.0
4900.0,49.0,0.4795088859451838,0.0485045856367774,0.4795088859451838,0.0,3.0
5000.0,50.0,0.4817434347404522,0.0482809217966048,0.4817434347404522,0.0,3.0
5100.0,51.0,0.4796531756995376,0.0464563884317814,0.4796531756995376,0.0,3.0
5200.0,52.0,0.4822813551751743,0.0460472578232673,0.4822813551751743,0.0,3.0
5300.0,53.0,0.4850475797982607,0.0458337854784219,0.4850475797982607,0.0,3.0
5500.0,55.0,0.4821585197948951,0.045815442211956,0.4821585197948951,0.0,3.0
5600.0,56.0,0.4868921086579009,0.0456130180500106,0.4868921086579009,0.0,3.0
5700.0,57.0,0.4888214396101107,0.0441187451832836,0.4888214396101107,0.0,3.0
5900.0,59.0,0.488746395844698,0.0456005543110215,0.488746395844698,0.0,3.0
6000.0,60.0,0.4899436215125316,0.0447724496106183,0.4899436215125316,0.0,3.0
6200.0,62.0,0.4858470770267674,0.0476454557261227,0.4858470770267674,0.0,3.0
6300.0,63.0,0.486806403410797,0.0451719000730739,0.486806403410797,0.0,3.0
6500.0,65.0,0.4839518834981605,0.0480541561914551,0.4839518834981605,0.0,3.0
6600.0,66.0,0.4869146820405889,0.0483568106331074,0.4869146820405889,0.0,3.0
6700.0,67.0,0.4875841392278777,0.0473369815479367,0.4875841392278777,0.0,3.0
6800.0,68.0,0.4871433592695931,0.0463036554820331,0.4871433592695931,0.0,3.0
7100.0,71.0,0.4843013214117522,0.0475792142130833,0.4843013214117522,0.0,3.0
7300.0,73.0,0.4916585598652568,0.0438194606297799,0.4916585598652568,0.0,3.0
7500.0,75.0,0.4868334081021297,0.0451381692688745,0.4868334081021297,0.0,3.0
7600.0,76.0,0.4884931706714279,0.0460061059417011,0.4884931706714279,0.0,3.0
7700.0,77.0,0.4904239647915983,0.0445754143316649,0.4904239647915983,0.0,3.0
7900.0,79.0,0.4882467878301253,0.042731528942939,0.4882467878301253,0.0,3.0
8000.0,80.0,0.4908344076272688,0.0411202444735921,0.4908344076272688,0.0,3.0
8100.0,81.0,0.491682478571944,0.0417469424931644,0.491682478571944,0.0,3.0
8200.0,82.0,0.4928200956724589,0.040601721961647,0.4928200956724589,0.0,3.0
8300.0,83.0,0.4967889257125681,0.0390805798296206,0.4967889257125681,0.0,3.0
8600.0,86.0,0.4958811577779891,0.039980902724305,0.4958811577779891,0.0,3.0
8700.0,87.0,0.4998009290793597,0.0382939969289521,0.4998009290793597,0.0,3.0
9100.0,91.0,0.4918498906355456,0.0432247882733805,0.4918498906355456,0.0,3.0
9400.0,94.0,0.4890663534551764,0.0448590404001345,0.4890663534551764,0.0,3.0
9600.0,96.0,0.4877790500553584,0.0446977871509779,0.4877790500553584,0.0,3.0
9700.0,97.0,0.4910740413989543,0.0436866116647184,0.4910740413989543,0.0,3.0
9800.0,98.0,0.4953964112038375,0.0423748118384098,0.4953964112038375,0.0,3.0
9900.0,99.0,0.4956152800556779,0.0422644246231392,0.4956152800556779,0.0,3.0
10000.0,100.0,0.492472056271288,0.0412403409883035,0.492472056271288,0.0,3.0
10300.0,103.0,0.4886889869687776,0.0437342473965163,0.4886889869687776,0.0,3.0
10400.0,104.0,0.4894963850331122,0.0427896814807106,0.4894963850331122,0.0,3.0
10600.0,106.0,0.4876123128287254,0.0432378270172315,0.4876123128287254,0.0,3.0
10700.0,107.0,0.4900952689185794,0.0425210240132651,0.4900952689185794,0.0,3.0
11000.0,110.0,0.4814984928865375,0.0452863460263328,0.4814984928865375,0.0,3.0
11100.0,111.0,0.4922133525011226,0.0440617170666046,0.4922133525011226,0.0,3.0
11200.0,112.0,0.4869284037796331,0.0429483076560841,0.4869284037796331,0.0,3.0
11300.0,113.0,0.4886091907564062,0.0430524469188192,0.4886091907564062,0.0,3.0
11400.0,114.0,0.4829941505149728,0.0424227494638016,0.4829941505149728,0.0,3.0
11500.0,115.0,0.4855279042916286,0.042326857356181,0.4855279042916286,0.0,3.0
11600.0,116.0,0.4863244046866752,0.0416429845793544,0.4863244046866752,0.0,3.0
11700.0,117.0,0.4859123947185643,0.0405046621533945,0.4859123947185643,0.0,3.0
11800.0,118.0,0.4840957745673034,0.0404883030139526,0.4840957745673034,0.0,3.0
12100.0,121.0,0.4818701224477539,0.0442330994591302,0.4818701224477539,0.0,3.0
12200.0,122.0,0.4824219236332696,0.0448288878773018,0.4824219236332696,0.0,3.0
12300.0,123.0,0.4842382142520135,0.0452014881369759,0.4842382142520135,0.0,3.0
12500.0,125.0,0.4852766282871361,0.043468257950142,0.4852766282871361,0.0,3.0
12700.0,127.0,0.4823773970756855,0.0424374161372282,0.4823773970756855,0.0,3.0
12800.0,128.0,0.4846655559160206,0.0413594233916149,0.4846655559160206,0.0,3.0
13000.0,130.0,0.4827650564134816,0.0426052752863851,0.4827650564134816,0.0,3.0
13200.0,132.0,0.4854602022805995,0.0419795297386653,0.4854602022805995,0.0,3.0
13300.0,133.0,0.4840632965786048,0.0418131479057993,0.4840632965786048,0.0,3.0
13400.0,134.0,0.4853421150309135,0.0420322615197035,0.4853421150309135,0.0,3.0
13500.0,135.0,0.4836879216716738,0.0419840103121064,0.4836879216716738,0.0,3.0
13600.0,136.0,0.4871871061502147,0.043995859685039,0.4871871061502147,0.0,3.0
13700.0,137.0,0.4894276003578824,0.0413426167858197,0.4894276003578824,0.0,3.0
13900.0,139.0,0.4858496758396183,0.0432685149257345,0.4858496758396183,0.0,3.0
14000.0,140.0,0.4889521912736653,0.0423659330401904,0.4889521912736653,0.0,3.0
14200.0,142.0,0.4930725671693089,0.0427890699629486,0.4930725671693089,0.0,3.0
14300.0,143.0,0.4944850784805494,0.0407636548115207,0.4944850784805494,0.0,3.0
14500.0,145.0,0.4908940097265997,0.0418003853286925,0.4908940097265997,0.0,3.0
14600.0,146.0,0.4884729415866292,0.0415881120620175,0.4884729415866292,0.0,3.0
14800.0,148.0,0.4883765682092472,0.0426678978768571,0.4883765682092472,0.0,3.0
14900.0,149.0,0.4947532274488438,0.0395725668002949,0.4947532274488438,0.0,3.0
15100.0,151.0,0.4965006403685375,0.0389581681589804,0.4965006403685375,0.0,3.0
15300.0,153.0,0.4952371992132611,0.0397996607993853,0.4952371992132611,0.0,3.0
15500.0,155.0,0.4943139330442783,0.0433507384823128,0.4943139330442783,0.0,3.0
15600.0,156.0,0.4921306264391628,0.041939930993653,0.4921306264391628,0.0,3.0
15800.0,158.0,0.488677274035982,0.0409721868210767,0.488677274035982,0.0,3.0
15900.0,159.0,0.4894084431098715,0.0419549179755328,0.4894084431098715,0.0,3.0
16000.0,160.0,0.4892462453614383,0.0407815486526877,0.4892462453614383,0.0,3.0
16100.0,161.0,0.4863888935124922,0.0400541272611793,0.4863888935124922,0.0,3.0
16200.0,162.0,0.4885630759783381,0.0389791409320707,0.4885630759783381,0.0,3.0
16300.0,163.0,0.4924236848370923,0.0400884526530438,0.4924236848370923,0.0,3.0
16500.0,165.0,0.4932782026907708,0.0388552017749905,0.4932782026907708,0.0,3.0
16600.0,166.0,0.4938868263202693,0.0402608767668342,0.4938868263202693,0.0,3.0
17000.0,170.0,0.4937342768164748,0.0405544344723105,0.4937342768164748,0.0,3.0
17200.0,172.0,0.4928914567901666,0.0416945506490107,0.4928914567901666,0.0,3.0
17300.0,173.0,0.4961209219218814,0.04000450605887,0.4961209219218814,0.0,3.0
17700.0,177.0,0.4919743780476658,0.0424700275593413,0.4919743780476658,0.0,3.0
17800.0,178.0,0.492164686229025,0.0419461360884277,0.492164686229025,0.0,3.0
18000.0,180.0,0.4929602568503645,0.0437658813767948,0.4929602568503645,0.0,3.0
18200.0,182.0,0.4935098262679446,0.0411982789201442,0.4935098262679446,0.0,3.0
18400.0,184.0,0.4953513740974111,0.0410128039830608,0.4953513740974111,0.0,3.0
18500.0,185.0,0.4980903472305359,0.0400350166836584,0.4980903472305359,0.0,3.0
18700.0,187.0,0.4956452864156507,0.0407432514759586,0.4956452864156507,0.0,3.0
18800.0,188.0,0.4932589541089098,0.040172647477071,0.4932589541089098,0.0,3.0
19000.0,190.0,0.4972726816928285,0.0402448607188575,0.4972726816928285,0.0,3.0
19300.0,193.0,0.4981586217880253,0.0391935756196011,0.4981586217880253,0.0,3.0
19500.0,195.0,0.496334794972769,0.0401833362102656,0.496334794972769,0.0,3.0
19600.0,196.0,0.4987369378112042,0.0386872083916437,0.4987369378112042,0.0,3.0
19800.0,198.0,0.4978655558663944,0.0391545526665917,0.4978655558663944,0.0,3.0
20000.0,200.0,0.4999228723010918,0.038388174179462,0.4999228723010918,0.0,3.0
20100.0,201.0,0.5004492485222827,0.0386956504575273,0.5004492485222827,0.0,3.0
20200.0,202.0,0.5048225806068005,0.0372222740697633,0.5048225806068005,0.0,3.0
20600.0,206.0,0.5016744904658347,0.0370641765303807,0.5016744904658347,0.0,3.0
20900.0,209.0,0.4956216357887212,0.0398064884898151,0.4956216357887212,0.0,3.0
21100.0,211.0,0.4958203128187241,0.040356732950329,0.4958203128187241,0.0,3.0
21200.0,212.0,0.4964354206585791,0.0409323748142471,0.4964354206585791,0.0,3.0
21500.0,215.0,0.4932537206587947,0.0412227357137197,0.4932537206587947,0.0,3.0
21600.0,216.0,0.494565504233414,0.0407972919901346,0.494565504233414,0.0,3.0
21700.0,217.0,0.4963404854522857,0.039970122324927,0.4963404854522857,0.0,3.0
21800.0,218.0,0.4961295179326761,0.0398958532469689,0.4961295179326761,0.0,3.0
21900.0,219.0,0.4960966841127132,0.0390483210650327,0.4960966841127132,0.0,3.0
22200.0,222.0,0.4935867446887276,0.0393885004717703,0.4935867446887276,0.0,3.0
22300.0,223.0,0.493992907807227,0.0390523916631535,0.493992907807227,0.0,3.0
22400.0,224.0,0.4945609577766468,0.0385116347270797,0.4945609577766468,0.0,3.0
22700.0,227.0,0.4934715176814423,0.0420724457690758,0.4934715176814423,0.0,3.0
23100.0,231.0,0.4915430651105404,0.0421421521122586,0.4915430651105404,0.0,3.0
23400.0,234.0,0.4868956099832245,0.0461394079922002,0.4868956099832245,0.0,3.0
23600.0,236.0,0.4870482318467058,0.0441578221381226,0.4870482318467058,0.0,3.0
23800.0,238.0,0.4907553203665076,0.0450564382945491,0.4907553203665076,0.0,3.0
24000.0,240.0,0.4866513929868761,0.0471133659393224,0.4866513929868761,0.0,3.0
24100.0,241.0,0.4847966537530457,0.045952100961059,0.4847966537530457,0.0,3.0
24200.0,242.0,0.4857684830006789,0.0453207079373357,0.4857684830006789,0.0,3.0
24400.0,244.0,0.487155231433892,0.0437679163468902,0.487155231433892,0.0,3.0
24500.0,245.0,0.4884906586645515,0.0438330585901817,0.4884906586645515,0.0,3.0
24600.0,246.0,0.4900913489671076,0.0433807708040307,0.4900913489671076,0.0,3.0
25000.0,250.0,0.4841683912535777,0.0465753949390733,0.4841683912535777,0.0,3.0
25100.0,251.0,0.4866136380682226,0.0458218206050725,0.4866136380682226,0.0,3.0
25200.0,252.0,0.4859753318958347,0.0448195387206491,0.4859753318958347,0.0,3.0
25300.0,253.0,0.4894160735123842,0.043252081792089,0.4894160735123842,0.0,3.0
25400.0,254.0,0.4906689233915101,0.043094353057173,0.4906689233915101,0.0,3.0
25700.0,257.0,0.4853731392290585,0.04765216804426,0.4853731392290585,0.0,3.0
25900.0,259.0,0.480629474528884,0.0491788896471929,0.480629474528884,0.0,3.0
26000.0,260.0,0.482043015632684,0.0503295820532485,0.482043015632684,0.0,3.0
26100.0,261.0,0.4877623893062316,0.0475936160466671,0.4877623893062316,0.0,3.0
26200.0,262.0,0.491900133269426,0.043769957089724,0.491900133269426,0.0,3.0
26300.0,263.0,0.4971383351854275,0.0417852575431471,0.4971383351854275,0.0,3.0
26700.0,267.0,0.4956224385974922,0.0417060949115757,0.4956224385974922,0.0,3.0
27000.0,270.0,0.4949397561293052,0.0430200723446268,0.4949397561293052,0.0,3.0
27200.0,272.0,0.4892813574992189,0.0447996328273369,0.4892813574992189,0.0,3.0
27300.0,273.0,0.4891280706468483,0.0445836749624868,0.4891280706468483,0.0,3.0
27400.0,274.0,0.4904695658920239,0.0434962218766203,0.4904695658920239,0.0,3.0
27500.0,275.0,0.4920942167426735,0.0438658919184001,0.4920942167426735,0.0,3.0
27600.0,276.0,0.4945562894214317,0.0418235731179794,0.4945562894214317,0.0,3.0
27700.0,277.0,0.4941026794981296,0.0418175873627657,0.4941026794981296,0.0,3.0
27800.0,278.0,0.4934655407651653,0.0413311364114829,0.4934655407651653,0.0,3.0
27900.0,279.0,0.4935886545426257,0.0406001649899863,0.4935886545426257,0.0,3.0
28100.0,281.0,0.4919036525962831,0.0424697821685433,0.4919036525962831,0.0,3.0
28400.0,284.0,0.488475345960901,0.0451407908620378,0.488475345960901,0.0,3.0
28500.0,285.0,0.4911765485269044,0.0445920907360778,0.4911765485269044,0.0,3.0
28600.0,286.0,0.4888028041008047,0.0445890573231739,0.4888028041008047,0.0,3.0
28700.0,287.0,0.4896814835203013,0.044595037719913,0.4896814835203013,0.0,3.0
28800.0,288.0,0.493206830698259,0.0432597443519971,0.493206830698259,0.0,3.0
29000.0,290.0,0.4867465741315462,0.0460453875100488,0.4867465741315462,0.0,3.0
29100.0,291.0,0.4878437615499807,0.0435919333252764,0.4878437615499807,0.0,3.0
29300.0,293.0,0.4862742379992572,0.0435530944633773,0.4862742379992572,0.0,3.0
29500.0,295.0,0.4867188048215515,0.0449473694309563,0.4867188048215515,0.0,3.0
29600.0,296.0,0.48726915948861,0.0445583723562151,0.48726915948861,0.0,3.0
29700.0,297.0,0.4903828250489832,0.0438525886852032,0.4903828250489832,0.0,3.0
29800.0,298.0,0.4936359229710038,0.0421679258950958,0.4936359229710038,0.0,3.0
29900.0,299.0,0.4885097690855493,0.0409579770326831,0.4885097690855493,0.0,3.0
30200.0,302.0,0.4811984221851898,0.0443946372466204,0.4811984221851898,0.0,3.0
30300.0,303.0,0.4804919988525614,0.0442526387230998,0.4804919988525614,0.0,3.0
30400.0,304.0,0.4833072549249641,0.0425620557932415,0.4833072549249641,0.0,3.0
30500.0,305.0,0.4848160900516873,0.0447590142473973,0.4848160900516873,0.0,3.0
30600.0,306.0,0.4844888859131289,0.0442872599313573,0.4844888859131289,0.0,3.0
30700.0,307.0,0.4918973768736534,0.0424210881377186,0.4918973768736534,0.0,3.0
30800.0,308.0,0.4894048813054879,0.0418053880676995,0.4894048813054879,0.0,3.0
30900.0,309.0,0.4888787570304209,0.0409410173068535,0.4888787570304209,0.0,3.0
31000.0,310.0,0.489661543143488,0.0405867245910082,0.489661543143488,0.0,3.0
31100.0,311.0,0.4900355259593328,0.0415783427515988,0.4900355259593328,0.0,3.0
31200.0,312.0,0.4896594691496506,0.0414401891644194,0.4896594691496506,0.0,3.0
31400.0,314.0,0.4909132619337282,0.0422648049016846,0.4909132619337282,0.0,3.0
31500.0,315.0,0.4920424770328107,0.0405440352880206,0.4920424770328107,0.0,3.0
31700.0,317.0,0.4921529121266971,0.0434286445949241,0.4921529121266971,0.0,3.0
31800.0,318.0,0.497953562175399,0.0416572874225997,0.497953562175399,0.0,3.0
32000.0,320.0,0.4935301567413657,0.0438440897531824,0.4935301567413657,0.0,3.0
32100.0,321.0,0.4980612862923542,0.0410415999723648,0.4980612862923542,0.0,3.0
32200.0,322.0,0.4965850257728053,0.039654849774337,0.4965850257728053,0.0,3.0
32300.0,323.0,0.4980292656072391,0.0387689482862538,0.4980292656072391,0.0,3.0
32500.0,325.0,0.4889054549780814,0.0410937346962371,0.4889054549780814,0.0,3.0
32600.0,326.0,0.4894255697008942,0.0422724003919754,0.4894255697008942,0.0,3.0
32700.0,327.0,0.4899727715502214,0.0414015702460665,0.4899727715502214,0.0,3.0
32800.0,328.0,0.4901141343052571,0.0421423354346719,0.4901141343052571,0.0,3.0
32900.0,329.0,0.4936945350299385,0.0410019065491366,0.4936945350299385,0.0,3.0
33100.0,331.0,0.4965993657377681,0.0391341944399559,0.4965993657377681,0.0,3.0
33300.0,333.0,0.4933974405898378,0.0410970228973291,0.4933974405898378,0.0,3.0
33400.0,334.0,0.4941932994346503,0.0406690544964353,0.4941932994346503,0.0,3.0
33600.0,336.0,0.4869260370214053,0.0451491683169951,0.4869260370214053,0.0,3.0
33700.0,337.0,0.4906177670180257,0.0402460587407123,0.4906177670180257,0.0,3.0
33800.0,338.0,0.4916172382483867,0.0402953996243987,0.4916172382483867,0.0,3.0
34100.0,341.0,0.4880261820614281,0.0416333913165429,0.4880261820614281,0.0,3.0
34200.0,342.0,0.4945814637809613,0.0380353676991691,0.4945814637809613,0.0,3.0
34600.0,346.0,0.4878877547282566,0.0431745337196996,0.4878877547282566,0.0,3.0
34700.0,347.0,0.4862540333391095,0.041304587977185,0.4862540333391095,0.0,3.0
34800.0,348.0,0.4891765431994165,0.04021737567114,0.4891765431994165,0.0,3.0
35200.0,352.0,0.4868755199098196,0.0408844544665118,0.4868755199098196,0.0,3.0
35400.0,354.0,0.4866097419508156,0.0409301469192131,0.4866097419508156,0.0,3.0
35700.0,357.0,0.4832557687714552,0.0417656459291518,0.4832557687714552,0.0,3.0
35800.0,358.0,0.4838677281327169,0.0426608916877132,0.4838677281327169,0.0,3.0
35900.0,359.0,0.4874924790391477,0.0410504966316609,0.4874924790391477,0.0,3.0
36000.0,360.0,0.4900677589934964,0.0393349879191269,0.4900677589934964,0.0,3.0
36100.0,361.0,0.4935967164442988,0.0389589660118851,0.4935967164442988,0.0,3.0
36400.0,364.0,0.4975586582242219,0.0384491904415449,0.4975586582242219,0.0,3.0
36600.0,366.0,0.4961069004676047,0.0385964152356777,0.4961069004676047,0.0,3.0
36800.0,368.0,0.4973940903233068,0.0386972916933651,0.4973940903233068,0.0,3.0
37200.0,372.0,0.493307566666141,0.0389402549939048,0.493307566666141,0.0,3.0
37400.0,374.0,0.494643522156457,0.0380457146013636,0.494643522156457,0.0,3.0
37700.0,377.0,0.4903120119131528,0.0405866105430696,0.4903120119131528,0.0,3.0
37800.0,378.0,0.4965945131658956,0.0386166609451024,0.4965945131658956,0.0,3.0
38400.0,384.0,0.485157193382002,0.0430796141946868,0.485157193382002,0.0,3.0
38500.0,385.0,0.4906899189863518,0.04020156493122,0.4906899189863518,0.0,3.0
38700.0,387.0,0.4925123003677205,0.0403184952779019,0.4925123003677205,0.0,3.0
38800.0,388.0,0.4928291837326898,0.0401977007739915,0.4928291837326898,0.0,3.0
39000.0,390.0,0.4936052735865343,0.0399557676082102,0.4936052735865343,0.0,3.0
39100.0,391.0,0.4952285405394717,0.0398544103172554,0.4952285405394717,0.0,3.0
39300.0,393.0,0.4918888025681833,0.0402494061361293,0.4918888025681833,0.0,3.0
39600.0,396.0,0.4788214459510576,0.0461240999269422,0.4788214459510576,0.0,3.0
39800.0,398.0,0.4805476798304375,0.0456474786164863,0.4805476798304375,0.0,3.0
40000.0,400.0,0.4771006210382117,0.0446298606635502,0.4771006210382117,0.0,3.0
40200.0,402.0,0.4850106429599906,0.0417785054493014,0.4850106429599906,0.0,3.0
40300.0,403.0,0.4859546162003246,0.0403195234513039,0.4859546162003246,0.0,3.0
40400.0,404.0,0.4890765285579705,0.0416230798719139,0.4890765285579705,0.0,3.0
40600.0,406.0,0.4909887836268347,0.0411245836334279,0.4909887836268347,0.0,3.0
40900.0,409.0,0.4905425271872096,0.0442483797602724,0.4905425271872096,0.0,3.0
41000.0,410.0,0.4987647343307541,0.0390597961288446,0.4987647343307541,0.0,3.0
41200.0,412.0,0.496068420965557,0.0418107989348243,0.496068420965557,0.0,3.0
41300.0,413.0,0.4956107280008728,0.0400090648499671,0.4956107280008728,0.0,3.0
41500.0,415.0,0.4913652825862538,0.0418152739002739,0.4913652825862538,0.0,3.0
41900.0,419.0,0.4883715202599994,0.0426058178759086,0.4883715202599994,0.0,3.0
42000.0,420.0,0.4890055168297938,0.0430134338299173,0.4890055168297938,0.0,3.0
42200.0,422.0,0.4832347382940565,0.0473648064908997,0.4832347382940565,0.0,3.0
42300.0,423.0,0.4840753349872326,0.0473175323916605,0.4840753349872326,0.0,3.0
42500.0,425.0,0.4814883083889381,0.0450413473268395,0.4814883083889381,0.0,3.0
42600.0,426.0,0.4824112943848775,0.0448089546348731,0.4824112943848775,0.0,3.0
42700.0,427.0,0.4843132266347583,0.0451704627586931,0.4843132266347583,0.0,3.0
43100.0,431.0,0.4815323136980235,0.0448995638786146,0.4815323136980235,0.0,3.0
43400.0,434.0,0.4816268962958665,0.0439686467290693,0.4816268962958665,0.0,3.0
43600.0,436.0,0.4836125540007226,0.0442862238506695,0.4836125540007226,0.0,3.0
43700.0,437.0,0.489705525161424,0.0413546175193296,0.489705525161424,0.0,3.0
43900.0,439.0,0.4874503356058907,0.04380015029695,0.4874503356058907,0.0,3.0
44200.0,442.0,0.4860137776389607,0.0446495172501177,0.4860137776389607,0.0,3.0
44300.0,443.0,0.486891168081401,0.0437157752728053,0.486891168081401,0.0,3.0
44400.0,444.0,0.4868396075178154,0.0433573620185165,0.4868396075178154,0.0,3.0
44500.0,445.0,0.4892691542163881,0.0418974835311858,0.4892691542163881,0.0,3.0
44900.0,449.0,0.4866085814031377,0.0447412521118672,0.4866085814031377,0.0,3.0
45000.0,450.0,0.4871570883411836,0.0432665781909454,0.4871570883411836,0.0,3.0
45200.0,452.0,0.4878643357826759,0.0439989271609969,0.4878643357826759,0.0,3.0
45300.0,453.0,0.4914487107376697,0.0416496852364898,0.4914487107376697,0.0,3.0
45500.0,455.0,0.4879484311751467,0.0422989684799589,0.4879484311751467,0.0,3.0
45700.0,457.0,0.4859883739917658,0.044288128916712,0.4859883739917658,0.0,3.0
45800.0,458.0,0.4906475311577839,0.0426429597776122,0.4906475311577839,0.0,3.0
46100.0,461.0,0.4902786673097227,0.0417656390420509,0.4902786673097227,0.0,3.0
46300.0,463.0,0.4923308151582085,0.0410835492131568,0.4923308151582085,0.0,3.0
46600.0,466.0,0.4894995919977881,0.041739467055432,0.4894995919977881,0.0,3.0
46700.0,467.0,0.4942762777733311,0.0406716055026197,0.4942762777733311,0.0,3.0
46900.0,469.0,0.4902315941397153,0.0407312369012667,0.4902315941397153,0.0,3.0
47000.0,470.0,0.4910108113455556,0.0423168556920331,0.4910108113455556,0.0,3.0
47100.0,471.0,0.4946920357952541,0.0405168544090586,0.4946920357952541,0.0,3.0
47200.0,472.0,0.4956000854227736,0.0389258578110959,0.4956000854227736,0.0,3.0
47300.0,473.0,0.4960442744322432,0.0404243139473722,0.4960442744322432,0.0,3.0
47600.0,476.0,0.4862432780671089,0.0433220524924502,0.4862432780671089,0.0,3.0
47700.0,477.0,0.4889675606680469,0.0415337699453553,0.4889675606680469,0.0,3.0
47800.0,478.0,0.4897655172823627,0.0410917179300795,0.4897655172823627,0.0,3.0
47900.0,479.0,0.492861740210208,0.0404197607929676,0.492861740210208,0.0,3.0
48100.0,481.0,0.4926710486006857,0.0415683592127748,0.4926710486006857,0.0,3.0
48200.0,482.0,0.4938137899015874,0.0414863123676773,0.4938137899015874,0.0,3.0
48300.0,483.0,0.4931059710444185,0.0412231996834153,0.4931059710444185,0.0,3.0
48400.0,484.0,0.4946720901968081,0.0394508426772942,0.4946720901968081,0.0,3.0
48500.0,485.0,0.4961339412845607,0.0396125311858177,0.4961339412845607,0.0,3.0
49000.0,490.0,0.485569313764225,0.0441256195224343,0.485569313764225,0.0,3.0
49100.0,491.0,0.487156035349914,0.0437854446278628,0.487156035349914,0.0,3.0
49300.0,493.0,0.487353920577507,0.0427942718943681,0.487353920577507,0.0,3.0
49400.0,494.0,0.4893655070524892,0.0426465454007134,0.4893655070524892,0.0,3.0
49600.0,496.0,0.4883816392533373,0.0452288866402607,0.4883816392533373,0.0,3.0
49700.0,497.0,0.4887430428848296,0.0433796844792082,0.4887430428848296,0.0,3.0
49900.0,499.0,0.4856425322212059,0.0457052211124408,0.4856425322212059,0.0,3.0
50000.0,500.0,0.4867597358283439,0.0466807783749668,0.4867597358283439,0.0,3.0
50300.0,503.0,0.4785203507695947,0.0487024208638573,0.4785203507695947,0.0,3.0
50400.0,504.0,0.4855671963756174,0.0457373018359158,0.4855671963756174,0.0,3.0
50600.0,506.0,0.4860526891437303,0.0432607186495286,0.4860526891437303,0.0,3.0
50700.0,507.0,0.4881263427007106,0.043646706570043,0.4881263427007106,0.0,3.0
50800.0,508.0,0.4903795100362311,0.0425209381603467,0.4903795100362311,0.0,3.0
51000.0,510.0,0.4853576778560559,0.0441042844922424,0.4853576778560559,0.0,3.0
51100.0,511.0,0.4867723962907047,0.043794024218539,0.4867723962907047,0.0,3.0
51200.0,512.0,0.4875760592291187,0.0439498662413419,0.4875760592291187,0.0,3.0
51300.0,513.0,0.4887911651988172,0.0427237866043416,0.4887911651988172,0.0,3.0
51500.0,515.0,0.4910470000138701,0.0404120529196338,0.4910470000138701,0.0,3.0
51800.0,518.0,0.4881699690663532,0.044339222641418,0.4881699690663532,0.0,3.0
52000.0,520.0,0.4910832397968203,0.0433532098780448,0.4910832397968203,0.0,3.0
52200.0,522.0,0.4889421611304953,0.0439444721464485,0.4889421611304953,0.0,3.0
52300.0,523.0,0.4873145539177268,0.0432426679402094,0.4873145539177268,0.0,3.0
52600.0,526.0,0.4866769040913198,0.0440440296541539,0.4866769040913198,0.0,3.0
52700.0,527.0,0.4889376735006589,0.043411408283071,0.4889376735006589,0.0,3.0
53000.0,530.0,0.4874273659946052,0.0446639936856845,0.4874273659946052,0.0,3.0
53100.0,531.0,0.488670183067227,0.0434553507976331,0.488670183067227,0.0,3.0
53300.0,533.0,0.4899217930552358,0.0448854253725585,0.4899217930552358,0.0,3.0
53400.0,534.0,0.4876048826303909,0.0444598063206616,0.4876048826303909,0.0,3.0
53500.0,535.0,0.4909094295511363,0.0433743961151619,0.4909094295511363,0.0,3.0
53700.0,537.0,0.4895790933005567,0.0434641997534385,0.4895790933005567,0.0,3.0
53800.0,538.0,0.4928243282431536,0.0425973434477606,0.4928243282431536,0.0,3.0
53900.0,539.0,0.4929012682762805,0.042672660119917,0.4929012682762805,0.0,3.0
54100.0,541.0,0.4889355089683047,0.0445527620371927,0.4889355089683047,0.0,3.0
54200.0,542.0,0.491163811323979,0.0432738334729435,0.491163811323979,0.0,3.0
54400.0,544.0,0.4927717641741866,0.0442084722672868,0.4927717641741866,0.0,3.0
54500.0,545.0,0.4866750169688704,0.0436951620149781,0.4866750169688704,0.0,3.0
54600.0,546.0,0.4875470565514125,0.0434734676549993,0.4875470565514125,0.0,3.0
54700.0,547.0,0.4916916394098287,0.0435861620615163,0.4916916394098287,0.0,3.0
54800.0,548.0,0.4872023510571133,0.0434378142400404,0.4872023510571133,0.0,3.0
55000.0,550.0,0.4895311901406405,0.0424871673310783,0.4895311901406405,0.0,3.0
55200.0,552.0,0.4901422746334591,0.0428229038939954,0.4901422746334591,0.0,3.0
55400.0,554.0,0.484308298456601,0.0483507980060987,0.484308298456601,0.0,3.0
55500.0,555.0,0.4885150822772099,0.0459530083618094,0.4885150822772099,0.0,3.0
55600.0,556.0,0.4872401496085849,0.0456113017285954,0.4872401496085849,0.0,3.0
55700.0,557.0,0.4893076383512258,0.0434978151833613,0.4893076383512258,0.0,3.0
56000.0,560.0,0.480273831217306,0.0509148476389331,0.480273831217306,0.0,3.0
56100.0,561.0,0.4809271985307039,0.0493606359345854,0.4809271985307039,0.0,3.0
56200.0,562.0,0.4827633981201503,0.049140246578334,0.4827633981201503,0.0,3.0
56300.0,563.0,0.4814182968810133,0.0471098621296549,0.4814182968810133,0.0,3.0
56400.0,564.0,0.4839994111698284,0.0445915188569338,0.4839994111698284,0.0,3.0
56500.0,565.0,0.4880109241595002,0.0441585587272746,0.4880109241595002,0.0,3.0
56800.0,568.0,0.4824505550476807,0.0456912979229214,0.4824505550476807,0.0,3.0
56900.0,569.0,0.485430675365301,0.0438527131766779,0.485430675365301,0.0,3.0
57100.0,571.0,0.4874637560979853,0.0428680455312962,0.4874637560979853,0.0,3.0
57300.0,573.0,0.4918924542677733,0.042116441624867,0.4918924542677733,0.0,3.0
57500.0,575.0,0.4898382041253754,0.0411193639944575,0.4898382041253754,0.0,3.0
57700.0,577.0,0.483174064671953,0.0448417233728869,0.483174064671953,0.0,3.0
57800.0,578.0,0.4888981713678889,0.0442470553176689,0.4888981713678889,0.0,3.0
57900.0,579.0,0.4964582158476977,0.0407999949472253,0.4964582158476977,0.0,3.0
58100.0,581.0,0.4937835447939476,0.0410606643782333,0.4937835447939476,0.0,3.0
58200.0,582.0,0.4965503936347258,0.0384218382269518,0.4965503936347258,0.0,3.0
58400.0,584.0,0.4939270454876023,0.0413046455831945,0.4939270454876023,0.0,3.0
58500.0,585.0,0.4917236462764457,0.0408707350378374,0.4917236462764457,0.0,3.0
58700.0,587.0,0.4916221643358138,0.0434149515380169,0.4916221643358138,0.0,3.0
58800.0,588.0,0.4922370286778265,0.042269487016646,0.4922370286778265,0.0,3.0
59000.0,590.0,0.4924887174326977,0.0444698068494424,0.4924887174326977,0.0,3.0
59100.0,591.0,0.493383701433639,0.0429546935675365,0.493383701433639,0.0,3.0
59200.0,592.0,0.4962658178379585,0.0416031914606044,0.4962658178379585,0.0,3.0
59500.0,595.0,0.4889196832310302,0.0439152631622072,0.4889196832310302,0.0,3.0
59600.0,596.0,0.4883560909073289,0.0430910467589789,0.4883560909073289,0.0,3.0
59800.0,598.0,0.4850680271458084,0.044332085022694,0.4850680271458084,0.0,3.0
59900.0,599.0,0.4868815419047814,0.0462431947595352,0.4868815419047814,0.0,3.0
60000.0,600.0,0.4876701798643428,0.0458257036251161,0.4876701798643428,0.0,3.0
60400.0,604.0,0.479728682369648,0.0460396956209485,0.479728682369648,0.0,3.0
60500.0,605.0,0.4849901300730423,0.0439084055356634,0.4849901300730423,0.0,3.0
60600.0,606.0,0.4867138657877845,0.0425299633845858,0.4867138657877845,0.0,3.0
60700.0,607.0,0.490645336573023,0.042397487596195,0.490645336573023,0.0,3.0
60900.0,609.0,0.4891384370416755,0.0429458995794378,0.4891384370416755,0.0,3.0
61100.0,611.0,0.4887028041422271,0.0432073621254026,0.4887028041422271,0.0,3.0
61600.0,616.0,0.4826258896937083,0.0449219653444638,0.4826258896937083,0.0,3.0
61700.0,617.0,0.4839497777121646,0.0480257026435382,0.4839497777121646,0.0,3.0
61800.0,618.0,0.4867404247011268,0.0448020811585159,0.4867404247011268,0.0,3.0
61900.0,619.0,0.4877030730836137,0.04354701267055,0.4877030730836137,0.0,3.0
62100.0,621.0,0.4832489396713453,0.045821193222681,0.4832489396713453,0.0,3.0
62200.0,622.0,0.4858197533731212,0.043996974121764,0.4858197533731212,0.0,3.0
62300.0,623.0,0.4881286835777487,0.0424743872006875,0.4881286835777487,0.0,3.0
62400.0,624.0,0.4916037161372777,0.0416031650740745,0.4916037161372777,0.0,3.0
62500.0,625.0,0.4937122761167433,0.0402115825742018,0.4937122761167433,0.0,3.0
62700.0,627.0,0.49357772789185,0.0407240248049877,0.49357772789185,0.0,3.0
63000.0,630.0,0.4902866037018852,0.0401078645729875,0.4902866037018852,0.0,3.0
63200.0,632.0,0.4913853641079004,0.0407901685281283,0.4913853641079004,0.0,3.0
63300.0,633.0,0.4928502956992477,0.0393468492060241,0.4928502956992477,0.0,3.0
63600.0,636.0,0.4840484310411357,0.0437191006642154,0.4840484310411357,0.0,3.0
63800.0,638.0,0.4888937772178228,0.043024614118695,0.4888937772178228,0.0,3.0
63900.0,639.0,0.495042225938726,0.0388888106592298,0.495042225938726,0.0,3.0
64200.0,642.0,0.4912808908823599,0.0386904855850508,0.4912808908823599,0.0,3.0
64600.0,646.0,0.4907085397993488,0.0406118473581612,0.4907085397993488,0.0,3.0
64900.0,649.0,0.4924540828102455,0.0419598631789822,0.4924540828102455,0.0,3.0
65200.0,652.0,0.4828674709095756,0.043728496260926,0.4828674709095756,0.0,3.0
65300.0,653.0,0.4855348853916378,0.0424657393741508,0.4855348853916378,0.0,3.0
65400.0,654.0,0.486279929465182,0.0423302501837524,0.486279929465182,0.0,3.0
65500.0,655.0,0.4837574298368466,0.0421176111477209,0.4837574298368466,0.0,3.0
65600.0,656.0,0.4879474036558521,0.042507957903332,0.4879474036558521,0.0,3.0
65700.0,657.0,0.4927763008346231,0.0390422081846977,0.4927763008346231,0.0,3.0
65900.0,659.0,0.4812697419377851,0.0437776661206126,0.4812697419377851,0.0,3.0
66000.0,660.0,0.4822965213622105,0.043869512431154,0.4822965213622105,0.0,3.0
66100.0,661.0,0.4829467237072577,0.0424115720246259,0.4829467237072577,0.0,3.0
66200.0,662.0,0.4869398859261425,0.0410686406850934,0.4869398859261425,0.0,3.0
66500.0,665.0,0.4896621006878948,0.0426941567744199,0.4896621006878948,0.0,3.0
66600.0,666.0,0.4924553112176789,0.0411333244096117,0.4924553112176789,0.0,3.0
66700.0,667.0,0.4930823253978273,0.0417083591729912,0.4930823253978273,0.0,3.0
66900.0,669.0,0.4885077412750089,0.0445188167457616,0.4885077412750089,0.0,3.0
67100.0,671.0,0.4851246174671456,0.04595634843665,0.4851246174671456,0.0,3.0
67200.0,672.0,0.4885638948169695,0.0451615712249264,0.4885638948169695,0.0,3.0
67500.0,675.0,0.4865222531806181,0.0447454077557489,0.4865222531806181,0.0,3.0
67600.0,676.0,0.4908105185389363,0.0422913008911809,0.4908105185389363,0.0,3.0
67700.0,677.0,0.4915076361910835,0.0436620901206491,0.4915076361910835,0.0,3.0
67800.0,678.0,0.4918887999737635,0.0432780152277292,0.4918887999737635,0.0,3.0
68200.0,682.0,0.4880613480756967,0.0461765076687137,0.4880613480756967,0.0,3.0
68300.0,683.0,0.4896681574538788,0.043489463331767,0.4896681574538788,0.0,3.0
68400.0,684.0,0.4908714071490314,0.0434315145188559,0.4908714071490314,0.0,3.0
68500.0,685.0,0.4939388753698298,0.0410683481121897,0.4939388753698298,0.0,3.0
68600.0,686.0,0.4931155567316658,0.0406301191402259,0.4931155567316658,0.0,3.0
68900.0,689.0,0.4924714015215823,0.0415745601315684,0.4924714015215823,0.0,3.0
69000.0,690.0,0.4936670137256746,0.0403869147593669,0.4936670137256746,0.0,3.0
69300.0,693.0,0.4854063136677738,0.0420670253163125,0.4854063136677738,0.0,3.0
69500.0,695.0,0.4860972683391147,0.0434710495210584,0.4860972683391147,0.0,3.0
69600.0,696.0,0.4875477983590239,0.0437747415797565,0.4875477983590239,0.0,3.0
69800.0,698.0,0.4891489170970375,0.0441665008429403,0.4891489170970375,0.0,3.0
69900.0,699.0,0.4904371085056099,0.0433037377693314,0.4904371085056099,0.0,3.0
100.0,1.0,0.214558440383543,0.3068234438632388,0.214558440383543,0.0,4.0
200.0,2.0,0.2591901344981482,0.2311813718384531,0.2591901344981482,0.0,4.0
300.0,3.0,0.2935692207768505,0.1979817661254251,0.2935692207768505,0.0,4.0
400.0,4.0,0.3208141233605297,0.1788861018383059,0.3208141233605297,0.0,4.0
500.0,5.0,0.336377398491546,0.1700236138447928,0.336377398491546,0.0,4.0
600.0,6.0,0.3554880950919949,0.1521745172331088,0.3554880950919949,0.0,4.0
700.0,7.0,0.3647007744631773,0.1421680258619512,0.3647007744631773,0.0,4.0
800.0,8.0,0.3737109434882226,0.1328680657436394,0.3737109434882226,0.0,4.0
900.0,9.0,0.3902676784438649,0.1278932372201227,0.3902676784438649,0.0,4.0
1000.0,10.0,0.3938235110498303,0.123338440003677,0.3938235110498303,0.0,4.0
1100.0,11.0,0.4092157554574878,0.1086800157343637,0.4092157554574878,0.0,4.0
1200.0,12.0,0.421435007861776,0.0861165490299614,0.421435007861776,0.0,4.0
1300.0,13.0,0.4288214004147317,0.0811137524396062,0.4288214004147317,0.0,4.0
1400.0,14.0,0.4316827067730288,0.0784560772525702,0.4316827067730288,0.0,4.0
1600.0,16.0,0.4435250250209596,0.071512639731137,0.4435250250209596,0.0,4.0
1700.0,17.0,0.4447336978121785,0.0699296060340012,0.4447336978121785,0.0,4.0
1800.0,18.0,0.4460272452544272,0.0688259685725694,0.4460272452544272,0.0,4.0
1900.0,19.0,0.4527794372732206,0.0654166837586651,0.4527794372732206,0.0,4.0
2000.0,20.0,0.4530498871319155,0.0641834429326447,0.4530498871319155,0.0,4.0
2100.0,21.0,0.4538112833882577,0.0636709856452268,0.4538112833882577,0.0,4.0
2200.0,22.0,0.4594494389828259,0.0618025432983771,0.4594494389828259,0.0,4.0
2300.0,23.0,0.462909205233852,0.0603726025074925,0.462909205233852,0.0,4.0
2400.0,24.0,0.4663971416229999,0.0594153982286381,0.4663971416229999,0.0,4.0
2500.0,25.0,0.464802276948458,0.059347572431623,0.464802276948458,0.0,4.0
2600.0,26.0,0.4646763342048545,0.0592184480884179,0.4646763342048545,0.0,4.0
2700.0,27.0,0.4640140179409047,0.0592032839324344,0.4640140179409047,0.0,4.0
2800.0,28.0,0.4656535422850115,0.0595752217333363,0.4656535422850115,0.0,4.0
2900.0,29.0,0.4675688982025419,0.058208750614955,0.4675688982025419,0.0,4.0
3000.0,30.0,0.4696054296266438,0.0561613195959341,0.4696054296266438,0.0,4.0
3200.0,32.0,0.4725428687712255,0.0534001917175916,0.4725428687712255,0.0,4.0
3300.0,33.0,0.4762639848957141,0.0531827318751828,0.4762639848957141,0.0,4.0
3500.0,35.0,0.4747510115820518,0.0533034254642735,0.4747510115820518,0.0,4.0
3700.0,37.0,0.4718200556893522,0.054372112065165,0.4718200556893522,0.0,4.0
4000.0,40.0,0.4643956139343357,0.0566304142815583,0.4643956139343357,0.0,4.0
4200.0,42.0,0.4568523522723903,0.0596797601023406,0.4568523522723903,0.0,4.0
4300.0,43.0,0.4677513603547504,0.0554881500470634,0.4677513603547504,0.0,4.0
4400.0,44.0,0.4676035687248861,0.0542404836531608,0.4676035687248861,0.0,4.0
4500.0,45.0,0.4697691886854317,0.0531265068589699,0.4697691886854317,0.0,4.0
4700.0,47.0,0.4669647876545463,0.0534372033672892,0.4669647876545463,0.0,4.0
4800.0,48.0,0.4707099849311268,0.0525259557690259,0.4707099849311268,0.0,4.0
4900.0,49.0,0.4717869112801976,0.0505814277609418,0.4717869112801976,0.0,4.0
5100.0,51.0,0.4752916304989792,0.0500232529722639,0.4752916304989792,0.0,4.0
5300.0,53.0,0.4791070652739427,0.0483123762286061,0.4791070652739427,0.0,4.0
5600.0,56.0,0.4738944223743982,0.0503403084208279,0.4738944223743982,0.0,4.0
5700.0,57.0,0.4750294903406865,0.0509350613406866,0.4750294903406865,0.0,4.0
5800.0,58.0,0.478239438442441,0.0478521167439427,0.478239438442441,0.0,4.0
5900.0,59.0,0.477670369624981,0.0469502470897421,0.477670369624981,0.0,4.0
6000.0,60.0,0.4791876211938662,0.0474826414510079,0.4791876211938662,0.0,4.0
6200.0,62.0,0.4766074342798209,0.0483431589109102,0.4766074342798209,0.0,4.0
6400.0,64.0,0.4818198980150284,0.0465988472051897,0.4818198980150284,0.0,4.0
6600.0,66.0,0.4848988295831581,0.0467735930229387,0.4848988295831581,0.0,4.0
6700.0,67.0,0.4812340829295075,0.0466425940595976,0.4812340829295075,0.0,4.0
6800.0,68.0,0.4841735779978303,0.0454358849916166,0.4841735779978303,0.0,4.0
7000.0,70.0,0.4813481811934009,0.045289203245244,0.4813481811934009,0.0,4.0
7300.0,73.0,0.4825074889486699,0.0463237509122233,0.4825074889486699,0.0,4.0
7600.0,76.0,0.4817488533785082,0.047808059769055,0.4817488533785082,0.0,4.0
7700.0,77.0,0.4821855564155132,0.0466969796921449,0.4821855564155132,0.0,4.0
7900.0,79.0,0.4800711984773498,0.0470422159844368,0.4800711984773498,0.0,4.0
8000.0,80.0,0.4805683342760019,0.0464533280834209,0.4805683342760019,0.0,4.0
8200.0,82.0,0.4845027995088227,0.0442543646820851,0.4845027995088227,0.0,4.0
8500.0,85.0,0.4887221353667392,0.0437054142039478,0.4887221353667392,0.0,4.0
8800.0,88.0,0.480488425314594,0.047851165558173,0.480488425314594,0.0,4.0
9000.0,90.0,0.4828868903140928,0.0468333654124095,0.4828868903140928,0.0,4.0
9100.0,91.0,0.4837583279649443,0.0468356273562229,0.4837583279649443,0.0,4.0
9200.0,92.0,0.4891720510683826,0.0433560658580018,0.4891720510683826,0.0,4.0
9400.0,94.0,0.4865822821793159,0.042991474468831,0.4865822821793159,0.0,4.0
9600.0,96.0,0.4865613575300199,0.043153507190309,0.4865613575300199,0.0,4.0
9700.0,97.0,0.4884548043807232,0.0425489477048866,0.4884548043807232,0.0,4.0
9900.0,99.0,0.4899551932487426,0.0432103588282242,0.4899551932487426,0.0,4.0
10100.0,101.0,0.4876277012903195,0.0435612820855291,0.4876277012903195,0.0,4.0
10400.0,104.0,0.4896548380100762,0.0440043149201273,0.4896548380100762,0.0,4.0
10700.0,107.0,0.486753942443664,0.045238290759442,0.486753942443664,0.0,4.0
10800.0,108.0,0.4858882071662255,0.0434344848800816,0.4858882071662255,0.0,4.0
10900.0,109.0,0.4900944532431849,0.0428291001080947,0.4900944532431849,0.0,4.0
11300.0,113.0,0.4789915052086451,0.0491570873540118,0.4789915052086451,0.0,4.0
11400.0,114.0,0.4773063768356869,0.0485406190264046,0.4773063768356869,0.0,4.0
11500.0,115.0,0.479218316752101,0.0480481319112312,0.479218316752101,0.0,4.0
11600.0,116.0,0.4803592358416351,0.0480769535739585,0.4803592358416351,0.0,4.0
11700.0,117.0,0.482236783334841,0.0479588756238062,0.482236783334841,0.0,4.0
12000.0,120.0,0.4736507899610668,0.0518896163449798,0.4736507899610668,0.0,4.0
12100.0,121.0,0.476366824941997,0.0488478720798829,0.476366824941997,0.0,4.0
12200.0,122.0,0.4808404478771615,0.0476145872072409,0.4808404478771615,0.0,4.0
12300.0,123.0,0.4785807650980556,0.0475440169729048,0.4785807650980556,0.0,4.0
12400.0,124.0,0.479895301132773,0.0488825486735612,0.479895301132773,0.0,4.0
12500.0,125.0,0.4853136294239562,0.0450765972924449,0.4853136294239562,0.0,4.0
12700.0,127.0,0.483956357683259,0.0446829414926517,0.483956357683259,0.0,4.0
12900.0,129.0,0.4841721511900976,0.0436633907741332,0.4841721511900976,0.0,4.0
13000.0,130.0,0.4877452739350679,0.0422443763220789,0.4877452739350679,0.0,4.0
13100.0,131.0,0.4910877234319272,0.041400371950661,0.4910877234319272,0.0,4.0
13400.0,134.0,0.4867218253962554,0.0440991341268226,0.4867218253962554,0.0,4.0
13500.0,135.0,0.4870485542506558,0.0427704384829013,0.4870485542506558,0.0,4.0
13700.0,137.0,0.486881956958585,0.0419161367144386,0.486881956958585,0.0,4.0
13800.0,138.0,0.4898647539516677,0.0412514392028918,0.4898647539516677,0.0,4.0
13900.0,139.0,0.4919899316475899,0.0396358342696987,0.4919899316475899,0.0,4.0
14000.0,140.0,0.4924882929620386,0.0394932422015453,0.4924882929620386,0.0,4.0
14100.0,141.0,0.4925014869289703,0.0434565589310961,0.4925014869289703,0.0,4.0
14200.0,142.0,0.4882886716318892,0.04228878303089,0.4882886716318892,0.0,4.0
14300.0,143.0,0.4900838167908505,0.0425263627218461,0.4900838167908505,0.0,4.0
14400.0,144.0,0.4921120532272846,0.0404097501862214,0.4921120532272846,0.0,4.0
14600.0,146.0,0.4878539774464492,0.0413339018388938,0.4878539774464492,0.0,4.0
14800.0,148.0,0.4914624269674508,0.0410181228285565,0.4914624269674508,0.0,4.0
14900.0,149.0,0.4925211002311683,0.040811565453221,0.4925211002311683,0.0,4.0
15000.0,150.0,0.4927572302999455,0.0399469721637035,0.4927572302999455,0.0,4.0
15100.0,151.0,0.4946029162498651,0.0396459212613125,0.4946029162498651,0.0,4.0
15200.0,152.0,0.4935925763485711,0.0392460568731055,0.4935925763485711,0.0,4.0
15400.0,154.0,0.4953539227497181,0.0384041462160903,0.4953539227497181,0.0,4.0
15600.0,156.0,0.4869589541574018,0.0401697508846304,0.4869589541574018,0.0,4.0
15700.0,157.0,0.4894264094614827,0.0407772723299218,0.4894264094614827,0.0,4.0
15800.0,158.0,0.4930821452668563,0.03915670642618,0.4930821452668563,0.0,4.0
16000.0,160.0,0.4828014044396012,0.04307767693132,0.4828014044396012,0.0,4.0
16100.0,161.0,0.4874560301046098,0.0431405839472389,0.4874560301046098,0.0,4.0
16200.0,162.0,0.4895372434141705,0.0406577933917739,0.4895372434141705,0.0,4.0
16300.0,163.0,0.4928772185557065,0.0391656362125495,0.4928772185557065,0.0,4.0
16800.0,168.0,0.4860965273175185,0.0429965072927038,0.4860965273175185,0.0,4.0
16900.0,169.0,0.4912084648153157,0.0406028582711231,0.4912084648153157,0.0,4.0
17000.0,170.0,0.4924534944728131,0.0399314996204288,0.4924534944728131,0.0,4.0
17100.0,171.0,0.4927657150844849,0.0398258625375978,0.4927657150844849,0.0,4.0
17300.0,173.0,0.490756231339223,0.0400897741750812,0.490756231339223,0.0,4.0
17700.0,177.0,0.4835719662327909,0.0469975150362441,0.4835719662327909,0.0,4.0
17800.0,178.0,0.4869016275296645,0.0461892569030915,0.4869016275296645,0.0,4.0
18000.0,180.0,0.4837861730748867,0.046193794242206,0.4837861730748867,0.0,4.0
18200.0,182.0,0.4829370764858475,0.0484566495857648,0.4829370764858475,0.0,4.0
18400.0,184.0,0.4758362003417749,0.0497407283758058,0.4758362003417749,0.0,4.0
18500.0,185.0,0.4747556351331828,0.0496137602544008,0.4747556351331828,0.0,4.0
18600.0,186.0,0.4861783857371837,0.0458793419638842,0.4861783857371837,0.0,4.0
18800.0,188.0,0.4897821711374315,0.0453436681879492,0.4897821711374315,0.0,4.0
18900.0,189.0,0.4903006949502754,0.043346106853083,0.4903006949502754,0.0,4.0
19000.0,190.0,0.4892085452084838,0.0430886428059635,0.4892085452084838,0.0,4.0
19100.0,191.0,0.4916023825807352,0.0425103662174457,0.4916023825807352,0.0,4.0
19400.0,194.0,0.4860475507819641,0.045327811245443,0.4860475507819641,0.0,4.0
19500.0,195.0,0.4842812910852398,0.0444552347167467,0.4842812910852398,0.0,4.0
19600.0,196.0,0.4844093659649181,0.0443668608292278,0.4844093659649181,0.0,4.0
19700.0,197.0,0.4866068337270918,0.0439726949790165,0.4866068337270918,0.0,4.0
20000.0,200.0,0.4813413648274771,0.0462589384085781,0.4813413648274771,0.0,4.0
20100.0,201.0,0.4854924438511787,0.0434189354947741,0.4854924438511787,0.0,4.0
20400.0,204.0,0.4809770135645471,0.0431860256524878,0.4809770135645471,0.0,4.0
20500.0,205.0,0.4882657797157331,0.0415769304871585,0.4882657797157331,0.0,4.0
20600.0,206.0,0.4901141343900363,0.0408455721795984,0.4901141343900363,0.0,4.0
21100.0,211.0,0.4845434784984655,0.0429460466299876,0.4845434784984655,0.0,4.0
21200.0,212.0,0.4865854057386541,0.0449293553536864,0.4865854057386541,0.0,4.0
21300.0,213.0,0.4880964385831016,0.0429092706916419,0.4880964385831016,0.0,4.0
21400.0,214.0,0.4904901392301721,0.0408804445614772,0.4904901392301721,0.0,4.0
21500.0,215.0,0.4928543641649328,0.0401325469560279,0.4928543641649328,0.0,4.0
21900.0,219.0,0.4912657344051639,0.0412903593543495,0.4912657344051639,0.0,4.0
22000.0,220.0,0.4921571420125911,0.04153036416221,0.4921571420125911,0.0,4.0
22200.0,222.0,0.4902759747762212,0.0416687963607007,0.4902759747762212,0.0,4.0
22300.0,223.0,0.4922492260286494,0.0410366914868883,0.4922492260286494,0.0,4.0
22400.0,224.0,0.4957718572752856,0.0392133896237636,0.4957718572752856,0.0,4.0
22500.0,225.0,0.492883756754854,0.0385194849069322,0.492883756754854,0.0,4.0
22600.0,226.0,0.4951245619270518,0.0375684298727599,0.4951245619270518,0.0,4.0
22700.0,227.0,0.4955626047237469,0.0376998733634732,0.4955626047237469,0.0,4.0
23100.0,231.0,0.4896005473476733,0.0421833115984023,0.4896005473476733,0.0,4.0
23400.0,234.0,0.4857022076944148,0.0436108229308638,0.4857022076944148,0.0,4.0
23500.0,235.0,0.4866320053306522,0.042997919624001,0.4866320053306522,0.0,4.0
23600.0,236.0,0.4925353580139859,0.0411744668953934,0.4925353580139859,0.0,4.0
23800.0,238.0,0.486986881422435,0.0436741897309025,0.486986881422435,0.0,4.0
23900.0,239.0,0.4884236656295205,0.0437347891701695,0.4884236656295205,0.0,4.0
24100.0,241.0,0.4792707384564815,0.0457094111042435,0.4792707384564815,0.0,4.0
24400.0,244.0,0.4762858865978683,0.0473768577587382,0.4762858865978683,0.0,4.0
24500.0,245.0,0.4800332412436417,0.0455013475907579,0.4800332412436417,0.0,4.0
24700.0,247.0,0.4867032218274704,0.0444134879317297,0.4867032218274704,0.0,4.0
24800.0,248.0,0.4868003927761367,0.0451050730774236,0.4868003927761367,0.0,4.0
25000.0,250.0,0.4832588749050769,0.0468608021326851,0.4832588749050769,0.0,4.0
25100.0,251.0,0.4835347121675207,0.0470145645426728,0.4835347121675207,0.0,4.0
25200.0,252.0,0.4859959263905327,0.0454191764814873,0.4859959263905327,0.0,4.0
25300.0,253.0,0.4868263738544412,0.0440651284830333,0.4868263738544412,0.0,4.0
25500.0,255.0,0.495603653720515,0.0420503407185837,0.495603653720515,0.0,4.0
25700.0,257.0,0.4953678900277408,0.0418710795894984,0.4953678900277408,0.0,4.0
25800.0,258.0,0.4937439254875173,0.0415113026225688,0.4937439254875173,0.0,4.0
25900.0,259.0,0.4934768149005365,0.0414276441333898,0.4934768149005365,0.0,4.0
26000.0,260.0,0.4959935058625242,0.0405190007272024,0.4959935058625242,0.0,4.0
26200.0,262.0,0.4963844341327705,0.0406431252000613,0.4963844341327705,0.0,4.0
26300.0,263.0,0.5003558280194915,0.040298797886221,0.5003558280194915,0.0,4.0
26400.0,264.0,0.4951568477084817,0.0399867483789117,0.4951568477084817,0.0,4.0
26800.0,268.0,0.4846628867688314,0.0443712212375936,0.4846628867688314,0.0,4.0
26900.0,269.0,0.4920775202315485,0.042239838354567,0.4920775202315485,0.0,4.0
27000.0,270.0,0.4929003046636449,0.0416081944911391,0.4929003046636449,0.0,4.0
27100.0,271.0,0.4871038566415475,0.0413186324563994,0.4871038566415475,0.0,4.0
27200.0,272.0,0.4875970238486923,0.0409388003648383,0.4875970238486923,0.0,4.0
27400.0,274.0,0.4875446752674183,0.0430074617374863,0.4875446752674183,0.0,4.0
27600.0,276.0,0.4846270575762192,0.0449368929754151,0.4846270575762192,0.0,4.0
27700.0,277.0,0.4877219004078427,0.0434383449561315,0.4877219004078427,0.0,4.0
27900.0,279.0,0.484737531607509,0.0454731179019561,0.484737531607509,0.0,4.0
28100.0,281.0,0.4905190471190102,0.041828528494424,0.4905190471190102,0.0,4.0
28200.0,282.0,0.495499472983368,0.0391342129955288,0.495499472983368,0.0,4.0
28500.0,285.0,0.4986243612091333,0.0382486372794558,0.4986243612091333,0.0,4.0
29000.0,290.0,0.4923648593341312,0.0408570140932607,0.4923648593341312,0.0,4.0
29400.0,294.0,0.4913237134019695,0.0411261350629171,0.4913237134019695,0.0,4.0
29500.0,295.0,0.490261959683419,0.0409319070936178,0.490261959683419,0.0,4.0
29700.0,297.0,0.4900495792839593,0.0428455044625754,0.4900495792839593,0.0,4.0
29800.0,298.0,0.4907070275186716,0.0431614163080409,0.4907070275186716,0.0,4.0
30100.0,301.0,0.4810419948039722,0.0479862542085918,0.4810419948039722,0.0,4.0
30200.0,302.0,0.4818893717415981,0.0469566641340646,0.4818893717415981,0.0,4.0
30300.0,303.0,0.4875494777648945,0.0430693293367497,0.4875494777648945,0.0,4.0
30400.0,304.0,0.4922306444443959,0.0423326745677046,0.4922306444443959,0.0,4.0
30700.0,307.0,0.4882552139060475,0.0434597803499053,0.4882552139060475,0.0,4.0
30800.0,308.0,0.4928203081729889,0.040943398826014,0.4928203081729889,0.0,4.0
31100.0,311.0,0.4825067619372501,0.0454080875195485,0.4825067619372501,0.0,4.0
31200.0,312.0,0.4895344591008906,0.0430183621507092,0.4895344591008906,0.0,4.0
31600.0,316.0,0.4845041062281023,0.0448169406763511,0.4845041062281023,0.0,4.0
31700.0,317.0,0.4862079218885732,0.0453983528113931,0.4862079218885732,0.0,4.0
31800.0,318.0,0.4882672513965908,0.0437805809829616,0.4882672513965908,0.0,4.0
32100.0,321.0,0.486456867233428,0.0470287428465003,0.486456867233428,0.0,4.0
32200.0,322.0,0.4838211463099511,0.0462101932818306,0.4838211463099511,0.0,4.0
32500.0,325.0,0.4823927908474839,0.0468928171601082,0.4823927908474839,0.0,4.0
32700.0,327.0,0.4818348811323897,0.0462779234783966,0.4818348811323897,0.0,4.0
32800.0,328.0,0.4835444575852619,0.0454427116132042,0.4835444575852619,0.0,4.0
32900.0,329.0,0.4863329258714709,0.0442734085498544,0.4863329258714709,0.0,4.0
33100.0,331.0,0.4853268404188346,0.0441429831653513,0.4853268404188346,0.0,4.0
33200.0,332.0,0.4870968569012827,0.0425943266737746,0.4870968569012827,0.0,4.0
33400.0,334.0,0.4848530489601176,0.0427333980484198,0.4848530489601176,0.0,4.0
33800.0,338.0,0.495727248847119,0.0402708770865391,0.495727248847119,0.0,4.0
34000.0,340.0,0.4937882541366315,0.0405019559208862,0.4937882541366315,0.0,4.0
34100.0,341.0,0.4966700427759779,0.0397330127223693,0.4966700427759779,0.0,4.0
34200.0,342.0,0.4968481957438069,0.0402034375619258,0.4968481957438069,0.0,4.0
34300.0,343.0,0.4973981428873444,0.0389175248816394,0.4973981428873444,0.0,4.0
34600.0,346.0,0.4904768049565162,0.0420621179023808,0.4904768049565162,0.0,4.0
34700.0,347.0,0.4917818287715374,0.0409784704335737,0.4917818287715374,0.0,4.0
34800.0,348.0,0.4909214716882556,0.0409087027047073,0.4909214716882556,0.0,4.0
35100.0,351.0,0.4876749945159113,0.0415419835677532,0.4876749945159113,0.0,4.0
35200.0,352.0,0.4887484204371018,0.0410788529900346,0.4887484204371018,0.0,4.0
35300.0,353.0,0.4952661084738651,0.039686659140406,0.4952661084738651,0.0,4.0
35500.0,355.0,0.4931763067930299,0.0424976687502019,0.4931763067930299,0.0,4.0
35600.0,356.0,0.4949079215344352,0.0407470605756648,0.4949079215344352,0.0,4.0
35700.0,357.0,0.4964204476097133,0.0393862411247084,0.4964204476097133,0.0,4.0
35900.0,359.0,0.4951432155739636,0.0402909903474878,0.4951432155739636,0.0,4.0
36200.0,362.0,0.4849174292287652,0.0427772500018703,0.4849174292287652,0.0,4.0
36300.0,363.0,0.492949475025581,0.0410858533348244,0.492949475025581,0.0,4.0
36500.0,365.0,0.4909520359749791,0.0425482847410264,0.4909520359749791,0.0,4.0
36700.0,367.0,0.491506345846826,0.042586658764964,0.491506345846826,0.0,4.0
36800.0,368.0,0.4940909597735218,0.0412210237605792,0.4940909597735218,0.0,4.0
37000.0,370.0,0.492882371196674,0.042810266805954,0.492882371196674,0.0,4.0
37200.0,372.0,0.4973165018409234,0.039862004143921,0.4973165018409234,0.0,4.0
37300.0,373.0,0.4973099142828577,0.0393500508770648,0.4973099142828577,0.0,4.0
37600.0,376.0,0.49041119166912,0.0408209460007019,0.49041119166912,0.0,4.0
37900.0,379.0,0.4883499461912033,0.0426417836617442,0.4883499461912033,0.0,4.0
38000.0,380.0,0.4921063883964232,0.0407088258031885,0.4921063883964232,0.0,4.0
38200.0,382.0,0.491504629899403,0.040356716111674,0.491504629899403,0.0,4.0
38300.0,383.0,0.4931559390447744,0.040220904174863,0.4931559390447744,0.0,4.0
38400.0,384.0,0.4947956636580151,0.0397873447598349,0.4947956636580151,0.0,4.0
38500.0,385.0,0.4960312004513172,0.0381585954057603,0.4960312004513172,0.0,4.0
38700.0,387.0,0.4956695169002841,0.0390514324433556,0.4956695169002841,0.0,4.0
38800.0,388.0,0.4957744555618559,0.0385171828233022,0.4957744555618559,0.0,4.0
39000.0,390.0,0.4946359798888443,0.0383539786215935,0.4946359798888443,0.0,4.0
39100.0,391.0,0.5005848320384234,0.036033811727635,0.5005848320384234,0.0,4.0
39400.0,394.0,0.4902573872237722,0.0396122160323155,0.4902573872237722,0.0,4.0
39500.0,395.0,0.490189937111535,0.0390871244156968,0.490189937111535,0.0,4.0
39600.0,396.0,0.4903262033836142,0.0400565040612739,0.4903262033836142,0.0,4.0
39900.0,399.0,0.4897794184009484,0.0409654571226217,0.4897794184009484,0.0,4.0
40000.0,400.0,0.4900324170577042,0.041091254613566,0.4900324170577042,0.0,4.0
40300.0,403.0,0.4884085682887201,0.041272238045263,0.4884085682887201,0.0,4.0
40400.0,404.0,0.4891496560943568,0.0412957354462732,0.4891496560943568,0.0,4.0
40600.0,406.0,0.4844322986372383,0.0422597490793181,0.4844322986372383,0.0,4.0
40800.0,408.0,0.4858511332497088,0.0427226339739769,0.4858511332497088,0.0,4.0
40900.0,409.0,0.4918640751059374,0.040692916864521,0.4918640751059374,0.0,4.0
41100.0,411.0,0.4953528457345493,0.0400803538384589,0.4953528457345493,0.0,4.0
41500.0,415.0,0.4830077716976291,0.0457220944145661,0.4830077716976291,0.0,4.0
41700.0,417.0,0.4859316322839022,0.0463726580895949,0.4859316322839022,0.0,4.0
41800.0,418.0,0.4843793186230018,0.0453244690761632,0.4843793186230018,0.0,4.0
41900.0,419.0,0.4886583306753033,0.0445038477430005,0.4886583306753033,0.0,4.0
42100.0,421.0,0.479163908498867,0.0474879083486067,0.479163908498867,0.0,4.0
42200.0,422.0,0.4827183017613154,0.0444798524349888,0.4827183017613154,0.0,4.0
42300.0,423.0,0.4835706673519168,0.0436246185157828,0.4835706673519168,0.0,4.0
42400.0,424.0,0.4851112408938438,0.0444120621368187,0.4851112408938438,0.0,4.0
42500.0,425.0,0.4862608957778385,0.0456853840597013,0.4862608957778385,0.0,4.0
42700.0,427.0,0.4855104897494129,0.0444173041143568,0.4855104897494129,0.0,4.0
42900.0,429.0,0.4858120822194974,0.0451654379204863,0.4858120822194974,0.0,4.0
43000.0,430.0,0.4858286085246817,0.0442817888438727,0.4858286085246817,0.0,4.0
43100.0,431.0,0.4864259425216436,0.0441329670280988,0.4864259425216436,0.0,4.0
43200.0,432.0,0.4886108739767955,0.044195734607813,0.4886108739767955,0.0,4.0
43300.0,433.0,0.4885324803419384,0.0436216781306579,0.4885324803419384,0.0,4.0
43400.0,434.0,0.4901849781350152,0.0435471517213005,0.4901849781350152,0.0,4.0
43500.0,435.0,0.4901079723461471,0.0429425570364859,0.4901079723461471,0.0,4.0
43800.0,438.0,0.4858775169847389,0.043819697011081,0.4858775169847389,0.0,4.0
43900.0,439.0,0.4885085912984887,0.042485145474041,0.4885085912984887,0.0,4.0
44200.0,442.0,0.4851352276183767,0.0440247353304496,0.4851352276183767,0.0,4.0
44400.0,444.0,0.4855784262455987,0.0444282463436285,0.4855784262455987,0.0,4.0
44600.0,446.0,0.4876810648712549,0.0442700448064237,0.4876810648712549,0.0,4.0
44700.0,447.0,0.4881119422500183,0.0434730092789892,0.4881119422500183,0.0,4.0
44800.0,448.0,0.4979896816954914,0.0399882614932593,0.4979896816954914,0.0,4.0
44900.0,449.0,0.49990547651183,0.0389090089570434,0.49990547651183,0.0,4.0
45100.0,451.0,0.4953679902919016,0.0422327416576088,0.4953679902919016,0.0,4.0
45200.0,452.0,0.4953626972823007,0.0414396063157163,0.4953626972823007,0.0,4.0
45500.0,455.0,0.4983224715826945,0.0408081106920211,0.4983224715826945,0.0,4.0
45600.0,456.0,0.4965247681589533,0.0402121266225348,0.4965247681589533,0.0,4.0
45900.0,459.0,0.4967673677552597,0.0411119612072402,0.4967673677552597,0.0,4.0
46000.0,460.0,0.4953877993190744,0.0409721852866634,0.4953877993190744,0.0,4.0
46300.0,463.0,0.4940411726399347,0.0430466062475067,0.4940411726399347,0.0,4.0
46500.0,465.0,0.4918816252089072,0.0419901737284149,0.4918816252089072,0.0,4.0
46700.0,467.0,0.4895019669337779,0.041562731136463,0.4895019669337779,0.0,4.0
46900.0,469.0,0.4855487625079357,0.0422681373065544,0.4855487625079357,0.0,4.0
47000.0,470.0,0.4864585823954221,0.0414536519905283,0.4864585823954221,0.0,4.0
47200.0,472.0,0.4875387232927213,0.04315219937494,0.4875387232927213,0.0,4.0
47400.0,474.0,0.48688335450353,0.0442405510145722,0.48688335450353,0.0,4.0
47600.0,476.0,0.4859720095426252,0.0442278108554371,0.4859720095426252,0.0,4.0
47800.0,478.0,0.4802476125613443,0.0462183369988271,0.4802476125613443,0.0,4.0
47900.0,479.0,0.4859514335228004,0.0432547241129881,0.4859514335228004,0.0,4.0
48100.0,481.0,0.4848557748887909,0.0444359239822982,0.4848557748887909,0.0,4.0
48300.0,483.0,0.4841160541041899,0.0446746919476677,0.4841160541041899,0.0,4.0
48400.0,484.0,0.4905989765149594,0.0417209051800804,0.4905989765149594,0.0,4.0
48500.0,485.0,0.4942516872474867,0.0413360943660216,0.4942516872474867,0.0,4.0
48600.0,486.0,0.4984160420415096,0.0386103546791005,0.4984160420415096,0.0,4.0
48800.0,488.0,0.4959284876090787,0.0398763438234578,0.4959284876090787,0.0,4.0
49000.0,490.0,0.4888223048878832,0.0427165775349142,0.4888223048878832,0.0,4.0
49100.0,491.0,0.4907244346637052,0.0429339982686694,0.4907244346637052,0.0,4.0
49400.0,494.0,0.4879722418848057,0.0431185033946292,0.4879722418848057,0.0,4.0
49500.0,495.0,0.4901797016218398,0.0417167439228264,0.4901797016218398,0.0,4.0
49700.0,497.0,0.4870382979957034,0.0420689865370623,0.4870382979957034,0.0,4.0
49900.0,499.0,0.4886824565623353,0.0446913082690367,0.4886824565623353,0.0,4.0
50000.0,500.0,0.489943965579081,0.0419623485106975,0.489943965579081,0.0,4.0
50100.0,501.0,0.4917144016803987,0.0419970895061523,0.4917144016803987,0.0,4.0
50400.0,504.0,0.4884340628737941,0.0439516890452041,0.4884340628737941,0.0,4.0
50500.0,505.0,0.4890845287683448,0.0449804094292713,0.4890845287683448,0.0,4.0
50600.0,506.0,0.4897731594902801,0.0441575259240069,0.4897731594902801,0.0,4.0
50700.0,507.0,0.4902390806108214,0.0449025138629329,0.4902390806108214,0.0,4.0
50900.0,509.0,0.4916408633322509,0.0438917584206728,0.4916408633322509,0.0,4.0
51100.0,511.0,0.4885064956338084,0.0446355405008646,0.4885064956338084,0.0,4.0
51200.0,512.0,0.4917300099222003,0.0436704086926347,0.4917300099222003,0.0,4.0
51500.0,515.0,0.4891881450564,0.0440435327432236,0.4891881450564,0.0,4.0
51600.0,516.0,0.4949347736142831,0.0421131007920085,0.4949347736142831,0.0,4.0
51700.0,517.0,0.4965944159775888,0.0403360280463102,0.4965944159775888,0.0,4.0
51800.0,518.0,0.4978026363932508,0.0404752546150955,0.4978026363932508,0.0,4.0
52000.0,520.0,0.4945911888190403,0.0417638559189734,0.4945911888190403,0.0,4.0
52200.0,522.0,0.4940126451508347,0.0419401841283656,0.4940126451508347,0.0,4.0
52400.0,524.0,0.4935254211025954,0.0417926111872101,0.4935254211025954,0.0,4.0
52500.0,525.0,0.4935562035189966,0.0406165572021797,0.4935562035189966,0.0,4.0
52800.0,528.0,0.490586204194283,0.0414255017338595,0.490586204194283,0.0,4.0
52900.0,529.0,0.4843272984706055,0.0399113841679034,0.4843272984706055,0.0,4.0
53000.0,530.0,0.4902717237899973,0.0388916624378514,0.4902717237899973,0.0,4.0
53300.0,533.0,0.4872481361878166,0.0392821736044725,0.4872481361878166,0.0,4.0
53500.0,535.0,0.4935558945473874,0.0377152687411713,0.4935558945473874,0.0,4.0
53600.0,536.0,0.4953944160462496,0.0367102112994112,0.4953944160462496,0.0,4.0
53700.0,537.0,0.4955180602892053,0.0365594718918404,0.4955180602892053,0.0,4.0
54000.0,540.0,0.4975073317831155,0.0380874046887879,0.4975073317831155,0.0,4.0
54200.0,542.0,0.4914247863357882,0.0417351241567263,0.4914247863357882,0.0,4.0
54500.0,545.0,0.4955892582080377,0.0394973853335794,0.4955892582080377,0.0,4.0
54600.0,546.0,0.4958153359708844,0.0395612590160034,0.4958153359708844,0.0,4.0
54800.0,548.0,0.4948019604403196,0.0401493345753982,0.4948019604403196,0.0,4.0
55000.0,550.0,0.4921483975249622,0.0437311024715316,0.4921483975249622,0.0,4.0
55100.0,551.0,0.4909336523415257,0.0436965117571257,0.4909336523415257,0.0,4.0
55300.0,553.0,0.4787279935317957,0.0453561482410452,0.4787279935317957,0.0,4.0
55400.0,554.0,0.4842523753262534,0.0433220272923362,0.4842523753262534,0.0,4.0
55500.0,555.0,0.4937013506827835,0.0423730008950543,0.4937013506827835,0.0,4.0
55700.0,557.0,0.4908894524000148,0.0406970617177466,0.4908894524000148,0.0,4.0
55800.0,558.0,0.4935359294291884,0.0385751496331416,0.4935359294291884,0.0,4.0
56000.0,560.0,0.4955549158710675,0.0410867295048635,0.4955549158710675,0.0,4.0
56100.0,561.0,0.4966473158575891,0.040396687296366,0.4966473158575891,0.0,4.0
56200.0,562.0,0.4872498899036889,0.039771190707259,0.4872498899036889,0.0,4.0
56300.0,563.0,0.4891754917536388,0.040318744674737,0.4891754917536388,0.0,4.0
56500.0,565.0,0.4932994870205089,0.0396742412055973,0.4932994870205089,0.0,4.0
56800.0,568.0,0.4793666588009732,0.0466742591460287,0.4793666588009732,0.0,4.0
56900.0,569.0,0.4846248372628748,0.0437423159734937,0.4846248372628748,0.0,4.0
57100.0,571.0,0.4821982599458418,0.0465169955407593,0.4821982599458418,0.0,4.0
57200.0,572.0,0.4875064061929491,0.04308668048613,0.4875064061929491,0.0,4.0
57400.0,574.0,0.482292401819387,0.0444223927737348,0.482292401819387,0.0,4.0
57700.0,577.0,0.4835486761148632,0.0438515432188531,0.4835486761148632,0.0,4.0
57800.0,578.0,0.4866563829153231,0.0449030633955887,0.4866563829153231,0.0,4.0
57900.0,579.0,0.488600756188723,0.0444989365719942,0.488600756188723,0.0,4.0
58000.0,580.0,0.4895376263706951,0.0456544531137276,0.4895376263706951,0.0,4.0
58100.0,581.0,0.4889268159226085,0.0426604726581871,0.4889268159226085,0.0,4.0
58200.0,582.0,0.496842326501178,0.041364031189364,0.496842326501178,0.0,4.0
58400.0,584.0,0.4932163250250939,0.0425551080936091,0.4932163250250939,0.0,4.0
58700.0,587.0,0.4925843596100945,0.0434146576220757,0.4925843596100945,0.0,4.0
58800.0,588.0,0.4916099271989637,0.041982641861874,0.4916099271989637,0.0,4.0
59100.0,591.0,0.4856150693133859,0.0449098414678902,0.4856150693133859,0.0,4.0
59300.0,593.0,0.4893232082783447,0.0443836226400799,0.4893232082783447,0.0,4.0
59400.0,594.0,0.4908803107627676,0.0426615586300003,0.4908803107627676,0.0,4.0
59600.0,596.0,0.4913261667761093,0.0421803577763091,0.4913261667761093,0.0,4.0
59700.0,597.0,0.4957145036118058,0.0405127607277531,0.4957145036118058,0.0,4.0
59800.0,598.0,0.4965737927472328,0.0386862187504131,0.4965737927472328,0.0,4.0
60000.0,600.0,0.4903728296176858,0.0415115998353792,0.4903728296176858,0.0,4.0
60300.0,603.0,0.4947957103319063,0.040763682600101,0.4947957103319063,0.0,4.0
60600.0,606.0,0.4927591173036554,0.0426914980845662,0.4927591173036554,0.0,4.0
60800.0,608.0,0.4885646856071736,0.0434689217140543,0.4885646856071736,0.0,4.0
60900.0,609.0,0.4907464361014261,0.0424478376430459,0.4907464361014261,0.0,4.0
61100.0,611.0,0.4894020962120469,0.0450135711042418,0.4894020962120469,0.0,4.0
61200.0,612.0,0.4901487291299345,0.044902836317507,0.4901487291299345,0.0,4.0
61300.0,613.0,0.4905069340694132,0.0429037414566758,0.4905069340694132,0.0,4.0
61400.0,614.0,0.4930665903435216,0.0413434125199295,0.4930665903435216,0.0,4.0
61800.0,618.0,0.4903029913372039,0.0447940858012361,0.4903029913372039,0.0,4.0
61900.0,619.0,0.4932472897824561,0.0429844391722543,0.4932472897824561,0.0,4.0
62000.0,620.0,0.4958777272386665,0.0421122011785692,0.4958777272386665,0.0,4.0
62100.0,621.0,0.4997833290688251,0.0400865598981066,0.4997833290688251,0.0,4.0
62300.0,623.0,0.498653469165893,0.0411170589498588,0.498653469165893,0.0,4.0
62400.0,624.0,0.4984395389485472,0.0410398759352881,0.4984395389485472,0.0,4.0
62500.0,625.0,0.4991981918951851,0.0399898410217216,0.4991981918951851,0.0,4.0
62600.0,626.0,0.5001546538118828,0.0386684951123435,0.5001546538118828,0.0,4.0
62700.0,627.0,0.4983603712986339,0.0386653884508577,0.4983603712986339,0.0,4.0
62800.0,628.0,0.5010174439951139,0.038577781127022,0.5010174439951139,0.0,4.0
62900.0,629.0,0.498822120673461,0.0384268892833814,0.498822120673461,0.0,4.0
63200.0,632.0,0.491512332875634,0.0412828946520016,0.491512332875634,0.0,4.0
63400.0,634.0,0.4912231034694015,0.0429818252822133,0.4912231034694015,0.0,4.0
63500.0,635.0,0.4970726575538968,0.0404554609518462,0.4970726575538968,0.0,4.0
63600.0,636.0,0.4972916078565991,0.0408815766905938,0.4972916078565991,0.0,4.0
63800.0,638.0,0.4974824915068647,0.0419396782231494,0.4974824915068647,0.0,4.0
63900.0,639.0,0.4975887251069552,0.0403002722473431,0.4975887251069552,0.0,4.0
64100.0,641.0,0.4988784501067251,0.0395352557234151,0.4988784501067251,0.0,4.0
64300.0,643.0,0.4986109077623224,0.0400371202459806,0.4986109077623224,0.0,4.0
64500.0,645.0,0.4963282037230637,0.041927650897273,0.4963282037230637,0.0,4.0
64700.0,647.0,0.4944664043971727,0.0423933064380029,0.4944664043971727,0.0,4.0
65100.0,651.0,0.4881479833576599,0.0444617635698295,0.4881479833576599,0.0,4.0
65300.0,653.0,0.4874895667905987,0.0469132214380492,0.4874895667905987,0.0,4.0
65400.0,654.0,0.4873662643493274,0.0464762000819346,0.4873662643493274,0.0,4.0
65500.0,655.0,0.4832449809343528,0.0455761704144817,0.4832449809343528,0.0,4.0
65700.0,657.0,0.4816560154276109,0.0487449734226768,0.4816560154276109,0.0,4.0
65800.0,658.0,0.4822461576760547,0.0485798843143751,0.4822461576760547,0.0,4.0
66100.0,661.0,0.4815309119062348,0.047807021915283,0.4815309119062348,0.0,4.0
66200.0,662.0,0.4834439162351585,0.0476282628354081,0.4834439162351585,0.0,4.0
66300.0,663.0,0.48489313143491,0.0470617692836325,0.48489313143491,0.0,4.0
66500.0,665.0,0.480567180978584,0.0494883001348955,0.480567180978584,0.0,4.0
66600.0,666.0,0.4843866327674045,0.0468329269308029,0.4843866327674045,0.0,4.0
66800.0,668.0,0.482802196930046,0.0485764413237313,0.482802196930046,0.0,4.0
66900.0,669.0,0.4862614904153555,0.0465391162000038,0.4862614904153555,0.0,4.0
67000.0,670.0,0.4902015032358537,0.0443360474257864,0.4902015032358537,0.0,4.0
67400.0,674.0,0.483141979931321,0.0492744395532035,0.483141979931321,0.0,4.0
67500.0,675.0,0.4884477320067947,0.0449615198213079,0.4884477320067947,0.0,4.0
67600.0,676.0,0.4903138779726873,0.0441303124562009,0.4903138779726873,0.0,4.0
67700.0,677.0,0.4905469805632231,0.0435736409406631,0.4905469805632231,0.0,4.0
67800.0,678.0,0.4896175374051842,0.0435490918132534,0.4896175374051842,0.0,4.0
68000.0,680.0,0.4859839138756499,0.0448276537427541,0.4859839138756499,0.0,4.0
68100.0,681.0,0.4921734779074554,0.0425868305881327,0.4921734779074554,0.0,4.0
68400.0,684.0,0.4868883899092282,0.0443527388194338,0.4868883899092282,0.0,4.0
68700.0,687.0,0.4793750966979229,0.0496992618998554,0.4793750966979229,0.0,4.0
68800.0,688.0,0.4785987228259196,0.0491880043049103,0.4785987228259196,0.0,4.0
68900.0,689.0,0.4831774502063684,0.0471563186734496,0.4831774502063684,0.0,4.0
69000.0,690.0,0.4831811076887871,0.0454412888260063,0.4831811076887871,0.0,4.0
69100.0,691.0,0.4861097422060882,0.0448268824836819,0.4861097422060882,0.0,4.0
69400.0,694.0,0.4857777260568988,0.0455694699550612,0.4857777260568988,0.0,4.0
69500.0,695.0,0.4859796469064475,0.0442390801337644,0.4859796469064475,0.0,4.0
69600.0,696.0,0.4883738487461551,0.0429649348522842,0.4883738487461551,0.0,4.0
69700.0,697.0,0.4904290158686814,0.0412482755555074,0.4904290158686814,0.0,4.0
69800.0,698.0,0.4929770315325291,0.0404911011476516,0.4929770315325291,0.0,4.0
69900.0,699.0,0.4931826644213845,0.0412400175422228,0.4931826644213845,0.0,4.0
100.0,1.0,0.2154362859397663,0.2695786383911682,0.2154362859397663,0.0,5.0
200.0,2.0,0.2607472031532771,0.2038589175234953,0.2607472031532771,0.0,5.0
300.0,3.0,0.313574484852172,0.1526180287877879,0.313574484852172,0.0,5.0
400.0,4.0,0.3590002786762742,0.1343293621938792,0.3590002786762742,0.0,5.0
500.0,5.0,0.3844514319476558,0.1163160800980371,0.3844514319476558,0.0,5.0
600.0,6.0,0.3975278939716406,0.1055774802344578,0.3975278939716406,0.0,5.0
700.0,7.0,0.4125379522349007,0.0954140360147522,0.4125379522349007,0.0,5.0
800.0,8.0,0.4231851079102062,0.08841498076733,0.4231851079102062,0.0,5.0
900.0,9.0,0.4293327228458357,0.0847137128012669,0.4293327228458357,0.0,5.0
1000.0,10.0,0.4347912795496483,0.0824435646853358,0.4347912795496483,0.0,5.0
1100.0,11.0,0.4405158400083205,0.0790218440078612,0.4405158400083205,0.0,5.0
1200.0,12.0,0.4473060122640157,0.0761708676196586,0.4473060122640157,0.0,5.0
1400.0,14.0,0.4496357975816094,0.0735805105538301,0.4496357975816094,0.0,5.0
1500.0,15.0,0.4512136149927199,0.0728895531017039,0.4512136149927199,0.0,5.0
1600.0,16.0,0.4527173635876948,0.0690935481017344,0.4527173635876948,0.0,5.0
1700.0,17.0,0.4611093495873093,0.0640583939558764,0.4611093495873093,0.0,5.0
1900.0,19.0,0.4637920391569494,0.0636543069005007,0.4637920391569494,0.0,5.0
2000.0,20.0,0.4614309443673457,0.063289180235499,0.4614309443673457,0.0,5.0
2100.0,21.0,0.4624875342280699,0.0627971436441191,0.4624875342280699,0.0,5.0
2300.0,23.0,0.464486690557974,0.0618568120748775,0.464486690557974,0.0,5.0
2400.0,24.0,0.4657403077344,0.0611805556601966,0.4657403077344,0.0,5.0
2500.0,25.0,0.4682192637078099,0.0587539422066817,0.4682192637078099,0.0,5.0
2600.0,26.0,0.4678561133682893,0.0587011838009402,0.4678561133682893,0.0,5.0
2700.0,27.0,0.4682645796190536,0.0591681609254446,0.4682645796190536,0.0,5.0
2800.0,28.0,0.4687540847002359,0.0586251195783933,0.4687540847002359,0.0,5.0
2900.0,29.0,0.4694471791682538,0.0585946381839557,0.4694471791682538,0.0,5.0
3000.0,30.0,0.4712281995831969,0.056768660440343,0.4712281995831969,0.0,5.0
3300.0,33.0,0.4676152361000126,0.0585550249153895,0.4676152361000126,0.0,5.0
3400.0,34.0,0.4710034835643411,0.0555651502078648,0.4710034835643411,0.0,5.0
3600.0,36.0,0.4719581864261435,0.0564669477844518,0.4719581864261435,0.0,5.0
3700.0,37.0,0.4736759282338888,0.0539351014734525,0.4736759282338888,0.0,5.0
3900.0,39.0,0.4707867170751164,0.0543703273932507,0.4707867170751164,0.0,5.0
4000.0,40.0,0.4731156196798042,0.0532081941990547,0.4731156196798042,0.0,5.0
4200.0,42.0,0.4795615590209426,0.0511344554198054,0.4795615590209426,0.0,5.0
4300.0,43.0,0.479796384657654,0.0526172206504198,0.479796384657654,0.0,5.0
4500.0,45.0,0.4761386183226959,0.053697134767243,0.4761386183226959,0.0,5.0
4700.0,47.0,0.4795859641178117,0.0517586858837925,0.4795859641178117,0.0,5.0
4900.0,49.0,0.483657890550233,0.0504477371694674,0.483657890550233,0.0,5.0
5000.0,50.0,0.4842265548881868,0.0501066784300876,0.4842265548881868,0.0,5.0
5100.0,51.0,0.4854903382690574,0.0479193462963938,0.4854903382690574,0.0,5.0
5200.0,52.0,0.4860631287856913,0.0470344294538518,0.4860631287856913,0.0,5.0
5500.0,55.0,0.4777417021924315,0.0490944576903175,0.4777417021924315,0.0,5.0
5600.0,56.0,0.4829396135745791,0.0484615056947654,0.4829396135745791,0.0,5.0
5700.0,57.0,0.4854831344197033,0.04669939831094,0.4854831344197033,0.0,5.0
5900.0,59.0,0.4818521756036337,0.0476729921732065,0.4818521756036337,0.0,5.0
6100.0,61.0,0.476911535825451,0.0508361696968639,0.476911535825451,0.0,5.0
6200.0,62.0,0.4810420121567356,0.0496624742203748,0.4810420121567356,0.0,5.0
6300.0,63.0,0.4882714701384598,0.0468220592388202,0.4882714701384598,0.0,5.0
6400.0,64.0,0.4912588199079287,0.0451592713388823,0.4912588199079287,0.0,5.0
6600.0,66.0,0.4809451132125577,0.0471498591608809,0.4809451132125577,0.0,5.0
6700.0,67.0,0.4794631712147024,0.0463094838068373,0.4794631712147024,0.0,5.0
6900.0,69.0,0.4770648305190144,0.0498531130066463,0.4770648305190144,0.0,5.0
7100.0,71.0,0.4789837068137219,0.0493886575243189,0.4789837068137219,0.0,5.0
7200.0,72.0,0.4787537277483139,0.0472701039658986,0.4787537277483139,0.0,5.0
7300.0,73.0,0.4787744395414143,0.0483607924754685,0.4787744395414143,0.0,5.0
7400.0,74.0,0.4789431514636748,0.0477171798878224,0.4789431514636748,0.0,5.0
7500.0,75.0,0.4804537302126533,0.0481215945945208,0.4804537302126533,0.0,5.0
7800.0,78.0,0.4705105006706511,0.0506765148798956,0.4705105006706511,0.0,5.0
7900.0,79.0,0.4754605833253189,0.0491923406320077,0.4754605833253189,0.0,5.0
8100.0,81.0,0.4720989924316957,0.0506578764988529,0.4720989924316957,0.0,5.0
8200.0,82.0,0.4741281287096349,0.0524533586988894,0.4741281287096349,0.0,5.0
8300.0,83.0,0.4809290663804779,0.0492699992716289,0.4809290663804779,0.0,5.0
8600.0,86.0,0.4765327743406563,0.0504573908146856,0.4765327743406563,0.0,5.0
8700.0,87.0,0.4764986830763343,0.0479932989084358,0.4764986830763343,0.0,5.0
8800.0,88.0,0.4858155722292958,0.0465235235326608,0.4858155722292958,0.0,5.0
8900.0,89.0,0.4811241016074598,0.0461821085203739,0.4811241016074598,0.0,5.0
9100.0,91.0,0.4796710366369055,0.049656516213694,0.4796710366369055,0.0,5.0
9200.0,92.0,0.4795950111980787,0.0490559150877847,0.4795950111980787,0.0,5.0
9300.0,93.0,0.4829453105313125,0.0485496742589108,0.4829453105313125,0.0,5.0
9400.0,94.0,0.4846282448416863,0.0473415253651638,0.4846282448416863,0.0,5.0
9700.0,97.0,0.4829637250307909,0.0490012529043757,0.4829637250307909,0.0,5.0
9900.0,99.0,0.4852862043406813,0.0474008499029918,0.4852862043406813,0.0,5.0
10000.0,100.0,0.4892901804647186,0.0470854153051633,0.4892901804647186,0.0,5.0
10100.0,101.0,0.4908264316599316,0.0454639858004233,0.4908264316599316,0.0,5.0
10200.0,102.0,0.4918529974289226,0.0453013859392518,0.4918529974289226,0.0,5.0
10400.0,104.0,0.4917600990994015,0.0449140867654297,0.4917600990994015,0.0,5.0
10600.0,106.0,0.4858148718188283,0.0466755560691207,0.4858148718188283,0.0,5.0
10700.0,107.0,0.4934903973892938,0.0427830799303071,0.4934903973892938,0.0,5.0
10800.0,108.0,0.4945377598293302,0.0428612798854148,0.4945377598293302,0.0,5.0
11000.0,110.0,0.4971765378686845,0.0417247587745667,0.4971765378686845,0.0,5.0
11300.0,113.0,0.4908264246598181,0.0447624413134477,0.4908264246598181,0.0,5.0
11500.0,115.0,0.4892267877769775,0.0449352838749392,0.4892267877769775,0.0,5.0
11700.0,117.0,0.4911777678350453,0.0437354917153479,0.4911777678350453,0.0,5.0
11800.0,118.0,0.491778620187012,0.0431308277072864,0.491778620187012,0.0,5.0
12000.0,120.0,0.4941917871854082,0.0431660572159079,0.4941917871854082,0.0,5.0
12100.0,121.0,0.4953392972986872,0.0422699511476245,0.4953392972986872,0.0,5.0
12200.0,122.0,0.497490242711405,0.0405002938759626,0.497490242711405,0.0,5.0
12300.0,123.0,0.4958189569033515,0.0403270853916404,0.4958189569033515,0.0,5.0
12600.0,126.0,0.4930384268775973,0.0426692492617366,0.4930384268775973,0.0,5.0
12700.0,127.0,0.4979621508151269,0.0402999879396053,0.4979621508151269,0.0,5.0
12900.0,129.0,0.4961928377055937,0.0403411449921185,0.4961928377055937,0.0,5.0
13000.0,130.0,0.4970688881418784,0.0396723835667832,0.4970688881418784,0.0,5.0
13200.0,132.0,0.4921107284003692,0.0424526205292919,0.4921107284003692,0.0,5.0
13400.0,134.0,0.4904004262140045,0.0422634681379633,0.4904004262140045,0.0,5.0
13600.0,136.0,0.490354142791792,0.0423975750765112,0.490354142791792,0.0,5.0
13800.0,138.0,0.4853186656168364,0.0460976953217145,0.4853186656168364,0.0,5.0
13900.0,139.0,0.4786488759060778,0.0455848066411162,0.4786488759060778,0.0,5.0
14000.0,140.0,0.4818169319069069,0.0465143425111905,0.4818169319069069,0.0,5.0
14200.0,142.0,0.4788776341220268,0.0466145215965821,0.4788776341220268,0.0,5.0
14300.0,143.0,0.4806024151667071,0.0460074288447648,0.4806024151667071,0.0,5.0
14400.0,144.0,0.4820971478873053,0.0441882547813219,0.4820971478873053,0.0,5.0
14500.0,145.0,0.4824926074514171,0.0437450598503267,0.4824926074514171,0.0,5.0
14800.0,148.0,0.4804327597620175,0.0451152571517012,0.4804327597620175,0.0,5.0
14900.0,149.0,0.4848521197111293,0.0446959465752702,0.4848521197111293,0.0,5.0
15000.0,150.0,0.4846574407240211,0.0444676274428116,0.4846574407240211,0.0,5.0
15100.0,151.0,0.486992685665183,0.0428690831344745,0.486992685665183,0.0,5.0
15200.0,152.0,0.4900326818887586,0.042139876388565,0.4900326818887586,0.0,5.0
15300.0,153.0,0.4904158474892908,0.0420280910677384,0.4904158474892908,0.0,5.0
15500.0,155.0,0.4868871188006732,0.044313022517437,0.4868871188006732,0.0,5.0
15600.0,156.0,0.4869098153935541,0.0432538897340443,0.4869098153935541,0.0,5.0
15700.0,157.0,0.4882076435284811,0.0434574361257643,0.4882076435284811,0.0,5.0
15800.0,158.0,0.4919659392846219,0.0426604186806319,0.4919659392846219,0.0,5.0
15900.0,159.0,0.4918893710632877,0.0412406644410923,0.4918893710632877,0.0,5.0
16100.0,161.0,0.4923420353453915,0.0408220430129428,0.4923420353453915,0.0,5.0
16300.0,163.0,0.4913019731888919,0.0427465552929666,0.4913019731888919,0.0,5.0
16400.0,164.0,0.4962044386035807,0.0403432667915092,0.4962044386035807,0.0,5.0
16500.0,165.0,0.5008935163485612,0.039482175406816,0.5008935163485612,0.0,5.0
16900.0,169.0,0.4887012368435235,0.0454695592619409,0.4887012368435235,0.0,5.0
17000.0,170.0,0.4919349600017617,0.0434977957118592,0.4919349600017617,0.0,5.0
17200.0,172.0,0.4866811792218017,0.0429648732048088,0.4866811792218017,0.0,5.0
17300.0,173.0,0.4871959159754203,0.0443546036654852,0.4871959159754203,0.0,5.0
17500.0,175.0,0.4866291273932475,0.0445503246671302,0.4866291273932475,0.0,5.0
17600.0,176.0,0.4920589886670599,0.0418168240271713,0.4920589886670599,0.0,5.0
17700.0,177.0,0.4924099307346982,0.0419244717770648,0.4924099307346982,0.0,5.0
18000.0,180.0,0.4943352192047497,0.0420170248952696,0.4943352192047497,0.0,5.0
18100.0,181.0,0.4962606730811831,0.041489498046452,0.4962606730811831,0.0,5.0
18300.0,183.0,0.4938034569942204,0.0402385452747001,0.4938034569942204,0.0,5.0
18800.0,188.0,0.4829481152075368,0.0456081419089178,0.4829481152075368,0.0,5.0
18900.0,189.0,0.4858316778506069,0.0446148622628932,0.4858316778506069,0.0,5.0
19000.0,190.0,0.4860968681504815,0.045361822144424,0.4860968681504815,0.0,5.0
19100.0,191.0,0.4898331119179315,0.0415975376963669,0.4898331119179315,0.0,5.0
19200.0,192.0,0.4921612624854468,0.0420952910662876,0.4921612624854468,0.0,5.0
19300.0,193.0,0.4922605440018055,0.0408636322149708,0.4922605440018055,0.0,5.0
19400.0,194.0,0.4947016400024402,0.0389536682099482,0.4947016400024402,0.0,5.0
19600.0,196.0,0.4939550474194335,0.0405586519472751,0.4939550474194335,0.0,5.0
19800.0,198.0,0.4889818331378308,0.0437322470387907,0.4889818331378308,0.0,5.0
20100.0,201.0,0.4898418280620358,0.0442872743880015,0.4898418280620358,0.0,5.0
20200.0,202.0,0.4924675671189994,0.0427304394389257,0.4924675671189994,0.0,5.0
20400.0,204.0,0.4904297053745718,0.0441635902007907,0.4904297053745718,0.0,5.0
20500.0,205.0,0.4906992131264735,0.0436161701759246,0.4906992131264735,0.0,5.0
20600.0,206.0,0.4916029706046823,0.0424753960304051,0.4916029706046823,0.0,5.0
20800.0,208.0,0.4934757547876132,0.04313554831457,0.4934757547876132,0.0,5.0
20900.0,209.0,0.4938385889136401,0.0425805818364529,0.4938385889136401,0.0,5.0
21000.0,210.0,0.494656993185861,0.0415585020659312,0.494656993185861,0.0,5.0
21600.0,216.0,0.4849579355691493,0.0446628901940732,0.4849579355691493,0.0,5.0
21700.0,217.0,0.4821988777416995,0.0446446492808056,0.4821988777416995,0.0,5.0
21800.0,218.0,0.4865438941748189,0.0455027981059288,0.4865438941748189,0.0,5.0
21900.0,219.0,0.4888889847492846,0.0440244549085742,0.4888889847492846,0.0,5.0
22100.0,221.0,0.4864552255238515,0.046065414681399,0.4864552255238515,0.0,5.0
22200.0,222.0,0.4909357008958113,0.0421192491669251,0.4909357008958113,0.0,5.0
22600.0,226.0,0.4877939150727769,0.0444370180033056,0.4877939150727769,0.0,5.0
22700.0,227.0,0.4880520242783486,0.0437268252288992,0.4880520242783486,0.0,5.0
22800.0,228.0,0.4917466595515595,0.0419189124138441,0.4917466595515595,0.0,5.0
23000.0,230.0,0.4923086756574894,0.0395444535139291,0.4923086756574894,0.0,5.0
23600.0,236.0,0.4779894941414845,0.0472913580452984,0.4779894941414845,0.0,5.0
23800.0,238.0,0.4845017331679338,0.0449463122739707,0.4845017331679338,0.0,5.0
23900.0,239.0,0.4853540937412988,0.044535656179093,0.4853540937412988,0.0,5.0
24100.0,241.0,0.4853121983568594,0.0445726465679058,0.4853121983568594,0.0,5.0
24200.0,242.0,0.4892813395487573,0.0424879314770931,0.4892813395487573,0.0,5.0
24300.0,243.0,0.4916807416997997,0.0416800692980206,0.4916807416997997,0.0,5.0
24500.0,245.0,0.4930830394304971,0.0420119621244116,0.4930830394304971,0.0,5.0
24700.0,247.0,0.4846725416953535,0.0457663425256569,0.4846725416953535,0.0,5.0
24900.0,249.0,0.4807649944906274,0.0476542553530958,0.4807649944906274,0.0,5.0
25100.0,251.0,0.479377796427722,0.0472636198686708,0.479377796427722,0.0,5.0
25200.0,252.0,0.4844824334204868,0.0459791146194982,0.4844824334204868,0.0,5.0
25300.0,253.0,0.4842223686043493,0.0452854917990216,0.4842223686043493,0.0,5.0
25400.0,254.0,0.4857381146500568,0.0442777668756167,0.4857381146500568,0.0,5.0
25500.0,255.0,0.4853144657480033,0.0434337604232053,0.4853144657480033,0.0,5.0
25600.0,256.0,0.4875438686429594,0.0421051484731448,0.4875438686429594,0.0,5.0
25700.0,257.0,0.4879720313156112,0.0421226247853288,0.4879720313156112,0.0,5.0
25800.0,258.0,0.4888179744619467,0.042759810439058,0.4888179744619467,0.0,5.0
26100.0,261.0,0.4824033161280021,0.0452998435148797,0.4824033161280021,0.0,5.0
26200.0,262.0,0.4857591090832862,0.0451642914125734,0.4857591090832862,0.0,5.0
26400.0,264.0,0.487057004978414,0.0445756133407593,0.487057004978414,0.0,5.0
26500.0,265.0,0.4872406272381197,0.0444548271912169,0.4872406272381197,0.0,5.0
26600.0,266.0,0.4912188814240483,0.0429062674048409,0.4912188814240483,0.0,5.0
26700.0,267.0,0.4928273328585863,0.041770335321381,0.4928273328585863,0.0,5.0
27000.0,270.0,0.4891768266967536,0.0431182869496519,0.4891768266967536,0.0,5.0
27300.0,273.0,0.4832615016772799,0.0483751253620162,0.4832615016772799,0.0,5.0
27500.0,275.0,0.4798982108809861,0.0485399946559745,0.4798982108809861,0.0,5.0
27600.0,276.0,0.4798204176765488,0.0476309497412923,0.4798204176765488,0.0,5.0
27700.0,277.0,0.4862609697617205,0.0460870709271085,0.4862609697617205,0.0,5.0
28000.0,280.0,0.4849942386318861,0.0450090687457221,0.4849942386318861,0.0,5.0
28200.0,282.0,0.4839476114055501,0.0451738860750926,0.4839476114055501,0.0,5.0
28300.0,283.0,0.4808564643520784,0.0437318895181572,0.4808564643520784,0.0,5.0
28600.0,286.0,0.4777365624476328,0.04646141745141,0.4777365624476328,0.0,5.0
28900.0,289.0,0.4786119987411693,0.0484318034225066,0.4786119987411693,0.0,5.0
29100.0,291.0,0.480421315408816,0.0484618319827575,0.480421315408816,0.0,5.0
29300.0,293.0,0.4807765497947693,0.0476734621852356,0.4807765497947693,0.0,5.0
29400.0,294.0,0.4803028563417193,0.0471438760648648,0.4803028563417193,0.0,5.0
29500.0,295.0,0.4844671042882558,0.0440783600122361,0.4844671042882558,0.0,5.0
29600.0,296.0,0.487760989342162,0.042255944121669,0.487760989342162,0.0,5.0
29700.0,297.0,0.4899678667995558,0.0430932924523074,0.4899678667995558,0.0,5.0
29800.0,298.0,0.4901938950848846,0.0427095047118213,0.4901938950848846,0.0,5.0
30000.0,300.0,0.4889309553274652,0.0427095171151527,0.4889309553274652,0.0,5.0
30200.0,302.0,0.4847473437751478,0.0468405028423696,0.4847473437751478,0.0,5.0
30300.0,303.0,0.4836255992612605,0.0468216038710337,0.4836255992612605,0.0,5.0
30400.0,304.0,0.4817801481951124,0.0464511620527006,0.4817801481951124,0.0,5.0
30500.0,305.0,0.4827669550059866,0.0462825129400189,0.4827669550059866,0.0,5.0
30600.0,306.0,0.4819577836085418,0.0461601051613647,0.4819577836085418,0.0,5.0
30700.0,307.0,0.4867072411556458,0.0430807889472879,0.4867072411556458,0.0,5.0
30800.0,308.0,0.4856951312871855,0.0420169198897206,0.4856951312871855,0.0,5.0
30900.0,309.0,0.4927046629456416,0.0398044424092004,0.4927046629456416,0.0,5.0
31200.0,312.0,0.4901210730448479,0.0416100746118191,0.4901210730448479,0.0,5.0
31300.0,313.0,0.4915341985275383,0.0399658338659229,0.4915341985275383,0.0,5.0
31400.0,314.0,0.4933127107030433,0.040125467172606,0.4933127107030433,0.0,5.0
31500.0,315.0,0.4950729835821988,0.0390420023554123,0.4950729835821988,0.0,5.0
31600.0,316.0,0.495402163427609,0.0398207504456832,0.495402163427609,0.0,5.0
32000.0,320.0,0.4927205899629325,0.0421685691564563,0.4927205899629325,0.0,5.0
32100.0,321.0,0.4934643938522312,0.0403495344349234,0.4934643938522312,0.0,5.0
32200.0,322.0,0.4972564401759135,0.0388278317213661,0.4972564401759135,0.0,5.0
32500.0,325.0,0.4936515188517945,0.040098860449588,0.4936515188517945,0.0,5.0
32700.0,327.0,0.4966685054772983,0.0383606711280561,0.4966685054772983,0.0,5.0
32800.0,328.0,0.4983762393283152,0.0375581916771587,0.4983762393283152,0.0,5.0
32900.0,329.0,0.4995853102494441,0.0374238039031583,0.4995853102494441,0.0,5.0
33300.0,333.0,0.4903019845017938,0.0441005581054169,0.4903019845017938,0.0,5.0
33400.0,334.0,0.4931389004374621,0.042699154917119,0.4931389004374621,0.0,5.0
33500.0,335.0,0.4966245149988192,0.0391328407466885,0.4966245149988192,0.0,5.0
33800.0,338.0,0.491633146360347,0.0409581098366552,0.491633146360347,0.0,5.0
33900.0,339.0,0.4929220474041743,0.0405052512810515,0.4929220474041743,0.0,5.0
34200.0,342.0,0.4841052538790628,0.045458601489066,0.4841052538790628,0.0,5.0
34400.0,344.0,0.483096150429847,0.0447779041808599,0.483096150429847,0.0,5.0
34500.0,345.0,0.4855105276889147,0.0419756553336622,0.4855105276889147,0.0,5.0
34600.0,346.0,0.4873239209856633,0.0434226460008707,0.4873239209856633,0.0,5.0
34800.0,348.0,0.4856422445336047,0.0436399292953732,0.4856422445336047,0.0,5.0
34900.0,349.0,0.4895495067784044,0.0395177678705897,0.4895495067784044,0.0,5.0
35100.0,351.0,0.4913832928332922,0.0398220212222938,0.4913832928332922,0.0,5.0
35200.0,352.0,0.4923121623674746,0.0402451403442392,0.4923121623674746,0.0,5.0
35400.0,354.0,0.493364595708368,0.0403637754096827,0.493364595708368,0.0,5.0
35500.0,355.0,0.4954536435578494,0.0389973470933728,0.4954536435578494,0.0,5.0
36000.0,360.0,0.4912355447822881,0.0412820392314264,0.4912355447822881,0.0,5.0
36200.0,362.0,0.4899446983823211,0.0417726945197983,0.4899446983823211,0.0,5.0
36300.0,363.0,0.4912609744455231,0.0433364162464938,0.4912609744455231,0.0,5.0
36400.0,364.0,0.4916594475436473,0.0404013387093439,0.4916594475436473,0.0,5.0
36600.0,366.0,0.4980830921091814,0.0411414721852469,0.4980830921091814,0.0,5.0
36700.0,367.0,0.4988039872268281,0.0403495254065612,0.4988039872268281,0.0,5.0
36800.0,368.0,0.5032020809328983,0.0379026027181638,0.5032020809328983,0.0,5.0
37100.0,371.0,0.4932482098024432,0.042019183254942,0.4932482098024432,0.0,5.0
37300.0,373.0,0.4878748969659312,0.0437552104153451,0.4878748969659312,0.0,5.0
37500.0,375.0,0.4865929028080386,0.0431850747436641,0.4865929028080386,0.0,5.0
37600.0,376.0,0.4883888538019503,0.0418434089672615,0.4883888538019503,0.0,5.0
38000.0,380.0,0.4834781024244778,0.0429415448427346,0.4834781024244778,0.0,5.0
38100.0,381.0,0.484170248889577,0.0430757274136143,0.484170248889577,0.0,5.0
38200.0,382.0,0.4904196760695538,0.0425878803003514,0.4904196760695538,0.0,5.0
38500.0,385.0,0.4851890933805192,0.0438905916776767,0.4851890933805192,0.0,5.0
38700.0,387.0,0.4894862495170555,0.0440147559740605,0.4894862495170555,0.0,5.0
38900.0,389.0,0.4890973274342932,0.0443573571710153,0.4890973274342932,0.0,5.0
39000.0,390.0,0.4929189591858711,0.043750485191779,0.4929189591858711,0.0,5.0
39100.0,391.0,0.4887594114231338,0.0430499037489537,0.4887594114231338,0.0,5.0
39400.0,394.0,0.4863249966435656,0.0445129949718033,0.4863249966435656,0.0,5.0
39500.0,395.0,0.4888977440016042,0.0439415873746939,0.4888977440016042,0.0,5.0
39800.0,398.0,0.4827483971621594,0.0463854560856347,0.4827483971621594,0.0,5.0
40000.0,400.0,0.4788992567619504,0.0476564506329498,0.4788992567619504,0.0,5.0
40100.0,401.0,0.4807794555252575,0.047638784384367,0.4807794555252575,0.0,5.0
40200.0,402.0,0.483885612829123,0.0469413496242607,0.483885612829123,0.0,5.0
40300.0,403.0,0.4885405532105906,0.0446451802466508,0.4885405532105906,0.0,5.0
40400.0,404.0,0.4862820602237185,0.0444374464324924,0.4862820602237185,0.0,5.0
40600.0,406.0,0.4895759070508276,0.0442595154929315,0.4895759070508276,0.0,5.0
40800.0,408.0,0.4894338763419696,0.0454453090935686,0.4894338763419696,0.0,5.0
40900.0,409.0,0.4922010274429114,0.043351085543899,0.4922010274429114,0.0,5.0
41200.0,412.0,0.4793902154873962,0.0481935874292887,0.4793902154873962,0.0,5.0
41300.0,413.0,0.4822108009112328,0.045665142862133,0.4822108009112328,0.0,5.0
41400.0,414.0,0.4849775507276859,0.0464692402186656,0.4849775507276859,0.0,5.0
41500.0,415.0,0.4850814505533816,0.0458890464630225,0.4850814505533816,0.0,5.0
41700.0,417.0,0.4834252107027754,0.048305985738645,0.4834252107027754,0.0,5.0
41900.0,419.0,0.4821264399871835,0.0476860906578372,0.4821264399871835,0.0,5.0
42000.0,420.0,0.4864933919469859,0.0460432438398787,0.4864933919469859,0.0,5.0
42100.0,421.0,0.4879073601563361,0.0450157365623177,0.4879073601563361,0.0,5.0
42200.0,422.0,0.4891424267481309,0.0456030328826067,0.4891424267481309,0.0,5.0
42300.0,423.0,0.4865766306125073,0.0452280528454837,0.4865766306125073,0.0,5.0
42400.0,424.0,0.4839445816093492,0.0449243074452189,0.4839445816093492,0.0,5.0
42600.0,426.0,0.4836492808045614,0.0450442528478231,0.4836492808045614,0.0,5.0
42900.0,429.0,0.4812371320014483,0.0470751648810077,0.4812371320014483,0.0,5.0
43000.0,430.0,0.4846925641533228,0.045011993645685,0.4846925641533228,0.0,5.0
43200.0,432.0,0.48562565217668,0.044979740155394,0.48562565217668,0.0,5.0
43300.0,433.0,0.4852144802049847,0.0436228832409023,0.4852144802049847,0.0,5.0
43400.0,434.0,0.4854219134124528,0.044338471984541,0.4854219134124528,0.0,5.0
43700.0,437.0,0.4781469987217241,0.0482813772363264,0.4781469987217241,0.0,5.0
43800.0,438.0,0.483529215212481,0.0469228048739845,0.483529215212481,0.0,5.0
44000.0,440.0,0.4813740069015289,0.046417227001184,0.4813740069015289,0.0,5.0
44100.0,441.0,0.4822847928041477,0.0472123175581684,0.4822847928041477,0.0,5.0
44300.0,443.0,0.4826129060082311,0.0483205821823857,0.4826129060082311,0.0,5.0
44400.0,444.0,0.4829135802569382,0.0472697203181519,0.4829135802569382,0.0,5.0
44500.0,445.0,0.4839709945759217,0.0464388994058828,0.4839709945759217,0.0,5.0
44600.0,446.0,0.4879465006226191,0.0438241791145619,0.4879465006226191,0.0,5.0
44900.0,449.0,0.4810508965787938,0.0478157392523233,0.4810508965787938,0.0,5.0
45000.0,450.0,0.4814834790538482,0.0480359425854117,0.4814834790538482,0.0,5.0
45200.0,452.0,0.4834265750275281,0.0469431149694134,0.4834265750275281,0.0,5.0
45400.0,454.0,0.481856022351028,0.0494913183500886,0.481856022351028,0.0,5.0
45500.0,455.0,0.4848076555270988,0.0462183345621227,0.4848076555270988,0.0,5.0
46000.0,460.0,0.4779642131155158,0.047397172766424,0.4779642131155158,0.0,5.0
46100.0,461.0,0.4803934384996953,0.0464287880347527,0.4803934384996953,0.0,5.0
46200.0,462.0,0.4856064071181806,0.0447693416994415,0.4856064071181806,0.0,5.0
46400.0,464.0,0.4851020070581677,0.044886536620034,0.4851020070581677,0.0,5.0
46700.0,467.0,0.4795960986842731,0.045965283845924,0.4795960986842731,0.0,5.0
46800.0,468.0,0.4793537290541888,0.0455045735182663,0.4793537290541888,0.0,5.0
46900.0,469.0,0.4847300791316192,0.0454968694785393,0.4847300791316192,0.0,5.0
47000.0,470.0,0.4843029498026611,0.0445201104657372,0.4843029498026611,0.0,5.0
47100.0,471.0,0.4861205347117591,0.0433109264085615,0.4861205347117591,0.0,5.0
47200.0,472.0,0.4930475863236793,0.0408972097684749,0.4930475863236793,0.0,5.0
47300.0,473.0,0.492649810709385,0.040729702648947,0.492649810709385,0.0,5.0
47700.0,477.0,0.4805064464438877,0.0448472326158346,0.4805064464438877,0.0,5.0
47800.0,478.0,0.4803963764048111,0.0431080785899977,0.4803963764048111,0.0,5.0
48200.0,482.0,0.4785640153763969,0.0470662966645121,0.4785640153763969,0.0,5.0
48300.0,483.0,0.4851536087393446,0.0440078160090203,0.4851536087393446,0.0,5.0
48400.0,484.0,0.489831563241113,0.0419222538529883,0.489831563241113,0.0,5.0
48500.0,485.0,0.4926270319408242,0.0412602268832746,0.4926270319408242,0.0,5.0
48700.0,487.0,0.485695748038788,0.0454660078998203,0.485695748038788,0.0,5.0
48800.0,488.0,0.4883435800264673,0.042819784266422,0.4883435800264673,0.0,5.0
49000.0,490.0,0.4850027023417501,0.0437928939235035,0.4850027023417501,0.0,5.0
49200.0,492.0,0.4883472439095265,0.0434962871435511,0.4883472439095265,0.0,5.0
49400.0,494.0,0.4869237438461531,0.0444383883424644,0.4869237438461531,0.0,5.0
49600.0,496.0,0.4928159509823941,0.0435336578592112,0.4928159509823941,0.0,5.0
49700.0,497.0,0.4932528066054499,0.0432777420299741,0.4932528066054499,0.0,5.0
49900.0,499.0,0.4899604766182311,0.0436767037001251,0.4899604766182311,0.0,5.0
50000.0,500.0,0.4960419260877294,0.0413226611345606,0.4960419260877294,0.0,5.0
50200.0,502.0,0.4946132015412363,0.041192793100004,0.4946132015412363,0.0,5.0
50300.0,503.0,0.4953484407422802,0.0415714144548754,0.4953484407422802,0.0,5.0
50400.0,504.0,0.4949483784879578,0.0412089681463885,0.4949483784879578,0.0,5.0
50600.0,506.0,0.4939011850772654,0.041903034310026,0.4939011850772654,0.0,5.0
50900.0,509.0,0.4917400219627006,0.042157490041559,0.4917400219627006,0.0,5.0
51000.0,510.0,0.4938298759867194,0.0414219500523826,0.4938298759867194,0.0,5.0
51200.0,512.0,0.4937009991712367,0.0407645444827739,0.4937009991712367,0.0,5.0
51400.0,514.0,0.4927279373798233,0.0403781347827753,0.4927279373798233,0.0,5.0
51700.0,517.0,0.4836880265106376,0.0431445195528591,0.4836880265106376,0.0,5.0
51800.0,518.0,0.4856109334358681,0.0435553509436195,0.4856109334358681,0.0,5.0
51900.0,519.0,0.4854501169218932,0.0432859203729531,0.4854501169218932,0.0,5.0
52000.0,520.0,0.4881542493963564,0.0433208790314662,0.4881542493963564,0.0,5.0
52300.0,523.0,0.4896483508188134,0.0431784502660838,0.4896483508188134,0.0,5.0
52500.0,525.0,0.4861605050255377,0.0462344169756117,0.4861605050255377,0.0,5.0
52600.0,526.0,0.488738093022564,0.0442235383511563,0.488738093022564,0.0,5.0
52900.0,529.0,0.4888520358342323,0.0454703201370521,0.4888520358342323,0.0,5.0
53000.0,530.0,0.4878210155924531,0.0451959432728923,0.4878210155924531,0.0,5.0
53100.0,531.0,0.48478657145091,0.0451582774615658,0.48478657145091,0.0,5.0
53300.0,533.0,0.4816146867018562,0.0479577298059529,0.4816146867018562,0.0,5.0
53400.0,534.0,0.4851816825542716,0.0456159439560226,0.4851816825542716,0.0,5.0
53500.0,535.0,0.4888124764970183,0.0444408657366868,0.4888124764970183,0.0,5.0
53700.0,537.0,0.4898613262631275,0.0436542005072711,0.4898613262631275,0.0,5.0
53800.0,538.0,0.4895560070844055,0.0428957607302342,0.4895560070844055,0.0,5.0
53900.0,539.0,0.4921366800199984,0.0419203549908018,0.4921366800199984,0.0,5.0
54000.0,540.0,0.4944891735725208,0.0406005582449227,0.4944891735725208,0.0,5.0
54200.0,542.0,0.4928341040834695,0.0409547423457872,0.4928341040834695,0.0,5.0
54300.0,543.0,0.4972730719800693,0.040246653804788,0.4972730719800693,0.0,5.0
54500.0,545.0,0.4896905691295236,0.0417893593655043,0.4896905691295236,0.0,5.0
54800.0,548.0,0.4865601855835176,0.0432022271766264,0.4865601855835176,0.0,5.0
54900.0,549.0,0.4908114821045544,0.0424430435434635,0.4908114821045544,0.0,5.0
55200.0,552.0,0.4747760180328805,0.049772984842401,0.4747760180328805,0.0,5.0
55300.0,553.0,0.4784175874605794,0.0490298607963379,0.4784175874605794,0.0,5.0
55400.0,554.0,0.4785499739687503,0.0491494545500435,0.4785499739687503,0.0,5.0
55500.0,555.0,0.4788342069886687,0.0482750227119586,0.4788342069886687,0.0,5.0
55600.0,556.0,0.483288000697363,0.0480566277781001,0.483288000697363,0.0,5.0
55900.0,559.0,0.4815705112302281,0.047964042628166,0.4815705112302281,0.0,5.0
56200.0,562.0,0.4851125396100132,0.0473309286190094,0.4851125396100132,0.0,5.0
56400.0,564.0,0.4816401881255603,0.0482265052668057,0.4816401881255603,0.0,5.0
56500.0,565.0,0.4878995596376533,0.0449741610066531,0.4878995596376533,0.0,5.0
56800.0,568.0,0.485515037157593,0.0456865844600447,0.485515037157593,0.0,5.0
56900.0,569.0,0.4874673594350839,0.0442776683748385,0.4874673594350839,0.0,5.0
57000.0,570.0,0.4859376164353375,0.043553603717873,0.4859376164353375,0.0,5.0
57200.0,572.0,0.4825973262882661,0.0449451721173787,0.4825973262882661,0.0,5.0
57300.0,573.0,0.4928654106052996,0.0411465716173664,0.4928654106052996,0.0,5.0
57400.0,574.0,0.4935698268741336,0.0404387963559967,0.4935698268741336,0.0,5.0
57600.0,576.0,0.4920342760866256,0.0418205003995139,0.4920342760866256,0.0,5.0
57900.0,579.0,0.4864686140578713,0.0443995553126409,0.4864686140578713,0.0,5.0
58000.0,580.0,0.4873169334732593,0.0448151915695141,0.4873169334732593,0.0,5.0
58100.0,581.0,0.4919133502031223,0.042194709406968,0.4919133502031223,0.0,5.0
58300.0,583.0,0.4960050571258998,0.0405753630224282,0.4960050571258998,0.0,5.0
58500.0,585.0,0.4922303058717715,0.0404360066803609,0.4922303058717715,0.0,5.0
58900.0,589.0,0.4874185948158492,0.0459103460156362,0.4874185948158492,0.0,5.0
59000.0,590.0,0.4885384126747986,0.0449721910818683,0.4885384126747986,0.0,5.0
59100.0,591.0,0.4883186334492829,0.044395277867263,0.4883186334492829,0.0,5.0
59200.0,592.0,0.4945451872525883,0.0428369769399146,0.4945451872525883,0.0,5.0
59600.0,596.0,0.4862316903222128,0.0449855062364259,0.4862316903222128,0.0,5.0
59800.0,598.0,0.4845674470725166,0.0456865689760596,0.4845674470725166,0.0,5.0
60100.0,601.0,0.4809902854012847,0.0465317072461217,0.4809902854012847,0.0,5.0
60200.0,602.0,0.4794519696282861,0.0455153799504453,0.4794519696282861,0.0,5.0
60300.0,603.0,0.4837700474313475,0.0439217360325774,0.4837700474313475,0.0,5.0
60400.0,604.0,0.4857833030617169,0.0447977388556431,0.4857833030617169,0.0,5.0
60500.0,605.0,0.4878254728958796,0.0435181565779037,0.4878254728958796,0.0,5.0
60900.0,609.0,0.4880317257755139,0.0447812173342618,0.4880317257755139,0.0,5.0
61000.0,610.0,0.4915854311221991,0.0433166671864187,0.4915854311221991,0.0,5.0
61200.0,612.0,0.4944858579369893,0.0412994890463997,0.4944858579369893,0.0,5.0
61400.0,614.0,0.4914432998027059,0.0426028311203331,0.4914432998027059,0.0,5.0
61600.0,616.0,0.4893427549347007,0.0416997466934281,0.4893427549347007,0.0,5.0
61700.0,617.0,0.4939072203245693,0.0400663731223092,0.4939072203245693,0.0,5.0
62100.0,621.0,0.4857833012831104,0.0437405810920036,0.4857833012831104,0.0,5.0
62300.0,623.0,0.4825666208500342,0.0463191127059946,0.4825666208500342,0.0,5.0
62400.0,624.0,0.4822574164758665,0.0460878506445533,0.4822574164758665,0.0,5.0
62600.0,626.0,0.4841338795542994,0.04366235927923,0.4841338795542994,0.0,5.0
62700.0,627.0,0.4851217103353782,0.0421816776350093,0.4851217103353782,0.0,5.0
62800.0,628.0,0.4866256401391551,0.0419167054105387,0.4866256401391551,0.0,5.0
62900.0,629.0,0.492880025435236,0.0396662259366204,0.492880025435236,0.0,5.0
63100.0,631.0,0.487847176389284,0.0442116466290531,0.487847176389284,0.0,5.0
63200.0,632.0,0.4926549019576203,0.0401764967324895,0.4926549019576203,0.0,5.0
63500.0,635.0,0.4852263699663856,0.0455523817865948,0.4852263699663856,0.0,5.0
63600.0,636.0,0.4891316159789461,0.0439453716701264,0.4891316159789461,0.0,5.0
63700.0,637.0,0.4913335744786463,0.043095470018565,0.4913335744786463,0.0,5.0
63800.0,638.0,0.4908710241471872,0.0420408752863281,0.4908710241471872,0.0,5.0
63900.0,639.0,0.4888147554036517,0.0418352140523536,0.4888147554036517,0.0,5.0
64100.0,641.0,0.4877630562353527,0.0441126093118397,0.4877630562353527,0.0,5.0
64200.0,642.0,0.4901686743382944,0.0437577582193913,0.4901686743382944,0.0,5.0
64400.0,644.0,0.4897128848572306,0.0430922896600848,0.4897128848572306,0.0,5.0
64500.0,645.0,0.4892291333148822,0.0427780387888472,0.4892291333148822,0.0,5.0
64600.0,646.0,0.4870239617541269,0.0425253456301481,0.4870239617541269,0.0,5.0
64700.0,647.0,0.4880477386460363,0.042834043139774,0.4880477386460363,0.0,5.0
64800.0,648.0,0.4889623834874475,0.0416697363189934,0.4889623834874475,0.0,5.0
65000.0,650.0,0.4927935741476098,0.0404665073139936,0.4927935741476098,0.0,5.0
65200.0,652.0,0.4970633709829182,0.0383882303001093,0.4970633709829182,0.0,5.0
65300.0,653.0,0.4976875357382224,0.0384638403600517,0.4976875357382224,0.0,5.0
65500.0,655.0,0.4949977707896455,0.0405759137561353,0.4949977707896455,0.0,5.0
65700.0,657.0,0.4913069316100734,0.0424571560159704,0.4913069316100734,0.0,5.0
66200.0,662.0,0.4866698122058454,0.046559602125739,0.4866698122058454,0.0,5.0
66400.0,664.0,0.483628655791755,0.0468629845104503,0.483628655791755,0.0,5.0
66900.0,669.0,0.4786616935768115,0.0486252607262603,0.4786616935768115,0.0,5.0
67000.0,670.0,0.481581966149598,0.048564911130889,0.481581966149598,0.0,5.0
67100.0,671.0,0.4834620787151593,0.0467580511549921,0.4834620787151593,0.0,5.0
67200.0,672.0,0.4837300278906694,0.0466998163195684,0.4837300278906694,0.0,5.0
67300.0,673.0,0.4853936844164311,0.0453816529851994,0.4853936844164311,0.0,5.0
67400.0,674.0,0.4848835251494773,0.0447113395724986,0.4848835251494773,0.0,5.0
67600.0,676.0,0.4804117228569284,0.0471875249720029,0.4804117228569284,0.0,5.0
67700.0,677.0,0.4766781325110247,0.0466299706297753,0.4766781325110247,0.0,5.0
67900.0,679.0,0.4790321705177857,0.0461583487726465,0.4790321705177857,0.0,5.0
68000.0,680.0,0.4801521084257278,0.04618425602545,0.4801521084257278,0.0,5.0
68100.0,681.0,0.4835132040886537,0.0447191742986625,0.4835132040886537,0.0,5.0
68300.0,683.0,0.4863941632815319,0.0445915182111299,0.4863941632815319,0.0,5.0
68500.0,685.0,0.4857812080696106,0.0455021615112228,0.4857812080696106,0.0,5.0
68700.0,687.0,0.4840447401746701,0.0460266866939689,0.4840447401746701,0.0,5.0
68800.0,688.0,0.4831943345833756,0.0448663282321092,0.4831943345833756,0.0,5.0
68900.0,689.0,0.4838619401631471,0.0455468540197784,0.4838619401631471,0.0,5.0
69000.0,690.0,0.4838967243193262,0.0444915744187264,0.4838967243193262,0.0,5.0
69100.0,691.0,0.4849326868365295,0.0448491728115485,0.4849326868365295,0.0,5.0
69200.0,692.0,0.4835324884354014,0.0447114800949445,0.4835324884354014,0.0,5.0
69400.0,694.0,0.4855241698416785,0.0450668388067141,0.4855241698416785,0.0,5.0
69500.0,695.0,0.4895284592809035,0.0435482171352366,0.4895284592809035,0.0,5.0
69600.0,696.0,0.4902666648539383,0.0428396762148015,0.4902666648539383,0.0,5.0
69900.0,699.0,0.479315624173934,0.0492184045989172,0.479315624173934,0.0,5.0
100.0,1.0,0.2109215841704955,0.2890249212171639,0.2109215841704955,0.0,6.0
200.0,2.0,0.2680477843825239,0.2245535950063691,0.2680477843825239,0.0,6.0
300.0,3.0,0.2921244613626274,0.2107380634930459,0.2921244613626274,0.0,6.0
400.0,4.0,0.3076795571154896,0.1971138511187404,0.3076795571154896,0.0,6.0
500.0,5.0,0.3309188485433511,0.1829157235061341,0.3309188485433511,0.0,6.0
600.0,6.0,0.3548230207472482,0.152286471116965,0.3548230207472482,0.0,6.0
700.0,7.0,0.3677235661698952,0.1481991295189447,0.3677235661698952,0.0,6.0
800.0,8.0,0.3775648179146595,0.1387161186399164,0.3775648179146595,0.0,6.0
900.0,9.0,0.3996329818025628,0.1199976862935978,0.3996329818025628,0.0,6.0
1000.0,10.0,0.4193748418142422,0.1024472507297222,0.4193748418142422,0.0,6.0
1100.0,11.0,0.4263200002375152,0.0895307995535822,0.4263200002375152,0.0,6.0
1200.0,12.0,0.4335016844177461,0.0868798897601616,0.4335016844177461,0.0,6.0
1300.0,13.0,0.4390524855697809,0.0850141977764985,0.4390524855697809,0.0,6.0
1400.0,14.0,0.4435588079652289,0.0805366602473152,0.4435588079652289,0.0,6.0
1500.0,15.0,0.450682236536955,0.0699152951836958,0.450682236536955,0.0,6.0
1600.0,16.0,0.4530880995587472,0.0673905780998037,0.4530880995587472,0.0,6.0
1700.0,17.0,0.4567878230446648,0.0662763910715905,0.4567878230446648,0.0,6.0
1900.0,19.0,0.4559516245094246,0.0650914068471721,0.4559516245094246,0.0,6.0
2000.0,20.0,0.4591163512183497,0.0623616532469821,0.4591163512183497,0.0,6.0
2100.0,21.0,0.4610115882725003,0.0611020343767025,0.4610115882725003,0.0,6.0
2300.0,23.0,0.4620115473896582,0.0610157776334824,0.4620115473896582,0.0,6.0
2400.0,24.0,0.4687151148682597,0.0576020259495843,0.4687151148682597,0.0,6.0
2500.0,25.0,0.4683446907831597,0.0575256363713191,0.4683446907831597,0.0,6.0
2600.0,26.0,0.469292943233204,0.0574354487009661,0.469292943233204,0.0,6.0
2700.0,27.0,0.4688186499049687,0.0562733680742187,0.4688186499049687,0.0,6.0
2800.0,28.0,0.4749342796724969,0.053524954539572,0.4749342796724969,0.0,6.0
3100.0,31.0,0.473540960236062,0.054125484991672,0.473540960236062,0.0,6.0
3200.0,32.0,0.4779447395160372,0.0528620060791524,0.4779447395160372,0.0,6.0
3300.0,33.0,0.4779888093210823,0.0518552907379217,0.4779888093210823,0.0,6.0
3500.0,35.0,0.4765354735890282,0.0512543054612883,0.4765354735890282,0.0,6.0
3700.0,37.0,0.4695359895372712,0.0539502784881005,0.4695359895372712,0.0,6.0
3800.0,38.0,0.4728703145550404,0.0534065202821015,0.4728703145550404,0.0,6.0
3900.0,39.0,0.4771884335396226,0.0547667933546305,0.4771884335396226,0.0,6.0
4000.0,40.0,0.4766548325267671,0.0526105514823362,0.4766548325267671,0.0,6.0
4200.0,42.0,0.4745852420878079,0.0530649005257112,0.4745852420878079,0.0,6.0
4400.0,44.0,0.4671923541662153,0.0566122513480175,0.4671923541662153,0.0,6.0
4500.0,45.0,0.4700190095720584,0.0537243179515738,0.4700190095720584,0.0,6.0
4600.0,46.0,0.4747050773922185,0.0520539987129367,0.4747050773922185,0.0,6.0
4900.0,49.0,0.4731208110139854,0.0542646433908808,0.4731208110139854,0.0,6.0
5100.0,51.0,0.4698278656523859,0.0574365925080746,0.4698278656523859,0.0,6.0
5200.0,52.0,0.4721735433709675,0.0565523181276552,0.4721735433709675,0.0,6.0
5300.0,53.0,0.4778616297252311,0.0516695174135313,0.4778616297252311,0.0,6.0
5400.0,54.0,0.4765630264890934,0.0514765654098924,0.4765630264890934,0.0,6.0
5600.0,56.0,0.4803994104744497,0.0498801770415011,0.4803994104744497,0.0,6.0
5800.0,58.0,0.4765462059255951,0.0507496192056392,0.4765462059255951,0.0,6.0
5900.0,59.0,0.4788775374714437,0.0497004139810528,0.4788775374714437,0.0,6.0
6100.0,61.0,0.4796838839654632,0.0479545815115161,0.4796838839654632,0.0,6.0
6300.0,63.0,0.4801256935266402,0.0501054159527267,0.4801256935266402,0.0,6.0
6500.0,65.0,0.475933400459917,0.0499466435776954,0.475933400459917,0.0,6.0
6600.0,66.0,0.4769222842567785,0.0486379639253572,0.4769222842567785,0.0,6.0
6700.0,67.0,0.4746791935071029,0.0484493418128709,0.4746791935071029,0.0,6.0
7100.0,71.0,0.4693634720170658,0.0524290354953165,0.4693634720170658,0.0,6.0
7200.0,72.0,0.4762801968638108,0.0489969193254322,0.4762801968638108,0.0,6.0
7400.0,74.0,0.4781626720803327,0.0485498806522333,0.4781626720803327,0.0,6.0
7500.0,75.0,0.4801682350656033,0.0466466708057344,0.4801682350656033,0.0,6.0
7700.0,77.0,0.4795146876440358,0.0488129078735502,0.4795146876440358,0.0,6.0
7800.0,78.0,0.4795924233704348,0.0483047980559442,0.4795924233704348,0.0,6.0
7900.0,79.0,0.4817109318519352,0.0461404565813146,0.4817109318519352,0.0,6.0
8100.0,81.0,0.4805061843677074,0.0464182723633275,0.4805061843677074,0.0,6.0
8400.0,84.0,0.4797894776548583,0.0478300301590107,0.4797894776548583,0.0,6.0
8500.0,85.0,0.4803078194655384,0.0479224829433828,0.4803078194655384,0.0,6.0
8600.0,86.0,0.4773924806803833,0.0476029871279848,0.4773924806803833,0.0,6.0
8700.0,87.0,0.4845031549382588,0.0457887428566218,0.4845031549382588,0.0,6.0
8800.0,88.0,0.4840777762592921,0.0454354899255372,0.4840777762592921,0.0,6.0
8900.0,89.0,0.4816161422244773,0.0447474816420203,0.4816161422244773,0.0,6.0
9100.0,91.0,0.4825389035693322,0.0455107859227299,0.4825389035693322,0.0,6.0
9200.0,92.0,0.4868025729079503,0.0444210102074114,0.4868025729079503,0.0,6.0
9300.0,93.0,0.4885980743598035,0.0443214640274287,0.4885980743598035,0.0,6.0
9700.0,97.0,0.4767011776520848,0.0461738077205082,0.4767011776520848,0.0,6.0
9800.0,98.0,0.4814855137656073,0.0436180464363071,0.4814855137656073,0.0,6.0
10000.0,100.0,0.4769224564501116,0.045741251603982,0.4769224564501116,0.0,6.0
10100.0,101.0,0.4858394245110163,0.0450662397833552,0.4858394245110163,0.0,6.0
10200.0,102.0,0.4884008193276167,0.0453719493424715,0.4884008193276167,0.0,6.0
10300.0,103.0,0.4893935771169134,0.0437231161188092,0.4893935771169134,0.0,6.0
10400.0,104.0,0.4910893268822752,0.0434749226299539,0.4910893268822752,0.0,6.0
10600.0,106.0,0.4921948960760875,0.0431768609443948,0.4921948960760875,0.0,6.0
10800.0,108.0,0.493758157896598,0.0406302982851679,0.493758157896598,0.0,6.0
10900.0,109.0,0.4937666311073101,0.0411027021110509,0.4937666311073101,0.0,6.0
11000.0,110.0,0.4930000061721385,0.0406672869061338,0.4930000061721385,0.0,6.0
11400.0,114.0,0.4906364190551781,0.0440457706507302,0.4906364190551781,0.0,6.0
11500.0,115.0,0.4919804672037663,0.0422114231573467,0.4919804672037663,0.0,6.0
11800.0,118.0,0.4955978551473506,0.0399973935060258,0.4955978551473506,0.0,6.0
11900.0,119.0,0.4962688796548407,0.0394329477808794,0.4962688796548407,0.0,6.0
12100.0,121.0,0.4991932542491611,0.0384937955187837,0.4991932542491611,0.0,6.0
12300.0,123.0,0.5004515822101535,0.0384711265934082,0.5004515822101535,0.0,6.0
12700.0,127.0,0.4940509834616826,0.0389100646811442,0.4940509834616826,0.0,6.0
12900.0,129.0,0.491161774069174,0.041183633093534,0.491161774069174,0.0,6.0
13000.0,130.0,0.4910235077274671,0.0407394407339808,0.4910235077274671,0.0,6.0
13200.0,132.0,0.4927188999666858,0.041791531788921,0.4927188999666858,0.0,6.0
13300.0,133.0,0.4949464080059679,0.0413217233430343,0.4949464080059679,0.0,6.0
13600.0,136.0,0.4910032836370955,0.0430139181792421,0.4910032836370955,0.0,6.0
13800.0,138.0,0.4902927969964878,0.0429413681819981,0.4902927969964878,0.0,6.0
14200.0,142.0,0.486671125821104,0.0454521951253999,0.486671125821104,0.0,6.0
14300.0,143.0,0.4914642724377635,0.0423881678766452,0.4914642724377635,0.0,6.0
14500.0,145.0,0.4871481750576766,0.0454068538668559,0.4871481750576766,0.0,6.0
14600.0,146.0,0.4897970211317218,0.0433257071610671,0.4897970211317218,0.0,6.0
14800.0,148.0,0.4869677913146891,0.0444292812539242,0.4869677913146891,0.0,6.0
15000.0,150.0,0.4849190248088572,0.0460217803992497,0.4849190248088572,0.0,6.0
15100.0,151.0,0.4861603180896973,0.0450612176202094,0.4861603180896973,0.0,6.0
15200.0,152.0,0.4854079719082402,0.0446479298476641,0.4854079719082402,0.0,6.0
15300.0,153.0,0.4857026915667563,0.0430556909553449,0.4857026915667563,0.0,6.0
15400.0,154.0,0.490618549385059,0.0425238859307538,0.490618549385059,0.0,6.0
15500.0,155.0,0.4900831730832075,0.0415945049031963,0.4900831730832075,0.0,6.0
15700.0,157.0,0.4942404815570191,0.0402813797969856,0.4942404815570191,0.0,6.0
16000.0,160.0,0.4823617705844801,0.0452183209788922,0.4823617705844801,0.0,6.0
16100.0,161.0,0.486029380009397,0.0441937344792369,0.486029380009397,0.0,6.0
16200.0,162.0,0.4899156212932798,0.0427632667796741,0.4899156212932798,0.0,6.0
16300.0,163.0,0.4919277388134276,0.0417258934500065,0.4919277388134276,0.0,6.0
16500.0,165.0,0.4928883609521522,0.0411566063138215,0.4928883609521522,0.0,6.0
16600.0,166.0,0.4920374969227867,0.040791353026824,0.4920374969227867,0.0,6.0
16900.0,169.0,0.4914511771103371,0.0434286055737566,0.4914511771103371,0.0,6.0
17100.0,171.0,0.4918004150016203,0.0433740027411778,0.4918004150016203,0.0,6.0
17200.0,172.0,0.4912847318342946,0.0417102259498826,0.4912847318342946,0.0,6.0
17500.0,175.0,0.4895295005386111,0.0430009795287786,0.4895295005386111,0.0,6.0
17600.0,176.0,0.4931334286082695,0.0422353556186543,0.4931334286082695,0.0,6.0
17700.0,177.0,0.4941712227782422,0.0414715996704379,0.4941712227782422,0.0,6.0
17800.0,178.0,0.4946503262807915,0.0412827980532229,0.4946503262807915,0.0,6.0
18000.0,180.0,0.4968581587856974,0.0405846387510108,0.4968581587856974,0.0,6.0
18200.0,182.0,0.4966503865909173,0.0395237942240301,0.4966503865909173,0.0,6.0
18300.0,183.0,0.4988369636691758,0.0395326815208714,0.4988369636691758,0.0,6.0
18600.0,186.0,0.490138756656108,0.0423209072825213,0.490138756656108,0.0,6.0
18700.0,187.0,0.4896920814764402,0.0418614882676953,0.4896920814764402,0.0,6.0
18900.0,189.0,0.4965688005196466,0.041521575556144,0.4965688005196466,0.0,6.0
19000.0,190.0,0.4955531970059466,0.0407804020420409,0.4955531970059466,0.0,6.0
19200.0,192.0,0.4969740804281098,0.0404445751927447,0.4969740804281098,0.0,6.0
19300.0,193.0,0.4966733782920777,0.0392164874380679,0.4966733782920777,0.0,6.0
19600.0,196.0,0.4940105140239422,0.0418530830287305,0.4940105140239422,0.0,6.0
19900.0,199.0,0.4966037068111774,0.0406874698129138,0.4966037068111774,0.0,6.0
20200.0,202.0,0.4835629802347146,0.0432447816433917,0.4835629802347146,0.0,6.0
20300.0,203.0,0.4848503629767181,0.0437573349077915,0.4848503629767181,0.0,6.0
20400.0,204.0,0.4838146289743684,0.0436307765858764,0.4838146289743684,0.0,6.0
20600.0,206.0,0.4834688572133896,0.0442673600920064,0.4834688572133896,0.0,6.0
20800.0,208.0,0.4871783084134881,0.0420059633545155,0.4871783084134881,0.0,6.0
20900.0,209.0,0.4890391299535845,0.0403030668938835,0.4890391299535845,0.0,6.0
21100.0,211.0,0.4881412058266874,0.0412929298678593,0.4881412058266874,0.0,6.0
21500.0,215.0,0.489406873969839,0.0412637257855391,0.489406873969839,0.0,6.0
21800.0,218.0,0.4894228478996094,0.0424922754437063,0.4894228478996094,0.0,6.0
22000.0,220.0,0.4907353136012157,0.0439503115264752,0.4907353136012157,0.0,6.0
22200.0,222.0,0.4869100471776799,0.0436294041004019,0.4869100471776799,0.0,6.0
22500.0,225.0,0.487190016042674,0.0448737824490129,0.487190016042674,0.0,6.0
22600.0,226.0,0.4918565825794224,0.0430972237525404,0.4918565825794224,0.0,6.0
22700.0,227.0,0.4932289579726574,0.0429064792404358,0.4932289579726574,0.0,6.0
22900.0,229.0,0.4933845276746836,0.0424215499651619,0.4933845276746836,0.0,6.0
23100.0,231.0,0.4938794368630481,0.043546776820449,0.4938794368630481,0.0,6.0
23200.0,232.0,0.4939932848684845,0.0421546556763332,0.4939932848684845,0.0,6.0
23300.0,233.0,0.4965794885443537,0.0405939393958423,0.4965794885443537,0.0,6.0
23400.0,234.0,0.4962832265829565,0.0403651292752458,0.4962832265829565,0.0,6.0
23500.0,235.0,0.4970700572005697,0.0397566927829362,0.4970700572005697,0.0,6.0
23800.0,238.0,0.4913664049764946,0.0448919657428615,0.4913664049764946,0.0,6.0
23900.0,239.0,0.4906385101660204,0.0447698945451052,0.4906385101660204,0.0,6.0
24000.0,240.0,0.4945310214794226,0.0437268927390425,0.4945310214794226,0.0,6.0
24400.0,244.0,0.4969648424308184,0.0422475167062406,0.4969648424308184,0.0,6.0
24500.0,245.0,0.4975842748018619,0.0422302222742574,0.4975842748018619,0.0,6.0
24600.0,246.0,0.4985932870253433,0.041609238257056,0.4985932870253433,0.0,6.0
24900.0,249.0,0.4912145154429679,0.0444027803056179,0.4912145154429679,0.0,6.0
25000.0,250.0,0.4916669451671003,0.0441141116167528,0.4916669451671003,0.0,6.0
25100.0,251.0,0.4911191540114453,0.0436914127201426,0.4911191540114453,0.0,6.0
25300.0,253.0,0.4934916433436507,0.0433704034826468,0.4934916433436507,0.0,6.0
25400.0,254.0,0.4946015290327241,0.0419918932559345,0.4946015290327241,0.0,6.0
25500.0,255.0,0.4964294191315769,0.0405082471234161,0.4964294191315769,0.0,6.0
25700.0,257.0,0.495264163493756,0.0410863317757998,0.495264163493756,0.0,6.0
25800.0,258.0,0.4980023217219225,0.0409314287973395,0.4980023217219225,0.0,6.0
26000.0,260.0,0.4947368216663128,0.040322139201522,0.4947368216663128,0.0,6.0
26200.0,262.0,0.4922531479065465,0.0410880120670828,0.4922531479065465,0.0,6.0
26300.0,263.0,0.4934928954882929,0.040913466604329,0.4934928954882929,0.0,6.0
26500.0,265.0,0.4939654418441799,0.041617371426189,0.4939654418441799,0.0,6.0
26600.0,266.0,0.4939685983679251,0.0407919471089358,0.4939685983679251,0.0,6.0
26900.0,269.0,0.4967664757465255,0.0396251815480805,0.4967664757465255,0.0,6.0
27100.0,271.0,0.4958944958412454,0.0406543361163248,0.4958944958412454,0.0,6.0
27300.0,273.0,0.4951266464528273,0.0412873520073815,0.4951266464528273,0.0,6.0
27400.0,274.0,0.4973238168296381,0.0413528623063182,0.4973238168296381,0.0,6.0
27500.0,275.0,0.4984484734442832,0.0400256524386615,0.4984484734442832,0.0,6.0
27600.0,276.0,0.49721913474206,0.0400025469101448,0.49721913474206,0.0,6.0
27900.0,279.0,0.4958361734008778,0.0406941380630885,0.4958361734008778,0.0,6.0
28000.0,280.0,0.4990910721410232,0.0387152384966642,0.4990910721410232,0.0,6.0
28100.0,281.0,0.5012204279150099,0.0371849278078086,0.5012204279150099,0.0,6.0
28400.0,284.0,0.4933070424595616,0.0397760712899605,0.4933070424595616,0.0,6.0
28600.0,286.0,0.4929232191723846,0.0403083100895274,0.4929232191723846,0.0,6.0
28700.0,287.0,0.4937375871531929,0.0398440600351262,0.4937375871531929,0.0,6.0
28900.0,289.0,0.4916741973722549,0.0424110980931209,0.4916741973722549,0.0,6.0
29000.0,290.0,0.4912190551894154,0.0415290200076819,0.4912190551894154,0.0,6.0
29200.0,292.0,0.4886868493959576,0.0433043365056596,0.4886868493959576,0.0,6.0
29400.0,294.0,0.4907220030680577,0.0425603301356192,0.4907220030680577,0.0,6.0
29500.0,295.0,0.4950832046808208,0.0412983643671105,0.4950832046808208,0.0,6.0
29600.0,296.0,0.4975770693006036,0.040299581981699,0.4975770693006036,0.0,6.0
29800.0,298.0,0.49463404540581,0.0403978257944549,0.49463404540581,0.0,6.0
30200.0,302.0,0.4863996000878847,0.0426019860683401,0.4863996000878847,0.0,6.0
30300.0,303.0,0.4904642231112485,0.0413137578011902,0.4904642231112485,0.0,6.0
30400.0,304.0,0.49510266566622,0.0392880524982935,0.49510266566622,0.0,6.0
30600.0,306.0,0.4951263874517014,0.037194676986082,0.4951263874517014,0.0,6.0
30700.0,307.0,0.4966957095440525,0.0370967575741725,0.4966957095440525,0.0,6.0
31100.0,311.0,0.4933252889022087,0.0387414251159085,0.4933252889022087,0.0,6.0
31300.0,313.0,0.491483109254685,0.0408112208042688,0.491483109254685,0.0,6.0
31400.0,314.0,0.4921845056390023,0.0402912937235941,0.4921845056390023,0.0,6.0
31700.0,317.0,0.492153770833945,0.0428674684802551,0.492153770833945,0.0,6.0
31800.0,318.0,0.4923751174422613,0.0418838507696342,0.4923751174422613,0.0,6.0
31900.0,319.0,0.4933745601476222,0.0421799751913416,0.4933745601476222,0.0,6.0
32100.0,321.0,0.4923545614745176,0.0428078570581563,0.4923545614745176,0.0,6.0
32400.0,324.0,0.4869848206454544,0.0434637405645726,0.4869848206454544,0.0,6.0
32500.0,325.0,0.4859003296500346,0.0433206509274092,0.4859003296500346,0.0,6.0
32700.0,327.0,0.4866824875765039,0.0435729437589688,0.4866824875765039,0.0,6.0
32900.0,329.0,0.4839983664680836,0.0479103229309955,0.4839983664680836,0.0,6.0
33000.0,330.0,0.484953512161326,0.044993702566475,0.484953512161326,0.0,6.0
33100.0,331.0,0.4878060201200379,0.0432847012928566,0.4878060201200379,0.0,6.0
33200.0,332.0,0.4888334891461595,0.0435408718580582,0.4888334891461595,0.0,6.0
33300.0,333.0,0.4904334112749389,0.0435051761713179,0.4904334112749389,0.0,6.0
33400.0,334.0,0.4914676601023826,0.0429569130952316,0.4914676601023826,0.0,6.0
33500.0,335.0,0.4926528870753401,0.0414427987950325,0.4926528870753401,0.0,6.0
33700.0,337.0,0.4955802619233894,0.0398457562362323,0.4955802619233894,0.0,6.0
33900.0,339.0,0.4910679640495718,0.0427633789916214,0.4910679640495718,0.0,6.0
34100.0,341.0,0.4878049053292337,0.0435417509348628,0.4878049053292337,0.0,6.0
34300.0,343.0,0.4808318126526941,0.0448898816849392,0.4808318126526941,0.0,6.0
34500.0,345.0,0.48166333351876,0.0432560626334409,0.48166333351876,0.0,6.0
34600.0,346.0,0.4869596789967037,0.0443520088593492,0.4869596789967037,0.0,6.0
34800.0,348.0,0.4822800187141077,0.0479450256954607,0.4822800187141077,0.0,6.0
34900.0,349.0,0.4839028261679853,0.0451581779465388,0.4839028261679853,0.0,6.0
35100.0,351.0,0.4862304264815654,0.0436875658393884,0.4862304264815654,0.0,6.0
35300.0,353.0,0.4874473977215364,0.0429082011557064,0.4874473977215364,0.0,6.0
35400.0,354.0,0.4898462494458744,0.0425291138193636,0.4898462494458744,0.0,6.0
35600.0,356.0,0.4875713781177173,0.0429554942576839,0.4875713781177173,0.0,6.0
35800.0,358.0,0.4893363469865174,0.0431209609893967,0.4893363469865174,0.0,6.0
35900.0,359.0,0.491652182975102,0.0425770404263197,0.491652182975102,0.0,6.0
36000.0,360.0,0.4916948814015323,0.0436878306407935,0.4916948814015323,0.0,6.0
36100.0,361.0,0.4899416188181246,0.0432458717453069,0.4899416188181246,0.0,6.0
36300.0,363.0,0.4862911276015256,0.0436594396464793,0.4862911276015256,0.0,6.0
36400.0,364.0,0.4895695311763531,0.0422542067313211,0.4895695311763531,0.0,6.0
36600.0,366.0,0.4907611334144736,0.0408734230877987,0.4907611334144736,0.0,6.0
37000.0,370.0,0.4818538851340216,0.0461939444776367,0.4818538851340216,0.0,6.0
37100.0,371.0,0.4834124768142856,0.0472476255267953,0.4834124768142856,0.0,6.0
37200.0,372.0,0.4851988676802998,0.0455645953922137,0.4851988676802998,0.0,6.0
37300.0,373.0,0.4865874627956808,0.0442362862777989,0.4865874627956808,0.0,6.0
37400.0,374.0,0.4867721431360599,0.0433240505091018,0.4867721431360599,0.0,6.0
37500.0,375.0,0.4840213008496782,0.043277476980984,0.4840213008496782,0.0,6.0
37600.0,376.0,0.4896108692304025,0.0420832527656821,0.4896108692304025,0.0,6.0
37700.0,377.0,0.4902824370410723,0.0418916921430424,0.4902824370410723,0.0,6.0
37900.0,379.0,0.4890358044490885,0.0440966367495507,0.4890358044490885,0.0,6.0
38200.0,382.0,0.4855984360169084,0.045177383244605,0.4855984360169084,0.0,6.0
38600.0,386.0,0.4711094904746963,0.0559161191757067,0.4711094904746963,0.0,6.0
38700.0,387.0,0.4819204267466937,0.0507133841206983,0.4819204267466937,0.0,6.0
39000.0,390.0,0.4815219057944594,0.0463101149041613,0.4815219057944594,0.0,6.0
39100.0,391.0,0.4833710660523103,0.0449904730551565,0.4833710660523103,0.0,6.0
39300.0,393.0,0.4852023770573803,0.0442220107045609,0.4852023770573803,0.0,6.0
39500.0,395.0,0.4878178758634727,0.04364606864311,0.4878178758634727,0.0,6.0
39600.0,396.0,0.4888657776726098,0.0443307731422214,0.4888657776726098,0.0,6.0
39700.0,397.0,0.4905070740403355,0.0445227566928587,0.4905070740403355,0.0,6.0
39800.0,398.0,0.4927577639098533,0.0428398441160607,0.4927577639098533,0.0,6.0
40000.0,400.0,0.490004570069424,0.0439444172106404,0.490004570069424,0.0,6.0
40200.0,402.0,0.4859654085122778,0.044171920791382,0.4859654085122778,0.0,6.0
40400.0,404.0,0.4873063877011259,0.0441690923517278,0.4873063877011259,0.0,6.0
40600.0,406.0,0.4868941013330373,0.0453983210891222,0.4868941013330373,0.0,6.0
40900.0,409.0,0.482636536500562,0.0459113297332574,0.482636536500562,0.0,6.0
41100.0,411.0,0.4849251998075082,0.0462558520809614,0.4849251998075082,0.0,6.0
41300.0,413.0,0.4827162878837276,0.0453479985352316,0.4827162878837276,0.0,6.0
41400.0,414.0,0.4846366236621648,0.0450806592342714,0.4846366236621648,0.0,6.0
41500.0,415.0,0.4864838954740212,0.0441649720145095,0.4864838954740212,0.0,6.0
41700.0,417.0,0.4827971337657703,0.0455680889905748,0.4827971337657703,0.0,6.0
41800.0,418.0,0.4846959517455,0.0447865458807666,0.4846959517455,0.0,6.0
42100.0,421.0,0.4865606390406114,0.0452430348033639,0.4865606390406114,0.0,6.0
42200.0,422.0,0.4873611853011046,0.042565824930383,0.4873611853011046,0.0,6.0
42300.0,423.0,0.4899643691499853,0.0410094551725255,0.4899643691499853,0.0,6.0
42400.0,424.0,0.4905451289905395,0.0422364672555409,0.4905451289905395,0.0,6.0
42600.0,426.0,0.4945404853330532,0.0426509267036543,0.4945404853330532,0.0,6.0
42700.0,427.0,0.4967943598933543,0.0403165847719272,0.4967943598933543,0.0,6.0
42800.0,428.0,0.4976876053938074,0.0405059015327645,0.4976876053938074,0.0,6.0
42900.0,429.0,0.4979374547513788,0.0408644422294611,0.4979374547513788,0.0,6.0
43100.0,431.0,0.4962086258339867,0.0424445525062023,0.4962086258339867,0.0,6.0
43200.0,432.0,0.493649475808488,0.0414777640287968,0.493649475808488,0.0,6.0
43300.0,433.0,0.4940479265876105,0.0422509937785835,0.4940479265876105,0.0,6.0
43400.0,434.0,0.4945669790165111,0.0429626419185785,0.4945669790165111,0.0,6.0
43800.0,438.0,0.4863278241421419,0.0473262910036778,0.4863278241421419,0.0,6.0
43900.0,439.0,0.489159538253383,0.0460295618843088,0.489159538253383,0.0,6.0
44000.0,440.0,0.490470525204835,0.0455268055151022,0.490470525204835,0.0,6.0
44200.0,442.0,0.4843328264063596,0.0480355488607161,0.4843328264063596,0.0,6.0
44300.0,443.0,0.4883410499955562,0.0443279854428167,0.4883410499955562,0.0,6.0
44500.0,445.0,0.4885823700864093,0.0465653678281109,0.4885823700864093,0.0,6.0
44600.0,446.0,0.4904985558760494,0.0430562251146949,0.4904985558760494,0.0,6.0
44700.0,447.0,0.4914432140436752,0.0423991180069813,0.4914432140436752,0.0,6.0
44800.0,448.0,0.492897965552678,0.0419850267986411,0.492897965552678,0.0,6.0
45000.0,450.0,0.4927139031645322,0.0427584725087306,0.4927139031645322,0.0,6.0
45100.0,451.0,0.4959047137000701,0.0413692439975611,0.4959047137000701,0.0,6.0
45200.0,452.0,0.497016783587662,0.0408037155188592,0.497016783587662,0.0,6.0
45300.0,453.0,0.4961302824940775,0.0396114266972225,0.4961302824940775,0.0,6.0
45600.0,456.0,0.4941362298810874,0.0427009547804113,0.4941362298810874,0.0,6.0
45700.0,457.0,0.4966635879227823,0.0427674576902312,0.4966635879227823,0.0,6.0
46000.0,460.0,0.4934203175984276,0.0461629977157039,0.4934203175984276,0.0,6.0
46200.0,462.0,0.4940845967831399,0.0440932755262643,0.4940845967831399,0.0,6.0
46400.0,464.0,0.4935189653132287,0.0445865441089178,0.4935189653132287,0.0,6.0
46600.0,466.0,0.4919796524715313,0.04372453928121,0.4919796524715313,0.0,6.0
46700.0,467.0,0.4932795122260368,0.0432615978957966,0.4932795122260368,0.0,6.0
47100.0,471.0,0.4824334331162528,0.0463302026541735,0.4824334331162528,0.0,6.0
47200.0,472.0,0.4891643478270608,0.0450306621440728,0.4891643478270608,0.0,6.0
47300.0,473.0,0.4892458527112273,0.0444510959948149,0.4892458527112273,0.0,6.0
47500.0,475.0,0.4920413290831154,0.0445943498211855,0.4920413290831154,0.0,6.0
47600.0,476.0,0.4900182554870568,0.0419885719267716,0.4900182554870568,0.0,6.0
47700.0,477.0,0.4909851894148436,0.041915318222012,0.4909851894148436,0.0,6.0
47900.0,479.0,0.491570931266074,0.041132402154363,0.491570931266074,0.0,6.0
48000.0,480.0,0.4980515689817795,0.0394275679118653,0.4980515689817795,0.0,6.0
48200.0,482.0,0.4960071641886164,0.0403680485023052,0.4960071641886164,0.0,6.0
48500.0,485.0,0.4802264522105607,0.0479977778796095,0.4802264522105607,0.0,6.0
48600.0,486.0,0.4839675797427438,0.0455816378394034,0.4839675797427438,0.0,6.0
48800.0,488.0,0.4822528772222756,0.0474469988599701,0.4822528772222756,0.0,6.0
48900.0,489.0,0.4846808666766728,0.045719737303135,0.4846808666766728,0.0,6.0
49000.0,490.0,0.4887944487238559,0.0460987855405971,0.4887944487238559,0.0,6.0
49300.0,493.0,0.4785351247845985,0.0477058395201343,0.4785351247845985,0.0,6.0
49400.0,494.0,0.4798433485877222,0.0466408121965956,0.4798433485877222,0.0,6.0
49500.0,495.0,0.4800143928095879,0.0464871355976333,0.4800143928095879,0.0,6.0
49700.0,497.0,0.4808019156738712,0.0480893474370289,0.4808019156738712,0.0,6.0
49800.0,498.0,0.4842142453884072,0.0471904848460105,0.4842142453884072,0.0,6.0
50000.0,500.0,0.4911465123560056,0.0427808144391201,0.4911465123560056,0.0,6.0
50200.0,502.0,0.4941142516354621,0.0425366764066074,0.4941142516354621,0.0,6.0
50600.0,506.0,0.4907513787248584,0.0426374991308781,0.4907513787248584,0.0,6.0
50700.0,507.0,0.4928787587600607,0.042887380940273,0.4928787587600607,0.0,6.0
50900.0,509.0,0.4848717149307771,0.0453513117966081,0.4848717149307771,0.0,6.0
51000.0,510.0,0.48794632610724,0.0443962109792004,0.48794632610724,0.0,6.0
51200.0,512.0,0.4834603921232902,0.0465117799955499,0.4834603921232902,0.0,6.0
51300.0,513.0,0.4854608736368139,0.043928789582022,0.4854608736368139,0.0,6.0
51400.0,514.0,0.4896119017280096,0.0426462148798506,0.4896119017280096,0.0,6.0
51500.0,515.0,0.4902061766447236,0.0437583285510968,0.4902061766447236,0.0,6.0
51700.0,517.0,0.490274408297791,0.0432788974354585,0.490274408297791,0.0,6.0
51900.0,519.0,0.4888064504669445,0.0429775129403974,0.4888064504669445,0.0,6.0
52000.0,520.0,0.4905045001618091,0.04149920146004,0.4905045001618091,0.0,6.0
52200.0,522.0,0.4824014662584527,0.0461240152405975,0.4824014662584527,0.0,6.0
52300.0,523.0,0.4881898650030086,0.0432952572511814,0.4881898650030086,0.0,6.0
52500.0,525.0,0.4892248412596633,0.0435554222288924,0.4892248412596633,0.0,6.0
52600.0,526.0,0.490841908272942,0.0430089985954914,0.490841908272942,0.0,6.0
52700.0,527.0,0.4959608796366669,0.0407804214098136,0.4959608796366669,0.0,6.0
52900.0,529.0,0.4891172342085709,0.0443888058577258,0.4891172342085709,0.0,6.0
53000.0,530.0,0.4873532816031065,0.0417186426313744,0.4873532816031065,0.0,6.0
53100.0,531.0,0.4947662753642358,0.040084388769937,0.4947662753642358,0.0,6.0
53200.0,532.0,0.4973456243983079,0.039722981792537,0.4973456243983079,0.0,6.0
53300.0,533.0,0.4994430994218813,0.0388192558667111,0.4994430994218813,0.0,6.0
53500.0,535.0,0.4938178711120292,0.039895188991389,0.4938178711120292,0.0,6.0
53900.0,539.0,0.4881770385433573,0.0438089587670019,0.4881770385433573,0.0,6.0
54100.0,541.0,0.4927403221481045,0.0425304648494737,0.4927403221481045,0.0,6.0
54300.0,543.0,0.4897582742959216,0.043364566084915,0.4897582742959216,0.0,6.0
54600.0,546.0,0.4840322250810682,0.0469639150696957,0.4840322250810682,0.0,6.0
54700.0,547.0,0.4862176037207624,0.0458174230990696,0.4862176037207624,0.0,6.0
54800.0,548.0,0.4868730150186804,0.0445656884309641,0.4868730150186804,0.0,6.0
54900.0,549.0,0.4876834507529685,0.0436794468672853,0.4876834507529685,0.0,6.0
55000.0,550.0,0.4888205582147056,0.0431584293239278,0.4888205582147056,0.0,6.0
55100.0,551.0,0.4910819817265081,0.0429127474830384,0.4910819817265081,0.0,6.0
55300.0,553.0,0.4871365305346264,0.0440168099015002,0.4871365305346264,0.0,6.0
55500.0,555.0,0.4864236590925396,0.0459008398941138,0.4864236590925396,0.0,6.0
55600.0,556.0,0.485414689297909,0.0452310550152065,0.485414689297909,0.0,6.0
55800.0,558.0,0.4870021677186366,0.046848460169665,0.4870021677186366,0.0,6.0
55900.0,559.0,0.4931226306848655,0.0435048170453254,0.4931226306848655,0.0,6.0
56000.0,560.0,0.4943739860895848,0.0427439793133153,0.4943739860895848,0.0,6.0
56200.0,562.0,0.4924054521919356,0.0426022025245061,0.4924054521919356,0.0,6.0
56300.0,563.0,0.4913829727579655,0.0421413852940626,0.4913829727579655,0.0,6.0
56500.0,565.0,0.4944254737324599,0.0418174576154964,0.4944254737324599,0.0,6.0
56600.0,566.0,0.4922654370626275,0.0407431010450622,0.4922654370626275,0.0,6.0
56700.0,567.0,0.4935362342546671,0.040759144438763,0.4935362342546671,0.0,6.0
57000.0,570.0,0.486133092959327,0.044923223759802,0.486133092959327,0.0,6.0
57200.0,572.0,0.4864421461063324,0.0448118438504797,0.4864421461063324,0.0,6.0
57400.0,574.0,0.488723739470976,0.0442749965998482,0.488723739470976,0.0,6.0
57500.0,575.0,0.487404128289827,0.0439964379528896,0.487404128289827,0.0,6.0
57600.0,576.0,0.486312450279151,0.0435766111322344,0.486312450279151,0.0,6.0
57800.0,578.0,0.4839739705644627,0.0429502374247675,0.4839739705644627,0.0,6.0
57900.0,579.0,0.4855467352681413,0.0431563273559898,0.4855467352681413,0.0,6.0
58000.0,580.0,0.4906808101426658,0.0434115416574562,0.4906808101426658,0.0,6.0
58100.0,581.0,0.4895860408570065,0.0418433447086178,0.4895860408570065,0.0,6.0
58200.0,582.0,0.4908960811196357,0.0419259045229285,0.4908960811196357,0.0,6.0
58500.0,585.0,0.4852130230348874,0.0467234016544338,0.4852130230348874,0.0,6.0
58600.0,586.0,0.4843142318713991,0.0445729158254268,0.4843142318713991,0.0,6.0
58700.0,587.0,0.4865170336164951,0.043644584993664,0.4865170336164951,0.0,6.0
58800.0,588.0,0.4889019941534625,0.0437494517673596,0.4889019941534625,0.0,6.0
58900.0,589.0,0.4872838085454331,0.0431973509678606,0.4872838085454331,0.0,6.0
59000.0,590.0,0.4888826972947976,0.0451358882078586,0.4888826972947976,0.0,6.0
59200.0,592.0,0.4870995103922896,0.0474076901228199,0.4870995103922896,0.0,6.0
59300.0,593.0,0.4888715619049604,0.046202034460409,0.4888715619049604,0.0,6.0
59400.0,594.0,0.4862129517324153,0.0460654364844053,0.4862129517324153,0.0,6.0
59500.0,595.0,0.486233296005762,0.0473588182592953,0.486233296005762,0.0,6.0
59600.0,596.0,0.4835633691026426,0.0468855375710239,0.4835633691026426,0.0,6.0
59700.0,597.0,0.4830531402493871,0.0464824589121818,0.4830531402493871,0.0,6.0
59800.0,598.0,0.4861826864019923,0.0437167188167052,0.4861826864019923,0.0,6.0
59900.0,599.0,0.4901358410283624,0.0424653482235167,0.4901358410283624,0.0,6.0
60000.0,600.0,0.490646859866397,0.042967338561296,0.490646859866397,0.0,6.0
60200.0,602.0,0.491847866644738,0.0409750587379426,0.491847866644738,0.0,6.0
60600.0,606.0,0.4828014751587283,0.0476833414203801,0.4828014751587283,0.0,6.0
60700.0,607.0,0.4836654617153924,0.0473348137225746,0.4836654617153924,0.0,6.0
60800.0,608.0,0.4867116089214489,0.0454090766836476,0.4867116089214489,0.0,6.0
60900.0,609.0,0.4869887693578534,0.0451562143220853,0.4869887693578534,0.0,6.0
61000.0,610.0,0.4910522532374131,0.042414791497494,0.4910522532374131,0.0,6.0
61300.0,613.0,0.4886049323504187,0.0431810345967808,0.4886049323504187,0.0,6.0
61500.0,615.0,0.4875990405252007,0.0454976884309991,0.4875990405252007,0.0,6.0
61600.0,616.0,0.489059092049085,0.044660645349324,0.489059092049085,0.0,6.0
61700.0,617.0,0.49224851010997,0.0442635120885884,0.49224851010997,0.0,6.0
62000.0,620.0,0.4873324861953116,0.0455982238465806,0.4873324861953116,0.0,6.0
62300.0,623.0,0.4837115055792376,0.0474109678674609,0.4837115055792376,0.0,6.0
62400.0,624.0,0.488109259293626,0.0447455353351747,0.488109259293626,0.0,6.0
62600.0,626.0,0.4937392378290774,0.0422763192191144,0.4937392378290774,0.0,6.0
62700.0,627.0,0.4942762829636173,0.0416003185854533,0.4942762829636173,0.0,6.0
63000.0,630.0,0.4901993738169993,0.0427987211045394,0.4901993738169993,0.0,6.0
63300.0,633.0,0.4892694105724386,0.0459619713800291,0.4892694105724386,0.0,6.0
63400.0,634.0,0.4906403874918368,0.0447228333944688,0.4906403874918368,0.0,6.0
63500.0,635.0,0.4890780339900547,0.0419322359120136,0.4890780339900547,0.0,6.0
63900.0,639.0,0.485594332800659,0.0462488747052253,0.485594332800659,0.0,6.0
64000.0,640.0,0.4852500800194106,0.0447332571342387,0.4852500800194106,0.0,6.0
64100.0,641.0,0.4876524588344944,0.0429850285459341,0.4876524588344944,0.0,6.0
64200.0,642.0,0.4879826422829216,0.042617840243215,0.4879826422829216,0.0,6.0
64600.0,646.0,0.4890983718199203,0.042998049727381,0.4890983718199203,0.0,6.0
64700.0,647.0,0.4950201313159967,0.0414441330140462,0.4950201313159967,0.0,6.0
64900.0,649.0,0.4924460951213587,0.0431962156580735,0.4924460951213587,0.0,6.0
65000.0,650.0,0.4950850506989663,0.0419898763199986,0.4950850506989663,0.0,6.0
65100.0,651.0,0.4964939598354846,0.0398339301345678,0.4964939598354846,0.0,6.0
65300.0,653.0,0.4978030133924097,0.0407147143190329,0.4978030133924097,0.0,6.0
65500.0,655.0,0.4957740413549581,0.041496875019208,0.4957740413549581,0.0,6.0
65600.0,656.0,0.4976212154817105,0.0393921230736219,0.4976212154817105,0.0,6.0
65900.0,659.0,0.4887682559056874,0.0429459744109265,0.4887682559056874,0.0,6.0
66000.0,660.0,0.4907567274930025,0.0426084318025528,0.4907567274930025,0.0,6.0
66200.0,662.0,0.490575724884465,0.042917150828559,0.490575724884465,0.0,6.0
66300.0,663.0,0.4937278617381866,0.0421502463957164,0.4937278617381866,0.0,6.0
66500.0,665.0,0.4899306597298448,0.0423539107201419,0.4899306597298448,0.0,6.0
66700.0,667.0,0.4923100921090542,0.0424346160501368,0.4923100921090542,0.0,6.0
66900.0,669.0,0.4871701376989114,0.044362017352567,0.4871701376989114,0.0,6.0
67000.0,670.0,0.4932763257782666,0.0428751391574049,0.4932763257782666,0.0,6.0
67300.0,673.0,0.491388994718957,0.0439343000064125,0.491388994718957,0.0,6.0
67400.0,674.0,0.4956976611685952,0.0410857945443171,0.4956976611685952,0.0,6.0
67700.0,677.0,0.4875607912657908,0.0439515372396905,0.4875607912657908,0.0,6.0
67800.0,678.0,0.4979386179399854,0.0409076993882324,0.4979386179399854,0.0,6.0
68000.0,680.0,0.4951116266657102,0.0426577549290878,0.4951116266657102,0.0,6.0
68200.0,682.0,0.4923153668526693,0.0408915544617133,0.4923153668526693,0.0,6.0
68700.0,687.0,0.4866313024348086,0.0438516305370452,0.4866313024348086,0.0,6.0
68800.0,688.0,0.4870752400172078,0.0431584192544373,0.4870752400172078,0.0,6.0
68900.0,689.0,0.4905751911584561,0.0425195483404894,0.4905751911584561,0.0,6.0
69000.0,690.0,0.4915033944853366,0.0435302167489516,0.4915033944853366,0.0,6.0
69200.0,692.0,0.4883947577903706,0.0424813699768449,0.4883947577903706,0.0,6.0
69300.0,693.0,0.4942236343883868,0.0410439290714756,0.4942236343883868,0.0,6.0
69400.0,694.0,0.4938357276107547,0.0408703330136896,0.4938357276107547,0.0,6.0
69600.0,696.0,0.4951176658959216,0.0409212393819242,0.4951176658959216,0.0,6.0
69800.0,698.0,0.4866468099136615,0.0435439097798496,0.4866468099136615,0.0,6.0
69900.0,699.0,0.4981361811571983,0.0401211209264631,0.4981361811571983,0.0,6.0
100.0,1.0,0.1751829976680162,0.3434100967424179,0.1751829976680162,0.0,7.0
200.0,2.0,0.2179988117200737,0.2639386832866273,0.2179988117200737,0.0,7.0
300.0,3.0,0.2433793022289033,0.2508693136217597,0.2433793022289033,0.0,7.0
400.0,4.0,0.2741049385784348,0.227181010341302,0.2741049385784348,0.0,7.0
500.0,5.0,0.3190988224585372,0.1832326836969066,0.3190988224585372,0.0,7.0
600.0,6.0,0.3396218101193446,0.1634546463953533,0.3396218101193446,0.0,7.0
700.0,7.0,0.353611118685234,0.1531811399004033,0.353611118685234,0.0,7.0
800.0,8.0,0.3649908964776271,0.1402687296400377,0.3649908964776271,0.0,7.0
900.0,9.0,0.3727444015933951,0.1234093684497877,0.3727444015933951,0.0,7.0
1000.0,10.0,0.3862083913528144,0.1129500483734187,0.3862083913528144,0.0,7.0
1200.0,12.0,0.4018416356687884,0.1007138415128199,0.4018416356687884,0.0,7.0
1300.0,13.0,0.4149128576091367,0.0919345041601951,0.4149128576091367,0.0,7.0
1400.0,14.0,0.4291063505196963,0.0874546561814309,0.4291063505196963,0.0,7.0
1500.0,15.0,0.434336508061023,0.0833036098939184,0.434336508061023,0.0,7.0
1600.0,16.0,0.4318474183610335,0.0830705817866972,0.4318474183610335,0.0,7.0
1700.0,17.0,0.4344872722818465,0.080362873963751,0.4344872722818465,0.0,7.0
1800.0,18.0,0.4467861860038967,0.075941490013953,0.4467861860038967,0.0,7.0
1900.0,19.0,0.4492190674647298,0.0750573801149934,0.4492190674647298,0.0,7.0
2000.0,20.0,0.4497070834930074,0.0740689869602351,0.4497070834930074,0.0,7.0
2100.0,21.0,0.4515159849942499,0.0720119238010745,0.4515159849942499,0.0,7.0
2200.0,22.0,0.4508114937478215,0.0712744283488219,0.4508114937478215,0.0,7.0
2300.0,23.0,0.4532211627008439,0.0734581540583536,0.4532211627008439,0.0,7.0
2400.0,24.0,0.4544256073528513,0.0705293075772425,0.4544256073528513,0.0,7.0
2500.0,25.0,0.4579600278000171,0.0682179104506743,0.4579600278000171,0.0,7.0
2600.0,26.0,0.4650392797400415,0.0657822031032279,0.4650392797400415,0.0,7.0
2700.0,27.0,0.4684512441082618,0.0607376151876918,0.4684512441082618,0.0,7.0
2800.0,28.0,0.471652688883121,0.0587745386315633,0.471652688883121,0.0,7.0
2900.0,29.0,0.4750716316626287,0.0545747485543263,0.4750716316626287,0.0,7.0
3000.0,30.0,0.4754294313243591,0.0548715356428874,0.4754294313243591,0.0,7.0
3100.0,31.0,0.4770534236334935,0.0546519738939774,0.4770534236334935,0.0,7.0
3200.0,32.0,0.4767988564468732,0.0540283820589355,0.4767988564468732,0.0,7.0
3300.0,33.0,0.4774507961857285,0.0535353720286726,0.4774507961857285,0.0,7.0
3500.0,35.0,0.4767421865037721,0.0545530791816259,0.4767421865037721,0.0,7.0
3600.0,36.0,0.477259865747124,0.0542431872805893,0.477259865747124,0.0,7.0
3700.0,37.0,0.4788084659365553,0.0529414828594142,0.4788084659365553,0.0,7.0
3800.0,38.0,0.4811727906449166,0.0530225438703661,0.4811727906449166,0.0,7.0
4000.0,40.0,0.4792537664715292,0.0533752469037081,0.4792537664715292,0.0,7.0
4100.0,41.0,0.4834095259014638,0.0510378345551759,0.4834095259014638,0.0,7.0
4200.0,42.0,0.4861391756411483,0.0509385268613232,0.4861391756411483,0.0,7.0
4300.0,43.0,0.4885765494168124,0.0482608677216764,0.4885765494168124,0.0,7.0
4400.0,44.0,0.4849926488403929,0.0462508989849767,0.4849926488403929,0.0,7.0
4500.0,45.0,0.4863411915564278,0.0438419592545371,0.4863411915564278,0.0,7.0
4600.0,46.0,0.4866420338095919,0.0435582053005664,0.4866420338095919,0.0,7.0
4800.0,48.0,0.4838707611208734,0.0452849837297473,0.4838707611208734,0.0,7.0
4900.0,49.0,0.4863681878858993,0.0451320523873839,0.4863681878858993,0.0,7.0
5100.0,51.0,0.4839347307433652,0.0433471905642616,0.4839347307433652,0.0,7.0
5200.0,52.0,0.4857974205247018,0.0451873482707108,0.4857974205247018,0.0,7.0
5300.0,53.0,0.4885252266255721,0.0436145911962829,0.4885252266255721,0.0,7.0
5500.0,55.0,0.485346120663215,0.0450792595264631,0.485346120663215,0.0,7.0
5600.0,56.0,0.4858716829843369,0.0457456799349503,0.4858716829843369,0.0,7.0
5800.0,58.0,0.4854826471716716,0.0458004011799033,0.4854826471716716,0.0,7.0
5900.0,59.0,0.4874147467237957,0.0455850546881391,0.4874147467237957,0.0,7.0
6000.0,60.0,0.4877132856115884,0.0455873768161315,0.4877132856115884,0.0,7.0
6100.0,61.0,0.4837085579641907,0.0450845233309573,0.4837085579641907,0.0,7.0
6200.0,62.0,0.4823622661799403,0.0440687465906369,0.4823622661799403,0.0,7.0
6400.0,64.0,0.4796154981110903,0.0445554323061455,0.4796154981110903,0.0,7.0
6500.0,65.0,0.4798528737465031,0.0447378308821871,0.4798528737465031,0.0,7.0
6600.0,66.0,0.4771814448241976,0.0446391520767124,0.4771814448241976,0.0,7.0
6700.0,67.0,0.4852760151480702,0.0429524773984583,0.4852760151480702,0.0,7.0
6900.0,69.0,0.4863805136635279,0.0427143752396974,0.4863805136635279,0.0,7.0
7100.0,71.0,0.4832334819078184,0.0435310570472621,0.4832334819078184,0.0,7.0
7200.0,72.0,0.4864121597966848,0.041692834943837,0.4864121597966848,0.0,7.0
7300.0,73.0,0.4873969529910471,0.0423981268803702,0.4873969529910471,0.0,7.0
7400.0,74.0,0.4897256219544445,0.0421575841596529,0.4897256219544445,0.0,7.0
7500.0,75.0,0.4924238226268244,0.0414450559899864,0.4924238226268244,0.0,7.0
7600.0,76.0,0.4934304284670392,0.041537890116821,0.4934304284670392,0.0,7.0
7700.0,77.0,0.4939407827919453,0.0410780695865374,0.4939407827919453,0.0,7.0
7900.0,79.0,0.4931193066526004,0.042587139937477,0.4931193066526004,0.0,7.0
8100.0,81.0,0.4857467500722944,0.0431853838901466,0.4857467500722944,0.0,7.0
8200.0,82.0,0.4910855616921156,0.0419424186069187,0.4910855616921156,0.0,7.0
8300.0,83.0,0.490490311667821,0.0414737683222083,0.490490311667821,0.0,7.0
8500.0,85.0,0.4855706221966451,0.0435850876538394,0.4855706221966451,0.0,7.0
8600.0,86.0,0.4870656866132242,0.0442696418580829,0.4870656866132242,0.0,7.0
8800.0,88.0,0.4873442698887076,0.0449188369214328,0.4873442698887076,0.0,7.0
8900.0,89.0,0.487839458740579,0.0430455333316834,0.487839458740579,0.0,7.0
9200.0,92.0,0.4858586047525017,0.0457449950520974,0.4858586047525017,0.0,7.0
9500.0,95.0,0.4738394664517997,0.0492866847767947,0.4738394664517997,0.0,7.0
9700.0,97.0,0.4764111417973679,0.0475214899972378,0.4764111417973679,0.0,7.0
9900.0,99.0,0.4758693744930862,0.049474321576291,0.4758693744930862,0.0,7.0
10000.0,100.0,0.4795623275020751,0.0482566276468339,0.4795623275020751,0.0,7.0
10100.0,101.0,0.4805012564050707,0.0481137284116919,0.4805012564050707,0.0,7.0
10200.0,102.0,0.4861811415596371,0.0463236632657935,0.4861811415596371,0.0,7.0
10300.0,103.0,0.4886144246911511,0.0450424035589718,0.4886144246911511,0.0,7.0
10400.0,104.0,0.49230048273581,0.0423953001905042,0.49230048273581,0.0,7.0
10600.0,106.0,0.4819690726531647,0.046296769697203,0.4819690726531647,0.0,7.0
10700.0,107.0,0.4837392388770685,0.0455999490014016,0.4837392388770685,0.0,7.0
11100.0,111.0,0.4768081907205623,0.0499894213545383,0.4768081907205623,0.0,7.0
11200.0,112.0,0.4752687889297721,0.0488699264275513,0.4752687889297721,0.0,7.0
11300.0,113.0,0.4820520068943754,0.0468960292612058,0.4820520068943754,0.0,7.0
11500.0,115.0,0.4831352178079897,0.0472095559525229,0.4831352178079897,0.0,7.0
11600.0,116.0,0.4841757073725755,0.0468728380199041,0.4841757073725755,0.0,7.0
11700.0,117.0,0.4837981761836027,0.0465757651932584,0.4837981761836027,0.0,7.0
11800.0,118.0,0.4864366220033575,0.0451032468053658,0.4864366220033575,0.0,7.0
11900.0,119.0,0.4876983821659757,0.0447912539617668,0.4876983821659757,0.0,7.0
12100.0,121.0,0.4814201917770818,0.0452207558417116,0.4814201917770818,0.0,7.0
12200.0,122.0,0.4844830661991274,0.0440677788264424,0.4844830661991274,0.0,7.0
12400.0,124.0,0.4877196228928958,0.0441627518423702,0.4877196228928958,0.0,7.0
12600.0,126.0,0.4829412299673302,0.0449417912778987,0.4829412299673302,0.0,7.0
12700.0,127.0,0.4849324695639714,0.0448873956695907,0.4849324695639714,0.0,7.0
12800.0,128.0,0.4853841237572223,0.0438294126793324,0.4853841237572223,0.0,7.0
12900.0,129.0,0.4866865480162782,0.0434793783687892,0.4866865480162782,0.0,7.0
13000.0,130.0,0.4894186961544003,0.0417887519624659,0.4894186961544003,0.0,7.0
13100.0,131.0,0.4929124228855164,0.0415185035543642,0.4929124228855164,0.0,7.0
13300.0,133.0,0.4919124973391279,0.0416776423092021,0.4919124973391279,0.0,7.0
13400.0,134.0,0.4896794848036596,0.0414620805482606,0.4896794848036596,0.0,7.0
13500.0,135.0,0.4918061966697644,0.040820846866337,0.4918061966697644,0.0,7.0
13700.0,137.0,0.4913807146806436,0.0432293971446503,0.4913807146806436,0.0,7.0
13800.0,138.0,0.4967952929145374,0.0403524565846996,0.4967952929145374,0.0,7.0
14000.0,140.0,0.4947377305389241,0.0425530257724628,0.4947377305389241,0.0,7.0
14100.0,141.0,0.4954677635762713,0.0411599872534257,0.4954677635762713,0.0,7.0
14200.0,142.0,0.4993608423640488,0.0395553146273234,0.4993608423640488,0.0,7.0
14400.0,144.0,0.5011316308682886,0.0395999634162398,0.5011316308682886,0.0,7.0
15000.0,150.0,0.4913876384966293,0.0436769958295964,0.4913876384966293,0.0,7.0
15100.0,151.0,0.4931180207841077,0.0418916730813918,0.4931180207841077,0.0,7.0
15200.0,152.0,0.4948429605803383,0.0411337233334316,0.4948429605803383,0.0,7.0
15400.0,154.0,0.4921032924068262,0.0427072916431827,0.4921032924068262,0.0,7.0
15500.0,155.0,0.4900342403066991,0.0419475154567423,0.4900342403066991,0.0,7.0
15600.0,156.0,0.492693266698632,0.039939167745118,0.492693266698632,0.0,7.0
15800.0,158.0,0.4897752918245535,0.0413010086288145,0.4897752918245535,0.0,7.0
15900.0,159.0,0.4910756857837124,0.0406590670749395,0.4910756857837124,0.0,7.0
16000.0,160.0,0.492610727337871,0.0397556185673937,0.492610727337871,0.0,7.0
16200.0,162.0,0.4935282618735897,0.0403701393862043,0.4935282618735897,0.0,7.0
16400.0,164.0,0.4914675918007877,0.0401828049680511,0.4914675918007877,0.0,7.0
16600.0,166.0,0.4941735072305878,0.0395514811783172,0.4941735072305878,0.0,7.0
16700.0,167.0,0.4945565534635718,0.0397402088641279,0.4945565534635718,0.0,7.0
17000.0,170.0,0.4924923991099777,0.0416380766970128,0.4924923991099777,0.0,7.0
17100.0,171.0,0.4921839202172309,0.040962910172996,0.4921839202172309,0.0,7.0
17200.0,172.0,0.4972047077798107,0.0381941904965088,0.4972047077798107,0.0,7.0
17600.0,176.0,0.4915883298876402,0.0436823308947956,0.4915883298876402,0.0,7.0
17700.0,177.0,0.4921281578654506,0.0441021870565465,0.4921281578654506,0.0,7.0
18000.0,180.0,0.4913863877476222,0.0422224306093238,0.4913863877476222,0.0,7.0
18200.0,182.0,0.4940793081402901,0.0405074018302099,0.4940793081402901,0.0,7.0
18400.0,184.0,0.4971965540350538,0.0403511893406515,0.4971965540350538,0.0,7.0
18700.0,187.0,0.4857053699225425,0.0469019151023744,0.4857053699225425,0.0,7.0
18800.0,188.0,0.4915158728645296,0.0429925078674338,0.4915158728645296,0.0,7.0
18900.0,189.0,0.4938035838998955,0.0415251894434833,0.4938035838998955,0.0,7.0
19000.0,190.0,0.4948504662178111,0.0419646717242279,0.4948504662178111,0.0,7.0
19200.0,192.0,0.4931090476882429,0.0421883001797287,0.4931090476882429,0.0,7.0
19300.0,193.0,0.4941071012797813,0.040772477353349,0.4941071012797813,0.0,7.0
19500.0,195.0,0.4929620845034827,0.0412580746588675,0.4929620845034827,0.0,7.0
19600.0,196.0,0.4938989600533645,0.0415357879899254,0.4938989600533645,0.0,7.0
19700.0,197.0,0.4941305512170525,0.0399719962687106,0.4941305512170525,0.0,7.0
19800.0,198.0,0.4946222928382895,0.0410787429367379,0.4946222928382895,0.0,7.0
20100.0,201.0,0.4912978999475499,0.0433037895654939,0.4912978999475499,0.0,7.0
20200.0,202.0,0.4956135368422424,0.0392732122409397,0.4956135368422424,0.0,7.0
20400.0,204.0,0.4887210001449777,0.0425031736925728,0.4887210001449777,0.0,7.0
20600.0,206.0,0.4850650112392927,0.0436958416683346,0.4850650112392927,0.0,7.0
20800.0,208.0,0.4887710739182264,0.0424300512680497,0.4887710739182264,0.0,7.0
21000.0,210.0,0.4902000982545187,0.0419257110342997,0.4902000982545187,0.0,7.0
21400.0,214.0,0.4838237915370563,0.0456824851351142,0.4838237915370563,0.0,7.0
21600.0,216.0,0.479961392695112,0.0467728894702527,0.479961392695112,0.0,7.0
21700.0,217.0,0.4864586755947858,0.0441122593471411,0.4864586755947858,0.0,7.0
21800.0,218.0,0.4879461460690135,0.0443126069011826,0.4879461460690135,0.0,7.0
21900.0,219.0,0.490785728497222,0.043074474805661,0.490785728497222,0.0,7.0
22100.0,221.0,0.4897353720384605,0.0436578175515259,0.4897353720384605,0.0,7.0
22200.0,222.0,0.4919361770031704,0.0426329214649417,0.4919361770031704,0.0,7.0
22300.0,223.0,0.4926986691222036,0.04351521856993,0.4926986691222036,0.0,7.0
22500.0,225.0,0.4867978461119701,0.0445543071847617,0.4867978461119701,0.0,7.0
22600.0,226.0,0.49507911455093,0.0417758954853634,0.49507911455093,0.0,7.0
22800.0,228.0,0.4934989607485908,0.0403786313989289,0.4934989607485908,0.0,7.0
23000.0,230.0,0.4917985748721692,0.0417328385505013,0.4917985748721692,0.0,7.0
23400.0,234.0,0.4896782199735016,0.0435370507786737,0.4896782199735016,0.0,7.0
23500.0,235.0,0.4906897882312589,0.0424954524374638,0.4906897882312589,0.0,7.0
23600.0,236.0,0.4915970328082907,0.0421129010813752,0.4915970328082907,0.0,7.0
23700.0,237.0,0.4935531731369306,0.0417139635149714,0.4935531731369306,0.0,7.0
23800.0,238.0,0.4932242854062499,0.0405097662167042,0.4932242854062499,0.0,7.0
24100.0,241.0,0.4927257467714953,0.0414400183347103,0.4927257467714953,0.0,7.0
24300.0,243.0,0.4904779277831835,0.0427969831320382,0.4904779277831835,0.0,7.0
24600.0,246.0,0.4830314248844965,0.0447164948072878,0.4830314248844965,0.0,7.0
24700.0,247.0,0.4850571733001438,0.0442029563644537,0.4850571733001438,0.0,7.0
24800.0,248.0,0.4866001874376482,0.0447426123400065,0.4866001874376482,0.0,7.0
24900.0,249.0,0.4869312786228524,0.0443799426879131,0.4869312786228524,0.0,7.0
25000.0,250.0,0.4889240104328764,0.0429371749638784,0.4889240104328764,0.0,7.0
25100.0,251.0,0.4916052254722319,0.042053377565771,0.4916052254722319,0.0,7.0
25200.0,252.0,0.4916332655561652,0.0422254762921752,0.4916332655561652,0.0,7.0
25500.0,255.0,0.4897209580874485,0.0454006606852094,0.4897209580874485,0.0,7.0
25600.0,256.0,0.4903628761165002,0.0440486430486902,0.4903628761165002,0.0,7.0
25700.0,257.0,0.493364273800388,0.0433356152290829,0.493364273800388,0.0,7.0
25800.0,258.0,0.4931071725512003,0.0421410577117714,0.4931071725512003,0.0,7.0
25900.0,259.0,0.4932186074646886,0.0411164508434317,0.4932186074646886,0.0,7.0
26000.0,260.0,0.4936366674210906,0.0415603788236776,0.4936366674210906,0.0,7.0
26200.0,262.0,0.4899122013807063,0.0431401992648578,0.4899122013807063,0.0,7.0
26300.0,263.0,0.4891316912891626,0.0428174436623381,0.4891316912891626,0.0,7.0
26500.0,265.0,0.4860753927492754,0.0434625987571843,0.4860753927492754,0.0,7.0
26600.0,266.0,0.4884447157862998,0.0422057883437717,0.4884447157862998,0.0,7.0
26700.0,267.0,0.4925634286783608,0.0400503163993079,0.4925634286783608,0.0,7.0
27000.0,270.0,0.490722789056942,0.0428781419403614,0.490722789056942,0.0,7.0
27200.0,272.0,0.4862094706285421,0.0452435555545616,0.4862094706285421,0.0,7.0
27300.0,273.0,0.486350799524655,0.0452725680046279,0.486350799524655,0.0,7.0
27400.0,274.0,0.4850970084480958,0.0444649374016551,0.4850970084480958,0.0,7.0
27600.0,276.0,0.4887686409164258,0.0453625260401143,0.4887686409164258,0.0,7.0
27800.0,278.0,0.4785300181068696,0.0508616628527938,0.4785300181068696,0.0,7.0
28100.0,281.0,0.4824855231140471,0.0467404691111294,0.4824855231140471,0.0,7.0
28200.0,282.0,0.4836045446884938,0.0457711512330691,0.4836045446884938,0.0,7.0
28400.0,284.0,0.4827190673803168,0.0461514154719265,0.4827190673803168,0.0,7.0
28500.0,285.0,0.4830293936166326,0.0456812389750472,0.4830293936166326,0.0,7.0
28600.0,286.0,0.4850975937857453,0.0450411475624815,0.4850975937857453,0.0,7.0
28800.0,288.0,0.4824337046511178,0.0456476989911832,0.4824337046511178,0.0,7.0
29200.0,292.0,0.4805235581824666,0.0452159385200251,0.4805235581824666,0.0,7.0
29400.0,294.0,0.4841050050078871,0.0457573572720218,0.4841050050078871,0.0,7.0
29600.0,296.0,0.4802749763258448,0.046210256268427,0.4802749763258448,0.0,7.0
29900.0,299.0,0.4774071676810557,0.0491825708444093,0.4774071676810557,0.0,7.0
30000.0,300.0,0.4789052315460697,0.0496585808108925,0.4789052315460697,0.0,7.0
30100.0,301.0,0.4783247656693463,0.0483735242802904,0.4783247656693463,0.0,7.0
30200.0,302.0,0.4812173754039026,0.046838571308333,0.4812173754039026,0.0,7.0
30300.0,303.0,0.4831041005101005,0.045205499166098,0.4831041005101005,0.0,7.0
30400.0,304.0,0.4821542817416154,0.0447004135545594,0.4821542817416154,0.0,7.0
30600.0,306.0,0.4791216392915589,0.0454619972456485,0.4791216392915589,0.0,7.0
30700.0,307.0,0.4835127766578681,0.0435220034567609,0.4835127766578681,0.0,7.0
30800.0,308.0,0.4830122866954625,0.0425865130243256,0.4830122866954625,0.0,7.0
31100.0,311.0,0.485991452748637,0.0421449774908717,0.485991452748637,0.0,7.0
31400.0,314.0,0.4826630675566068,0.043823878626773,0.4826630675566068,0.0,7.0
31700.0,317.0,0.4805987469755978,0.0476088543293592,0.4805987469755978,0.0,7.0
31800.0,318.0,0.4823890515924318,0.0469489002758828,0.4823890515924318,0.0,7.0
32000.0,320.0,0.4783868761289755,0.0485327933568668,0.4783868761289755,0.0,7.0
32100.0,321.0,0.4794213343097748,0.0472105633982309,0.4794213343097748,0.0,7.0
32200.0,322.0,0.4803099687056319,0.0474482774241413,0.4803099687056319,0.0,7.0
32300.0,323.0,0.4810825186733096,0.0464542329347353,0.4810825186733096,0.0,7.0
32400.0,324.0,0.4838386838196222,0.0458618289199935,0.4838386838196222,0.0,7.0
32500.0,325.0,0.4866308772182599,0.0449154446132038,0.4866308772182599,0.0,7.0
32600.0,326.0,0.4867927314298492,0.0449212967871929,0.4867927314298492,0.0,7.0
32700.0,327.0,0.4882415571264922,0.0436851186770949,0.4882415571264922,0.0,7.0
32800.0,328.0,0.4921983294587839,0.0416434345818601,0.4921983294587839,0.0,7.0
33000.0,330.0,0.4906290039158937,0.0421296571365707,0.4906290039158937,0.0,7.0
33300.0,333.0,0.4887844065070799,0.0448976142138438,0.4887844065070799,0.0,7.0
33500.0,335.0,0.4860243234946502,0.0439551214611671,0.4860243234946502,0.0,7.0
33600.0,336.0,0.4863930108981025,0.0447742771735801,0.4863930108981025,0.0,7.0
33700.0,337.0,0.4882867687452613,0.0436438980401122,0.4882867687452613,0.0,7.0
33900.0,339.0,0.4896774105961079,0.0424125887213526,0.4896774105961079,0.0,7.0
34100.0,341.0,0.4890446987421725,0.0431975974820227,0.4890446987421725,0.0,7.0
34200.0,342.0,0.4921192571587914,0.0425272728533964,0.4921192571587914,0.0,7.0
34300.0,343.0,0.4922410262023348,0.0419904642033135,0.4922410262023348,0.0,7.0
34500.0,345.0,0.4922592443439176,0.0413350126502972,0.4922592443439176,0.0,7.0
34600.0,346.0,0.489070148598059,0.0407308925326916,0.489070148598059,0.0,7.0
35100.0,351.0,0.4818428008105969,0.0470096183471477,0.4818428008105969,0.0,7.0
35300.0,353.0,0.4841818428282616,0.0465664823416096,0.4841818428282616,0.0,7.0
35400.0,354.0,0.4861815740922013,0.0444604054539682,0.4861815740922013,0.0,7.0
35600.0,356.0,0.4929727874461256,0.0398037042894089,0.4929727874461256,0.0,7.0
35700.0,357.0,0.494316262079169,0.039169847513435,0.494316262079169,0.0,7.0
36000.0,360.0,0.4982331300523035,0.039032196575623,0.4982331300523035,0.0,7.0
36100.0,361.0,0.4972832445183855,0.0383219528064029,0.4972832445183855,0.0,7.0
36400.0,364.0,0.4916932919099304,0.0410778773302166,0.4916932919099304,0.0,7.0
36700.0,367.0,0.4899534087321514,0.0433486859454687,0.4899534087321514,0.0,7.0
36800.0,368.0,0.4917384162489909,0.0434847354761863,0.4917384162489909,0.0,7.0
36900.0,369.0,0.4917989096853696,0.0440885575625551,0.4917989096853696,0.0,7.0
37000.0,370.0,0.4935749399878834,0.0402283667333312,0.4935749399878834,0.0,7.0
37200.0,372.0,0.4903068841972393,0.0433683460663121,0.4903068841972393,0.0,7.0
37300.0,373.0,0.4920610818868198,0.0439940654418531,0.4920610818868198,0.0,7.0
37400.0,374.0,0.4908008568145335,0.0429921275642049,0.4908008568145335,0.0,7.0
37600.0,376.0,0.4773958497523676,0.0435576782202394,0.4773958497523676,0.0,7.0
37700.0,377.0,0.4822779871895392,0.0445222164768753,0.4822779871895392,0.0,7.0
37800.0,378.0,0.4830467360904157,0.0459208644199257,0.4830467360904157,0.0,7.0
37900.0,379.0,0.4835271233915012,0.0446169214035136,0.4835271233915012,0.0,7.0
38100.0,381.0,0.4806481690912054,0.0454328601359534,0.4806481690912054,0.0,7.0
38200.0,382.0,0.4857962413869496,0.0442928845537583,0.4857962413869496,0.0,7.0
38400.0,384.0,0.4885987496964908,0.0427648282819723,0.4885987496964908,0.0,7.0
38600.0,386.0,0.4920636756259709,0.0423273081830448,0.4920636756259709,0.0,7.0
38700.0,387.0,0.4897963009245791,0.0421463329344964,0.4897963009245791,0.0,7.0
38800.0,388.0,0.4887764650139149,0.0418351445346141,0.4887764650139149,0.0,7.0
39000.0,390.0,0.4787863019877032,0.0477553399296526,0.4787863019877032,0.0,7.0
39200.0,392.0,0.474510245173224,0.0499434540178566,0.474510245173224,0.0,7.0
39300.0,393.0,0.4859078752958181,0.0458956450806549,0.4859078752958181,0.0,7.0
39500.0,395.0,0.4846201651640363,0.0476145730419801,0.4846201651640363,0.0,7.0
39800.0,398.0,0.4770115452404895,0.0505047627679913,0.4770115452404895,0.0,7.0
39900.0,399.0,0.4755991662038875,0.0489929124956998,0.4755991662038875,0.0,7.0
40000.0,400.0,0.4770212454427899,0.0487838517879192,0.4770212454427899,0.0,7.0
40300.0,403.0,0.4827076374607302,0.0454593140679591,0.4827076374607302,0.0,7.0
40500.0,405.0,0.481314477390115,0.0451659980692254,0.481314477390115,0.0,7.0
40700.0,407.0,0.4860209302421677,0.0469805140523534,0.4860209302421677,0.0,7.0
40800.0,408.0,0.4838308679682397,0.0463368677639391,0.4838308679682397,0.0,7.0
40900.0,409.0,0.4872769389996707,0.0469451594213644,0.4872769389996707,0.0,7.0
41000.0,410.0,0.4824273260515563,0.0463508434209251,0.4824273260515563,0.0,7.0
41300.0,413.0,0.4805992041428142,0.0470192222344734,0.4805992041428142,0.0,7.0
41400.0,414.0,0.481134790574957,0.0488427136122616,0.481134790574957,0.0,7.0
41500.0,415.0,0.4796720097635607,0.0476316426119347,0.4796720097635607,0.0,7.0
41700.0,417.0,0.4795379506400438,0.0442778537062022,0.4795379506400438,0.0,7.0
41800.0,418.0,0.481612469454708,0.0462210647907585,0.481612469454708,0.0,7.0
41900.0,419.0,0.4866188768694195,0.0443315026733419,0.4866188768694195,0.0,7.0
42000.0,420.0,0.4865309476846674,0.0417572162564943,0.4865309476846674,0.0,7.0
42100.0,421.0,0.4867542736475319,0.0407365702846534,0.4867542736475319,0.0,7.0
42400.0,424.0,0.4871564975926906,0.0420144654624098,0.4871564975926906,0.0,7.0
42500.0,425.0,0.4884367192514253,0.0408655006484187,0.4884367192514253,0.0,7.0
42600.0,426.0,0.4912531315477037,0.0408639913791955,0.4912531315477037,0.0,7.0
43000.0,430.0,0.4786285023230728,0.0443739625020221,0.4786285023230728,0.0,7.0
43200.0,432.0,0.4817012268918312,0.0454391265584907,0.4817012268918312,0.0,7.0
43300.0,433.0,0.4857483186718174,0.0450401873737664,0.4857483186718174,0.0,7.0
43800.0,438.0,0.4800433989422585,0.044633166236063,0.4800433989422585,0.0,7.0
43900.0,439.0,0.4800805169257656,0.0447237538888489,0.4800805169257656,0.0,7.0
44000.0,440.0,0.4813273155504119,0.0449870628886222,0.4813273155504119,0.0,7.0
44300.0,443.0,0.4775313353117236,0.0468272940207523,0.4775313353117236,0.0,7.0
44400.0,444.0,0.4789212918098266,0.0462070018344773,0.4789212918098266,0.0,7.0
44500.0,445.0,0.479942516328711,0.0468065367366278,0.479942516328711,0.0,7.0
44600.0,446.0,0.4870895659328702,0.044926604376914,0.4870895659328702,0.0,7.0
44800.0,448.0,0.4876402615077372,0.0447315370028643,0.4876402615077372,0.0,7.0
44900.0,449.0,0.4882981302614264,0.0430308897572984,0.4882981302614264,0.0,7.0
45000.0,450.0,0.491593650463752,0.0432516333276182,0.491593650463752,0.0,7.0
45200.0,452.0,0.4895095132502283,0.0433150056945517,0.4895095132502283,0.0,7.0
45500.0,455.0,0.4893900872149491,0.0424756788967029,0.4893900872149491,0.0,7.0
45600.0,456.0,0.4937057915530685,0.0419062702841257,0.4937057915530685,0.0,7.0
45700.0,457.0,0.4965507926210297,0.0397120833073765,0.4965507926210297,0.0,7.0
45800.0,458.0,0.4979845180253315,0.0384040558229076,0.4979845180253315,0.0,7.0
46000.0,460.0,0.491367271828551,0.0405120370790503,0.491367271828551,0.0,7.0
46200.0,462.0,0.4929692255290173,0.0410358090774778,0.4929692255290173,0.0,7.0
46400.0,464.0,0.4961115495349102,0.0395329609511728,0.4961115495349102,0.0,7.0
46700.0,467.0,0.4909673308672426,0.0403502401903411,0.4909673308672426,0.0,7.0
46900.0,469.0,0.4895761423337098,0.0416228692741469,0.4895761423337098,0.0,7.0
47100.0,471.0,0.4903902368857794,0.0423888100319608,0.4903902368857794,0.0,7.0
47200.0,472.0,0.4912020128038534,0.0412645431238169,0.4912020128038534,0.0,7.0
47500.0,475.0,0.4824062086198886,0.0440673057542326,0.4824062086198886,0.0,7.0
47600.0,476.0,0.4875382816021631,0.0438209230951017,0.4875382816021631,0.0,7.0
47900.0,479.0,0.4866302660742046,0.044505984888502,0.4866302660742046,0.0,7.0
48100.0,481.0,0.479295602435053,0.0469282472718569,0.479295602435053,0.0,7.0
48200.0,482.0,0.4844356279307333,0.0453600288534684,0.4844356279307333,0.0,7.0
48300.0,483.0,0.4863813542871885,0.0435756527538333,0.4863813542871885,0.0,7.0
48400.0,484.0,0.4882555456343968,0.0428267089763671,0.4882555456343968,0.0,7.0
48700.0,487.0,0.4785645086561984,0.0470339034793728,0.4785645086561984,0.0,7.0
48800.0,488.0,0.4854552968702718,0.0446581855814536,0.4854552968702718,0.0,7.0
49100.0,491.0,0.4848831609299355,0.0471529660631956,0.4848831609299355,0.0,7.0
49300.0,493.0,0.4818387469631037,0.047186278375228,0.4818387469631037,0.0,7.0
49400.0,494.0,0.4858599421027693,0.0450503568767962,0.4858599421027693,0.0,7.0
49600.0,496.0,0.4761668914368179,0.0495099025550856,0.4761668914368179,0.0,7.0
49700.0,497.0,0.4831468129717243,0.0460632274995093,0.4831468129717243,0.0,7.0
50100.0,501.0,0.4850540644574017,0.0464068621205518,0.4850540644574017,0.0,7.0
50200.0,502.0,0.4877735568569717,0.045751692488505,0.4877735568569717,0.0,7.0
50400.0,504.0,0.4871664726162089,0.0463532626129915,0.4871664726162089,0.0,7.0
50600.0,506.0,0.4823644536461804,0.0464394222297157,0.4823644536461804,0.0,7.0
50800.0,508.0,0.4822402473678602,0.0444695197264142,0.4822402473678602,0.0,7.0
50900.0,509.0,0.4871586809347676,0.0448168850649189,0.4871586809347676,0.0,7.0
51200.0,512.0,0.4848498534922414,0.0462769679031724,0.4848498534922414,0.0,7.0
51300.0,513.0,0.4872936477735943,0.0449730903661601,0.4872936477735943,0.0,7.0
51400.0,514.0,0.4852916332883188,0.0447471442519127,0.4852916332883188,0.0,7.0
51500.0,515.0,0.4852765046589575,0.0443780832387577,0.4852765046589575,0.0,7.0
51600.0,516.0,0.4861346222021247,0.0446465104933328,0.4861346222021247,0.0,7.0
51700.0,517.0,0.4864476831799073,0.0448202733432986,0.4864476831799073,0.0,7.0
51800.0,518.0,0.4878875748030943,0.0452595080220618,0.4878875748030943,0.0,7.0
52100.0,521.0,0.4858816547480106,0.0475811252571282,0.4858816547480106,0.0,7.0
52300.0,523.0,0.4807758269328042,0.0474809804943305,0.4807758269328042,0.0,7.0
52400.0,524.0,0.4865484641860689,0.0468864784812523,0.4865484641860689,0.0,7.0
52500.0,525.0,0.4885096549591636,0.0460423359394933,0.4885096549591636,0.0,7.0
52800.0,528.0,0.4848050464529275,0.0473328839911962,0.4848050464529275,0.0,7.0
52900.0,529.0,0.489362744387294,0.0468361140667244,0.489362744387294,0.0,7.0
53200.0,532.0,0.4834839376827217,0.0475317435971245,0.4834839376827217,0.0,7.0
53300.0,533.0,0.4871138346743801,0.0455111352491336,0.4871138346743801,0.0,7.0
53400.0,534.0,0.4898789461056462,0.0455188779351558,0.4898789461056462,0.0,7.0
53600.0,536.0,0.4902066618410106,0.0457976597254819,0.4902066618410106,0.0,7.0
53700.0,537.0,0.4909852573962526,0.0465547993769878,0.4909852573962526,0.0,7.0
53800.0,538.0,0.4930572416618363,0.0443523195045446,0.4930572416618363,0.0,7.0
53900.0,539.0,0.493239075600494,0.0431517178027298,0.493239075600494,0.0,7.0
54400.0,544.0,0.476671826830095,0.0514471192311951,0.476671826830095,0.0,7.0
54500.0,545.0,0.4785731343722878,0.0492417528996608,0.4785731343722878,0.0,7.0
54600.0,546.0,0.4906983889500703,0.0433030702314067,0.4906983889500703,0.0,7.0
54800.0,548.0,0.487019999163863,0.0454166784999825,0.487019999163863,0.0,7.0
54900.0,549.0,0.4911374639478919,0.0436557072262959,0.4911374639478919,0.0,7.0
55000.0,550.0,0.5001802814913087,0.0386529449762392,0.5001802814913087,0.0,7.0
55200.0,552.0,0.4953785101435146,0.0406016988157216,0.4953785101435146,0.0,7.0
55300.0,553.0,0.4950823728031428,0.0405409591354311,0.4950823728031428,0.0,7.0
55500.0,555.0,0.492437243724986,0.0432191861546177,0.492437243724986,0.0,7.0
55700.0,557.0,0.490025307037383,0.0435855604615459,0.490025307037383,0.0,7.0
55800.0,558.0,0.4917927812236371,0.0412264808220448,0.4917927812236371,0.0,7.0
55900.0,559.0,0.4951892703791911,0.0396080015582859,0.4951892703791911,0.0,7.0
56000.0,560.0,0.4954173737440215,0.0394220489824541,0.4954173737440215,0.0,7.0
56100.0,561.0,0.4957588226275733,0.0390637177750831,0.4957588226275733,0.0,7.0
56200.0,562.0,0.4981171451433208,0.038689640157304,0.4981171451433208,0.0,7.0
56300.0,563.0,0.4992095548458611,0.03712275554818,0.4992095548458611,0.0,7.0
56700.0,567.0,0.4861716179564298,0.0432205779288382,0.4861716179564298,0.0,7.0
56800.0,568.0,0.4899064827264211,0.0417975530466079,0.4899064827264211,0.0,7.0
57000.0,570.0,0.4885617008345611,0.0415843029807498,0.4885617008345611,0.0,7.0
57200.0,572.0,0.4883574025855498,0.0427136619215657,0.4883574025855498,0.0,7.0
57300.0,573.0,0.4904762135015625,0.0415838654429745,0.4904762135015625,0.0,7.0
57500.0,575.0,0.490638479316589,0.0407610570981733,0.490638479316589,0.0,7.0
57600.0,576.0,0.4922291906024899,0.0404296947053508,0.4922291906024899,0.0,7.0
57700.0,577.0,0.4944679205442098,0.0400947022802773,0.4944679205442098,0.0,7.0
57900.0,579.0,0.4958301468395781,0.0397750294555355,0.4958301468395781,0.0,7.0
58100.0,581.0,0.4963724003896684,0.0394542640016786,0.4963724003896684,0.0,7.0
58300.0,583.0,0.4957740200131256,0.0394856653602956,0.4957740200131256,0.0,7.0
58400.0,584.0,0.497223801590242,0.038862677541514,0.497223801590242,0.0,7.0
58600.0,586.0,0.4988489460367272,0.0400296809567188,0.4988489460367272,0.0,7.0
59100.0,591.0,0.4839136960981086,0.0470879772932541,0.4839136960981086,0.0,7.0
59200.0,592.0,0.4799753372982527,0.0469579276578012,0.4799753372982527,0.0,7.0
59300.0,593.0,0.4824564760896783,0.0458690383586233,0.4824564760896783,0.0,7.0
59400.0,594.0,0.4865353873006194,0.0439965819398346,0.4865353873006194,0.0,7.0
59500.0,595.0,0.4868653085348228,0.0432515190074679,0.4868653085348228,0.0,7.0
59600.0,596.0,0.4880550383311581,0.0443518975805278,0.4880550383311581,0.0,7.0
59700.0,597.0,0.4947753673335579,0.0397362484214165,0.4947753673335579,0.0,7.0
60000.0,600.0,0.4930252551650522,0.0405056874042645,0.4930252551650522,0.0,7.0
60200.0,602.0,0.4922489648691345,0.0417901606207249,0.4922489648691345,0.0,7.0
60300.0,603.0,0.4938081125458526,0.0403491055257738,0.4938081125458526,0.0,7.0
60600.0,606.0,0.4827521739612802,0.0428543082369107,0.4827521739612802,0.0,7.0
60700.0,607.0,0.4882147964761123,0.0421179492982838,0.4882147964761123,0.0,7.0
60900.0,609.0,0.4871446204422829,0.04232366860405,0.4871446204422829,0.0,7.0
61000.0,610.0,0.4857420022003178,0.0411744550239503,0.4857420022003178,0.0,7.0
61100.0,611.0,0.4865089901506645,0.0413171134328297,0.4865089901506645,0.0,7.0
61400.0,614.0,0.4818077755862331,0.0444922040548589,0.4818077755862331,0.0,7.0
61600.0,616.0,0.4774075522655195,0.0473556750845668,0.4774075522655195,0.0,7.0
61700.0,617.0,0.4845655717361084,0.0447240932522284,0.4845655717361084,0.0,7.0
61900.0,619.0,0.492461695339526,0.0417544823878751,0.492461695339526,0.0,7.0
62000.0,620.0,0.494840925868396,0.0395065206418512,0.494840925868396,0.0,7.0
62300.0,623.0,0.4890788397140872,0.0407140730590553,0.4890788397140872,0.0,7.0
62500.0,625.0,0.4859185326891159,0.0435304640669654,0.4859185326891159,0.0,7.0
62600.0,626.0,0.4878929958298639,0.042284446736915,0.4878929958298639,0.0,7.0
62700.0,627.0,0.4899884471546563,0.0408067055239206,0.4899884471546563,0.0,7.0
62900.0,629.0,0.4893099709695345,0.0423410214548245,0.4893099709695345,0.0,7.0
63000.0,630.0,0.4901006260705156,0.0413856649585528,0.4901006260705156,0.0,7.0
63200.0,632.0,0.48511180014528,0.0424209558847433,0.48511180014528,0.0,7.0
63300.0,633.0,0.4883333429199399,0.040835015886846,0.4883333429199399,0.0,7.0
63400.0,634.0,0.4896726306634043,0.0424532757504575,0.4896726306634043,0.0,7.0
63600.0,636.0,0.4865832166244636,0.0432128091358555,0.4865832166244636,0.0,7.0
63700.0,637.0,0.4940121901301618,0.0404969529061112,0.4940121901301618,0.0,7.0
63900.0,639.0,0.4907446915456548,0.040976467558466,0.4907446915456548,0.0,7.0
64100.0,641.0,0.4888636141906688,0.0392674635380173,0.4888636141906688,0.0,7.0
64300.0,643.0,0.4879937434866571,0.0398339236118713,0.4879937434866571,0.0,7.0
64500.0,645.0,0.4875315282704717,0.040333554836217,0.4875315282704717,0.0,7.0
64600.0,646.0,0.4931001015616918,0.0402874581724325,0.4931001015616918,0.0,7.0
64800.0,648.0,0.4937603202940106,0.0414282979960133,0.4937603202940106,0.0,7.0
65100.0,651.0,0.4877806263645897,0.0413037925290503,0.4877806263645897,0.0,7.0
65200.0,652.0,0.4886584312532672,0.042807735950488,0.4886584312532672,0.0,7.0
65500.0,655.0,0.489559346194712,0.0424628262598328,0.489559346194712,0.0,7.0
65600.0,656.0,0.4920781956911033,0.040332183716326,0.4920781956911033,0.0,7.0
65800.0,658.0,0.49107604113723,0.0403862118758801,0.49107604113723,0.0,7.0
65900.0,659.0,0.4964733438719449,0.0376975933115498,0.4964733438719449,0.0,7.0
66200.0,662.0,0.4912457573861759,0.0397029117657018,0.4912457573861759,0.0,7.0
66300.0,663.0,0.4903100169514484,0.0392111645191239,0.4903100169514484,0.0,7.0
66500.0,665.0,0.4886689668144749,0.0384419018773544,0.4886689668144749,0.0,7.0
66700.0,667.0,0.4859677251320516,0.0415290036115646,0.4859677251320516,0.0,7.0
67000.0,670.0,0.4869023123372,0.0422915012801419,0.4869023123372,0.0,7.0
67300.0,673.0,0.4831069723444215,0.0447433805704549,0.4831069723444215,0.0,7.0
67400.0,674.0,0.4852593986184463,0.0446140573313611,0.4852593986184463,0.0,7.0
67500.0,675.0,0.4852288100603791,0.0433730510442357,0.4852288100603791,0.0,7.0
67600.0,676.0,0.486297248868053,0.042204490691942,0.486297248868053,0.0,7.0
67900.0,679.0,0.4847857690325926,0.0459103550212547,0.4847857690325926,0.0,7.0
68000.0,680.0,0.4838474454334734,0.0446367675832939,0.4838474454334734,0.0,7.0
68100.0,681.0,0.4911522693979301,0.0410677275743738,0.4911522693979301,0.0,7.0
68500.0,685.0,0.4853445801503957,0.0440739659876809,0.4853445801503957,0.0,7.0
68700.0,687.0,0.4873504735515334,0.0454593219404411,0.4873504735515334,0.0,7.0
68800.0,688.0,0.4862367860678961,0.0453789162237685,0.4862367860678961,0.0,7.0
68900.0,689.0,0.4907537333911913,0.0413258415516457,0.4907537333911913,0.0,7.0
69100.0,691.0,0.4921834450442012,0.0407353067480934,0.4921834450442012,0.0,7.0
69200.0,692.0,0.4926573109141225,0.0403978795794949,0.4926573109141225,0.0,7.0
69400.0,694.0,0.4908996384027395,0.0408280036092483,0.4908996384027395,0.0,7.0
69500.0,695.0,0.4924531749890448,0.0401923702917905,0.4924531749890448,0.0,7.0
69600.0,696.0,0.492819218328641,0.040043089915012,0.492819218328641,0.0,7.0
69700.0,697.0,0.4965333174015708,0.0380717591603839,0.4965333174015708,0.0,7.0
70000.0,700.0,0.4890721551533798,0.0424596736857202,0.4890721551533798,0.0,7.0
100.0,1.0,0.2246820124975178,0.2519028168733275,0.2246820124975178,0.0,8.0
200.0,2.0,0.2566186857815223,0.2274363448256899,0.2566186857815223,0.0,8.0
300.0,3.0,0.2783073521336031,0.2121796150351629,0.2783073521336031,0.0,8.0
400.0,4.0,0.3078697337194868,0.1845723217474159,0.3078697337194868,0.0,8.0
500.0,5.0,0.3226883818366144,0.1720403586446593,0.3226883818366144,0.0,8.0
600.0,6.0,0.3504447502251104,0.1605389797544374,0.3504447502251104,0.0,8.0
700.0,7.0,0.3766976581112202,0.1354105099873108,0.3766976581112202,0.0,8.0
800.0,8.0,0.3877769465543101,0.1200674438683689,0.3877769465543101,0.0,8.0
900.0,9.0,0.3954675254062484,0.1080973919841492,0.3954675254062484,0.0,8.0
1000.0,10.0,0.3956120582096086,0.1069583873634519,0.3956120582096086,0.0,8.0
1100.0,11.0,0.3962423607791014,0.1074743478475505,0.3962423607791014,0.0,8.0
1200.0,12.0,0.4080414084498686,0.0994906714562753,0.4080414084498686,0.0,8.0
1300.0,13.0,0.4140588244806516,0.0952930683403713,0.4140588244806516,0.0,8.0
1400.0,14.0,0.4217962052886665,0.0902734705256824,0.4217962052886665,0.0,8.0
1500.0,15.0,0.4278402148282272,0.0882644973374589,0.4278402148282272,0.0,8.0
1600.0,16.0,0.4393587123509195,0.0777718297197977,0.4393587123509195,0.0,8.0
1700.0,17.0,0.4469119158988637,0.0721339927758921,0.4469119158988637,0.0,8.0
1800.0,18.0,0.4478500234775539,0.0707759738011134,0.4478500234775539,0.0,8.0
1900.0,19.0,0.4485474018915726,0.0704180449480715,0.4485474018915726,0.0,8.0
2000.0,20.0,0.4480837204471886,0.0696121255155776,0.4480837204471886,0.0,8.0
2100.0,21.0,0.4567080017143392,0.0642324126937241,0.4567080017143392,0.0,8.0
2200.0,22.0,0.4569897805302773,0.0642251849301559,0.4569897805302773,0.0,8.0
2300.0,23.0,0.4617023837102742,0.0624677748814098,0.4617023837102742,0.0,8.0
2600.0,26.0,0.4632347460512807,0.0583842192525026,0.4632347460512807,0.0,8.0
2800.0,28.0,0.4609512920378564,0.0593270777355819,0.4609512920378564,0.0,8.0
2900.0,29.0,0.4668989659582384,0.0536402543405911,0.4668989659582384,0.0,8.0
3000.0,30.0,0.4690223388387309,0.0592718646083548,0.4690223388387309,0.0,8.0
3100.0,31.0,0.4717112352509519,0.0577164167477557,0.4717112352509519,0.0,8.0
3300.0,33.0,0.4721335865745903,0.0558348731463352,0.4721335865745903,0.0,8.0
3400.0,34.0,0.4714570697980356,0.0553922953053769,0.4714570697980356,0.0,8.0
3500.0,35.0,0.4707365544604179,0.0538600371297201,0.4707365544604179,0.0,8.0
3600.0,36.0,0.4696512501049216,0.0536355550077275,0.4696512501049216,0.0,8.0
3700.0,37.0,0.4760747066666202,0.051706939264507,0.4760747066666202,0.0,8.0
3800.0,38.0,0.474061941562071,0.0502899158162641,0.474061941562071,0.0,8.0
4000.0,40.0,0.475612129356297,0.0497245177826609,0.475612129356297,0.0,8.0
4300.0,43.0,0.4722695091494504,0.0512229484147286,0.4722695091494504,0.0,8.0
4400.0,44.0,0.4727447930751456,0.0501810372948827,0.4727447930751456,0.0,8.0
4500.0,45.0,0.474762519389783,0.0531249040128829,0.474762519389783,0.0,8.0
4700.0,47.0,0.4786968863500166,0.0479805315801051,0.4786968863500166,0.0,8.0
4900.0,49.0,0.480309232283701,0.047057695969846,0.480309232283701,0.0,8.0
5100.0,51.0,0.4814660739106864,0.0481376129384972,0.4814660739106864,0.0,8.0
5500.0,55.0,0.4827710567316807,0.0493308777103849,0.4827710567316807,0.0,8.0
5600.0,56.0,0.4845370150200376,0.0482582371957652,0.4845370150200376,0.0,8.0
5700.0,57.0,0.4870059713192642,0.0455319787879477,0.4870059713192642,0.0,8.0
5900.0,59.0,0.4851564171727658,0.0479687971267696,0.4851564171727658,0.0,8.0
6200.0,62.0,0.4803945196965291,0.049204110458022,0.4803945196965291,0.0,8.0
6500.0,65.0,0.4788631715037695,0.0505815665014079,0.4788631715037695,0.0,8.0
6600.0,66.0,0.4827924782600546,0.0481083905674553,0.4827924782600546,0.0,8.0
6800.0,68.0,0.4807768040424201,0.0468353377259569,0.4807768040424201,0.0,8.0
6900.0,69.0,0.4790379956955585,0.046711622304981,0.4790379956955585,0.0,8.0
7000.0,70.0,0.4783922497869079,0.046211358788704,0.4783922497869079,0.0,8.0
7100.0,71.0,0.4827044303253351,0.0464206624056952,0.4827044303253351,0.0,8.0
7200.0,72.0,0.4818525657431577,0.0461271257083009,0.4818525657431577,0.0,8.0
7400.0,74.0,0.4824578552083857,0.0467811321414818,0.4824578552083857,0.0,8.0
7500.0,75.0,0.4864225452720425,0.0446876552862586,0.4864225452720425,0.0,8.0
7800.0,78.0,0.4796189316632222,0.0443803743663992,0.4796189316632222,0.0,8.0
7900.0,79.0,0.4810912910945843,0.0463943610622851,0.4810912910945843,0.0,8.0
8200.0,82.0,0.4790347827920493,0.0504405380730979,0.4790347827920493,0.0,8.0
8400.0,84.0,0.4909280485617391,0.0457215427582102,0.4909280485617391,0.0,8.0
8600.0,86.0,0.4918236709416647,0.0459950040483406,0.4918236709416647,0.0,8.0
8700.0,87.0,0.4897259244030432,0.0455097745962427,0.4897259244030432,0.0,8.0
8800.0,88.0,0.4932107414706644,0.0421022553674671,0.4932107414706644,0.0,8.0
9300.0,93.0,0.4818617149482028,0.0456737730545412,0.4818617149482028,0.0,8.0
9400.0,94.0,0.48591682586647,0.0441483029297135,0.48591682586647,0.0,8.0
9500.0,95.0,0.4862037331716502,0.0444688484812383,0.4862037331716502,0.0,8.0
9600.0,96.0,0.4843413075922655,0.0442112581600866,0.4843413075922655,0.0,8.0
9700.0,97.0,0.4881422977465793,0.0431689896014302,0.4881422977465793,0.0,8.0
9800.0,98.0,0.4918840882431094,0.0425596653862361,0.4918840882431094,0.0,8.0
10100.0,101.0,0.4906918217532843,0.043701908030656,0.4906918217532843,0.0,8.0
10300.0,103.0,0.4891023940085728,0.0447277801250264,0.4891023940085728,0.0,8.0
10400.0,104.0,0.4917304965443673,0.0428644676456676,0.4917304965443673,0.0,8.0
10800.0,108.0,0.4868582862078605,0.0454494800178816,0.4868582862078605,0.0,8.0
10900.0,109.0,0.4868746509212994,0.0452679232565793,0.4868746509212994,0.0,8.0
11000.0,110.0,0.4925796688737447,0.0429072259247664,0.4925796688737447,0.0,8.0
11300.0,113.0,0.4846323646445323,0.0456347655526847,0.4846323646445323,0.0,8.0
11400.0,114.0,0.4823165537971203,0.0450367095636494,0.4823165537971203,0.0,8.0
11500.0,115.0,0.4823920067342679,0.0451019908384805,0.4823920067342679,0.0,8.0
11600.0,116.0,0.4828639497197471,0.0438889490066842,0.4828639497197471,0.0,8.0
11700.0,117.0,0.4878885499971402,0.0416429510889662,0.4878885499971402,0.0,8.0
11800.0,118.0,0.4886532305995351,0.0416916962701044,0.4886532305995351,0.0,8.0
11900.0,119.0,0.4890986458898538,0.0426740793057776,0.4890986458898538,0.0,8.0
12100.0,121.0,0.4836756346834538,0.0437192157661738,0.4836756346834538,0.0,8.0
12300.0,123.0,0.4909776895247715,0.0427758919288996,0.4909776895247715,0.0,8.0
12500.0,125.0,0.4887283107918337,0.0431816799242954,0.4887283107918337,0.0,8.0
12700.0,127.0,0.490112657723508,0.0429384288352277,0.490112657723508,0.0,8.0
12900.0,129.0,0.4837185942335366,0.0438060664459109,0.4837185942335366,0.0,8.0
13000.0,130.0,0.4841668286189312,0.0447710222054231,0.4841668286189312,0.0,8.0
13100.0,131.0,0.4872371505676427,0.0439430135106048,0.4872371505676427,0.0,8.0
13200.0,132.0,0.4906126341957848,0.0430950109679053,0.4906126341957848,0.0,8.0
13300.0,133.0,0.4892640078766356,0.0430051849651238,0.4892640078766356,0.0,8.0
13600.0,136.0,0.491085226006201,0.0460966231740175,0.491085226006201,0.0,8.0
13800.0,138.0,0.4800167929739634,0.0470809516538811,0.4800167929739634,0.0,8.0
13900.0,139.0,0.4892851420550199,0.0451725221390267,0.4892851420550199,0.0,8.0
14000.0,140.0,0.4889551124973643,0.044723470457076,0.4889551124973643,0.0,8.0
14200.0,142.0,0.4842095078518277,0.0458482717387783,0.4842095078518277,0.0,8.0
14400.0,144.0,0.4837286783404889,0.0452707127923367,0.4837286783404889,0.0,8.0
14500.0,145.0,0.487990955872935,0.0445109591290642,0.487990955872935,0.0,8.0
14600.0,146.0,0.4872111064558517,0.0444472055588797,0.4872111064558517,0.0,8.0
14800.0,148.0,0.4859556921367841,0.0445414402179659,0.4859556921367841,0.0,8.0
15100.0,151.0,0.4809218127621665,0.0486711390285529,0.4809218127621665,0.0,8.0
15200.0,152.0,0.4797472321712538,0.0483669755400124,0.4797472321712538,0.0,8.0
15300.0,153.0,0.4799115310820946,0.0489968703786612,0.4799115310820946,0.0,8.0
15400.0,154.0,0.484121929204333,0.0458521095347278,0.484121929204333,0.0,8.0
15800.0,158.0,0.4810623305633801,0.0502517980150836,0.4810623305633801,0.0,8.0
15900.0,159.0,0.4791657642752799,0.0496761823675057,0.4791657642752799,0.0,8.0
16100.0,161.0,0.4832266535411255,0.0484884227852955,0.4832266535411255,0.0,8.0
16200.0,162.0,0.4844745845564299,0.0479295186610943,0.4844745845564299,0.0,8.0
16400.0,164.0,0.4768332370773865,0.0492667767877425,0.4768332370773865,0.0,8.0
16500.0,165.0,0.4839591835254292,0.047411398786942,0.4839591835254292,0.0,8.0
16600.0,166.0,0.481591447594192,0.0472637611293718,0.481591447594192,0.0,8.0
16800.0,168.0,0.4843710516616961,0.0448776269785127,0.4843710516616961,0.0,8.0
17100.0,171.0,0.4798301637655385,0.0480545869512156,0.4798301637655385,0.0,8.0
17200.0,172.0,0.4800316097833152,0.0465533917320067,0.4800316097833152,0.0,8.0
17400.0,174.0,0.4827652919235964,0.045334724454937,0.4827652919235964,0.0,8.0
17500.0,175.0,0.491383955843569,0.0425145944948974,0.491383955843569,0.0,8.0
17700.0,177.0,0.4847757038711746,0.0470388256725874,0.4847757038711746,0.0,8.0
17800.0,178.0,0.4855004068122057,0.0469681120403876,0.4855004068122057,0.0,8.0
17900.0,179.0,0.4894080267137784,0.0461743810709813,0.4894080267137784,0.0,8.0
18000.0,180.0,0.4931103725408334,0.0436724292717894,0.4931103725408334,0.0,8.0
18300.0,183.0,0.4844082800369313,0.0485094181128216,0.4844082800369313,0.0,8.0
18400.0,184.0,0.4915353329662842,0.0450871578161091,0.4915353329662842,0.0,8.0
18500.0,185.0,0.4911887388937523,0.0448966332086786,0.4911887388937523,0.0,8.0
18600.0,186.0,0.4938920485737284,0.0432482764436832,0.4938920485737284,0.0,8.0
18700.0,187.0,0.497652347290921,0.041335004515124,0.497652347290921,0.0,8.0
18900.0,189.0,0.4935040111793983,0.0421308706365325,0.4935040111793983,0.0,8.0
19100.0,191.0,0.4878832675675385,0.0438066810135069,0.4878832675675385,0.0,8.0
19200.0,192.0,0.4932484558771605,0.0426792806836881,0.4932484558771605,0.0,8.0
19300.0,193.0,0.4950367859579561,0.0412228679878815,0.4950367859579561,0.0,8.0
19400.0,194.0,0.4936885399908812,0.0411023386733838,0.4936885399908812,0.0,8.0
19700.0,197.0,0.4919066357026456,0.042814785502331,0.4919066357026456,0.0,8.0
19800.0,198.0,0.4938851509984608,0.0430592142599589,0.4938851509984608,0.0,8.0
19900.0,199.0,0.4960423419688717,0.0417250565922181,0.4960423419688717,0.0,8.0
20100.0,201.0,0.4922999814921949,0.0422662428420943,0.4922999814921949,0.0,8.0
20300.0,203.0,0.490522527870474,0.0435649134950895,0.490522527870474,0.0,8.0
20400.0,204.0,0.4918490556960251,0.0411242585573435,0.4918490556960251,0.0,8.0
20500.0,205.0,0.4949000003484515,0.0397691464172101,0.4949000003484515,0.0,8.0
20700.0,207.0,0.4938991274719289,0.0409177206886639,0.4938991274719289,0.0,8.0
20900.0,209.0,0.4944191355369998,0.0405671258781937,0.4944191355369998,0.0,8.0
21200.0,212.0,0.488149967550946,0.0424020453273041,0.488149967550946,0.0,8.0
21300.0,213.0,0.4908184741770756,0.0415867122183051,0.4908184741770756,0.0,8.0
21600.0,216.0,0.4825616654234251,0.0461763564350365,0.4825616654234251,0.0,8.0
21800.0,218.0,0.4806316225473866,0.045511747982158,0.4806316225473866,0.0,8.0
21900.0,219.0,0.4836136985233695,0.0422522828060779,0.4836136985233695,0.0,8.0
22000.0,220.0,0.4878876193850158,0.0420508873244717,0.4878876193850158,0.0,8.0
22200.0,222.0,0.4884070258615881,0.0411794782991997,0.4884070258615881,0.0,8.0
22400.0,224.0,0.4879292621406057,0.0401708825184327,0.4879292621406057,0.0,8.0
22500.0,225.0,0.4890339757379257,0.0408654533297008,0.4890339757379257,0.0,8.0
22600.0,226.0,0.4890814093625893,0.0412329461051993,0.4890814093625893,0.0,8.0
22700.0,227.0,0.4903186808265339,0.0401030397723494,0.4903186808265339,0.0,8.0
22900.0,229.0,0.4862189237065843,0.0439419684885297,0.4862189237065843,0.0,8.0
23000.0,230.0,0.4871327014154873,0.0418332459331853,0.4871327014154873,0.0,8.0
23100.0,231.0,0.4877533237760004,0.042288734283445,0.4877533237760004,0.0,8.0
23200.0,232.0,0.4890848892261365,0.0415243648525832,0.4890848892261365,0.0,8.0
23300.0,233.0,0.4911600285258402,0.0405467133362942,0.4911600285258402,0.0,8.0
23500.0,235.0,0.4914212116708178,0.0409452288068031,0.4914212116708178,0.0,8.0
23700.0,237.0,0.4913604178404555,0.0414800231011066,0.4913604178404555,0.0,8.0
24000.0,240.0,0.4833861915690757,0.0439442204274202,0.4833861915690757,0.0,8.0
24100.0,241.0,0.487797622734381,0.0419058599436902,0.487797622734381,0.0,8.0
24200.0,242.0,0.4946288470746559,0.0409010388271035,0.4946288470746559,0.0,8.0
24400.0,244.0,0.4937138960810934,0.0421196873719369,0.4937138960810934,0.0,8.0
24500.0,245.0,0.495946461731002,0.0407813439134997,0.495946461731002,0.0,8.0
24600.0,246.0,0.495810849861888,0.0402984113602215,0.495810849861888,0.0,8.0
24800.0,248.0,0.496925481085647,0.0406850207454863,0.496925481085647,0.0,8.0
24900.0,249.0,0.4975719446827316,0.0400227371143057,0.4975719446827316,0.0,8.0
25100.0,251.0,0.4965140819517006,0.0401717542309753,0.4965140819517006,0.0,8.0
25200.0,252.0,0.4986586421686071,0.0384065749649824,0.4986586421686071,0.0,8.0
25400.0,254.0,0.4976062510063442,0.0389837828838444,0.4976062510063442,0.0,8.0
25500.0,255.0,0.4981650988165299,0.0376172744059865,0.4981650988165299,0.0,8.0
25700.0,257.0,0.4984996239919581,0.0369366607779723,0.4984996239919581,0.0,8.0
25900.0,259.0,0.5018264379912273,0.0373554834357153,0.5018264379912273,0.0,8.0
26200.0,262.0,0.497279756122425,0.0393159528972801,0.497279756122425,0.0,8.0
26600.0,266.0,0.4894098799049032,0.045128064437781,0.4894098799049032,0.0,8.0
26700.0,267.0,0.4889454891955589,0.0448812402836311,0.4889454891955589,0.0,8.0
26800.0,268.0,0.4873412602554057,0.0440308599494627,0.4873412602554057,0.0,8.0
26900.0,269.0,0.4912182639514069,0.0422387312041735,0.4912182639514069,0.0,8.0
27100.0,271.0,0.4893092871490262,0.0445028375912882,0.4893092871490262,0.0,8.0
27200.0,272.0,0.4934285459466839,0.0431719210832775,0.4934285459466839,0.0,8.0
27300.0,273.0,0.4939981982029209,0.0419499867824872,0.4939981982029209,0.0,8.0
27500.0,275.0,0.4934386965739737,0.0436326116747103,0.4934386965739737,0.0,8.0
27900.0,279.0,0.4873505967508833,0.0463374285390089,0.4873505967508833,0.0,8.0
28000.0,280.0,0.4875049066591647,0.0457986745781421,0.4875049066591647,0.0,8.0
28100.0,281.0,0.4860366597389592,0.0449524075406635,0.4860366597389592,0.0,8.0
28200.0,282.0,0.4905280777365307,0.0426663857060325,0.4905280777365307,0.0,8.0
28300.0,283.0,0.4942593846894641,0.0403165997821125,0.4942593846894641,0.0,8.0
28600.0,286.0,0.4895080491638083,0.0437269358633817,0.4895080491638083,0.0,8.0
28800.0,288.0,0.4847272016185311,0.0462960156700609,0.4847272016185311,0.0,8.0
28900.0,289.0,0.4877970144382816,0.0445591484380741,0.4877970144382816,0.0,8.0
29100.0,291.0,0.4880750933546773,0.0448342999474657,0.4880750933546773,0.0,8.0
29200.0,292.0,0.4914435428456374,0.0436393719886155,0.4914435428456374,0.0,8.0
29500.0,295.0,0.4831061228075041,0.0470200168748645,0.4831061228075041,0.0,8.0
29600.0,296.0,0.4832700220077892,0.0461881065862337,0.4832700220077892,0.0,8.0
29700.0,297.0,0.4862738451805171,0.0449407100335448,0.4862738451805171,0.0,8.0
30000.0,300.0,0.482277901029586,0.0451002657955452,0.482277901029586,0.0,8.0
30100.0,301.0,0.4823627050828751,0.0475849580432521,0.4823627050828751,0.0,8.0
30200.0,302.0,0.4831786409180896,0.045765552405722,0.4831786409180896,0.0,8.0
30400.0,304.0,0.4853280123355257,0.0452648609673949,0.4853280123355257,0.0,8.0
30500.0,305.0,0.4851988655404827,0.0450663610616059,0.4851988655404827,0.0,8.0
30600.0,306.0,0.4908516722835825,0.0423454921621544,0.4908516722835825,0.0,8.0
30700.0,307.0,0.4918082063689337,0.0415691241816733,0.4918082063689337,0.0,8.0
30900.0,309.0,0.4907637527800703,0.0428347544346463,0.4907637527800703,0.0,8.0
31100.0,311.0,0.4846331555041179,0.0446327382128354,0.4846331555041179,0.0,8.0
31200.0,312.0,0.487321703653694,0.0423991221452095,0.487321703653694,0.0,8.0
31300.0,313.0,0.4877792376227089,0.0427874823635456,0.4877792376227089,0.0,8.0
31600.0,316.0,0.4833875340649553,0.0435694696191862,0.4833875340649553,0.0,8.0
31800.0,318.0,0.4884059667587244,0.044821827794148,0.4884059667587244,0.0,8.0
31900.0,319.0,0.4894025581882757,0.0448641230924488,0.4894025581882757,0.0,8.0
32000.0,320.0,0.4904341375399646,0.0456815787278816,0.4904341375399646,0.0,8.0
32200.0,322.0,0.4841715670958787,0.0478823080316453,0.4841715670958787,0.0,8.0
32300.0,323.0,0.482549910843177,0.0463885801803553,0.482549910843177,0.0,8.0
32400.0,324.0,0.48460322602225,0.0449006754663745,0.48460322602225,0.0,8.0
32600.0,326.0,0.4866028527244198,0.0444215097121403,0.4866028527244198,0.0,8.0
32700.0,327.0,0.4868795321838647,0.0448276982475248,0.4868795321838647,0.0,8.0
32800.0,328.0,0.4900313299385457,0.044621827320498,0.4900313299385457,0.0,8.0
32900.0,329.0,0.4878876610051594,0.0440352900491923,0.4878876610051594,0.0,8.0
33000.0,330.0,0.4925553527477594,0.0432974739745554,0.4925553527477594,0.0,8.0
33100.0,331.0,0.4917575548375656,0.0416850956740668,0.4917575548375656,0.0,8.0
33200.0,332.0,0.4897367268215422,0.0416047068334913,0.4897367268215422,0.0,8.0
33300.0,333.0,0.4891267734339317,0.0413878569594196,0.4891267734339317,0.0,8.0
33500.0,335.0,0.4907486821872678,0.0398764794233452,0.4907486821872678,0.0,8.0
33600.0,336.0,0.4966539211771689,0.0382354829023113,0.4966539211771689,0.0,8.0
33900.0,339.0,0.4908976305390588,0.0402698997532884,0.4908976305390588,0.0,8.0
34000.0,340.0,0.4940834616514388,0.0401563648523319,0.4940834616514388,0.0,8.0
34200.0,342.0,0.4868776391611321,0.0417769592263303,0.4868776391611321,0.0,8.0
34300.0,343.0,0.4940978779586578,0.0383967078440521,0.4940978779586578,0.0,8.0
34500.0,345.0,0.4907736066733747,0.0403198748038241,0.4907736066733747,0.0,8.0
34600.0,346.0,0.4919746010913927,0.039415761881514,0.4919746010913927,0.0,8.0
34800.0,348.0,0.4909807467978508,0.040960973405627,0.4909807467978508,0.0,8.0
34900.0,349.0,0.4967236824294913,0.0400365601248471,0.4967236824294913,0.0,8.0
35200.0,352.0,0.4895785027951821,0.0439771661779343,0.4895785027951821,0.0,8.0
35500.0,355.0,0.4806701291566594,0.045560959787592,0.4806701291566594,0.0,8.0
35700.0,357.0,0.4794726945055053,0.0479323541972726,0.4794726945055053,0.0,8.0
35800.0,358.0,0.4766786854557378,0.0475013628887384,0.4766786854557378,0.0,8.0
35900.0,359.0,0.4846928877256709,0.0461176943951285,0.4846928877256709,0.0,8.0
36000.0,360.0,0.4862545669175387,0.0447660389967397,0.4862545669175387,0.0,8.0
36100.0,361.0,0.4876009630031918,0.0460831509664664,0.4876009630031918,0.0,8.0
36200.0,362.0,0.4897368164285614,0.0443272013511429,0.4897368164285614,0.0,8.0
36400.0,364.0,0.4884007029500382,0.0455462614022942,0.4884007029500382,0.0,8.0
36500.0,365.0,0.4916779586629142,0.0435862302371646,0.4916779586629142,0.0,8.0
36700.0,367.0,0.4899073741554789,0.0443736994065376,0.4899073741554789,0.0,8.0
36800.0,368.0,0.4947410291777177,0.042908896797449,0.4947410291777177,0.0,8.0
37000.0,370.0,0.4975625092977808,0.0407838119239664,0.4975625092977808,0.0,8.0
37200.0,372.0,0.4956220314888547,0.0427640549123123,0.4956220314888547,0.0,8.0
37400.0,374.0,0.4924835646687416,0.0430205162315536,0.4924835646687416,0.0,8.0
37500.0,375.0,0.4955418672484296,0.0402589845271919,0.4955418672484296,0.0,8.0
37700.0,377.0,0.4962619603957603,0.040602456260841,0.4962619603957603,0.0,8.0
37800.0,378.0,0.4945022086258016,0.0398106535431854,0.4945022086258016,0.0,8.0
37900.0,379.0,0.4945799482443196,0.0408990300350151,0.4945799482443196,0.0,8.0
38000.0,380.0,0.4992956082538355,0.0392024253676632,0.4992956082538355,0.0,8.0
38100.0,381.0,0.5010152711769765,0.0401103303934571,0.5010152711769765,0.0,8.0
38200.0,382.0,0.5006929188108746,0.0396323217279274,0.5006929188108746,0.0,8.0
38400.0,384.0,0.4956537560174581,0.041569821656757,0.4956537560174581,0.0,8.0
38500.0,385.0,0.4961564295594455,0.0405801625269743,0.4961564295594455,0.0,8.0
38600.0,386.0,0.4994483844486836,0.0395216998089328,0.4994483844486836,0.0,8.0
39000.0,390.0,0.4970848342960635,0.039610756250615,0.4970848342960635,0.0,8.0
39100.0,391.0,0.495485902828351,0.0395178472128546,0.495485902828351,0.0,8.0
39300.0,393.0,0.4957483302220564,0.0399962277429014,0.4957483302220564,0.0,8.0
39500.0,395.0,0.4967898906980025,0.0403419806631287,0.4967898906980025,0.0,8.0
39800.0,398.0,0.4922236073391713,0.0417528441065196,0.4922236073391713,0.0,8.0
39900.0,399.0,0.4950893860520233,0.0407893184608025,0.4950893860520233,0.0,8.0
40000.0,400.0,0.4981043860321244,0.0403455972778754,0.4981043860321244,0.0,8.0
40200.0,402.0,0.4959827996389396,0.0426067556058426,0.4959827996389396,0.0,8.0
40800.0,408.0,0.486219242977673,0.0474980533906834,0.486219242977673,0.0,8.0
41000.0,410.0,0.4864907166149519,0.0460841698909409,0.4864907166149519,0.0,8.0
41100.0,411.0,0.4897422493122358,0.0449875139649568,0.4897422493122358,0.0,8.0
41300.0,413.0,0.4912562883453157,0.0473099136429096,0.4912562883453157,0.0,8.0
41400.0,414.0,0.4926509186488736,0.0466208029340289,0.4926509186488736,0.0,8.0
41500.0,415.0,0.4904938831377303,0.0454202052461989,0.4904938831377303,0.0,8.0
41700.0,417.0,0.4885176645826203,0.0459709413473912,0.4885176645826203,0.0,8.0
41900.0,419.0,0.4884434087667658,0.0430578013451223,0.4884434087667658,0.0,8.0
42000.0,420.0,0.4890312164534466,0.0435463155071554,0.4890312164534466,0.0,8.0
42100.0,421.0,0.4891885137653561,0.0431286763128654,0.4891885137653561,0.0,8.0
42400.0,424.0,0.4890302189982287,0.0445111888652714,0.4890302189982287,0.0,8.0
42500.0,425.0,0.4897729928004469,0.0438908307607259,0.4897729928004469,0.0,8.0
42600.0,426.0,0.4890717647089626,0.0432078526799421,0.4890717647089626,0.0,8.0
42800.0,428.0,0.4884674568729125,0.0429526900135992,0.4884674568729125,0.0,8.0
43000.0,430.0,0.493150405068006,0.0434985715906575,0.493150405068006,0.0,8.0
43100.0,431.0,0.4949915280879247,0.0435630301176222,0.4949915280879247,0.0,8.0
43200.0,432.0,0.4930410221631867,0.0428162534255113,0.4930410221631867,0.0,8.0
43300.0,433.0,0.4939784653838807,0.0429201291259722,0.4939784653838807,0.0,8.0
43600.0,436.0,0.4889623136557917,0.046717672207741,0.4889623136557917,0.0,8.0
43800.0,438.0,0.4891890468947694,0.0450549773025408,0.4891890468947694,0.0,8.0
44000.0,440.0,0.4923800777504227,0.0424666155239698,0.4923800777504227,0.0,8.0
44200.0,442.0,0.4900373957174456,0.0426475553079097,0.4900373957174456,0.0,8.0
44400.0,444.0,0.4894703056647825,0.043965141302739,0.4894703056647825,0.0,8.0
44500.0,445.0,0.4917513274472463,0.0435907827987951,0.4917513274472463,0.0,8.0
44600.0,446.0,0.4953053379695131,0.0425351946202836,0.4953053379695131,0.0,8.0
44900.0,449.0,0.4961123717187394,0.0420783812142978,0.4961123717187394,0.0,8.0
45300.0,453.0,0.4877963523721331,0.0451897424226526,0.4877963523721331,0.0,8.0
45400.0,454.0,0.4925816724890925,0.0439822859648271,0.4925816724890925,0.0,8.0
45500.0,455.0,0.4928498315608179,0.0424473825831203,0.4928498315608179,0.0,8.0
45600.0,456.0,0.4932952623896289,0.0427296141996936,0.4932952623896289,0.0,8.0
45900.0,459.0,0.4919606703603091,0.0437358520627349,0.4919606703603091,0.0,8.0
46000.0,460.0,0.4903358984775423,0.0429779245599168,0.4903358984775423,0.0,8.0
46300.0,463.0,0.4913876689903449,0.0416664300265233,0.4913876689903449,0.0,8.0
46400.0,464.0,0.4927235943700137,0.041295919380734,0.4927235943700137,0.0,8.0
46500.0,465.0,0.4934607297746279,0.0409816292496595,0.4934607297746279,0.0,8.0
46700.0,467.0,0.4880058845695766,0.0428737495419605,0.4880058845695766,0.0,8.0
47000.0,470.0,0.4881838069163926,0.0451711332868097,0.4881838069163926,0.0,8.0
47100.0,471.0,0.4933159979574328,0.041572209964382,0.4933159979574328,0.0,8.0
47200.0,472.0,0.4959297880776209,0.0420399305943956,0.4959297880776209,0.0,8.0
47400.0,474.0,0.4946203248848218,0.0422459412325159,0.4946203248848218,0.0,8.0
47500.0,475.0,0.497392300740287,0.0409181980923811,0.497392300740287,0.0,8.0
47800.0,478.0,0.4878089334187888,0.0441778395808924,0.4878089334187888,0.0,8.0
47900.0,479.0,0.4948824841281906,0.0435512269183781,0.4948824841281906,0.0,8.0
48100.0,481.0,0.4931647551242655,0.0425356065991468,0.4931647551242655,0.0,8.0
48200.0,482.0,0.4936956300415885,0.0424914992298681,0.4936956300415885,0.0,8.0
48300.0,483.0,0.4941153201458007,0.0421476090648173,0.4941153201458007,0.0,8.0
48500.0,485.0,0.4949056279349026,0.0432816354675729,0.4949056279349026,0.0,8.0
48600.0,486.0,0.495056659123685,0.0433765462678526,0.495056659123685,0.0,8.0
48800.0,488.0,0.4945551030608284,0.0443027942142396,0.4945551030608284,0.0,8.0
49000.0,490.0,0.4944515206512278,0.0429591298310402,0.4944515206512278,0.0,8.0
49100.0,491.0,0.4948950625013693,0.0431867382514618,0.4948950625013693,0.0,8.0
49300.0,493.0,0.4946025059604886,0.0418296280559969,0.4946025059604886,0.0,8.0
49400.0,494.0,0.4990076705568431,0.0411279300668746,0.4990076705568431,0.0,8.0
49700.0,497.0,0.49847342226173,0.0398976364017214,0.49847342226173,0.0,8.0
49800.0,498.0,0.4987355387666793,0.0415675935997702,0.4987355387666793,0.0,8.0
49900.0,499.0,0.4980339099513247,0.0394983487922204,0.4980339099513247,0.0,8.0
50000.0,500.0,0.4993642964674826,0.0389335142897555,0.4993642964674826,0.0,8.0
50300.0,503.0,0.4981580832997627,0.0414585903376633,0.4981580832997627,0.0,8.0
50500.0,505.0,0.4935318026252865,0.0410516657046667,0.4935318026252865,0.0,8.0
50700.0,507.0,0.4929797439581274,0.042062380752503,0.4929797439581274,0.0,8.0
50800.0,508.0,0.4945438143350228,0.0400308758797845,0.4945438143350228,0.0,8.0
51000.0,510.0,0.4934793543366655,0.0414404637146651,0.4934793543366655,0.0,8.0
51200.0,512.0,0.4927021805259719,0.0434119999411639,0.4927021805259719,0.0,8.0
51300.0,513.0,0.494834328925074,0.0418178745761844,0.494834328925074,0.0,8.0
51500.0,515.0,0.4913588327736352,0.0452003247379265,0.4913588327736352,0.0,8.0
51600.0,516.0,0.4948016971117949,0.0430487069554306,0.4948016971117949,0.0,8.0
51700.0,517.0,0.495184503333652,0.0424511932300743,0.495184503333652,0.0,8.0
51800.0,518.0,0.4964169454239416,0.0416775869714476,0.4964169454239416,0.0,8.0
52000.0,520.0,0.4913831621263952,0.0435581913918038,0.4913831621263952,0.0,8.0
52100.0,521.0,0.4902689677464813,0.0434011716734338,0.4902689677464813,0.0,8.0
52400.0,524.0,0.4869705434841643,0.0480226649343345,0.4869705434841643,0.0,8.0
52700.0,527.0,0.4887831965066716,0.0463736493488499,0.4887831965066716,0.0,8.0
52800.0,528.0,0.491725730087168,0.0430585954199605,0.491725730087168,0.0,8.0
52900.0,529.0,0.4917976078924034,0.0440468709414205,0.4917976078924034,0.0,8.0
53200.0,532.0,0.4906851946501591,0.0475170431156714,0.4906851946501591,0.0,8.0
53500.0,535.0,0.4859502972301113,0.0497356623244338,0.4859502972301113,0.0,8.0
53600.0,536.0,0.4875747108818917,0.0482597342002694,0.4875747108818917,0.0,8.0
53700.0,537.0,0.4898972698723368,0.0456387898302981,0.4898972698723368,0.0,8.0
53800.0,538.0,0.4870737454350639,0.0454467103924913,0.4870737454350639,0.0,8.0
53900.0,539.0,0.4945303233959033,0.0430712223611291,0.4945303233959033,0.0,8.0
54300.0,543.0,0.4860907028673162,0.0435295652503446,0.4860907028673162,0.0,8.0
54400.0,544.0,0.4883548601729398,0.041990115902988,0.4883548601729398,0.0,8.0
54600.0,546.0,0.4895720953164486,0.0411962754689166,0.4895720953164486,0.0,8.0
54800.0,548.0,0.4900908131059681,0.0424392709866314,0.4900908131059681,0.0,8.0
54900.0,549.0,0.4941208743393407,0.0416600994428898,0.4941208743393407,0.0,8.0
55000.0,550.0,0.4942727648402917,0.0417687102541974,0.4942727648402917,0.0,8.0
55200.0,552.0,0.4929565942848924,0.0443516972886203,0.4929565942848924,0.0,8.0
55400.0,554.0,0.490620145262879,0.0450472141394433,0.490620145262879,0.0,8.0
55600.0,556.0,0.4909513322913283,0.0437395119530255,0.4909513322913283,0.0,8.0
55800.0,558.0,0.4943291781613153,0.0431142789806643,0.4943291781613153,0.0,8.0
56200.0,562.0,0.4898901921235609,0.0445035546783127,0.4898901921235609,0.0,8.0
56500.0,565.0,0.4876406745262907,0.0471154656497114,0.4876406745262907,0.0,8.0
56600.0,566.0,0.4897620467081815,0.0469416872231786,0.4897620467081815,0.0,8.0
56700.0,567.0,0.4890209507034666,0.046282302107243,0.4890209507034666,0.0,8.0
56800.0,568.0,0.4870826318844918,0.0462005518879834,0.4870826318844918,0.0,8.0
57000.0,570.0,0.4943640566486263,0.0422347580951347,0.4943640566486263,0.0,8.0
57200.0,572.0,0.4886511889666152,0.0438680729022334,0.4886511889666152,0.0,8.0
57300.0,573.0,0.4944828929164953,0.0416599574079998,0.4944828929164953,0.0,8.0
57500.0,575.0,0.4927972724452257,0.0445670002293191,0.4927972724452257,0.0,8.0
57700.0,577.0,0.493760874820954,0.0453764494580416,0.493760874820954,0.0,8.0
58000.0,580.0,0.4928191126000432,0.0445299506583538,0.4928191126000432,0.0,8.0
58100.0,581.0,0.4946192612285496,0.044042255958208,0.4946192612285496,0.0,8.0
58200.0,582.0,0.4969305243616856,0.0425374607004773,0.4969305243616856,0.0,8.0
58300.0,583.0,0.4962416997426704,0.0421866236164105,0.4962416997426704,0.0,8.0
58400.0,584.0,0.5011910768081206,0.0391686633883712,0.5011910768081206,0.0,8.0
58600.0,586.0,0.4970727797117814,0.0402487399995295,0.4970727797117814,0.0,8.0
58800.0,588.0,0.4943600282095022,0.0407694878166798,0.4943600282095022,0.0,8.0
58900.0,589.0,0.4941609649578972,0.0405361219301588,0.4941609649578972,0.0,8.0
59000.0,590.0,0.4989206121078877,0.039403066473144,0.4989206121078877,0.0,8.0
59300.0,593.0,0.4924008223697331,0.0411097549567785,0.4924008223697331,0.0,8.0
59400.0,594.0,0.4988705462917857,0.0392216058484959,0.4988705462917857,0.0,8.0
59500.0,595.0,0.4968734949578171,0.0392013941975591,0.4968734949578171,0.0,8.0
59800.0,598.0,0.4939433960662261,0.0406400191853881,0.4939433960662261,0.0,8.0
59900.0,599.0,0.4943212595477072,0.0402191564350598,0.4943212595477072,0.0,8.0
60000.0,600.0,0.4944029833459863,0.0426572661692276,0.4944029833459863,0.0,8.0
60300.0,603.0,0.491737881963237,0.0437457023303713,0.491737881963237,0.0,8.0
60500.0,605.0,0.4913418588922321,0.0431788777102554,0.4913418588922321,0.0,8.0
60600.0,606.0,0.4940411357216343,0.0423956979754235,0.4940411357216343,0.0,8.0
60800.0,608.0,0.4907831107372841,0.0432070087459871,0.4907831107372841,0.0,8.0
60900.0,609.0,0.4932938637398031,0.0428051284615393,0.4932938637398031,0.0,8.0
61000.0,610.0,0.4956308875061718,0.0401547357635719,0.4956308875061718,0.0,8.0
61100.0,611.0,0.4957550786576859,0.0402386558515665,0.4957550786576859,0.0,8.0
61400.0,614.0,0.4876861439058183,0.0437273266325516,0.4876861439058183,0.0,8.0
61700.0,617.0,0.4853416854504944,0.0450085461771729,0.4853416854504944,0.0,8.0
61800.0,618.0,0.4855008426435995,0.0463389434279581,0.4855008426435995,0.0,8.0
62000.0,620.0,0.4816531504325024,0.0477164549896822,0.4816531504325024,0.0,8.0
62100.0,621.0,0.4793801921311786,0.0475120308756925,0.4793801921311786,0.0,8.0
62200.0,622.0,0.481817355605184,0.0469582924250649,0.481817355605184,0.0,8.0
62300.0,623.0,0.4837990898991309,0.0464215077555545,0.4837990898991309,0.0,8.0
62400.0,624.0,0.4839819842923731,0.0450072425838114,0.4839819842923731,0.0,8.0
62500.0,625.0,0.4871545319157923,0.0447497275159354,0.4871545319157923,0.0,8.0
62600.0,626.0,0.4876807708198527,0.0438715685673829,0.4876807708198527,0.0,8.0
62700.0,627.0,0.4888049895454517,0.0443974257745429,0.4888049895454517,0.0,8.0
62800.0,628.0,0.4890953899391744,0.0438907722150504,0.4890953899391744,0.0,8.0
62900.0,629.0,0.4917387708633995,0.0417106526569035,0.4917387708633995,0.0,8.0
63100.0,631.0,0.4945375406525992,0.0416718999134108,0.4945375406525992,0.0,8.0
63200.0,632.0,0.498150066098077,0.0394542808925515,0.498150066098077,0.0,8.0
63400.0,634.0,0.4934428564204278,0.0418473845857166,0.4934428564204278,0.0,8.0
63500.0,635.0,0.4939925392726045,0.0414741947464697,0.4939925392726045,0.0,8.0
63700.0,637.0,0.4935942266093282,0.0421434655953728,0.4935942266093282,0.0,8.0
63800.0,638.0,0.4925121569771323,0.0418595057254852,0.4925121569771323,0.0,8.0
63900.0,639.0,0.4912045951575999,0.0414246581540357,0.4912045951575999,0.0,8.0
64200.0,642.0,0.4889673340943085,0.0412162415789182,0.4889673340943085,0.0,8.0
64300.0,643.0,0.4906217177902575,0.0401078343473153,0.4906217177902575,0.0,8.0
64500.0,645.0,0.4880975935398561,0.0426334809683249,0.4880975935398561,0.0,8.0
64800.0,648.0,0.4820288463974345,0.0471323985594764,0.4820288463974345,0.0,8.0
64900.0,649.0,0.4885878231560496,0.04438847069677,0.4885878231560496,0.0,8.0
65000.0,650.0,0.4921487561088641,0.0417041854733709,0.4921487561088641,0.0,8.0
65200.0,652.0,0.4960612184074827,0.0411369789098875,0.4960612184074827,0.0,8.0
65400.0,654.0,0.496097945569218,0.042217344299804,0.496097945569218,0.0,8.0
65600.0,656.0,0.4915953542797969,0.0439243228366932,0.4915953542797969,0.0,8.0
65800.0,658.0,0.4960362525517257,0.0422611755499163,0.4960362525517257,0.0,8.0
65900.0,659.0,0.4978032569436412,0.0410330374713367,0.4978032569436412,0.0,8.0
66000.0,660.0,0.4976487261162522,0.0409348450468268,0.4976487261162522,0.0,8.0
66100.0,661.0,0.4980356176753803,0.0412555687530344,0.4980356176753803,0.0,8.0
66500.0,665.0,0.4852457033824855,0.0468977398508036,0.4852457033824855,0.0,8.0
66700.0,667.0,0.4898261316008383,0.0451488214927294,0.4898261316008383,0.0,8.0
66800.0,668.0,0.489611278027075,0.0439128296860873,0.489611278027075,0.0,8.0
66900.0,669.0,0.4925751945691921,0.0432473680283382,0.4925751945691921,0.0,8.0
67000.0,670.0,0.4932169559695344,0.0443617553828389,0.4932169559695344,0.0,8.0
67200.0,672.0,0.4932858875041026,0.0429715429027852,0.4932858875041026,0.0,8.0
67300.0,673.0,0.4930105205955058,0.0423384497146895,0.4930105205955058,0.0,8.0
67400.0,674.0,0.4924333665639445,0.0417215909657592,0.4924333665639445,0.0,8.0
67800.0,678.0,0.485271457590737,0.0453223072847456,0.485271457590737,0.0,8.0
67900.0,679.0,0.4866014430266615,0.0459230096129742,0.4866014430266615,0.0,8.0
68000.0,680.0,0.4936508855159344,0.0423101309412916,0.4936508855159344,0.0,8.0
68200.0,682.0,0.4894396411706568,0.0417536535142601,0.4894396411706568,0.0,8.0
68500.0,685.0,0.486802618781416,0.0451870370186612,0.486802618781416,0.0,8.0
68600.0,686.0,0.4852132110093365,0.0451418294640446,0.4852132110093365,0.0,8.0
68700.0,687.0,0.4867443307391963,0.044914410865414,0.4867443307391963,0.0,8.0
68900.0,689.0,0.4853538201729426,0.0438241386129263,0.4853538201729426,0.0,8.0
69100.0,691.0,0.4887795714518385,0.0442262288292107,0.4887795714518385,0.0,8.0
69200.0,692.0,0.4959434105982843,0.042428788055914,0.4959434105982843,0.0,8.0
69300.0,693.0,0.4929563025706888,0.0413487471359819,0.4929563025706888,0.0,8.0
69400.0,694.0,0.4910214968024754,0.0413474970442847,0.4910214968024754,0.0,8.0
69600.0,696.0,0.4914684797128149,0.0412708233186891,0.4914684797128149,0.0,8.0
69700.0,697.0,0.4937021911303102,0.039462078994011,0.4937021911303102,0.0,8.0
69800.0,698.0,0.4989181574159237,0.0375746768041272,0.4989181574159237,0.0,8.0
69900.0,699.0,0.5006519239822093,0.0377641007867667,0.5006519239822093,0.0,8.0
100.0,1.0,0.1907475816129042,0.3090487629728694,0.1907475816129042,0.0,9.0
200.0,2.0,0.2561163478706075,0.2338790400413087,0.2561163478706075,0.0,9.0
300.0,3.0,0.2810942121029931,0.2085247416010359,0.2810942121029931,0.0,9.0
400.0,4.0,0.3313559925485125,0.1458524947287544,0.3313559925485125,0.0,9.0
500.0,5.0,0.3510855335441524,0.1368436175013696,0.3510855335441524,0.0,9.0
600.0,6.0,0.3676304968463608,0.1296137538555111,0.3676304968463608,0.0,9.0
700.0,7.0,0.3847208403026147,0.1223850527142756,0.3847208403026147,0.0,9.0
800.0,8.0,0.3948564037038978,0.1123234711452547,0.3948564037038978,0.0,9.0
900.0,9.0,0.3948204398964909,0.1113246257984125,0.3948204398964909,0.0,9.0
1000.0,10.0,0.4076931205524979,0.1041256227193477,0.4076931205524979,0.0,9.0
1100.0,11.0,0.4118164939111232,0.1002046728879011,0.4118164939111232,0.0,9.0
1200.0,12.0,0.4128197125198148,0.1010091294764944,0.4128197125198148,0.0,9.0
1300.0,13.0,0.41694744091926,0.0986630810781669,0.41694744091926,0.0,9.0
1400.0,14.0,0.4242926940457793,0.0924474706936553,0.4242926940457793,0.0,9.0
1500.0,15.0,0.435155330324378,0.08849854119945,0.435155330324378,0.0,9.0
1600.0,16.0,0.4390468485830791,0.0810614479278103,0.4390468485830791,0.0,9.0
1700.0,17.0,0.4453594262640626,0.0758736574618203,0.4453594262640626,0.0,9.0
1800.0,18.0,0.4486801824853552,0.0721903051408097,0.4486801824853552,0.0,9.0
1900.0,19.0,0.4490983696219699,0.0649027977975111,0.4490983696219699,0.0,9.0
2000.0,20.0,0.4534464646829201,0.0614453377457159,0.4534464646829201,0.0,9.0
2100.0,21.0,0.4580605364835454,0.061634212318562,0.4580605364835454,0.0,9.0
2200.0,22.0,0.4638740032703235,0.0581822197885159,0.4638740032703235,0.0,9.0
2300.0,23.0,0.4695105658722705,0.0555886786481097,0.4695105658722705,0.0,9.0
2500.0,25.0,0.4711520139978165,0.0547803110778824,0.4711520139978165,0.0,9.0
2600.0,26.0,0.4724575125428869,0.0534731201207716,0.4724575125428869,0.0,9.0
2700.0,27.0,0.4730506337152593,0.052612839360445,0.4730506337152593,0.0,9.0
3000.0,30.0,0.4666354675644851,0.0530305199996374,0.4666354675644851,0.0,9.0
3100.0,31.0,0.4705037018809712,0.0518205027223479,0.4705037018809712,0.0,9.0
3300.0,33.0,0.466477085717092,0.0507689821235341,0.466477085717092,0.0,9.0
3400.0,34.0,0.4692751943365529,0.0495331082968922,0.4692751943365529,0.0,9.0
3500.0,35.0,0.4707452881801421,0.0504181087990276,0.4707452881801421,0.0,9.0
3700.0,37.0,0.4707668213975156,0.0499827975300686,0.4707668213975156,0.0,9.0
3900.0,39.0,0.4803548596342396,0.0488553902541415,0.4803548596342396,0.0,9.0
4000.0,40.0,0.4807786909447282,0.0472590567321161,0.4807786909447282,0.0,9.0
4100.0,41.0,0.4812872514938554,0.046401545440346,0.4812872514938554,0.0,9.0
4300.0,43.0,0.4820588090000351,0.0458718011948451,0.4820588090000351,0.0,9.0
4400.0,44.0,0.4846469796118552,0.0446842745066226,0.4846469796118552,0.0,9.0
4800.0,48.0,0.4791769707472604,0.0462283158937391,0.4791769707472604,0.0,9.0
4900.0,49.0,0.4838977748720897,0.0438533797820068,0.4838977748720897,0.0,9.0
5000.0,50.0,0.4888801596181991,0.041733077741183,0.4888801596181991,0.0,9.0
5100.0,51.0,0.4903941136534628,0.0418375021063053,0.4903941136534628,0.0,9.0
5400.0,54.0,0.4898230488426858,0.0437443468573369,0.4898230488426858,0.0,9.0
5500.0,55.0,0.4936643715553102,0.0407085102942233,0.4936643715553102,0.0,9.0
5600.0,56.0,0.4937184830023519,0.0407712856188756,0.4937184830023519,0.0,9.0
6000.0,60.0,0.4854368184107288,0.0435566959189388,0.4854368184107288,0.0,9.0
6100.0,61.0,0.486187147945423,0.0433539849513538,0.486187147945423,0.0,9.0
6200.0,62.0,0.4919907259050254,0.0411858499788624,0.4919907259050254,0.0,9.0
6500.0,65.0,0.4887129784001338,0.0428682711394955,0.4887129784001338,0.0,9.0
6700.0,67.0,0.4876986194366299,0.0437854263203106,0.4876986194366299,0.0,9.0
6900.0,69.0,0.4708272047526112,0.0485804455407785,0.4708272047526112,0.0,9.0
7000.0,70.0,0.4871116079947679,0.0431686486627733,0.4871116079947679,0.0,9.0
7100.0,71.0,0.4859248116098936,0.0430836097222171,0.4859248116098936,0.0,9.0
7200.0,72.0,0.4876550765535196,0.0437655626285623,0.4876550765535196,0.0,9.0
7300.0,73.0,0.4902417472208137,0.0424705133669564,0.4902417472208137,0.0,9.0
7400.0,74.0,0.4908775187928086,0.0423115189026598,0.4908775187928086,0.0,9.0
7600.0,76.0,0.4842906584726356,0.0431566732258733,0.4842906584726356,0.0,9.0
7700.0,77.0,0.4861318062900364,0.0446087737750733,0.4861318062900364,0.0,9.0
7900.0,79.0,0.4870730494588036,0.0438627625821839,0.4870730494588036,0.0,9.0
8200.0,82.0,0.4819582011420458,0.0469140120789004,0.4819582011420458,0.0,9.0
8400.0,84.0,0.480227112260467,0.0481780148754935,0.480227112260467,0.0,9.0
8500.0,85.0,0.4845221356579484,0.0454056764570906,0.4845221356579484,0.0,9.0
8600.0,86.0,0.4841727853988238,0.0445736552574592,0.4841727853988238,0.0,9.0
8700.0,87.0,0.4858388146016228,0.0435036726951863,0.4858388146016228,0.0,9.0
8900.0,89.0,0.4837224710090189,0.0432339604727786,0.4837224710090189,0.0,9.0
9000.0,90.0,0.4869062957256734,0.0426957617887017,0.4869062957256734,0.0,9.0
9200.0,92.0,0.4867912117406803,0.0435957817223893,0.4867912117406803,0.0,9.0
9300.0,93.0,0.4884180290833951,0.0432153918929496,0.4884180290833951,0.0,9.0
9500.0,95.0,0.4882015768973908,0.0443521049721808,0.4882015768973908,0.0,9.0
9600.0,96.0,0.4852912001751616,0.0440243441981202,0.4852912001751616,0.0,9.0
9800.0,98.0,0.4820847371792758,0.0460012672189331,0.4820847371792758,0.0,9.0
9900.0,99.0,0.4850059571905779,0.0460007512282998,0.4850059571905779,0.0,9.0
10100.0,101.0,0.4850494123341759,0.0463027311272102,0.4850494123341759,0.0,9.0
10200.0,102.0,0.4889571465246217,0.0444330995520981,0.4889571465246217,0.0,9.0
10300.0,103.0,0.4896606311347336,0.0425838396752011,0.4896606311347336,0.0,9.0
10500.0,105.0,0.4875039591945214,0.0421870043701776,0.4875039591945214,0.0,9.0
10700.0,107.0,0.4845937427203578,0.0456672391594907,0.4845937427203578,0.0,9.0
10900.0,109.0,0.4859548400051608,0.0446854207195208,0.4859548400051608,0.0,9.0
11100.0,111.0,0.482823876343125,0.0455155797006578,0.482823876343125,0.0,9.0
11200.0,112.0,0.487597882230985,0.0439414630144588,0.487597882230985,0.0,9.0
11300.0,113.0,0.4899042383935797,0.0438170649623658,0.4899042383935797,0.0,9.0
11400.0,114.0,0.4888672555359592,0.0431180688080341,0.4888672555359592,0.0,9.0
11600.0,116.0,0.4935766546508761,0.0439610457074242,0.4935766546508761,0.0,9.0
11700.0,117.0,0.4926866506516104,0.0438994917667348,0.4926866506516104,0.0,9.0
11800.0,118.0,0.4906388277879385,0.043676282895328,0.4906388277879385,0.0,9.0
11900.0,119.0,0.4921246344789959,0.0427498704118592,0.4921246344789959,0.0,9.0
12000.0,120.0,0.493102185590397,0.045093289417375,0.493102185590397,0.0,9.0
12300.0,123.0,0.4936009017332371,0.0434944962011207,0.4936009017332371,0.0,9.0
12400.0,124.0,0.4954664591945013,0.0429296612714065,0.4954664591945013,0.0,9.0
12600.0,126.0,0.4909084360290113,0.0449617856382011,0.4909084360290113,0.0,9.0
12900.0,129.0,0.4956915852440156,0.0410307850103663,0.4956915852440156,0.0,9.0
13400.0,134.0,0.4878988337180579,0.0468595093459612,0.4878988337180579,0.0,9.0
13500.0,135.0,0.4906361228334402,0.0451729846639498,0.4906361228334402,0.0,9.0
13700.0,137.0,0.4883171007849491,0.0476282676023666,0.4883171007849491,0.0,9.0
14000.0,140.0,0.4882256216267606,0.0482664568437785,0.4882256216267606,0.0,9.0
14400.0,144.0,0.4811641754618784,0.0515601501494834,0.4811641754618784,0.0,9.0
14500.0,145.0,0.4828147204810658,0.0511885831785862,0.4828147204810658,0.0,9.0
14600.0,146.0,0.48339057514739,0.0490744005050182,0.48339057514739,0.0,9.0
14700.0,147.0,0.4865591267450201,0.0470764794796648,0.4865591267450201,0.0,9.0
14900.0,149.0,0.4852427857514813,0.0455966590435924,0.4852427857514813,0.0,9.0
15100.0,151.0,0.4812760712554862,0.0486284315007682,0.4812760712554862,0.0,9.0
15200.0,152.0,0.4926481406577584,0.043896271136822,0.4926481406577584,0.0,9.0
15300.0,153.0,0.4914181993157445,0.0435757273881173,0.4914181993157445,0.0,9.0
15800.0,158.0,0.4866073968107903,0.045834671644031,0.4866073968107903,0.0,9.0
16000.0,160.0,0.4885727837077855,0.043702141381944,0.4885727837077855,0.0,9.0
16200.0,162.0,0.4845809322282191,0.045537765283121,0.4845809322282191,0.0,9.0
16500.0,165.0,0.4818684726913278,0.0469093497532401,0.4818684726913278,0.0,9.0
16700.0,167.0,0.4782519039557865,0.049905264295599,0.4782519039557865,0.0,9.0
16800.0,168.0,0.4832322118933851,0.0451239040615029,0.4832322118933851,0.0,9.0
16900.0,169.0,0.4856303913353478,0.0450196115483789,0.4856303913353478,0.0,9.0
17000.0,170.0,0.4936241615266139,0.043617435875559,0.4936241615266139,0.0,9.0
17300.0,173.0,0.4843820353188726,0.0466877794683723,0.4843820353188726,0.0,9.0
17500.0,175.0,0.4820699597251338,0.0482040663328956,0.4820699597251338,0.0,9.0
17600.0,176.0,0.4866861274245879,0.0456451026723243,0.4866861274245879,0.0,9.0
17700.0,177.0,0.4850299752456966,0.0448973419124253,0.4850299752456966,0.0,9.0
17800.0,178.0,0.4918544142990291,0.0426104435265619,0.4918544142990291,0.0,9.0
18000.0,180.0,0.4900500863142581,0.0437691466783202,0.4900500863142581,0.0,9.0
18100.0,181.0,0.4958260261462545,0.0408544442123973,0.4958260261462545,0.0,9.0
18200.0,182.0,0.4959913350667745,0.0412377840451386,0.4959913350667745,0.0,9.0
18600.0,186.0,0.4877457033233638,0.0453220721729257,0.4877457033233638,0.0,9.0
18900.0,189.0,0.4871344552399965,0.0466306166154251,0.4871344552399965,0.0,9.0
19000.0,190.0,0.4896315534955013,0.0447458021309435,0.4896315534955013,0.0,9.0
19100.0,191.0,0.4887956053504083,0.0436794789950846,0.4887956053504083,0.0,9.0
19200.0,192.0,0.493665662357738,0.0414283275306465,0.493665662357738,0.0,9.0
19400.0,194.0,0.4951182625037161,0.0402183829020609,0.4951182625037161,0.0,9.0
19700.0,197.0,0.49206598043771,0.0421000409750904,0.49206598043771,0.0,9.0
19900.0,199.0,0.4919851270783715,0.0424333317365293,0.4919851270783715,0.0,9.0
20100.0,201.0,0.4882296200134571,0.0444290834020951,0.4882296200134571,0.0,9.0
20300.0,203.0,0.485258893691168,0.0464187892829699,0.485258893691168,0.0,9.0
20400.0,204.0,0.4864167486775965,0.0441220929048473,0.4864167486775965,0.0,9.0
20500.0,205.0,0.4897166066581693,0.0423752680373134,0.4897166066581693,0.0,9.0
20600.0,206.0,0.4943959369807443,0.0408719537157846,0.4943959369807443,0.0,9.0
20900.0,209.0,0.4905095535938175,0.0416786867211093,0.4905095535938175,0.0,9.0
21100.0,211.0,0.4889027669731401,0.0429316034414098,0.4889027669731401,0.0,9.0
21400.0,214.0,0.4879606871298003,0.0424440538436345,0.4879606871298003,0.0,9.0
21600.0,216.0,0.4890861731657557,0.0425095075417962,0.4890861731657557,0.0,9.0
21800.0,218.0,0.4861799733637533,0.0430073323951025,0.4861799733637533,0.0,9.0
22000.0,220.0,0.4846658866502238,0.0440918461974264,0.4846658866502238,0.0,9.0
22300.0,223.0,0.4853903283838174,0.0426923914503878,0.4853903283838174,0.0,9.0
22400.0,224.0,0.4872210248915658,0.0428230554605856,0.4872210248915658,0.0,9.0
22500.0,225.0,0.4905108122808087,0.0404055554906314,0.4905108122808087,0.0,9.0
22700.0,227.0,0.4876496992180789,0.0421129153167586,0.4876496992180789,0.0,9.0
22900.0,229.0,0.4888430614248023,0.0424904790598824,0.4888430614248023,0.0,9.0
23200.0,232.0,0.4764134858058438,0.0476201914990702,0.4764134858058438,0.0,9.0
23400.0,234.0,0.4740526444040563,0.049442661330236,0.4740526444040563,0.0,9.0
23500.0,235.0,0.4795853567837025,0.0465573005303564,0.4795853567837025,0.0,9.0
23600.0,236.0,0.4848141548424088,0.0452442953256766,0.4848141548424088,0.0,9.0
23900.0,239.0,0.4827978307743472,0.0446697225306073,0.4827978307743472,0.0,9.0
24000.0,240.0,0.4829328211470821,0.0455269790734039,0.4829328211470821,0.0,9.0
24300.0,243.0,0.4836399855585248,0.0467250824433648,0.4836399855585248,0.0,9.0
24400.0,244.0,0.4831208542324414,0.0465701847257285,0.4831208542324414,0.0,9.0
24600.0,246.0,0.4794782137058521,0.0456237340359311,0.4794782137058521,0.0,9.0
24700.0,247.0,0.4884271632419187,0.0424176578742647,0.4884271632419187,0.0,9.0
24900.0,249.0,0.4873724945631473,0.0437046679066046,0.4873724945631473,0.0,9.0
25200.0,252.0,0.4851185344938549,0.0462573465413675,0.4851185344938549,0.0,9.0
25300.0,253.0,0.4866001558986677,0.0445516623445323,0.4866001558986677,0.0,9.0
25600.0,256.0,0.4872039535673919,0.0456762374678928,0.4872039535673919,0.0,9.0
25800.0,258.0,0.4896858866012691,0.0438021827581814,0.4896858866012691,0.0,9.0
26000.0,260.0,0.4857686259108236,0.0449129290168979,0.4857686259108236,0.0,9.0
26100.0,261.0,0.4859830866087189,0.0444775813766276,0.4859830866087189,0.0,9.0
26200.0,262.0,0.4882310249370069,0.0448272295416996,0.4882310249370069,0.0,9.0
26300.0,263.0,0.4901811020797554,0.0432464145207639,0.4901811020797554,0.0,9.0
26600.0,266.0,0.4841747655529904,0.0440012700628495,0.4841747655529904,0.0,9.0
26800.0,268.0,0.4841755376312875,0.0453073133174863,0.4841755376312875,0.0,9.0
26900.0,269.0,0.4877182622430066,0.0425133176273237,0.4877182622430066,0.0,9.0
27100.0,271.0,0.4875450406258528,0.0442943465850049,0.4875450406258528,0.0,9.0
27300.0,273.0,0.4825041270908697,0.0459820354015831,0.4825041270908697,0.0,9.0
27600.0,276.0,0.4807141094591852,0.0461613002812124,0.4807141094591852,0.0,9.0
27800.0,278.0,0.4844945023916631,0.0442522059883576,0.4844945023916631,0.0,9.0
28000.0,280.0,0.4857365597683359,0.0438614500537821,0.4857365597683359,0.0,9.0
28100.0,281.0,0.4849500411840753,0.0437887784421931,0.4849500411840753,0.0,9.0
28200.0,282.0,0.4854338578931906,0.0443643772244274,0.4854338578931906,0.0,9.0
28400.0,284.0,0.4888119628169812,0.0442148687933936,0.4888119628169812,0.0,9.0
28600.0,286.0,0.4870950075456332,0.045974720184025,0.4870950075456332,0.0,9.0
28700.0,287.0,0.4901973696425611,0.0444335835582374,0.4901973696425611,0.0,9.0
28900.0,289.0,0.4897031880857527,0.0432771499418459,0.4897031880857527,0.0,9.0
29100.0,291.0,0.4892133094610915,0.042226217905652,0.4892133094610915,0.0,9.0
29200.0,292.0,0.4900408364903553,0.0415630920195629,0.4900408364903553,0.0,9.0
29500.0,295.0,0.4907146592128066,0.0422026516163085,0.4907146592128066,0.0,9.0
29700.0,297.0,0.4886394159520394,0.0443066827190543,0.4886394159520394,0.0,9.0
29800.0,298.0,0.490837388847202,0.0435823098392112,0.490837388847202,0.0,9.0
29900.0,299.0,0.4963930491272956,0.04101409937836,0.4963930491272956,0.0,9.0
30300.0,303.0,0.4902510137800667,0.0445096643964649,0.4902510137800667,0.0,9.0
30400.0,304.0,0.494966335109797,0.0415147363110635,0.494966335109797,0.0,9.0
30700.0,307.0,0.4964066920042033,0.0412752116341636,0.4964066920042033,0.0,9.0
30900.0,309.0,0.4950973836404546,0.0435163132035876,0.4950973836404546,0.0,9.0
31000.0,310.0,0.4943129882539946,0.0434124079315084,0.4943129882539946,0.0,9.0
31200.0,312.0,0.4950118352466112,0.0422515406931161,0.4950118352466112,0.0,9.0
31400.0,314.0,0.4976465407095811,0.0413504043330204,0.4976465407095811,0.0,9.0
31500.0,315.0,0.4981971047380473,0.0406898438577807,0.4981971047380473,0.0,9.0
31700.0,317.0,0.4970569538488004,0.039579556678345,0.4970569538488004,0.0,9.0
31900.0,319.0,0.4970882333021881,0.0388724759198235,0.4970882333021881,0.0,9.0
32100.0,321.0,0.4952436080475568,0.0398689357001926,0.4952436080475568,0.0,9.0
32200.0,322.0,0.4965056241572079,0.0394744768009941,0.4965056241572079,0.0,9.0
32300.0,323.0,0.4959257294865025,0.039415647141701,0.4959257294865025,0.0,9.0
32600.0,326.0,0.4963690464304213,0.0394153498953945,0.4963690464304213,0.0,9.0
32700.0,327.0,0.4967367337978799,0.0379902359210405,0.4967367337978799,0.0,9.0
32900.0,329.0,0.4925287621476569,0.039018933156858,0.4925287621476569,0.0,9.0
33000.0,330.0,0.4945363521480218,0.0383623293208354,0.4945363521480218,0.0,9.0
33200.0,332.0,0.4926141983704712,0.0406761998526807,0.4926141983704712,0.0,9.0
33300.0,333.0,0.4943677437968752,0.0381997323824517,0.4943677437968752,0.0,9.0
33400.0,334.0,0.4965599101335428,0.0371925012045113,0.4965599101335428,0.0,9.0
33700.0,337.0,0.4947694587520849,0.0383676902694772,0.4947694587520849,0.0,9.0
33800.0,338.0,0.4949092554428147,0.0384478030902382,0.4949092554428147,0.0,9.0
34000.0,340.0,0.4946352311562963,0.0389571945549091,0.4946352311562963,0.0,9.0
34400.0,344.0,0.4868481719945743,0.0415311280443152,0.4868481719945743,0.0,9.0
34600.0,346.0,0.4868746167314907,0.0421115363462604,0.4868746167314907,0.0,9.0
34800.0,348.0,0.4843599558934102,0.0417765164712023,0.4843599558934102,0.0,9.0
34900.0,349.0,0.4903143290530312,0.0411228311734885,0.4903143290530312,0.0,9.0
35000.0,350.0,0.4955827853525159,0.039150436789251,0.4955827853525159,0.0,9.0
35200.0,352.0,0.4947733077773756,0.0384662181714747,0.4947733077773756,0.0,9.0
35400.0,354.0,0.4933383268442646,0.0396914860399295,0.4933383268442646,0.0,9.0
35500.0,355.0,0.4916420064982387,0.03951275501204,0.4916420064982387,0.0,9.0
35700.0,357.0,0.4929049981900031,0.0404788021346488,0.4929049981900031,0.0,9.0
35900.0,359.0,0.4882317521081652,0.0419281665385154,0.4882317521081652,0.0,9.0
36100.0,361.0,0.4932325816681029,0.0409328202320284,0.4932325816681029,0.0,9.0
36300.0,363.0,0.4865917642905005,0.0415732038718306,0.4865917642905005,0.0,9.0
36400.0,364.0,0.4874330467757429,0.0425141038026288,0.4874330467757429,0.0,9.0
36600.0,366.0,0.4899256902970038,0.0433637397776982,0.4899256902970038,0.0,9.0
36700.0,367.0,0.4928194242349445,0.0423514424153062,0.4928194242349445,0.0,9.0
36800.0,368.0,0.4919560326504287,0.0411236008733723,0.4919560326504287,0.0,9.0
36900.0,369.0,0.4927645981269408,0.0409937470949722,0.4927645981269408,0.0,9.0
37000.0,370.0,0.497443931011611,0.0393515553732969,0.497443931011611,0.0,9.0
37200.0,372.0,0.4927115952939214,0.0407153612711621,0.4927115952939214,0.0,9.0
37300.0,373.0,0.4943128197558305,0.0398864238179437,0.4943128197558305,0.0,9.0
37400.0,374.0,0.4942348771725287,0.0391624960242503,0.4942348771725287,0.0,9.0
37500.0,375.0,0.4957165922143111,0.0382673649361656,0.4957165922143111,0.0,9.0
37600.0,376.0,0.4980052727708129,0.0383235386535188,0.4980052727708129,0.0,9.0
37800.0,378.0,0.4959911646587712,0.0388562383500962,0.4959911646587712,0.0,9.0
38100.0,381.0,0.4943789201716603,0.0431989234829246,0.4943789201716603,0.0,9.0
38200.0,382.0,0.4931036798745146,0.0424636806306202,0.4931036798745146,0.0,9.0
38300.0,383.0,0.4950387456173731,0.0413342987020781,0.4950387456173731,0.0,9.0
38600.0,386.0,0.4871602304515131,0.0442514574050994,0.4871602304515131,0.0,9.0
38700.0,387.0,0.4876601034916656,0.0435508116586974,0.4876601034916656,0.0,9.0
38800.0,388.0,0.4836948160861929,0.0421041560830309,0.4836948160861929,0.0,9.0
39000.0,390.0,0.4796355418315003,0.0426872003067931,0.4796355418315003,0.0,9.0
39100.0,391.0,0.4818661343165344,0.04316376396699,0.4818661343165344,0.0,9.0
39200.0,392.0,0.4827705906507611,0.0439969856975446,0.4827705906507611,0.0,9.0
39300.0,393.0,0.4857025741039448,0.0439697323522886,0.4857025741039448,0.0,9.0
39400.0,394.0,0.4872657493259005,0.0435832742207682,0.4872657493259005,0.0,9.0
39600.0,396.0,0.4854678887001213,0.042520524285879,0.4854678887001213,0.0,9.0
39700.0,397.0,0.4898711786607488,0.0437135489152136,0.4898711786607488,0.0,9.0
39800.0,398.0,0.4935807284547104,0.0410073358547567,0.4935807284547104,0.0,9.0
39900.0,399.0,0.493795039162579,0.0411713030930478,0.493795039162579,0.0,9.0
40000.0,400.0,0.4978877931575349,0.0404899205468742,0.4978877931575349,0.0,9.0
40100.0,401.0,0.5007052827332269,0.0383332142930961,0.5007052827332269,0.0,9.0
40200.0,402.0,0.4997428598871496,0.0365259846024145,0.4997428598871496,0.0,9.0
40600.0,406.0,0.4982238995813006,0.0384387923535341,0.4982238995813006,0.0,9.0
40900.0,409.0,0.4931304769849635,0.0427621915448921,0.4931304769849635,0.0,9.0
41200.0,412.0,0.4926751686443411,0.0435200779946942,0.4926751686443411,0.0,9.0
41400.0,414.0,0.4833574177761645,0.0447684000417807,0.4833574177761645,0.0,9.0
41500.0,415.0,0.4847531394401453,0.0453504138041328,0.4847531394401453,0.0,9.0
41600.0,416.0,0.4897059649058563,0.0437641388159208,0.4897059649058563,0.0,9.0
41700.0,417.0,0.488890677483634,0.0433832414558697,0.488890677483634,0.0,9.0
41800.0,418.0,0.4892936048955175,0.0438103171043489,0.4892936048955175,0.0,9.0
41900.0,419.0,0.4947526477492984,0.0409561105325307,0.4947526477492984,0.0,9.0
42200.0,422.0,0.4855664097323309,0.0476188458681489,0.4855664097323309,0.0,9.0
42300.0,423.0,0.4857491250346076,0.0473239371506295,0.4857491250346076,0.0,9.0
42400.0,424.0,0.490023787822572,0.0449789334720247,0.490023787822572,0.0,9.0
42500.0,425.0,0.4913640663404381,0.043473361347934,0.4913640663404381,0.0,9.0
42600.0,426.0,0.4939840732490339,0.0421911785203658,0.4939840732490339,0.0,9.0
42800.0,428.0,0.4870733442333624,0.0439506618745874,0.4870733442333624,0.0,9.0
43000.0,430.0,0.4841586964748061,0.0445948797763749,0.4841586964748061,0.0,9.0
43200.0,432.0,0.4799274029179472,0.0455344848167154,0.4799274029179472,0.0,9.0
43300.0,433.0,0.4864746216584264,0.0438751748245699,0.4864746216584264,0.0,9.0
43600.0,436.0,0.4880804937012948,0.0439621025410648,0.4880804937012948,0.0,9.0
43900.0,439.0,0.4883265589374672,0.0444892363813103,0.4883265589374672,0.0,9.0
44100.0,441.0,0.4869985191116048,0.0467507773581296,0.4869985191116048,0.0,9.0
44200.0,442.0,0.4878741765979729,0.0453366163915612,0.4878741765979729,0.0,9.0
44300.0,443.0,0.4856915709269835,0.0447840727602652,0.4856915709269835,0.0,9.0
44600.0,446.0,0.4748960475219867,0.0537090669798684,0.4748960475219867,0.0,9.0
44700.0,447.0,0.4796506719102204,0.0506099426164696,0.4796506719102204,0.0,9.0
44800.0,448.0,0.4830286454490012,0.0488783907436256,0.4830286454490012,0.0,9.0
44900.0,449.0,0.4868346299781901,0.0450661171638765,0.4868346299781901,0.0,9.0
45100.0,451.0,0.4846397438750128,0.0455313799272523,0.4846397438750128,0.0,9.0
45400.0,454.0,0.484332194127001,0.0464175949432559,0.484332194127001,0.0,9.0
45500.0,455.0,0.4870877299634565,0.0441106404085785,0.4870877299634565,0.0,9.0
45700.0,457.0,0.4828810046072748,0.0465178340007189,0.4828810046072748,0.0,9.0
45800.0,458.0,0.4833974991013591,0.048424667415611,0.4833974991013591,0.0,9.0
46000.0,460.0,0.4818630467229109,0.0486809758886838,0.4818630467229109,0.0,9.0
46100.0,461.0,0.4834743336068806,0.047343434405075,0.4834743336068806,0.0,9.0
46400.0,464.0,0.4732018432397059,0.0530328649998348,0.4732018432397059,0.0,9.0
46500.0,465.0,0.4772620166671219,0.0491344098895752,0.4772620166671219,0.0,9.0
46600.0,466.0,0.4796934010027076,0.0481877480889711,0.4796934010027076,0.0,9.0
46800.0,468.0,0.4792404272430122,0.0483329232915916,0.4792404272430122,0.0,9.0
47000.0,470.0,0.4774265672065409,0.0478024897185953,0.4774265672065409,0.0,9.0
47100.0,471.0,0.4790218237243287,0.0468321187112597,0.4790218237243287,0.0,9.0
47200.0,472.0,0.4796877257821223,0.0476980021984524,0.4796877257821223,0.0,9.0
47300.0,473.0,0.4810997427077684,0.0464611625519019,0.4810997427077684,0.0,9.0
47400.0,474.0,0.4821423998688411,0.0453658062422736,0.4821423998688411,0.0,9.0
47600.0,476.0,0.4828191084142005,0.0468328983692668,0.4828191084142005,0.0,9.0
47700.0,477.0,0.4866521658734385,0.0454956288330414,0.4866521658734385,0.0,9.0
47800.0,478.0,0.4863843582047135,0.0435252261433914,0.4863843582047135,0.0,9.0
48000.0,480.0,0.4847391506797674,0.0434773060493874,0.4847391506797674,0.0,9.0
48100.0,481.0,0.4854234558820717,0.0441864234126721,0.4854234558820717,0.0,9.0
48300.0,483.0,0.4816610705623995,0.045345073146647,0.4816610705623995,0.0,9.0
48500.0,485.0,0.4916416644044265,0.0409171758964122,0.4916416644044265,0.0,9.0
48700.0,487.0,0.4879193826574942,0.041800005800875,0.4879193826574942,0.0,9.0
48900.0,489.0,0.4853294470925506,0.044071185685237,0.4853294470925506,0.0,9.0
49100.0,491.0,0.4863439641706873,0.0451910734236686,0.4863439641706873,0.0,9.0
49300.0,493.0,0.4851452273646882,0.0473345478271341,0.4851452273646882,0.0,9.0
49400.0,494.0,0.4832778212390719,0.0450860245991596,0.4832778212390719,0.0,9.0
49500.0,495.0,0.4917871267962515,0.0420626785705776,0.4917871267962515,0.0,9.0
49800.0,498.0,0.4925046208735739,0.0422247798981578,0.4925046208735739,0.0,9.0
50000.0,500.0,0.4930104037432445,0.0444087709081296,0.4930104037432445,0.0,9.0
50100.0,501.0,0.4918736440566633,0.0440552731175102,0.4918736440566633,0.0,9.0
50200.0,502.0,0.49435200143901,0.0428314064226738,0.49435200143901,0.0,9.0
50600.0,506.0,0.4906787866893625,0.0444067574522954,0.4906787866893625,0.0,9.0
50700.0,507.0,0.4922574874600126,0.0440514555233652,0.4922574874600126,0.0,9.0
50800.0,508.0,0.4947073896305773,0.0432485130906069,0.4947073896305773,0.0,9.0
51100.0,511.0,0.4924222430222326,0.0428950751969133,0.4924222430222326,0.0,9.0
51300.0,513.0,0.4907193444657543,0.0420914179737348,0.4907193444657543,0.0,9.0
51500.0,515.0,0.494738010697463,0.0413179941751731,0.494738010697463,0.0,9.0
51600.0,516.0,0.4948799732589827,0.0416326939072276,0.4948799732589827,0.0,9.0
51800.0,518.0,0.4942791267720132,0.0420929137474242,0.4942791267720132,0.0,9.0
52100.0,521.0,0.4884417041037086,0.0446031791415932,0.4884417041037086,0.0,9.0
52300.0,523.0,0.4837335194782542,0.0459793709043264,0.4837335194782542,0.0,9.0
52400.0,524.0,0.4876579632511592,0.0452251318781246,0.4876579632511592,0.0,9.0
52500.0,525.0,0.4851065876471508,0.0452105553118954,0.4851065876471508,0.0,9.0
52600.0,526.0,0.4852804030060539,0.0457632091027746,0.4852804030060539,0.0,9.0
52700.0,527.0,0.4899665269316507,0.044021492263571,0.4899665269316507,0.0,9.0
53000.0,530.0,0.488305823816659,0.0448193504587499,0.488305823816659,0.0,9.0
53100.0,531.0,0.4882838798839392,0.0445354330197684,0.4882838798839392,0.0,9.0
53200.0,532.0,0.4899771697938327,0.0456881582147427,0.4899771697938327,0.0,9.0
53400.0,534.0,0.4873184792451743,0.0469910199848592,0.4873184792451743,0.0,9.0
53500.0,535.0,0.4889587754862237,0.0453202570344991,0.4889587754862237,0.0,9.0
53800.0,538.0,0.4849399998759096,0.0487263164215627,0.4849399998759096,0.0,9.0
54100.0,541.0,0.4765444698035287,0.0501510892123291,0.4765444698035287,0.0,9.0
54300.0,543.0,0.4768373428370335,0.0492895998263163,0.4768373428370335,0.0,9.0
54400.0,544.0,0.4771721431208228,0.0494783797091297,0.4771721431208228,0.0,9.0
54500.0,545.0,0.477326298147642,0.0485738451456169,0.477326298147642,0.0,9.0
54600.0,546.0,0.4787476945535168,0.0478399979738666,0.4787476945535168,0.0,9.0
54700.0,547.0,0.4803706524133798,0.0472013444866091,0.4803706524133798,0.0,9.0
54800.0,548.0,0.4839043441702228,0.046210575193836,0.4839043441702228,0.0,9.0
54900.0,549.0,0.4839948704753908,0.045734185115176,0.4839948704753908,0.0,9.0
55100.0,551.0,0.4863059034886428,0.0443553990520347,0.4863059034886428,0.0,9.0
55200.0,552.0,0.4884529313201993,0.0438853313066737,0.4884529313201993,0.0,9.0
55300.0,553.0,0.4886731483825522,0.0443408313158886,0.4886731483825522,0.0,9.0
55600.0,556.0,0.4921579684652704,0.0423525856487827,0.4921579684652704,0.0,9.0
55800.0,558.0,0.4892570187460466,0.041876176935529,0.4892570187460466,0.0,9.0
56200.0,562.0,0.4869702255818512,0.0442378746942195,0.4869702255818512,0.0,9.0
56300.0,563.0,0.4899859769706051,0.0439334031573227,0.4899859769706051,0.0,9.0
56400.0,564.0,0.4956150312205256,0.0403444060650486,0.4956150312205256,0.0,9.0
56500.0,565.0,0.4944526232149536,0.0399826414552304,0.4944526232149536,0.0,9.0
56600.0,566.0,0.4960046341090253,0.0394992952964657,0.4960046341090253,0.0,9.0
56900.0,569.0,0.4876340449022851,0.0411122989807479,0.4876340449022851,0.0,9.0
57200.0,572.0,0.4851029077669601,0.043978574370693,0.4851029077669601,0.0,9.0
57300.0,573.0,0.4920022151763731,0.0427381331460069,0.4920022151763731,0.0,9.0
57400.0,574.0,0.4857425853720912,0.0412577836103008,0.4857425853720912,0.0,9.0
57500.0,575.0,0.4909104101770102,0.0423841041353263,0.4909104101770102,0.0,9.0
57700.0,577.0,0.4792497140246626,0.0476601000604432,0.4792497140246626,0.0,9.0
58000.0,580.0,0.4837910004478159,0.0454642841862419,0.4837910004478159,0.0,9.0
58100.0,581.0,0.4867995468864088,0.0437213273735657,0.4867995468864088,0.0,9.0
58300.0,583.0,0.4865976261054713,0.0455507077907884,0.4865976261054713,0.0,9.0
58400.0,584.0,0.4884501734086711,0.0430118470862674,0.4884501734086711,0.0,9.0
58700.0,587.0,0.4857977631803616,0.0445749474574671,0.4857977631803616,0.0,9.0
58900.0,589.0,0.4813934561760377,0.0468100256858838,0.4813934561760377,0.0,9.0
59200.0,592.0,0.4762813943341117,0.0493257252972338,0.4762813943341117,0.0,9.0
59300.0,593.0,0.4792852387121621,0.0487773061559731,0.4792852387121621,0.0,9.0
59400.0,594.0,0.4804739754875869,0.0477293820526666,0.4804739754875869,0.0,9.0
59500.0,595.0,0.4807754082860748,0.0485774385948956,0.4807754082860748,0.0,9.0
59700.0,597.0,0.4832439249739119,0.0443351448704526,0.4832439249739119,0.0,9.0
59800.0,598.0,0.4853357577887304,0.0441566152741777,0.4853357577887304,0.0,9.0
60000.0,600.0,0.4903228822670715,0.0420693516962178,0.4903228822670715,0.0,9.0
60200.0,602.0,0.4960586979823932,0.0400970042723245,0.4960586979823932,0.0,9.0
60300.0,603.0,0.4964937913132281,0.040763759338246,0.4964937913132281,0.0,9.0
60500.0,605.0,0.4920725002826863,0.043103532397972,0.4920725002826863,0.0,9.0
60600.0,606.0,0.492144819820514,0.0434675588530441,0.492144819820514,0.0,9.0
61000.0,610.0,0.4834574269661384,0.047501253205292,0.4834574269661384,0.0,9.0
61100.0,611.0,0.482915945263712,0.0465135734523043,0.482915945263712,0.0,9.0
61200.0,612.0,0.4880708596419026,0.0447726624791002,0.4880708596419026,0.0,9.0
61400.0,614.0,0.489090181644248,0.0421175994611087,0.489090181644248,0.0,9.0
61500.0,615.0,0.4895014760357853,0.041829111372427,0.4895014760357853,0.0,9.0
61800.0,618.0,0.4855940846813038,0.0439238139484171,0.4855940846813038,0.0,9.0
62000.0,620.0,0.4852353697279732,0.0435262901174699,0.4852353697279732,0.0,9.0
62300.0,623.0,0.4854080149822472,0.0440974827910128,0.4854080149822472,0.0,9.0
62600.0,626.0,0.4800526146485926,0.0468531050999386,0.4800526146485926,0.0,9.0
62700.0,627.0,0.4813941818503019,0.0465428838360023,0.4813941818503019,0.0,9.0
62900.0,629.0,0.485895120266904,0.0437981136256155,0.485895120266904,0.0,9.0
63000.0,630.0,0.488806549689022,0.043761400284034,0.488806549689022,0.0,9.0
63100.0,631.0,0.4921167234160868,0.0428049940923823,0.4921167234160868,0.0,9.0
63400.0,634.0,0.4857826792205631,0.0454719930356917,0.4857826792205631,0.0,9.0
63500.0,635.0,0.4870126583808117,0.0453130096389105,0.4870126583808117,0.0,9.0
63600.0,636.0,0.4886508637395461,0.0471292524395069,0.4886508637395461,0.0,9.0
63700.0,637.0,0.4902745941490355,0.0461061920484245,0.4902745941490355,0.0,9.0
63900.0,639.0,0.4896686952266414,0.0455336353504493,0.4896686952266414,0.0,9.0
64200.0,642.0,0.4869487681455371,0.0466653212658541,0.4869487681455371,0.0,9.0
64400.0,644.0,0.4817166470449983,0.0464381189335674,0.4817166470449983,0.0,9.0
64600.0,646.0,0.4866722556181951,0.0458873020501722,0.4866722556181951,0.0,9.0
64800.0,648.0,0.4843190852700562,0.0456794042053363,0.4843190852700562,0.0,9.0
65000.0,650.0,0.4870358539575445,0.0453186935456789,0.4870358539575445,0.0,9.0
65100.0,651.0,0.4871452583290553,0.0459588654275212,0.4871452583290553,0.0,9.0
65200.0,652.0,0.4887663219466196,0.0457515706265992,0.4887663219466196,0.0,9.0
65400.0,654.0,0.4853484762920261,0.0485614569086838,0.4853484762920261,0.0,9.0
65500.0,655.0,0.4878897010729055,0.0465778525020008,0.4878897010729055,0.0,9.0
65600.0,656.0,0.4915163326589459,0.0450996719668546,0.4915163326589459,0.0,9.0
65900.0,659.0,0.4802180141402618,0.0448407870116516,0.4802180141402618,0.0,9.0
66100.0,661.0,0.4824802470097649,0.0447953579411031,0.4824802470097649,0.0,9.0
66300.0,663.0,0.4860055967395225,0.0446898388449119,0.4860055967395225,0.0,9.0
66400.0,664.0,0.4870265078056145,0.0450696328613693,0.4870265078056145,0.0,9.0
66500.0,665.0,0.4897139466747093,0.0441289887759997,0.4897139466747093,0.0,9.0
66600.0,666.0,0.4912256174403404,0.0429295986757858,0.4912256174403404,0.0,9.0
66700.0,667.0,0.4918325826834001,0.0419329217157896,0.4918325826834001,0.0,9.0
66900.0,669.0,0.4914520340194193,0.0419393369069176,0.4914520340194193,0.0,9.0
67000.0,670.0,0.4928640284540908,0.0424957283497754,0.4928640284540908,0.0,9.0
67200.0,672.0,0.4924106749938467,0.0446353274829134,0.4924106749938467,0.0,9.0
67300.0,673.0,0.4898805162364256,0.0439750967947314,0.4898805162364256,0.0,9.0
67700.0,677.0,0.4907696976598948,0.0433981356280458,0.4907696976598948,0.0,9.0
68000.0,680.0,0.4914593908684097,0.0422288681731483,0.4914593908684097,0.0,9.0
68200.0,682.0,0.4839419599122235,0.0464775250173623,0.4839419599122235,0.0,9.0
68300.0,683.0,0.4847093682195186,0.0464804868960244,0.4847093682195186,0.0,9.0
68500.0,685.0,0.4875995564323033,0.0439570940904431,0.4875995564323033,0.0,9.0
68700.0,687.0,0.4839307916038782,0.0450492797620411,0.4839307916038782,0.0,9.0
68900.0,689.0,0.4847500361755723,0.0465839203904739,0.4847500361755723,0.0,9.0
69100.0,691.0,0.4737073832179102,0.0484722399438043,0.4737073832179102,0.0,9.0
69300.0,693.0,0.4746025402994609,0.0521302164230219,0.4746025402994609,0.0,9.0
69400.0,694.0,0.4777969773137817,0.0502378529573445,0.4777969773137817,0.0,9.0
69600.0,696.0,0.4840959798585572,0.0464203517278511,0.4840959798585572,0.0,9.0
69700.0,697.0,0.484245369838283,0.0449597833092815,0.484245369838283,0.0,9.0
69800.0,698.0,0.4836205699340121,0.0442010465519332,0.4836205699340121,0.0,9.0
69900.0,699.0,0.4883350707694333,0.0435411495488375,0.4883350707694333,0.0,9.0
100.0,1.0,0.1993300743545467,0.2629095505485875,0.1993300743545467,0.0,10.0
200.0,2.0,0.2290681303609692,0.244036576560186,0.2290681303609692,0.0,10.0
300.0,3.0,0.2540714655823218,0.2247202807685272,0.2540714655823218,0.0,10.0
400.0,4.0,0.2887234245788126,0.2063788060055212,0.2887234245788126,0.0,10.0
500.0,5.0,0.3021933602336115,0.1731084864429454,0.3021933602336115,0.0,10.0
600.0,6.0,0.3222584178867494,0.1572205800981228,0.3222584178867494,0.0,10.0
700.0,7.0,0.351221117339835,0.1365346148627948,0.351221117339835,0.0,10.0
800.0,8.0,0.36369165784087,0.1287339830753876,0.36369165784087,0.0,10.0
900.0,9.0,0.3775950580068165,0.1221566780476891,0.3775950580068165,0.0,10.0
1000.0,10.0,0.3903754870236643,0.1166865221617959,0.3903754870236643,0.0,10.0
1100.0,11.0,0.3950374171569349,0.1126677990317144,0.3950374171569349,0.0,10.0
1200.0,12.0,0.4087489561150315,0.100558651467956,0.4087489561150315,0.0,10.0
1300.0,13.0,0.4191412713776828,0.0941057859915879,0.4191412713776828,0.0,10.0
1400.0,14.0,0.425827056094718,0.0863342406123126,0.425827056094718,0.0,10.0
1500.0,15.0,0.4352068250536409,0.0828455849943109,0.4352068250536409,0.0,10.0
1600.0,16.0,0.439825603246064,0.0788117835046397,0.439825603246064,0.0,10.0
1700.0,17.0,0.4431909912921458,0.0741108424563835,0.4431909912921458,0.0,10.0
1800.0,18.0,0.4462418305824458,0.0716747788410324,0.4462418305824458,0.0,10.0
2000.0,20.0,0.4457988252246115,0.0696260996143189,0.4457988252246115,0.0,10.0
2100.0,21.0,0.4500308580271581,0.0658853797026575,0.4500308580271581,0.0,10.0
2200.0,22.0,0.4566970894279014,0.0612619639865043,0.4566970894279014,0.0,10.0
2300.0,23.0,0.4580856814938739,0.0610469909200802,0.4580856814938739,0.0,10.0
2400.0,24.0,0.4595160804634634,0.0599075963767855,0.4595160804634634,0.0,10.0
2500.0,25.0,0.459301349000695,0.0598563250658641,0.459301349000695,0.0,10.0
2600.0,26.0,0.4623157967683054,0.0591695039015235,0.4623157967683054,0.0,10.0
2700.0,27.0,0.462380639093045,0.0583701584458074,0.462380639093045,0.0,10.0
2800.0,28.0,0.4679621698372987,0.0560170298540243,0.4679621698372987,0.0,10.0
2900.0,29.0,0.46929090940283,0.0555554469956303,0.46929090940283,0.0,10.0
3000.0,30.0,0.4746323243728598,0.0545195092074557,0.4746323243728598,0.0,10.0
3400.0,34.0,0.4711346180563384,0.0576488548659521,0.4711346180563384,0.0,10.0
3600.0,36.0,0.467806961421268,0.0594973917398869,0.467806961421268,0.0,10.0
3700.0,37.0,0.4705763932321883,0.057427945288839,0.4705763932321883,0.0,10.0
3800.0,38.0,0.4707303346041639,0.0561643489144324,0.4707303346041639,0.0,10.0
3900.0,39.0,0.4726972452196485,0.0550493714893411,0.4726972452196485,0.0,10.0
4000.0,40.0,0.4640352656893501,0.0547198533104805,0.4640352656893501,0.0,10.0
4200.0,42.0,0.4703279522806788,0.0533576751325048,0.4703279522806788,0.0,10.0
4300.0,43.0,0.4777952252917476,0.0511357695318935,0.4777952252917476,0.0,10.0
4500.0,45.0,0.4751644720675129,0.0510192605481547,0.4751644720675129,0.0,10.0
4600.0,46.0,0.4757509455565343,0.0524957484305854,0.4757509455565343,0.0,10.0
4800.0,48.0,0.4766823178229606,0.0534118259371913,0.4766823178229606,0.0,10.0
5000.0,50.0,0.477668882098747,0.0525321018408256,0.477668882098747,0.0,10.0
5200.0,52.0,0.4763645431432802,0.0542681839768057,0.4763645431432802,0.0,10.0
5300.0,53.0,0.4811473742418627,0.0485733428494228,0.4811473742418627,0.0,10.0
5400.0,54.0,0.4817897731154575,0.0493657589457,0.4817897731154575,0.0,10.0
5600.0,56.0,0.4786408541507967,0.0487024573175433,0.4786408541507967,0.0,10.0
5800.0,58.0,0.4795261721588071,0.049568782956378,0.4795261721588071,0.0,10.0
6100.0,61.0,0.4788193752887386,0.0502600721362567,0.4788193752887386,0.0,10.0
6300.0,63.0,0.4800454191077425,0.0497748914127452,0.4800454191077425,0.0,10.0
6400.0,64.0,0.4796690190345142,0.049439925541922,0.4796690190345142,0.0,10.0
6500.0,65.0,0.4814995458254996,0.0522664111560362,0.4814995458254996,0.0,10.0
6600.0,66.0,0.4829985011576377,0.0485529316918852,0.4829985011576377,0.0,10.0
6700.0,67.0,0.4827964550703715,0.0479016476560453,0.4827964550703715,0.0,10.0
6800.0,68.0,0.4819766767192143,0.0474489141089367,0.4819766767192143,0.0,10.0
7100.0,71.0,0.4810049922488698,0.0489465857744629,0.4810049922488698,0.0,10.0
7300.0,73.0,0.4779911709081221,0.0508606785656307,0.4779911709081221,0.0,10.0
7400.0,74.0,0.4804528120398522,0.047253397410103,0.4804528120398522,0.0,10.0
7500.0,75.0,0.4842137883392787,0.0453257111956198,0.4842137883392787,0.0,10.0
7600.0,76.0,0.4850610916009706,0.0456873404223091,0.4850610916009706,0.0,10.0
7700.0,77.0,0.4864997941175084,0.0446233829888967,0.4864997941175084,0.0,10.0
7800.0,78.0,0.4847022189409364,0.0435335785531867,0.4847022189409364,0.0,10.0
8000.0,80.0,0.4804920768831248,0.0452364216835354,0.4804920768831248,0.0,10.0
8100.0,81.0,0.48689504161289,0.0437978832242109,0.48689504161289,0.0,10.0
8200.0,82.0,0.4880333541648545,0.0431898953125447,0.4880333541648545,0.0,10.0
8300.0,83.0,0.4920585847638222,0.0430555391532665,0.4920585847638222,0.0,10.0
8400.0,84.0,0.4926851023172179,0.0423646998558263,0.4926851023172179,0.0,10.0
8500.0,85.0,0.4929321275804805,0.0426900370387005,0.4929321275804805,0.0,10.0
8700.0,87.0,0.485659174279107,0.0435400796143401,0.485659174279107,0.0,10.0
8900.0,89.0,0.4867045704280288,0.0432141671832987,0.4867045704280288,0.0,10.0
9000.0,90.0,0.4901342452471887,0.0420014420706599,0.4901342452471887,0.0,10.0
9200.0,92.0,0.4916080290894374,0.0422187832410472,0.4916080290894374,0.0,10.0
9400.0,94.0,0.4853110571128969,0.0439169059076552,0.4853110571128969,0.0,10.0
9600.0,96.0,0.4826179009643865,0.0451293260974373,0.4826179009643865,0.0,10.0
9700.0,97.0,0.4890803570284571,0.0420921615409331,0.4890803570284571,0.0,10.0
9800.0,98.0,0.4925648585552671,0.0419646059346372,0.4925648585552671,0.0,10.0
10000.0,100.0,0.4928623129584771,0.041718147287639,0.4928623129584771,0.0,10.0
10200.0,102.0,0.4916043237706645,0.0414814986280941,0.4916043237706645,0.0,10.0
10300.0,103.0,0.4924684355211832,0.0419346915871214,0.4924684355211832,0.0,10.0
10400.0,104.0,0.4940506277072451,0.0404996700582576,0.4940506277072451,0.0,10.0
10600.0,106.0,0.4953059719857293,0.0410846911182649,0.4953059719857293,0.0,10.0
10800.0,108.0,0.4890953865610066,0.0424557484650467,0.4890953865610066,0.0,10.0
11000.0,110.0,0.4851552825279663,0.0439443723487381,0.4851552825279663,0.0,10.0
11100.0,111.0,0.4885261798163213,0.0432813226711487,0.4885261798163213,0.0,10.0
11200.0,112.0,0.4892826021549571,0.0431424835791082,0.4892826021549571,0.0,10.0
11600.0,116.0,0.483333146939884,0.0443179522483848,0.483333146939884,0.0,10.0
11700.0,117.0,0.4899589913566765,0.0421725443579404,0.4899589913566765,0.0,10.0
11800.0,118.0,0.4892346567095189,0.0417618910004676,0.4892346567095189,0.0,10.0
11900.0,119.0,0.4925102654415689,0.040504538144548,0.4925102654415689,0.0,10.0
12000.0,120.0,0.4949446675525316,0.0400208235890978,0.4949446675525316,0.0,10.0
12200.0,122.0,0.4919502864290881,0.0434779237090579,0.4919502864290881,0.0,10.0
12300.0,123.0,0.4941338965590678,0.0424652467446553,0.4941338965590678,0.0,10.0
12500.0,125.0,0.4897448015430433,0.0420680446454296,0.4897448015430433,0.0,10.0
12600.0,126.0,0.4924525158006293,0.0417516707480085,0.4924525158006293,0.0,10.0
12700.0,127.0,0.4872793033382216,0.0414349322326078,0.4872793033382216,0.0,10.0
12800.0,128.0,0.4873778701294132,0.0431490054352593,0.4873778701294132,0.0,10.0
13300.0,133.0,0.4813104157049462,0.0467333266667944,0.4813104157049462,0.0,10.0
13400.0,134.0,0.4873985514010852,0.0441425620249307,0.4873985514010852,0.0,10.0
13700.0,137.0,0.4814296597433979,0.0457846175365355,0.4814296597433979,0.0,10.0
13800.0,138.0,0.4840479357168638,0.045204853714331,0.4840479357168638,0.0,10.0
14000.0,140.0,0.4800954117370467,0.049321723040596,0.4800954117370467,0.0,10.0
14100.0,141.0,0.4811034957257513,0.0491302115558497,0.4811034957257513,0.0,10.0
14400.0,144.0,0.4786426201596171,0.0522069126494004,0.4786426201596171,0.0,10.0
14500.0,145.0,0.4755234756199907,0.0521483090925656,0.4755234756199907,0.0,10.0
14600.0,146.0,0.4829183228827682,0.0482536375709445,0.4829183228827682,0.0,10.0
14800.0,148.0,0.4816663560316273,0.0480147734426013,0.4816663560316273,0.0,10.0
15000.0,150.0,0.4834855059501716,0.0482397347597607,0.4834855059501716,0.0,10.0
15200.0,152.0,0.4836586688228937,0.046355197780348,0.4836586688228937,0.0,10.0
15300.0,153.0,0.483295218014448,0.0458317494643963,0.483295218014448,0.0,10.0
15500.0,155.0,0.4789391971975981,0.0461763266743134,0.4789391971975981,0.0,10.0
15600.0,156.0,0.4799301672186122,0.0431883429309106,0.4799301672186122,0.0,10.0
15800.0,158.0,0.4831088725707776,0.0443810702447997,0.4831088725707776,0.0,10.0
15900.0,159.0,0.4872247310517495,0.0438784419404449,0.4872247310517495,0.0,10.0
16200.0,162.0,0.4843703201140193,0.0459334677460245,0.4843703201140193,0.0,10.0
16300.0,163.0,0.4866022480676304,0.0442138130033879,0.4866022480676304,0.0,10.0
16400.0,164.0,0.489602358546426,0.0437064571642487,0.489602358546426,0.0,10.0
16500.0,165.0,0.4918462288871638,0.0431713155249765,0.4918462288871638,0.0,10.0
16900.0,169.0,0.4832521328361251,0.0456733208979672,0.4832521328361251,0.0,10.0
17000.0,170.0,0.4833014066539439,0.0446568253588623,0.4833014066539439,0.0,10.0
17100.0,171.0,0.4855905550009958,0.0425206997732401,0.4855905550009958,0.0,10.0
17400.0,174.0,0.4854013018868123,0.0456040873232894,0.4854013018868123,0.0,10.0
17600.0,176.0,0.4806418352413329,0.0468721440679123,0.4806418352413329,0.0,10.0
17700.0,177.0,0.4822969828009055,0.0455927692820974,0.4822969828009055,0.0,10.0
17800.0,178.0,0.4855608895047116,0.043318721768692,0.4855608895047116,0.0,10.0
17900.0,179.0,0.4876883916852096,0.0415156211228741,0.4876883916852096,0.0,10.0
18000.0,180.0,0.4902971810799445,0.0401083554443744,0.4902971810799445,0.0,10.0
18300.0,183.0,0.4916399239394523,0.0407620707188245,0.4916399239394523,0.0,10.0
18700.0,187.0,0.4891735306545646,0.0419347277318033,0.4891735306545646,0.0,10.0
18800.0,188.0,0.4893577527314326,0.0421225230455141,0.4893577527314326,0.0,10.0
18900.0,189.0,0.4896876814263439,0.0415699746983676,0.4896876814263439,0.0,10.0
19200.0,192.0,0.4881886200191703,0.043996864987253,0.4881886200191703,0.0,10.0
19500.0,195.0,0.4824388178279635,0.0462091626375415,0.4824388178279635,0.0,10.0
19600.0,196.0,0.4834305219050103,0.0427973275890033,0.4834305219050103,0.0,10.0
19800.0,198.0,0.4857179199274459,0.0426276237768573,0.4857179199274459,0.0,10.0
20000.0,200.0,0.4892377784944411,0.0407715022855524,0.4892377784944411,0.0,10.0
20100.0,201.0,0.4906691117955903,0.042346638442398,0.4906691117955903,0.0,10.0
20300.0,203.0,0.4935941648084428,0.0410756016754936,0.4935941648084428,0.0,10.0
20400.0,204.0,0.4936828937473737,0.0406712012833711,0.4936828937473737,0.0,10.0
20600.0,206.0,0.4912533466380402,0.042822238765535,0.4912533466380402,0.0,10.0
20700.0,207.0,0.4927194762181022,0.0404550738764325,0.4927194762181022,0.0,10.0
20900.0,209.0,0.4919765847582064,0.0411454119619717,0.4919765847582064,0.0,10.0
21000.0,210.0,0.493658282772458,0.0411606248541406,0.493658282772458,0.0,10.0
21200.0,212.0,0.4907707910101269,0.0415094859684353,0.4907707910101269,0.0,10.0
21300.0,213.0,0.4935308163219992,0.0406486836163028,0.4935308163219992,0.0,10.0
21500.0,215.0,0.489190205454342,0.0421086201070016,0.489190205454342,0.0,10.0
21600.0,216.0,0.4881478888401787,0.0409757579956885,0.4881478888401787,0.0,10.0
21700.0,217.0,0.4888576999274722,0.0405529083297668,0.4888576999274722,0.0,10.0
21800.0,218.0,0.4892475785136306,0.0408086343581883,0.4892475785136306,0.0,10.0
22000.0,220.0,0.4833224359976291,0.0415542380422738,0.4833224359976291,0.0,10.0
22100.0,221.0,0.4840646067134179,0.0426618375393058,0.4840646067134179,0.0,10.0
22200.0,222.0,0.487165569734295,0.0424474108545881,0.487165569734295,0.0,10.0
22300.0,223.0,0.4894721445507913,0.0420422589355825,0.4894721445507913,0.0,10.0
22400.0,224.0,0.492171545956668,0.0423253131695578,0.492171545956668,0.0,10.0
22600.0,226.0,0.4924706925261441,0.0418996170241438,0.4924706925261441,0.0,10.0
22800.0,228.0,0.4917607428844583,0.0427232375303752,0.4917607428844583,0.0,10.0
23000.0,230.0,0.490225267694504,0.0441586368265549,0.490225267694504,0.0,10.0
23100.0,231.0,0.4896948561106465,0.0436086001971847,0.4896948561106465,0.0,10.0
23200.0,232.0,0.4917464108789059,0.0418160726335047,0.4917464108789059,0.0,10.0
23300.0,233.0,0.4925342651024622,0.0416686619942812,0.4925342651024622,0.0,10.0
23400.0,234.0,0.4938580677407257,0.0410169448505707,0.4938580677407257,0.0,10.0
23600.0,236.0,0.4913196472754659,0.0429988809419001,0.4913196472754659,0.0,10.0
23900.0,239.0,0.4972756467916362,0.0403600632619502,0.4972756467916362,0.0,10.0
24000.0,240.0,0.4966979352777542,0.0388460714991151,0.4966979352777542,0.0,10.0
24300.0,243.0,0.4928527807856695,0.0416681088434922,0.4928527807856695,0.0,10.0
24400.0,244.0,0.4943420838900124,0.0410715622711617,0.4943420838900124,0.0,10.0
24600.0,246.0,0.4933822951177783,0.0407280830887665,0.4933822951177783,0.0,10.0
24700.0,247.0,0.4948422674872479,0.039644457866751,0.4948422674872479,0.0,10.0
24900.0,249.0,0.4989374807264177,0.0396933677605035,0.4989374807264177,0.0,10.0
25000.0,250.0,0.496846356280776,0.0389981110436302,0.496846356280776,0.0,10.0
25200.0,252.0,0.4949442753384559,0.0395567720335056,0.4949442753384559,0.0,10.0
25300.0,253.0,0.4982604089770904,0.0376732035095888,0.4982604089770904,0.0,10.0
25600.0,256.0,0.4906907643519469,0.0402626424677525,0.4906907643519469,0.0,10.0
25700.0,257.0,0.4962925994512674,0.038835094501104,0.4962925994512674,0.0,10.0
25800.0,258.0,0.498549651897302,0.0376421914767512,0.498549651897302,0.0,10.0
26200.0,262.0,0.4911709846123809,0.0400752445633205,0.4911709846123809,0.0,10.0
26500.0,265.0,0.4978498651821252,0.038140639049196,0.4978498651821252,0.0,10.0
26900.0,269.0,0.4957608683434765,0.0408546079328829,0.4957608683434765,0.0,10.0
27000.0,270.0,0.4973894219284393,0.0388680134466339,0.4973894219284393,0.0,10.0
27100.0,271.0,0.4977095490674224,0.0385063898935144,0.4977095490674224,0.0,10.0
27400.0,274.0,0.4915003732075177,0.0409859858597941,0.4915003732075177,0.0,10.0
27700.0,277.0,0.4896911216458393,0.044770234142395,0.4896911216458393,0.0,10.0
27900.0,279.0,0.4856861292066052,0.0440536405203038,0.4856861292066052,0.0,10.0
28000.0,280.0,0.4892642831296402,0.0446887495646341,0.4892642831296402,0.0,10.0
28100.0,281.0,0.4895485051943016,0.0427987659165305,0.4895485051943016,0.0,10.0
28200.0,282.0,0.4897028986572626,0.0426141234569944,0.4897028986572626,0.0,10.0
28300.0,283.0,0.4913448879786639,0.0416983736248483,0.4913448879786639,0.0,10.0
28600.0,286.0,0.4923944914987338,0.0421618489500195,0.4923944914987338,0.0,10.0
28800.0,288.0,0.4909573320268369,0.0425147842548483,0.4909573320268369,0.0,10.0
28900.0,289.0,0.4950357561529309,0.041344625605639,0.4950357561529309,0.0,10.0
29100.0,291.0,0.4949435108302195,0.0420960752913711,0.4949435108302195,0.0,10.0
29300.0,293.0,0.4976920290813315,0.0396449414741997,0.4976920290813315,0.0,10.0
29500.0,295.0,0.4945063675251164,0.0432985316139092,0.4945063675251164,0.0,10.0
29700.0,297.0,0.4900325510701778,0.0382634669184898,0.4900325510701778,0.0,10.0
29800.0,298.0,0.4909174124912104,0.0386538632089003,0.4909174124912104,0.0,10.0
29900.0,299.0,0.4915298824066903,0.0395269684951728,0.4915298824066903,0.0,10.0
30100.0,301.0,0.4887272650521722,0.0429223772554548,0.4887272650521722,0.0,10.0
30200.0,302.0,0.4933636883483869,0.0409818346664003,0.4933636883483869,0.0,10.0
30300.0,303.0,0.4977273073243107,0.0400636578374551,0.4977273073243107,0.0,10.0
30400.0,304.0,0.4990290451562231,0.0391397214152222,0.4990290451562231,0.0,10.0
30700.0,307.0,0.4935950576401863,0.0449205819509835,0.4935950576401863,0.0,10.0
30800.0,308.0,0.4881968153057778,0.0439619570683971,0.4881968153057778,0.0,10.0
31000.0,310.0,0.486911913593164,0.0444811817827094,0.486911913593164,0.0,10.0
31300.0,313.0,0.4894750632485165,0.0436769531908586,0.4894750632485165,0.0,10.0
31500.0,315.0,0.4834021315505202,0.0443776256575198,0.4834021315505202,0.0,10.0
31700.0,317.0,0.4846130585395455,0.0455824996346319,0.4846130585395455,0.0,10.0
31800.0,318.0,0.4950604395835725,0.0414648120619474,0.4950604395835725,0.0,10.0
32100.0,321.0,0.4869491274429428,0.0453042338999823,0.4869491274429428,0.0,10.0
32200.0,322.0,0.4904203437261569,0.0439676195566382,0.4904203437261569,0.0,10.0
32300.0,323.0,0.4923578733649184,0.0427695895712969,0.4923578733649184,0.0,10.0
32400.0,324.0,0.49031675543579,0.042650708173259,0.49031675543579,0.0,10.0
32600.0,326.0,0.491159508012466,0.0435884570287196,0.491159508012466,0.0,10.0
32700.0,327.0,0.4878657193807597,0.0419716546542953,0.4878657193807597,0.0,10.0
32800.0,328.0,0.4904116667656101,0.0409994761129628,0.4904116667656101,0.0,10.0
33000.0,330.0,0.4928346576670546,0.042297195366836,0.4928346576670546,0.0,10.0
33100.0,331.0,0.4913986810683134,0.0419912875826084,0.4913986810683134,0.0,10.0
33300.0,333.0,0.4924979226123531,0.0417423020931485,0.4924979226123531,0.0,10.0
33400.0,334.0,0.4951657088975266,0.0410889365628163,0.4951657088975266,0.0,10.0
33600.0,336.0,0.4971322885818074,0.0402049303574627,0.4971322885818074,0.0,10.0
33800.0,338.0,0.494364898330997,0.0401225628532098,0.494364898330997,0.0,10.0
33900.0,339.0,0.495329444999077,0.0399661645244747,0.495329444999077,0.0,10.0
34100.0,341.0,0.4958493805446499,0.0407801633389034,0.4958493805446499,0.0,10.0
34700.0,347.0,0.4812505602710666,0.0473715325186036,0.4812505602710666,0.0,10.0
34900.0,349.0,0.4803547862542089,0.0484578740213739,0.4803547862542089,0.0,10.0
35000.0,350.0,0.4795528594974722,0.0478180956511735,0.4795528594974722,0.0,10.0
35200.0,352.0,0.4817754128075552,0.0491078586898357,0.4817754128075552,0.0,10.0
35300.0,353.0,0.482015931015769,0.0498812220790587,0.482015931015769,0.0,10.0
35400.0,354.0,0.4810221365874912,0.0478583776805619,0.4810221365874912,0.0,10.0
35500.0,355.0,0.4859533986277909,0.045138001267722,0.4859533986277909,0.0,10.0
35700.0,357.0,0.4866770216256471,0.0447495690278173,0.4866770216256471,0.0,10.0
35900.0,359.0,0.4864371034007274,0.0462761673452228,0.4864371034007274,0.0,10.0
36000.0,360.0,0.4916451889352332,0.0439773775703024,0.4916451889352332,0.0,10.0
36400.0,364.0,0.484879744935601,0.0444527351837514,0.484879744935601,0.0,10.0
36600.0,366.0,0.4856099614889295,0.0457850518744766,0.4856099614889295,0.0,10.0
36900.0,369.0,0.4830041641312662,0.0476516300057067,0.4830041641312662,0.0,10.0
37000.0,370.0,0.4826372088397168,0.0470083735326639,0.4826372088397168,0.0,10.0
37100.0,371.0,0.4856087783247154,0.0444963849122545,0.4856087783247154,0.0,10.0
37200.0,372.0,0.4870643450858511,0.0441054364567862,0.4870643450858511,0.0,10.0
37400.0,374.0,0.4826916277791764,0.0456691518593271,0.4826916277791764,0.0,10.0
37500.0,375.0,0.4839634079535787,0.0442020991001353,0.4839634079535787,0.0,10.0
37600.0,376.0,0.4866266962749153,0.044041674093982,0.4866266962749153,0.0,10.0
37700.0,377.0,0.488533787334317,0.0435976080403927,0.488533787334317,0.0,10.0
37800.0,378.0,0.4913714450560002,0.0426788571344744,0.4913714450560002,0.0,10.0
38000.0,380.0,0.4905228643139644,0.0427458032530008,0.4905228643139644,0.0,10.0
38300.0,383.0,0.4860615572841316,0.045786270190762,0.4860615572841316,0.0,10.0
38500.0,385.0,0.477056395037873,0.0478723901479806,0.477056395037873,0.0,10.0
38600.0,386.0,0.4819764158276129,0.0460945483686976,0.4819764158276129,0.0,10.0
38700.0,387.0,0.4834833642366598,0.0446477629324781,0.4834833642366598,0.0,10.0
39000.0,390.0,0.4856519106122511,0.0457526555741471,0.4856519106122511,0.0,10.0
39200.0,392.0,0.4879098295771853,0.0459095337922849,0.4879098295771853,0.0,10.0
39300.0,393.0,0.488541048903314,0.0449542117401877,0.488541048903314,0.0,10.0
39400.0,394.0,0.4904238024216635,0.0433920147778513,0.4904238024216635,0.0,10.0
39600.0,396.0,0.4836066300156242,0.0462498721472397,0.4836066300156242,0.0,10.0
39700.0,397.0,0.4875215734621718,0.0453304518539295,0.4875215734621718,0.0,10.0
39800.0,398.0,0.4890955781335134,0.0427136595326359,0.4890955781335134,0.0,10.0
40000.0,400.0,0.4841389693553735,0.0459724940972863,0.4841389693553735,0.0,10.0
40100.0,401.0,0.4848121424423248,0.0460706906609572,0.4848121424423248,0.0,10.0
40200.0,402.0,0.4894354674889896,0.0424835830319325,0.4894354674889896,0.0,10.0
40300.0,403.0,0.4920100798283264,0.0405735601709326,0.4920100798283264,0.0,10.0
40400.0,404.0,0.492111598747768,0.0406328453189336,0.492111598747768,0.0,10.0
40700.0,407.0,0.4925470027706093,0.0430690779708661,0.4925470027706093,0.0,10.0
40900.0,409.0,0.4917931546277888,0.0425370862429027,0.4917931546277888,0.0,10.0
41000.0,410.0,0.4928554603465883,0.0416758422715643,0.4928554603465883,0.0,10.0
41400.0,414.0,0.4878553887475851,0.0429788188139017,0.4878553887475851,0.0,10.0
41700.0,417.0,0.4810547652483701,0.0455010848125492,0.4810547652483701,0.0,10.0
41800.0,418.0,0.4833874553902365,0.0461301221516109,0.4833874553902365,0.0,10.0
41900.0,419.0,0.4823601962239565,0.045402416626501,0.4823601962239565,0.0,10.0
42100.0,421.0,0.4812653048849867,0.0464795901209026,0.4812653048849867,0.0,10.0
42200.0,422.0,0.4841957692461944,0.0450524979549759,0.4841957692461944,0.0,10.0
42300.0,423.0,0.484116741909261,0.0440461381485566,0.484116741909261,0.0,10.0
42400.0,424.0,0.4864572334831511,0.0436866839566214,0.4864572334831511,0.0,10.0
42500.0,425.0,0.4899753510611734,0.0425224553848589,0.4899753510611734,0.0,10.0
42600.0,426.0,0.4932200207630335,0.041575220383256,0.4932200207630335,0.0,10.0
42800.0,428.0,0.4895909297155423,0.0434246751716549,0.4895909297155423,0.0,10.0
42900.0,429.0,0.4915863692795809,0.0426654016885491,0.4915863692795809,0.0,10.0
43300.0,433.0,0.4860937501244451,0.045931839924648,0.4860937501244451,0.0,10.0
43400.0,434.0,0.4870944647022953,0.0448486549984179,0.4870944647022953,0.0,10.0
43500.0,435.0,0.4854579507328453,0.0438174055230091,0.4854579507328453,0.0,10.0
43600.0,436.0,0.4859485229925207,0.0430479519955338,0.4859485229925207,0.0,10.0
43800.0,438.0,0.4849697195645062,0.0458829954716448,0.4849697195645062,0.0,10.0
43900.0,439.0,0.4868329374328844,0.0442476687969133,0.4868329374328844,0.0,10.0
44100.0,441.0,0.486770646462786,0.0434764822541834,0.486770646462786,0.0,10.0
44200.0,442.0,0.4901394112855657,0.0421892890269005,0.4901394112855657,0.0,10.0
44300.0,443.0,0.4908952665013849,0.0426815830538415,0.4908952665013849,0.0,10.0
44400.0,444.0,0.4911282920828069,0.0435274417058973,0.4911282920828069,0.0,10.0
44500.0,445.0,0.4930936913029962,0.042425041615676,0.4930936913029962,0.0,10.0
44700.0,447.0,0.4912509446917585,0.0422268888618952,0.4912509446917585,0.0,10.0
44900.0,449.0,0.4871102136796756,0.0447679974344833,0.4871102136796756,0.0,10.0
45000.0,450.0,0.4853640467450588,0.0441682897501107,0.4853640467450588,0.0,10.0
45100.0,451.0,0.4864751153875042,0.0423236032731512,0.4864751153875042,0.0,10.0
45200.0,452.0,0.4888123006571627,0.0418974763623463,0.4888123006571627,0.0,10.0
45600.0,456.0,0.4825327507610211,0.045185976971289,0.4825327507610211,0.0,10.0
45700.0,457.0,0.4858588781853251,0.0443024320262969,0.4858588781853251,0.0,10.0
45800.0,458.0,0.4880205788525087,0.0451703788046351,0.4880205788525087,0.0,10.0
46000.0,460.0,0.4900751763803752,0.0428004976876965,0.4900751763803752,0.0,10.0
46200.0,462.0,0.4925980111073544,0.0422752642800726,0.4925980111073544,0.0,10.0
46500.0,465.0,0.4893205027351847,0.0433608279965584,0.4893205027351847,0.0,10.0
47000.0,470.0,0.4819073663647499,0.0461859754301828,0.4819073663647499,0.0,10.0
47100.0,471.0,0.4827471875479379,0.0454304262262332,0.4827471875479379,0.0,10.0
47200.0,472.0,0.4833580637300647,0.0450695483248979,0.4833580637300647,0.0,10.0
47300.0,473.0,0.4883830526333533,0.0430566039491322,0.4883830526333533,0.0,10.0
47400.0,474.0,0.4904112533741078,0.0423949131038551,0.4904112533741078,0.0,10.0
47600.0,476.0,0.4882854854733623,0.0435281535134124,0.4882854854733623,0.0,10.0
47700.0,477.0,0.4904764940732875,0.042604690615817,0.4904764940732875,0.0,10.0
47800.0,478.0,0.4944514694037643,0.0412021207809179,0.4944514694037643,0.0,10.0
48000.0,480.0,0.489805465288426,0.0427914774844709,0.489805465288426,0.0,10.0
48100.0,481.0,0.4915914364066927,0.0436167612392819,0.4915914364066927,0.0,10.0
48400.0,484.0,0.4832409615429063,0.0442878761636406,0.4832409615429063,0.0,10.0
48500.0,485.0,0.486413808753218,0.0419585371764685,0.486413808753218,0.0,10.0
48600.0,486.0,0.4878049843588876,0.0415763026039524,0.4878049843588876,0.0,10.0
48700.0,487.0,0.490145339165845,0.0395643428566452,0.490145339165845,0.0,10.0
48800.0,488.0,0.4914180498584172,0.0392284346919108,0.4914180498584172,0.0,10.0
49000.0,490.0,0.489512564913402,0.0420710325444806,0.489512564913402,0.0,10.0
49100.0,491.0,0.4940519010427832,0.0384935222219322,0.4940519010427832,0.0,10.0
49300.0,493.0,0.4919879447767012,0.0398926454345987,0.4919879447767012,0.0,10.0
49500.0,495.0,0.4918759303036747,0.0394822768931944,0.4918759303036747,0.0,10.0
49700.0,497.0,0.4936261728725499,0.039464943501436,0.4936261728725499,0.0,10.0
50100.0,501.0,0.4853613394573088,0.0446371426880922,0.4853613394573088,0.0,10.0
50200.0,502.0,0.4796306347088457,0.0435458952510859,0.4796306347088457,0.0,10.0
50300.0,503.0,0.4864937427409939,0.0413923161250582,0.4864937427409939,0.0,10.0
50500.0,505.0,0.4856942705499697,0.042555348801488,0.4856942705499697,0.0,10.0
50600.0,506.0,0.4862467699833475,0.0419244390736961,0.4862467699833475,0.0,10.0
50700.0,507.0,0.4908344857611519,0.0415697668564016,0.4908344857611519,0.0,10.0
50900.0,509.0,0.4866648977421464,0.0434071171989521,0.4866648977421464,0.0,10.0
51000.0,510.0,0.4910367637939454,0.0413486910516546,0.4910367637939454,0.0,10.0
51100.0,511.0,0.4900535279715288,0.0403348227421202,0.4900535279715288,0.0,10.0
51200.0,512.0,0.4946385056922309,0.0403619822039878,0.4946385056922309,0.0,10.0
51300.0,513.0,0.4950410404399262,0.0402082222996615,0.4950410404399262,0.0,10.0
51600.0,516.0,0.4940674163447794,0.0408617927433081,0.4940674163447794,0.0,10.0
51700.0,517.0,0.4967220780954071,0.0404282613356901,0.4967220780954071,0.0,10.0
51800.0,518.0,0.4989527530192599,0.0389323862541177,0.4989527530192599,0.0,10.0
52100.0,521.0,0.4933030058836978,0.0424496962562993,0.4933030058836978,0.0,10.0
52200.0,522.0,0.4945860207032586,0.0428237392407023,0.4945860207032586,0.0,10.0
52600.0,526.0,0.4882745814017768,0.0456691257278599,0.4882745814017768,0.0,10.0
52700.0,527.0,0.4915061801491721,0.0450305033273632,0.4915061801491721,0.0,10.0
52900.0,529.0,0.4917639363761503,0.0451642255478411,0.4917639363761503,0.0,10.0
53000.0,530.0,0.4934663236424773,0.0445059413573291,0.4934663236424773,0.0,10.0
53200.0,532.0,0.4921125962753443,0.0435272984164653,0.4921125962753443,0.0,10.0
53400.0,534.0,0.4927027559928347,0.0437584153756695,0.4927027559928347,0.0,10.0
53500.0,535.0,0.4960796817310532,0.043156140868628,0.4960796817310532,0.0,10.0
53700.0,537.0,0.4937809297419436,0.0433688477498321,0.4937809297419436,0.0,10.0
53800.0,538.0,0.4963089287841081,0.0432766265148435,0.4963089287841081,0.0,10.0
54200.0,542.0,0.4969240739444464,0.0418323443792677,0.4969240739444464,0.0,10.0
54300.0,543.0,0.4939901000288996,0.0416079230634549,0.4939901000288996,0.0,10.0
54500.0,545.0,0.4906834559070854,0.0440110224058743,0.4906834559070854,0.0,10.0
54600.0,546.0,0.4924822505811886,0.0424616232263497,0.4924822505811886,0.0,10.0
54700.0,547.0,0.4925208686485872,0.0416965145433959,0.4925208686485872,0.0,10.0
54900.0,549.0,0.4915365208140919,0.0442314575700578,0.4915365208140919,0.0,10.0
55000.0,550.0,0.4946335365152435,0.0423828619934742,0.4946335365152435,0.0,10.0
55100.0,551.0,0.4968447896131236,0.0404136156519294,0.4968447896131236,0.0,10.0
55400.0,554.0,0.4966025340956536,0.0392123564105019,0.4966025340956536,0.0,10.0
55700.0,557.0,0.4899713974834853,0.041638231506577,0.4899713974834853,0.0,10.0
55800.0,558.0,0.4925732854561499,0.0413619203532684,0.4925732854561499,0.0,10.0
56000.0,560.0,0.4917914500193208,0.0423177028806652,0.4917914500193208,0.0,10.0
56300.0,563.0,0.4898919989126562,0.0450917559181919,0.4898919989126562,0.0,10.0
56400.0,564.0,0.4954790526877322,0.0412539048740451,0.4954790526877322,0.0,10.0
56600.0,566.0,0.4892564926963124,0.0459770829483014,0.4892564926963124,0.0,10.0
56700.0,567.0,0.4905097588056756,0.0446963692453756,0.4905097588056756,0.0,10.0
56800.0,568.0,0.4910067134176606,0.0430973136824923,0.4910067134176606,0.0,10.0
56900.0,569.0,0.4900011569246834,0.0423406964728765,0.4900011569246834,0.0,10.0
57200.0,572.0,0.4901584828544035,0.0437601042181231,0.4901584828544035,0.0,10.0
57400.0,574.0,0.488303793747504,0.042209385335279,0.488303793747504,0.0,10.0
57600.0,576.0,0.4895376677188419,0.0414356191088007,0.4895376677188419,0.0,10.0
57900.0,579.0,0.4841800693855169,0.0431765783834422,0.4841800693855169,0.0,10.0
58000.0,580.0,0.488484683552186,0.0414282042013446,0.488484683552186,0.0,10.0
58100.0,581.0,0.488677852773487,0.043261486439826,0.488677852773487,0.0,10.0
58200.0,582.0,0.4930885535005396,0.0427883517034883,0.4930885535005396,0.0,10.0
58300.0,583.0,0.4939429361663389,0.0425767421144883,0.4939429361663389,0.0,10.0
58500.0,585.0,0.4907341882456849,0.045354580689164,0.4907341882456849,0.0,10.0
59000.0,590.0,0.4795959776713115,0.0512989020800663,0.4795959776713115,0.0,10.0
59200.0,592.0,0.4827422125581506,0.0508273507751456,0.4827422125581506,0.0,10.0
59300.0,593.0,0.4841239833489281,0.0518266752413463,0.4841239833489281,0.0,10.0
59400.0,594.0,0.4839805847323339,0.0507996534562956,0.4839805847323339,0.0,10.0
59500.0,595.0,0.4852581302391864,0.0488239544570902,0.4852581302391864,0.0,10.0
59700.0,597.0,0.4832698705327496,0.0505100118992557,0.4832698705327496,0.0,10.0
59800.0,598.0,0.4824056594619576,0.0491614264413272,0.4824056594619576,0.0,10.0
59900.0,599.0,0.4831634527309801,0.0486195142363401,0.4831634527309801,0.0,10.0
60100.0,601.0,0.4815137946730698,0.0476910328320163,0.4815137946730698,0.0,10.0
60300.0,603.0,0.4723489002492421,0.0489132571924864,0.4723489002492421,0.0,10.0
60400.0,604.0,0.481096320522319,0.045823269793649,0.481096320522319,0.0,10.0
60500.0,605.0,0.481364454316871,0.0477998777420347,0.481364454316871,0.0,10.0
60600.0,606.0,0.4826151970724789,0.0486662291877683,0.4826151970724789,0.0,10.0
61000.0,610.0,0.4782875974184973,0.0505447792899909,0.4782875974184973,0.0,10.0
61100.0,611.0,0.4768742954274249,0.0502228755383395,0.4768742954274249,0.0,10.0
61200.0,612.0,0.482536387307861,0.0459331150295996,0.482536387307861,0.0,10.0
61300.0,613.0,0.4849886419076546,0.0473847489762664,0.4849886419076546,0.0,10.0
61400.0,614.0,0.4910080043393097,0.0431726988282668,0.4910080043393097,0.0,10.0
61600.0,616.0,0.4918434148557822,0.0429409852199519,0.4918434148557822,0.0,10.0
61900.0,619.0,0.4874010145459398,0.0444383325873678,0.4874010145459398,0.0,10.0
62100.0,621.0,0.4858340351058632,0.0455690587693398,0.4858340351058632,0.0,10.0
62200.0,622.0,0.489778821353962,0.0448349713992977,0.489778821353962,0.0,10.0
62400.0,624.0,0.4883311473067725,0.0450826320399262,0.4883311473067725,0.0,10.0
62600.0,626.0,0.4855146126494656,0.0462971710795529,0.4855146126494656,0.0,10.0
62800.0,628.0,0.4833361369956769,0.0467080447526167,0.4833361369956769,0.0,10.0
63000.0,630.0,0.4837172213187657,0.0473352102452142,0.4837172213187657,0.0,10.0
63100.0,631.0,0.4855771847995512,0.0466795395947983,0.4855771847995512,0.0,10.0
63200.0,632.0,0.4862567542525298,0.0462715225023078,0.4862567542525298,0.0,10.0
63300.0,633.0,0.4864229252091988,0.0466831532733287,0.4864229252091988,0.0,10.0
63500.0,635.0,0.4847548799307844,0.0462489765794725,0.4847548799307844,0.0,10.0
63800.0,638.0,0.4833213253347206,0.0492333214851014,0.4833213253347206,0.0,10.0
64000.0,640.0,0.4799620523647315,0.0503125892443337,0.4799620523647315,0.0,10.0
64100.0,641.0,0.4823937599234051,0.0482697794131867,0.4823937599234051,0.0,10.0
64200.0,642.0,0.4863159025372255,0.0460583829508212,0.4863159025372255,0.0,10.0
64300.0,643.0,0.4879468073038399,0.046100748233042,0.4879468073038399,0.0,10.0
64400.0,644.0,0.489667633398095,0.0445288872005949,0.489667633398095,0.0,10.0
64600.0,646.0,0.4901350172274625,0.0455013022345692,0.4901350172274625,0.0,10.0
64700.0,647.0,0.4929758573862131,0.0432681617588433,0.4929758573862131,0.0,10.0
65000.0,650.0,0.4905147159205028,0.0435646089660014,0.4905147159205028,0.0,10.0
65200.0,652.0,0.4896199880377693,0.0413942949287425,0.4896199880377693,0.0,10.0
65300.0,653.0,0.4914623782481521,0.0406426188318557,0.4914623782481521,0.0,10.0
65400.0,654.0,0.4922020155566563,0.0414625745771123,0.4922020155566563,0.0,10.0
65600.0,656.0,0.4835260422938293,0.045572275028687,0.4835260422938293,0.0,10.0
65700.0,657.0,0.4839953814836235,0.0455810156345359,0.4839953814836235,0.0,10.0
65800.0,658.0,0.4908330300859619,0.0455871765789914,0.4908330300859619,0.0,10.0
65900.0,659.0,0.4908559872726861,0.0448174814127845,0.4908559872726861,0.0,10.0
66100.0,661.0,0.490370010271407,0.0438908539043951,0.490370010271407,0.0,10.0
66300.0,663.0,0.4846881759905626,0.0452812346171814,0.4846881759905626,0.0,10.0
66700.0,667.0,0.4827621188303028,0.0458437143192515,0.4827621188303028,0.0,10.0
66800.0,668.0,0.4842982283200462,0.0465780712452154,0.4842982283200462,0.0,10.0
67100.0,671.0,0.4820040956496799,0.0465290058451851,0.4820040956496799,0.0,10.0
67200.0,672.0,0.4843435159429935,0.0451646376150936,0.4843435159429935,0.0,10.0
67600.0,676.0,0.4823537022675201,0.0497265447896417,0.4823537022675201,0.0,10.0
67700.0,677.0,0.4855248147588009,0.0479336827321787,0.4855248147588009,0.0,10.0
67900.0,679.0,0.4863834032506082,0.0467827901194352,0.4863834032506082,0.0,10.0
68000.0,680.0,0.4863370018583451,0.0460986413124995,0.4863370018583451,0.0,10.0
68100.0,681.0,0.4893177980935834,0.0447509059924392,0.4893177980935834,0.0,10.0
68200.0,682.0,0.4853402057224668,0.0446703925093268,0.4853402057224668,0.0,10.0
68300.0,683.0,0.4894871943777178,0.0442172143053505,0.4894871943777178,0.0,10.0
68400.0,684.0,0.4927669828859053,0.0446267503571244,0.4927669828859053,0.0,10.0
68900.0,689.0,0.4857270064392361,0.0466147899711822,0.4857270064392361,0.0,10.0
69000.0,690.0,0.4859953560315582,0.0470225230942314,0.4859953560315582,0.0,10.0
69100.0,691.0,0.4877166691071787,0.0452839331639887,0.4877166691071787,0.0,10.0
69300.0,693.0,0.4881194402630371,0.0461401066829534,0.4881194402630371,0.0,10.0
69400.0,694.0,0.4900059606944131,0.0461695467364631,0.4900059606944131,0.0,10.0
69600.0,696.0,0.4849739234482119,0.0484442853318308,0.4849739234482119,0.0,10.0
69700.0,697.0,0.4852592980736175,0.0465183441932631,0.4852592980736175,0.0,10.0
69800.0,698.0,0.488825110413114,0.0456641520048615,0.488825110413114,0.0,10.0
69900.0,699.0,0.492341346809524,0.0429830305104735,0.492341346809524,0.0,10.0
100.0,1.0,0.2256522843234987,0.2638302929430418,0.2256522843234987,0.0,11.0
200.0,2.0,0.2642159205382257,0.2181423389236245,0.2642159205382257,0.0,11.0
300.0,3.0,0.3066445816368698,0.1727588860036655,0.3066445816368698,0.0,11.0
400.0,4.0,0.3283531758782748,0.1625799911842884,0.3283531758782748,0.0,11.0
500.0,5.0,0.3473076118468959,0.1444445637484006,0.3473076118468959,0.0,11.0
600.0,6.0,0.3528291755616191,0.1395310698291726,0.3528291755616191,0.0,11.0
700.0,7.0,0.3675638624162071,0.1295048315144594,0.3675638624162071,0.0,11.0
800.0,8.0,0.375513081705531,0.1237020750770758,0.375513081705531,0.0,11.0
900.0,9.0,0.3804908130035582,0.1214465448646682,0.3804908130035582,0.0,11.0
1000.0,10.0,0.3928180851257091,0.1161396032224544,0.3928180851257091,0.0,11.0
1100.0,11.0,0.3951078332357912,0.1119903659356586,0.3951078332357912,0.0,11.0
1200.0,12.0,0.3993252514728466,0.1102838811498146,0.3993252514728466,0.0,11.0
1300.0,13.0,0.4046498251815694,0.1071669083548963,0.4046498251815694,0.0,11.0
1400.0,14.0,0.4149734563022514,0.1031375678320377,0.4149734563022514,0.0,11.0
1500.0,15.0,0.4175467281035648,0.0994768139445741,0.4175467281035648,0.0,11.0
1600.0,16.0,0.4265841773760865,0.0851344598951864,0.4265841773760865,0.0,11.0
1700.0,17.0,0.4255635648351413,0.0849041913988904,0.4255635648351413,0.0,11.0
1800.0,18.0,0.435557478493662,0.0802047717592451,0.435557478493662,0.0,11.0
1900.0,19.0,0.4390170969747168,0.0784375880909786,0.4390170969747168,0.0,11.0
2100.0,21.0,0.4394907412057537,0.0766368738262348,0.4394907412057537,0.0,11.0
2300.0,23.0,0.4438186689244349,0.0744045974367396,0.4438186689244349,0.0,11.0
2400.0,24.0,0.4482270702541541,0.0726178088043832,0.4482270702541541,0.0,11.0
2500.0,25.0,0.4485390702208418,0.0708601400510178,0.4485390702208418,0.0,11.0
2600.0,26.0,0.4493293560482279,0.0679647797517391,0.4493293560482279,0.0,11.0
2700.0,27.0,0.4496625624081307,0.0678941623647068,0.4496625624081307,0.0,11.0
2800.0,28.0,0.4524336908573687,0.0658344583721072,0.4524336908573687,0.0,11.0
2900.0,29.0,0.4534187919269898,0.0667200942270407,0.4534187919269898,0.0,11.0
3000.0,30.0,0.4539438436639129,0.0657763645148158,0.4539438436639129,0.0,11.0
3100.0,31.0,0.4574448874898973,0.0639107841972528,0.4574448874898973,0.0,11.0
3200.0,32.0,0.4597112436787036,0.0628921960921451,0.4597112436787036,0.0,11.0
3400.0,34.0,0.4589151459303928,0.0633927201343658,0.4589151459303928,0.0,11.0
3500.0,35.0,0.4601389639447182,0.0609749923547007,0.4601389639447182,0.0,11.0
3600.0,36.0,0.4641267085216603,0.0575607336254421,0.4641267085216603,0.0,11.0
3700.0,37.0,0.464924429460854,0.0576065549927474,0.464924429460854,0.0,11.0
3800.0,38.0,0.4686910770856036,0.0547302929573279,0.4686910770856036,0.0,11.0
4000.0,40.0,0.4678855502256747,0.0580501201853392,0.4678855502256747,0.0,11.0
4100.0,41.0,0.4680230493714239,0.0559016690628424,0.4680230493714239,0.0,11.0
4200.0,42.0,0.4694627517854643,0.0555314775412853,0.4694627517854643,0.0,11.0
4300.0,43.0,0.4761802973119599,0.0532753534592153,0.4761802973119599,0.0,11.0
4400.0,44.0,0.4784435488414653,0.0491187131605997,0.4784435488414653,0.0,11.0
4600.0,46.0,0.4779222849134788,0.0499870182907234,0.4779222849134788,0.0,11.0
4700.0,47.0,0.479552977649117,0.0504526339231421,0.479552977649117,0.0,11.0
4800.0,48.0,0.4807039346691164,0.0495200892813841,0.4807039346691164,0.0,11.0
4900.0,49.0,0.4812722842240471,0.0481742048483567,0.4812722842240471,0.0,11.0
5000.0,50.0,0.4864210812618966,0.0458060073466366,0.4864210812618966,0.0,11.0
5200.0,52.0,0.4856171968400072,0.0452398826676469,0.4856171968400072,0.0,11.0
5400.0,54.0,0.4856845097784111,0.0457221557831104,0.4856845097784111,0.0,11.0
5600.0,56.0,0.4823128971002744,0.0467141534337039,0.4823128971002744,0.0,11.0
5800.0,58.0,0.4828313926500853,0.0474553920183265,0.4828313926500853,0.0,11.0
6100.0,61.0,0.4775467112702111,0.0463227051668149,0.4775467112702111,0.0,11.0
6200.0,62.0,0.4857921121260151,0.0446207975356166,0.4857921121260151,0.0,11.0
6300.0,63.0,0.4859585114598337,0.0450389294153739,0.4859585114598337,0.0,11.0
6500.0,65.0,0.4828497042847193,0.045117495150805,0.4828497042847193,0.0,11.0
6700.0,67.0,0.4834263011832427,0.0443806592454567,0.4834263011832427,0.0,11.0
6900.0,69.0,0.4759161536112958,0.0458548386277323,0.4759161536112958,0.0,11.0
7000.0,70.0,0.4846012058131049,0.0439964869923908,0.4846012058131049,0.0,11.0
7200.0,72.0,0.484057599077538,0.0441267594122913,0.484057599077538,0.0,11.0
7300.0,73.0,0.4840726749834731,0.0467820904586909,0.4840726749834731,0.0,11.0
7400.0,74.0,0.4843261506847588,0.045787488580252,0.4843261506847588,0.0,11.0
7600.0,76.0,0.4822918879804849,0.0459545116350245,0.4822918879804849,0.0,11.0
7700.0,77.0,0.4838105399963067,0.0434494514062704,0.4838105399963067,0.0,11.0
7800.0,78.0,0.4846686841257883,0.042144721011467,0.4846686841257883,0.0,11.0
7900.0,79.0,0.4903394264256078,0.0413253624949208,0.4903394264256078,0.0,11.0
8000.0,80.0,0.4906795664028549,0.0410353411446317,0.4906795664028549,0.0,11.0
8200.0,82.0,0.4925676240658103,0.0410468106620261,0.4925676240658103,0.0,11.0
8500.0,85.0,0.4911927852599342,0.0429454166940651,0.4911927852599342,0.0,11.0
8700.0,87.0,0.4874869945789861,0.043762259464263,0.4874869945789861,0.0,11.0
8800.0,88.0,0.4909437157191368,0.0409911575287111,0.4909437157191368,0.0,11.0
8900.0,89.0,0.4921242127429807,0.0416001525029857,0.4921242127429807,0.0,11.0
9000.0,90.0,0.4930397384126273,0.0406850880914552,0.4930397384126273,0.0,11.0
9200.0,92.0,0.4920760961743773,0.0404398214502148,0.4920760961743773,0.0,11.0
9400.0,94.0,0.4919895944893793,0.0420174137887876,0.4919895944893793,0.0,11.0
9500.0,95.0,0.4910264359708164,0.0411734630786689,0.4910264359708164,0.0,11.0
9600.0,96.0,0.4898331242688639,0.0409136536596224,0.4898331242688639,0.0,11.0
9700.0,97.0,0.4909975519483954,0.0406372830039867,0.4909975519483954,0.0,11.0
9900.0,99.0,0.4927654408379188,0.0402086454086133,0.4927654408379188,0.0,11.0
10300.0,103.0,0.4845937282784709,0.0455976135541486,0.4845937282784709,0.0,11.0
10600.0,106.0,0.4827853192559167,0.0453081165494794,0.4827853192559167,0.0,11.0
10700.0,107.0,0.4829777272575234,0.046673961291862,0.4829777272575234,0.0,11.0
10800.0,108.0,0.485921164234303,0.0455521063176286,0.485921164234303,0.0,11.0
10900.0,109.0,0.4900862999595525,0.0411474634672088,0.4900862999595525,0.0,11.0
11300.0,113.0,0.4911807951207457,0.0424165534648069,0.4911807951207457,0.0,11.0
11500.0,115.0,0.494231570959022,0.0415691614388369,0.494231570959022,0.0,11.0
11600.0,116.0,0.4931935131528338,0.0412485130134483,0.4931935131528338,0.0,11.0
11900.0,119.0,0.4889773032252905,0.0428881276228618,0.4889773032252905,0.0,11.0
12000.0,120.0,0.4898931742300604,0.0430056546620249,0.4898931742300604,0.0,11.0
12200.0,122.0,0.48695122402094,0.0428142581872633,0.48695122402094,0.0,11.0
12400.0,124.0,0.490374428859203,0.0429795002495386,0.490374428859203,0.0,11.0
12600.0,126.0,0.4894250805823988,0.0416923373067058,0.4894250805823988,0.0,11.0
12800.0,128.0,0.4872445797843886,0.0431224260157699,0.4872445797843886,0.0,11.0
12900.0,129.0,0.4871295970553326,0.0430132080770351,0.4871295970553326,0.0,11.0
13100.0,131.0,0.4847103673617276,0.0459742205183127,0.4847103673617276,0.0,11.0
13300.0,133.0,0.4822893880179714,0.0455078083910097,0.4822893880179714,0.0,11.0
13500.0,135.0,0.4801104898593399,0.0468316726029241,0.4801104898593399,0.0,11.0
13600.0,136.0,0.4808755878046217,0.0461934766061204,0.4808755878046217,0.0,11.0
13700.0,137.0,0.4852048465145999,0.0437877125041126,0.4852048465145999,0.0,11.0
13900.0,139.0,0.4831476771731615,0.0455819135490656,0.4831476771731615,0.0,11.0
14000.0,140.0,0.4818956385029615,0.0451331568682048,0.4818956385029615,0.0,11.0
14100.0,141.0,0.4835894860553464,0.0440655370907231,0.4835894860553464,0.0,11.0
14300.0,143.0,0.4796190353852699,0.0469758987419808,0.4796190353852699,0.0,11.0
14400.0,144.0,0.4847220790514935,0.0430943826921702,0.4847220790514935,0.0,11.0
14500.0,145.0,0.4854716557031966,0.0425646714420999,0.4854716557031966,0.0,11.0
14800.0,148.0,0.4942225655038189,0.0402051694363275,0.4942225655038189,0.0,11.0
15000.0,150.0,0.4865530432555297,0.0418098735577395,0.4865530432555297,0.0,11.0
15200.0,152.0,0.4877094985949142,0.0424233271117553,0.4877094985949142,0.0,11.0
15300.0,153.0,0.4896318976802755,0.0403765466096682,0.4896318976802755,0.0,11.0
15400.0,154.0,0.4888284688786793,0.0399430580892816,0.4888284688786793,0.0,11.0
15700.0,157.0,0.4892522831272989,0.0412760906783492,0.4892522831272989,0.0,11.0
15900.0,159.0,0.4901806599215788,0.04109051827276,0.4901806599215788,0.0,11.0
16100.0,161.0,0.4906361474850007,0.0415184373122298,0.4906361474850007,0.0,11.0
16400.0,164.0,0.4854202835262755,0.0427993328203862,0.4854202835262755,0.0,11.0
16600.0,166.0,0.4866249153410001,0.0420627206191832,0.4866249153410001,0.0,11.0
16700.0,167.0,0.4937339131112645,0.041184453153309,0.4937339131112645,0.0,11.0
16800.0,168.0,0.4987611366411481,0.0390077191501448,0.4987611366411481,0.0,11.0
16900.0,169.0,0.5001570039198949,0.0371525807998486,0.5001570039198949,0.0,11.0
17200.0,172.0,0.4975920391377369,0.0375126410224781,0.4975920391377369,0.0,11.0
17700.0,177.0,0.486076468908368,0.0420421218258491,0.486076468908368,0.0,11.0
17900.0,179.0,0.4861040287748104,0.0414980533849994,0.4861040287748104,0.0,11.0
18000.0,180.0,0.486859314056161,0.0420250621342496,0.486859314056161,0.0,11.0
18100.0,181.0,0.4871789728126363,0.0417807251238872,0.4871789728126363,0.0,11.0
18200.0,182.0,0.4931496000303682,0.0394199971382549,0.4931496000303682,0.0,11.0
18500.0,185.0,0.4894304895586516,0.0430240484121659,0.4894304895586516,0.0,11.0
18700.0,187.0,0.4913073966183701,0.0415604415399835,0.4913073966183701,0.0,11.0
18900.0,189.0,0.4861787060512225,0.0416310991724856,0.4861787060512225,0.0,11.0
19000.0,190.0,0.4873085457091276,0.0426987843743523,0.4873085457091276,0.0,11.0
19100.0,191.0,0.4907261896492227,0.0421180111020069,0.4907261896492227,0.0,11.0
19500.0,195.0,0.4824256371737073,0.0445104210799376,0.4824256371737073,0.0,11.0
19600.0,196.0,0.4834200168981165,0.0436900255876596,0.4834200168981165,0.0,11.0
19800.0,198.0,0.4817202394613948,0.0430909370128315,0.4817202394613948,0.0,11.0
19900.0,199.0,0.4816149791046184,0.0430200571821031,0.4816149791046184,0.0,11.0
20000.0,200.0,0.4830521679522633,0.042635107787305,0.4830521679522633,0.0,11.0
20200.0,202.0,0.4842851781104855,0.0435138848800145,0.4842851781104855,0.0,11.0
20400.0,204.0,0.4812552894152712,0.0454012000576807,0.4812552894152712,0.0,11.0
20500.0,205.0,0.4761300416317667,0.0448427201409657,0.4761300416317667,0.0,11.0
20700.0,207.0,0.4788770948523765,0.0457611294525016,0.4788770948523765,0.0,11.0
21000.0,210.0,0.4713325023377647,0.048943550842135,0.4713325023377647,0.0,11.0
21100.0,211.0,0.4773755359412168,0.0457816221497816,0.4773755359412168,0.0,11.0
21200.0,212.0,0.477188403098792,0.0453721379299196,0.477188403098792,0.0,11.0
21300.0,213.0,0.4839184491599332,0.0449597143748669,0.4839184491599332,0.0,11.0
21400.0,214.0,0.487830753860241,0.0434920237798426,0.487830753860241,0.0,11.0
21600.0,216.0,0.4835260099216983,0.0436794942018818,0.4835260099216983,0.0,11.0
21800.0,218.0,0.4837691493293704,0.0437118165928689,0.4837691493293704,0.0,11.0
21900.0,219.0,0.4868766788001705,0.0441095495007397,0.4868766788001705,0.0,11.0
22000.0,220.0,0.4950633343755229,0.0393551167905026,0.4950633343755229,0.0,11.0
22500.0,225.0,0.4795846102770122,0.043658057385404,0.4795846102770122,0.0,11.0
22600.0,226.0,0.4856670292558294,0.042826945706191,0.4856670292558294,0.0,11.0
22700.0,227.0,0.4880079156457965,0.0421487205755771,0.4880079156457965,0.0,11.0
22800.0,228.0,0.4933926007547256,0.0398156582615789,0.4933926007547256,0.0,11.0
23100.0,231.0,0.4899590460635202,0.0400483502067239,0.4899590460635202,0.0,11.0
23400.0,234.0,0.4774018805695573,0.0429015176516744,0.4774018805695573,0.0,11.0
23500.0,235.0,0.4777835468824319,0.0447808967256245,0.4777835468824319,0.0,11.0
23600.0,236.0,0.4781725622792968,0.0449294102585921,0.4781725622792968,0.0,11.0
23700.0,237.0,0.4798415086122322,0.0443774774415127,0.4798415086122322,0.0,11.0
23800.0,238.0,0.477959744310103,0.0439107902996812,0.477959744310103,0.0,11.0
24000.0,240.0,0.4714343179299147,0.043103473818924,0.4714343179299147,0.0,11.0
24200.0,242.0,0.4720864744968179,0.0441413955247787,0.4720864744968179,0.0,11.0
24300.0,243.0,0.4795133648633866,0.0421989173764985,0.4795133648633866,0.0,11.0
24400.0,244.0,0.4770792783995398,0.0413867283966847,0.4770792783995398,0.0,11.0
24500.0,245.0,0.486726323064916,0.0416128067585045,0.486726323064916,0.0,11.0
24900.0,249.0,0.4850788438962446,0.0438641895110153,0.4850788438962446,0.0,11.0
25000.0,250.0,0.4845553745175419,0.0436968847386375,0.4845553745175419,0.0,11.0
25100.0,251.0,0.4847893929922841,0.0429937511073439,0.4847893929922841,0.0,11.0
25300.0,253.0,0.4877700443309073,0.0422711086799302,0.4877700443309073,0.0,11.0
25500.0,255.0,0.4796420692906071,0.044212055743477,0.4796420692906071,0.0,11.0
25600.0,256.0,0.4798075788986576,0.04469001794261,0.4798075788986576,0.0,11.0
25700.0,257.0,0.4806782244429214,0.0437968605383835,0.4806782244429214,0.0,11.0
25800.0,258.0,0.4864685261135617,0.0426261985796731,0.4864685261135617,0.0,11.0
25900.0,259.0,0.4870133814688639,0.0440735458990834,0.4870133814688639,0.0,11.0
26000.0,260.0,0.4850857254635231,0.0420979806031117,0.4850857254635231,0.0,11.0
26100.0,261.0,0.4896210898611006,0.0405993255627393,0.4896210898611006,0.0,11.0
26200.0,262.0,0.4919655708493142,0.0392564274490895,0.4919655708493142,0.0,11.0
26500.0,265.0,0.4896927529343911,0.0390496184134689,0.4896927529343911,0.0,11.0
26700.0,267.0,0.4917821295353573,0.0404452361785737,0.4917821295353573,0.0,11.0
26800.0,268.0,0.4946273013855217,0.0386686966205732,0.4946273013855217,0.0,11.0
27100.0,271.0,0.49006493520867,0.0410257088896373,0.49006493520867,0.0,11.0
27200.0,272.0,0.490392876251628,0.0403485458705156,0.490392876251628,0.0,11.0
27600.0,276.0,0.486490563363387,0.0442369110530696,0.486490563363387,0.0,11.0
27800.0,278.0,0.4874722047935351,0.0431237417650697,0.4874722047935351,0.0,11.0
28000.0,280.0,0.4892575882022931,0.0431868733047773,0.4892575882022931,0.0,11.0
28100.0,281.0,0.487887306502336,0.0425912074699787,0.487887306502336,0.0,11.0
28300.0,283.0,0.4868365675703401,0.0462864457914896,0.4868365675703401,0.0,11.0
28400.0,284.0,0.4893529312490515,0.0433809566956822,0.4893529312490515,0.0,11.0
28500.0,285.0,0.4896634221386823,0.0439565712539756,0.4896634221386823,0.0,11.0
28600.0,286.0,0.4891228952025305,0.0433076194925036,0.4891228952025305,0.0,11.0
28700.0,287.0,0.4899459299109091,0.0426257156811487,0.4899459299109091,0.0,11.0
29000.0,290.0,0.4844349107037018,0.0459586834900512,0.4844349107037018,0.0,11.0
29100.0,291.0,0.4853661357294376,0.0455953677479205,0.4853661357294376,0.0,11.0
29200.0,292.0,0.4899106726037796,0.0434726790164938,0.4899106726037796,0.0,11.0
29300.0,293.0,0.4917759132505655,0.0404879788975639,0.4917759132505655,0.0,11.0
29400.0,294.0,0.4950809813430533,0.0400893329845437,0.4950809813430533,0.0,11.0
29700.0,297.0,0.4968518433259117,0.0393313911701603,0.4968518433259117,0.0,11.0
30000.0,300.0,0.4917350693259747,0.0408886183085222,0.4917350693259747,0.0,11.0
30300.0,303.0,0.4864010490077159,0.0441397276824398,0.4864010490077159,0.0,11.0
30400.0,304.0,0.4834755195802848,0.0438025751014443,0.4834755195802848,0.0,11.0
30600.0,306.0,0.4860216022524107,0.0438301899007844,0.4860216022524107,0.0,11.0
30700.0,307.0,0.4785585592646432,0.0435177752055127,0.4785585592646432,0.0,11.0
30800.0,308.0,0.4827066366214073,0.0426311930928477,0.4827066366214073,0.0,11.0
31000.0,310.0,0.4841917487192171,0.0423205574343787,0.4841917487192171,0.0,11.0
31200.0,312.0,0.4851733443716762,0.0424027649011419,0.4851733443716762,0.0,11.0
31400.0,314.0,0.4864315051778615,0.0418156376526394,0.4864315051778615,0.0,11.0
31500.0,315.0,0.4869371922973876,0.0429578284701363,0.4869371922973876,0.0,11.0
31600.0,316.0,0.4910415255422684,0.0421197668445944,0.4910415255422684,0.0,11.0
31800.0,318.0,0.4873085104642622,0.042624163572417,0.4873085104642622,0.0,11.0
31900.0,319.0,0.4879273203953469,0.0418925346320887,0.4879273203953469,0.0,11.0
32100.0,321.0,0.4901206065353212,0.0409756104169461,0.4901206065353212,0.0,11.0
32200.0,322.0,0.4903644891759484,0.0404953923917575,0.4903644891759484,0.0,11.0
32300.0,323.0,0.4920316463414237,0.0396513018716203,0.4920316463414237,0.0,11.0
32500.0,325.0,0.4866136220954773,0.0426338758388941,0.4866136220954773,0.0,11.0
32600.0,326.0,0.4866334300983704,0.0426002192124764,0.4866334300983704,0.0,11.0
32700.0,327.0,0.4874920272360848,0.0431203189031689,0.4874920272360848,0.0,11.0
32800.0,328.0,0.4889032608247111,0.0438694283940088,0.4889032608247111,0.0,11.0
32900.0,329.0,0.4869206251926691,0.042941193721122,0.4869206251926691,0.0,11.0
33000.0,330.0,0.4919996375316567,0.0417733505914545,0.4919996375316567,0.0,11.0
33300.0,333.0,0.4901600523138862,0.0400545165657836,0.4901600523138862,0.0,11.0
33500.0,335.0,0.4888635536253334,0.042654827639845,0.4888635536253334,0.0,11.0
33600.0,336.0,0.4912719939265441,0.0407255672209546,0.4912719939265441,0.0,11.0
33800.0,338.0,0.4865745331633051,0.0404373204746693,0.4865745331633051,0.0,11.0
34100.0,341.0,0.4794201823364252,0.0417924855306594,0.4794201823364252,0.0,11.0
34200.0,342.0,0.4845741426660205,0.0416991123016441,0.4845741426660205,0.0,11.0
34400.0,344.0,0.4852365474836906,0.0411668623870141,0.4852365474836906,0.0,11.0
34500.0,345.0,0.4839249218740041,0.0410058103768151,0.4839249218740041,0.0,11.0
34600.0,346.0,0.4900494185716934,0.0392185585333186,0.4900494185716934,0.0,11.0
34800.0,348.0,0.4883337054014077,0.04240404295159,0.4883337054014077,0.0,11.0
34900.0,349.0,0.4890612363940795,0.0421827934551355,0.4890612363940795,0.0,11.0
35000.0,350.0,0.4931007989447373,0.0415868792773307,0.4931007989447373,0.0,11.0
35200.0,352.0,0.4914855457771624,0.0414267236118888,0.4914855457771624,0.0,11.0
35500.0,355.0,0.4897074325543448,0.0424224842797656,0.4897074325543448,0.0,11.0
35600.0,356.0,0.4931667768749975,0.0415457396652549,0.4931667768749975,0.0,11.0
35800.0,358.0,0.4897621102369764,0.0423810337720708,0.4897621102369764,0.0,11.0
35900.0,359.0,0.4924099339480715,0.0410374719708213,0.4924099339480715,0.0,11.0
36000.0,360.0,0.4926702171385674,0.0413582186548887,0.4926702171385674,0.0,11.0
36100.0,361.0,0.4932317226346734,0.040474307824204,0.4932317226346734,0.0,11.0
36200.0,362.0,0.4945222803162126,0.0389022325112321,0.4945222803162126,0.0,11.0
36600.0,366.0,0.4889572653409716,0.0430614186614621,0.4889572653409716,0.0,11.0
36700.0,367.0,0.4908026307983374,0.0422726325276702,0.4908026307983374,0.0,11.0
36900.0,369.0,0.4881960588146477,0.043305143536106,0.4881960588146477,0.0,11.0
37100.0,371.0,0.4923190273681586,0.0417487935848403,0.4923190273681586,0.0,11.0
37300.0,373.0,0.48913620479173,0.042003923058269,0.48913620479173,0.0,11.0
37600.0,376.0,0.4819052912145196,0.0467965290146873,0.4819052912145196,0.0,11.0
37700.0,377.0,0.4818266761667665,0.0464071981948217,0.4818266761667665,0.0,11.0
37800.0,378.0,0.4834045465427044,0.0451727721281826,0.4834045465427044,0.0,11.0
37900.0,379.0,0.4846774994978602,0.0446293872016004,0.4846774994978602,0.0,11.0
38000.0,380.0,0.4868684745659454,0.0440619746247922,0.4868684745659454,0.0,11.0
38200.0,382.0,0.4799373182361429,0.0454025038905872,0.4799373182361429,0.0,11.0
38300.0,383.0,0.4848159315133216,0.0441723156978588,0.4848159315133216,0.0,11.0
38400.0,384.0,0.4857608192599983,0.0450068724466486,0.4857608192599983,0.0,11.0
38500.0,385.0,0.4850578312995529,0.0449506071103522,0.4850578312995529,0.0,11.0
38600.0,386.0,0.4847400467076216,0.0448273621430928,0.4847400467076216,0.0,11.0
38700.0,387.0,0.4909445362451511,0.0411843321475236,0.4909445362451511,0.0,11.0
38800.0,388.0,0.4926589200353706,0.0412130804266088,0.4926589200353706,0.0,11.0
38900.0,389.0,0.4935638135406688,0.0406720584618135,0.4935638135406688,0.0,11.0
39200.0,392.0,0.4892067765197542,0.0411067693911459,0.4892067765197542,0.0,11.0
39400.0,394.0,0.487350614085517,0.0431452192839896,0.487350614085517,0.0,11.0
39600.0,396.0,0.4891621290548443,0.0420876206979585,0.4891621290548443,0.0,11.0
39800.0,398.0,0.491731582646164,0.0435748831714138,0.491731582646164,0.0,11.0
39900.0,399.0,0.4902703994570598,0.0432639162965403,0.4902703994570598,0.0,11.0
40000.0,400.0,0.4923458450816814,0.0407654595612286,0.4923458450816814,0.0,11.0
40400.0,404.0,0.4865237648561735,0.0423438007069645,0.4865237648561735,0.0,11.0
40500.0,405.0,0.4878687448111052,0.0426199353348971,0.4878687448111052,0.0,11.0
40600.0,406.0,0.4893409974845248,0.0427335262372213,0.4893409974845248,0.0,11.0
41100.0,411.0,0.481580536560127,0.044995026117588,0.481580536560127,0.0,11.0
41400.0,414.0,0.4846208133369202,0.044532959808665,0.4846208133369202,0.0,11.0
41500.0,415.0,0.4886888682384296,0.0423368093273408,0.4886888682384296,0.0,11.0
41800.0,418.0,0.4894662505069098,0.0420576729136355,0.4894662505069098,0.0,11.0
41900.0,419.0,0.490492597321678,0.041206860322365,0.490492597321678,0.0,11.0
42000.0,420.0,0.4952509353463643,0.039901833957131,0.4952509353463643,0.0,11.0
42400.0,424.0,0.4889337549319325,0.0415743431610153,0.4889337549319325,0.0,11.0
42500.0,425.0,0.4890604132889423,0.042758988947655,0.4890604132889423,0.0,11.0
42700.0,427.0,0.4863876992701474,0.0446060585591975,0.4863876992701474,0.0,11.0
42800.0,428.0,0.4835711977532692,0.0444148197036133,0.4835711977532692,0.0,11.0
42900.0,429.0,0.4846190475017053,0.0447988329562017,0.4846190475017053,0.0,11.0
43000.0,430.0,0.485356706909327,0.0439637928424386,0.485356706909327,0.0,11.0
43300.0,433.0,0.4794476740896869,0.0455745012262741,0.4794476740896869,0.0,11.0
43500.0,435.0,0.4800784302305837,0.0465103612653793,0.4800784302305837,0.0,11.0
43600.0,436.0,0.4809353251855762,0.0445040924949401,0.4809353251855762,0.0,11.0
43700.0,437.0,0.4811988747188199,0.0468129700296371,0.4811988747188199,0.0,11.0
43800.0,438.0,0.4901748855565021,0.0439881198355799,0.4901748855565021,0.0,11.0
43900.0,439.0,0.4907465958197493,0.0429404087313666,0.4907465958197493,0.0,11.0
44100.0,441.0,0.4873843271955878,0.0437700778213787,0.4873843271955878,0.0,11.0
44200.0,442.0,0.4908460726149846,0.0426735699010305,0.4908460726149846,0.0,11.0
44600.0,446.0,0.4824544180414178,0.0468210215026234,0.4824544180414178,0.0,11.0
44800.0,448.0,0.4789512502367766,0.047967116804922,0.4789512502367766,0.0,11.0
44900.0,449.0,0.4839856068213775,0.0459511632333887,0.4839856068213775,0.0,11.0
45000.0,450.0,0.4887239797382611,0.0438431210216154,0.4887239797382611,0.0,11.0
45200.0,452.0,0.4882225721532617,0.0433457534971916,0.4882225721532617,0.0,11.0
45300.0,453.0,0.4896770194588967,0.04259927240518,0.4896770194588967,0.0,11.0
45500.0,455.0,0.4862281452398315,0.0447093576529611,0.4862281452398315,0.0,11.0
45600.0,456.0,0.4864965758249561,0.0439165660849887,0.4864965758249561,0.0,11.0
46000.0,460.0,0.4817165819983902,0.0469407616922952,0.4817165819983902,0.0,11.0
46100.0,461.0,0.484436288129467,0.0455895270946294,0.484436288129467,0.0,11.0
46300.0,463.0,0.4856316238139518,0.046706388529398,0.4856316238139518,0.0,11.0
46500.0,465.0,0.4832562647879231,0.0467366710754271,0.4832562647879231,0.0,11.0
46600.0,466.0,0.4850602192090811,0.0477402761152897,0.4850602192090811,0.0,11.0
46700.0,467.0,0.4895874273340089,0.0445195816799867,0.4895874273340089,0.0,11.0
46800.0,468.0,0.490531003711306,0.0435991740126119,0.490531003711306,0.0,11.0
46900.0,469.0,0.4888843554181516,0.0433066447094552,0.4888843554181516,0.0,11.0
47000.0,470.0,0.4901382034529787,0.0437451059551652,0.4901382034529787,0.0,11.0
47200.0,472.0,0.4877342451541955,0.0456351710976519,0.4877342451541955,0.0,11.0
47300.0,473.0,0.4877292633666396,0.0438656146790219,0.4877292633666396,0.0,11.0
47400.0,474.0,0.4892363262650985,0.0435665786588188,0.4892363262650985,0.0,11.0
47600.0,476.0,0.4905979184515784,0.0418950912274491,0.4905979184515784,0.0,11.0
47800.0,478.0,0.4935240249942458,0.0411122677342528,0.4935240249942458,0.0,11.0
48000.0,480.0,0.4897344310217503,0.0431570296006036,0.4897344310217503,0.0,11.0
48100.0,481.0,0.4903519610511488,0.0433502213151055,0.4903519610511488,0.0,11.0
48300.0,483.0,0.4887354359348362,0.0462818217336133,0.4887354359348362,0.0,11.0
48600.0,486.0,0.491235076495145,0.0453677157168451,0.491235076495145,0.0,11.0
48800.0,488.0,0.4926811272442388,0.0432080721962614,0.4926811272442388,0.0,11.0
49000.0,490.0,0.4919761408029013,0.0432032098015501,0.4919761408029013,0.0,11.0
49100.0,491.0,0.4930218447002714,0.0422548063581945,0.4930218447002714,0.0,11.0
49200.0,492.0,0.4954848392726761,0.0411144980018267,0.4954848392726761,0.0,11.0
49300.0,493.0,0.4954869547980903,0.0412383468161008,0.4954869547980903,0.0,11.0
49500.0,495.0,0.4926200220783883,0.0451219084119828,0.4926200220783883,0.0,11.0
49600.0,496.0,0.4930451363382639,0.0445957010112803,0.4930451363382639,0.0,11.0
49700.0,497.0,0.494317798626782,0.0441800711553676,0.494317798626782,0.0,11.0
50000.0,500.0,0.4948131363206622,0.0435897477198995,0.4948131363206622,0.0,11.0
50200.0,502.0,0.4952389342538903,0.0435719314814624,0.4952389342538903,0.0,11.0
50600.0,506.0,0.485876803832859,0.0472966825645198,0.485876803832859,0.0,11.0
50700.0,507.0,0.4854010189395257,0.0463168047466586,0.4854010189395257,0.0,11.0
50900.0,509.0,0.4863938291853388,0.0456467512051932,0.4863938291853388,0.0,11.0
51000.0,510.0,0.4871672059781235,0.0468989116589836,0.4871672059781235,0.0,11.0
51100.0,511.0,0.4844284980316243,0.0468466385193382,0.4844284980316243,0.0,11.0
51200.0,512.0,0.4872462459181448,0.0467346626644424,0.4872462459181448,0.0,11.0
51300.0,513.0,0.4884274589226671,0.0467743287517684,0.4884274589226671,0.0,11.0
51500.0,515.0,0.4867199856221061,0.045343969835606,0.4867199856221061,0.0,11.0
51600.0,516.0,0.4897127706113111,0.0446161570463595,0.4897127706113111,0.0,11.0
51800.0,518.0,0.4897934555305654,0.0440653414480201,0.4897934555305654,0.0,11.0
51900.0,519.0,0.4900780053534093,0.0422635438242205,0.4900780053534093,0.0,11.0
52100.0,521.0,0.4886437428820294,0.0422597700112685,0.4886437428820294,0.0,11.0
52200.0,522.0,0.4904472321997539,0.0417240577347565,0.4904472321997539,0.0,11.0
52400.0,524.0,0.4898835716383915,0.0416636152993261,0.4898835716383915,0.0,11.0
52700.0,527.0,0.4912004789384238,0.0426055343442833,0.4912004789384238,0.0,11.0
52800.0,528.0,0.4907878510361341,0.0421732616122536,0.4907878510361341,0.0,11.0
52900.0,529.0,0.4911631347089998,0.0417538668976729,0.4911631347089998,0.0,11.0
53400.0,534.0,0.4843272535168725,0.0455206147751731,0.4843272535168725,0.0,11.0
53500.0,535.0,0.4865101555747443,0.045833515436216,0.4865101555747443,0.0,11.0
53700.0,537.0,0.4862584364030993,0.0454093916031594,0.4862584364030993,0.0,11.0
53800.0,538.0,0.4870800840568025,0.0458810049724619,0.4870800840568025,0.0,11.0
54100.0,541.0,0.4835930809865264,0.0481810211103617,0.4835930809865264,0.0,11.0
54200.0,542.0,0.4837131408839317,0.0488827343689613,0.4837131408839317,0.0,11.0
54300.0,543.0,0.4829162062483066,0.0475546417049532,0.4829162062483066,0.0,11.0
54500.0,545.0,0.4816774998735126,0.0480527087238614,0.4816774998735126,0.0,11.0
54600.0,546.0,0.4822261495509105,0.0483317000406209,0.4822261495509105,0.0,11.0
54700.0,547.0,0.4839216785010952,0.0479242427733211,0.4839216785010952,0.0,11.0
54800.0,548.0,0.4842108361520683,0.0476953544028279,0.4842108361520683,0.0,11.0
55000.0,550.0,0.4851938458827519,0.0474238929879894,0.4851938458827519,0.0,11.0
55100.0,551.0,0.4851108670562791,0.0472381370012644,0.4851108670562791,0.0,11.0
55200.0,552.0,0.4829892317120893,0.0470228334546859,0.4829892317120893,0.0,11.0
55300.0,553.0,0.4835384723324846,0.0489819819945773,0.4835384723324846,0.0,11.0
55400.0,554.0,0.4833338374346295,0.0465554029109114,0.4833338374346295,0.0,11.0
55500.0,555.0,0.4882508467084258,0.04412165376151,0.4882508467084258,0.0,11.0
55600.0,556.0,0.489373697889813,0.0446549464038322,0.489373697889813,0.0,11.0
55700.0,557.0,0.4903236206372826,0.0440780074419461,0.4903236206372826,0.0,11.0
55900.0,559.0,0.4892914602005477,0.0464413444916721,0.4892914602005477,0.0,11.0
56000.0,560.0,0.4916644746543399,0.044266662665737,0.4916644746543399,0.0,11.0
56100.0,561.0,0.4892669991068453,0.0442239357909644,0.4892669991068453,0.0,11.0
56200.0,562.0,0.4924900124160506,0.0428106569764272,0.4924900124160506,0.0,11.0
56300.0,563.0,0.4968194186270709,0.0420354620934881,0.4968194186270709,0.0,11.0
56500.0,565.0,0.4933193890195064,0.042397958608666,0.4933193890195064,0.0,11.0
56800.0,568.0,0.49323247379136,0.0427399946299435,0.49323247379136,0.0,11.0
57100.0,571.0,0.489206056326399,0.0469030717895996,0.489206056326399,0.0,11.0
57200.0,572.0,0.4912637606709578,0.0449986719169448,0.4912637606709578,0.0,11.0
57500.0,575.0,0.4866451750655022,0.0462263840130075,0.4866451750655022,0.0,11.0
57600.0,576.0,0.4888997666276299,0.0467760659941165,0.4888997666276299,0.0,11.0
57700.0,577.0,0.491865748946535,0.0452312580467839,0.491865748946535,0.0,11.0
57800.0,578.0,0.4957141194199533,0.0434599174678452,0.4957141194199533,0.0,11.0
58000.0,580.0,0.4970534376668976,0.0418427940363735,0.4970534376668976,0.0,11.0
58100.0,581.0,0.498314740407044,0.0402776230871637,0.498314740407044,0.0,11.0
58400.0,584.0,0.4932328360779575,0.0426857942714891,0.4932328360779575,0.0,11.0
58700.0,587.0,0.4876677980908234,0.0437603745664067,0.4876677980908234,0.0,11.0
58900.0,589.0,0.4811069251188951,0.0446885104907827,0.4811069251188951,0.0,11.0
59000.0,590.0,0.4881801017154706,0.0453359864339118,0.4881801017154706,0.0,11.0
59100.0,591.0,0.4904282231388283,0.043177704519875,0.4904282231388283,0.0,11.0
59200.0,592.0,0.4922696176816772,0.0424962265742013,0.4922696176816772,0.0,11.0
59500.0,595.0,0.4924349088773918,0.0436510132050824,0.4924349088773918,0.0,11.0
59600.0,596.0,0.4932798136540863,0.0425323922938521,0.4932798136540863,0.0,11.0
59700.0,597.0,0.4907044277677542,0.0421774051172578,0.4907044277677542,0.0,11.0
59800.0,598.0,0.4918835942545832,0.0421348246261064,0.4918835942545832,0.0,11.0
59900.0,599.0,0.4921542086616903,0.0423930282869955,0.4921542086616903,0.0,11.0
60000.0,600.0,0.4907007135113711,0.0418177020834889,0.4907007135113711,0.0,11.0
60100.0,601.0,0.4947136207846583,0.0424563078043329,0.4947136207846583,0.0,11.0
60200.0,602.0,0.4942356826522518,0.0407895468195419,0.4942356826522518,0.0,11.0
60400.0,604.0,0.4916638180706241,0.0414296134773532,0.4916638180706241,0.0,11.0
60600.0,606.0,0.4905967974643374,0.042345043630797,0.4905967974643374,0.0,11.0
60700.0,607.0,0.4871584372676033,0.0421844849224998,0.4871584372676033,0.0,11.0
60800.0,608.0,0.4876267281480904,0.0414714191774264,0.4876267281480904,0.0,11.0
61100.0,611.0,0.4822381346488311,0.0440642916353372,0.4822381346488311,0.0,11.0
61200.0,612.0,0.4828247705221111,0.0460398850881447,0.4828247705221111,0.0,11.0
61400.0,614.0,0.483449842497806,0.0448778204498856,0.483449842497806,0.0,11.0
61500.0,615.0,0.4859603075331137,0.0435764482853486,0.4859603075331137,0.0,11.0
61600.0,616.0,0.4909468670588471,0.0448775944763864,0.4909468670588471,0.0,11.0
61700.0,617.0,0.4906505044970219,0.0443336412979407,0.4906505044970219,0.0,11.0
61900.0,619.0,0.4877160077352965,0.0453630185694362,0.4877160077352965,0.0,11.0
62000.0,620.0,0.4837757369583261,0.0433634858919485,0.4837757369583261,0.0,11.0
62100.0,621.0,0.489853921413192,0.0442504262671057,0.489853921413192,0.0,11.0
62400.0,624.0,0.4877491096012093,0.0447464425559911,0.4877491096012093,0.0,11.0
62600.0,626.0,0.4871456451406362,0.0448480061128967,0.4871456451406362,0.0,11.0
62900.0,629.0,0.4845274842830634,0.0461083129852122,0.4845274842830634,0.0,11.0
63000.0,630.0,0.4850989549238195,0.0460223772037993,0.4850989549238195,0.0,11.0
63100.0,631.0,0.4883459267084164,0.0452990262532924,0.4883459267084164,0.0,11.0
63200.0,632.0,0.4869079386027664,0.0451191595671701,0.4869079386027664,0.0,11.0
63300.0,633.0,0.4880158333277569,0.0462492737786342,0.4880158333277569,0.0,11.0
63600.0,636.0,0.478045202820515,0.0489028723377653,0.478045202820515,0.0,11.0
63700.0,637.0,0.4798920634306667,0.0478017988391265,0.4798920634306667,0.0,11.0
64100.0,641.0,0.4699903916120029,0.0536543034755796,0.4699903916120029,0.0,11.0
64200.0,642.0,0.4746489859211898,0.0515473408730652,0.4746489859211898,0.0,11.0
64400.0,644.0,0.4694215572936885,0.0520941728222184,0.4694215572936885,0.0,11.0
64500.0,645.0,0.4810942066652601,0.0475920581347687,0.4810942066652601,0.0,11.0
64700.0,647.0,0.4876336560962895,0.0453362512404631,0.4876336560962895,0.0,11.0
64900.0,649.0,0.4873678240782521,0.0450363423433083,0.4873678240782521,0.0,11.0
65100.0,651.0,0.4768952197390019,0.0471545945747713,0.4768952197390019,0.0,11.0
65300.0,653.0,0.4750999386424912,0.0518242018337841,0.4750999386424912,0.0,11.0
65400.0,654.0,0.4735210447128893,0.0502465189195239,0.4735210447128893,0.0,11.0
65500.0,655.0,0.4796027857395916,0.0477854047039005,0.4796027857395916,0.0,11.0
65700.0,657.0,0.4690653996308509,0.0487028260012797,0.4690653996308509,0.0,11.0
65800.0,658.0,0.4709209512029111,0.050025093223877,0.4709209512029111,0.0,11.0
66000.0,660.0,0.4761267556267783,0.0477175936539296,0.4761267556267783,0.0,11.0
66100.0,661.0,0.4781097255939355,0.0481409285135462,0.4781097255939355,0.0,11.0
66200.0,662.0,0.4834301025761763,0.0456713679532911,0.4834301025761763,0.0,11.0
66300.0,663.0,0.4818676915685659,0.0453193278860521,0.4818676915685659,0.0,11.0
66400.0,664.0,0.4936699492515315,0.0412614750538109,0.4936699492515315,0.0,11.0
66600.0,666.0,0.4887073954224428,0.0412372762486703,0.4887073954224428,0.0,11.0
66900.0,669.0,0.487667285040041,0.0419064007651588,0.487667285040041,0.0,11.0
67400.0,674.0,0.4802301250343407,0.0448225511775206,0.4802301250343407,0.0,11.0
67500.0,675.0,0.4851968912984023,0.0431462064208562,0.4851968912984023,0.0,11.0
67600.0,676.0,0.4895306012971575,0.0417705332057984,0.4895306012971575,0.0,11.0
67800.0,678.0,0.4829653142254016,0.0431854525717796,0.4829653142254016,0.0,11.0
67900.0,679.0,0.4850874357428994,0.041996778526403,0.4850874357428994,0.0,11.0
68000.0,680.0,0.4910658142631066,0.0417672402281601,0.4910658142631066,0.0,11.0
68100.0,681.0,0.4903659795445579,0.041751701998779,0.4903659795445579,0.0,11.0
68200.0,682.0,0.4906370444924519,0.0434383010330507,0.4906370444924519,0.0,11.0
68300.0,683.0,0.4864492686649972,0.0417821330790415,0.4864492686649972,0.0,11.0
68400.0,684.0,0.4908106648957583,0.040247097531331,0.4908106648957583,0.0,11.0
68500.0,685.0,0.4920682349782186,0.040600106799681,0.4920682349782186,0.0,11.0
69100.0,691.0,0.490910595284908,0.0408294485761516,0.490910595284908,0.0,11.0
69200.0,692.0,0.492412406153378,0.0412080482220769,0.492412406153378,0.0,11.0
69500.0,695.0,0.4849918932627241,0.0428526019921629,0.4849918932627241,0.0,11.0
69600.0,696.0,0.492302472289366,0.0414129972245179,0.492302472289366,0.0,11.0
69700.0,697.0,0.4939368951174795,0.0408618066557026,0.4939368951174795,0.0,11.0
69900.0,699.0,0.4947647368263377,0.0409634670965961,0.4947647368263377,0.0,11.0
70000.0,700.0,0.4964496594773311,0.0404215811220442,0.4964496594773311,0.0,11.0
100.0,1.0,0.2488451548679736,0.2434570539587684,0.2488451548679736,0.0,12.0
200.0,2.0,0.2661218393309767,0.2351383814257499,0.2661218393309767,0.0,12.0
300.0,3.0,0.3141902193332101,0.1794202910238648,0.3141902193332101,0.0,12.0
400.0,4.0,0.3624936245179588,0.1255721465316828,0.3624936245179588,0.0,12.0
500.0,5.0,0.3799300001786695,0.1137733504985583,0.3799300001786695,0.0,12.0
600.0,6.0,0.3940340237450034,0.1055668305955595,0.3940340237450034,0.0,12.0
700.0,7.0,0.4064920686161225,0.0941912833034186,0.4064920686161225,0.0,12.0
800.0,8.0,0.4153073452247511,0.0872839858355349,0.4153073452247511,0.0,12.0
900.0,9.0,0.4195491236737126,0.0852479910347873,0.4195491236737126,0.0,12.0
1000.0,10.0,0.4334144449799246,0.0809864001188217,0.4334144449799246,0.0,12.0
1100.0,11.0,0.4376523635991071,0.0756955137658622,0.4376523635991071,0.0,12.0
1200.0,12.0,0.4409694139335091,0.0691526970672866,0.4409694139335091,0.0,12.0
1300.0,13.0,0.4462018598152899,0.0668107503495033,0.4462018598152899,0.0,12.0
1400.0,14.0,0.4504895629462124,0.0661458532163308,0.4504895629462124,0.0,12.0
1500.0,15.0,0.4584574636071336,0.0622496229988365,0.4584574636071336,0.0,12.0
1600.0,16.0,0.4615362978608339,0.0617253425955585,0.4615362978608339,0.0,12.0
1700.0,17.0,0.4616543160830742,0.0627171564683107,0.4616543160830742,0.0,12.0
2000.0,20.0,0.4570677395774605,0.0632800382688969,0.4570677395774605,0.0,12.0
2200.0,22.0,0.4559191565939376,0.0623919978223945,0.4559191565939376,0.0,12.0
2300.0,23.0,0.4575724946522261,0.0642673421904792,0.4575724946522261,0.0,12.0
2400.0,24.0,0.4633345379688234,0.0597828206283282,0.4633345379688234,0.0,12.0
2500.0,25.0,0.4657369155056386,0.0585098064354021,0.4657369155056386,0.0,12.0
2600.0,26.0,0.4638233418681082,0.0570229524015089,0.4638233418681082,0.0,12.0
2900.0,29.0,0.4696706220251844,0.05451017222878,0.4696706220251844,0.0,12.0
3000.0,30.0,0.4724568336903815,0.0544156538673132,0.4724568336903815,0.0,12.0
3100.0,31.0,0.4690606113499763,0.0542453963172325,0.4690606113499763,0.0,12.0
3200.0,32.0,0.4725222028356456,0.051588117852518,0.4725222028356456,0.0,12.0
3300.0,33.0,0.4743312079363901,0.0501244528078983,0.4743312079363901,0.0,12.0
3500.0,35.0,0.4809192235358831,0.0503297520159229,0.4809192235358831,0.0,12.0
3600.0,36.0,0.4806566633862194,0.0494485332569815,0.4806566633862194,0.0,12.0
3800.0,38.0,0.4830952895874228,0.0489797061139864,0.4830952895874228,0.0,12.0
4100.0,41.0,0.4793642605740763,0.0493622598723082,0.4793642605740763,0.0,12.0
4300.0,43.0,0.4794689252006961,0.0474157218409866,0.4794689252006961,0.0,12.0
4600.0,46.0,0.4762086827708858,0.0467557547468736,0.4762086827708858,0.0,12.0
4800.0,48.0,0.4763802686622473,0.0459688631111579,0.4763802686622473,0.0,12.0
4900.0,49.0,0.482569487735938,0.0455618603379656,0.482569487735938,0.0,12.0
5100.0,51.0,0.480714097185376,0.0459250772729676,0.480714097185376,0.0,12.0
5500.0,55.0,0.474495189448104,0.0524666719253716,0.474495189448104,0.0,12.0
5600.0,56.0,0.4801549021211745,0.0491182349339925,0.4801549021211745,0.0,12.0
5900.0,59.0,0.476475067915747,0.0512975977938913,0.476475067915747,0.0,12.0
6000.0,60.0,0.4739645348319691,0.0511286173943277,0.4739645348319691,0.0,12.0
6100.0,61.0,0.4768393714868567,0.0497807563373831,0.4768393714868567,0.0,12.0
6200.0,62.0,0.4825706913304045,0.047201911724747,0.4825706913304045,0.0,12.0
6400.0,64.0,0.4815444233319561,0.0481732311817491,0.4815444233319561,0.0,12.0
6500.0,65.0,0.4835557447388587,0.0476810031707946,0.4835557447388587,0.0,12.0
6800.0,68.0,0.4850442979905512,0.0482252627865634,0.4850442979905512,0.0,12.0
6900.0,69.0,0.4864488788499398,0.0452203943469034,0.4864488788499398,0.0,12.0
7100.0,71.0,0.4783939861828106,0.0471419117521799,0.4783939861828106,0.0,12.0
7300.0,73.0,0.4773441473343922,0.0493170783829888,0.4773441473343922,0.0,12.0
7400.0,74.0,0.483475030717329,0.0467061276881675,0.483475030717329,0.0,12.0
7500.0,75.0,0.4857112930968804,0.0450833649355498,0.4857112930968804,0.0,12.0
7600.0,76.0,0.4895383251571764,0.0448054368505916,0.4895383251571764,0.0,12.0
7800.0,78.0,0.4779106414069813,0.047691490682508,0.4779106414069813,0.0,12.0
7900.0,79.0,0.4846583328463381,0.0469098354825816,0.4846583328463381,0.0,12.0
8200.0,82.0,0.4791681240263681,0.0446458502443504,0.4791681240263681,0.0,12.0
8300.0,83.0,0.4797450824251617,0.0435681224310632,0.4797450824251617,0.0,12.0
8500.0,85.0,0.4735653810493043,0.0471118806717438,0.4735653810493043,0.0,12.0
8800.0,88.0,0.4788559587260802,0.0457992444928081,0.4788559587260802,0.0,12.0
8900.0,89.0,0.4826174636773342,0.0451259132396603,0.4826174636773342,0.0,12.0
9000.0,90.0,0.488842455782762,0.0427356816906378,0.488842455782762,0.0,12.0
9200.0,92.0,0.4905245372327754,0.042344457208945,0.4905245372327754,0.0,12.0
9300.0,93.0,0.4910630329689229,0.042495524353179,0.4910630329689229,0.0,12.0
9500.0,95.0,0.4917064238873789,0.0416293304090013,0.4917064238873789,0.0,12.0
9700.0,97.0,0.4886537903809408,0.0433482762559162,0.4886537903809408,0.0,12.0
10000.0,100.0,0.4881457462255836,0.0435314010745723,0.4881457462255836,0.0,12.0
10100.0,101.0,0.4908695428628375,0.0426144869694367,0.4908695428628375,0.0,12.0
10200.0,102.0,0.4918438001009373,0.0427424517322446,0.4918438001009373,0.0,12.0
10300.0,103.0,0.4966638795167925,0.0403914020332412,0.4966638795167925,0.0,12.0
10600.0,106.0,0.4871197055951801,0.0442003833988617,0.4871197055951801,0.0,12.0
10900.0,109.0,0.4849525415017802,0.0478764768973335,0.4849525415017802,0.0,12.0
11100.0,111.0,0.4884595973356868,0.0441354877027861,0.4884595973356868,0.0,12.0
11300.0,113.0,0.4875126876494402,0.0430717849559051,0.4875126876494402,0.0,12.0
11500.0,115.0,0.489100204546229,0.0431298187320004,0.489100204546229,0.0,12.0
11600.0,116.0,0.4952753367675886,0.042624444428376,0.4952753367675886,0.0,12.0
11700.0,117.0,0.4971173535142605,0.0409155448272535,0.4971173535142605,0.0,12.0
11900.0,119.0,0.4935211228404086,0.0434503241229169,0.4935211228404086,0.0,12.0
12000.0,120.0,0.4935931993641144,0.0420679873479231,0.4935931993641144,0.0,12.0
12200.0,122.0,0.4946722669736329,0.0416426111080012,0.4946722669736329,0.0,12.0
12500.0,125.0,0.496931012014888,0.0396354645679525,0.496931012014888,0.0,12.0
12700.0,127.0,0.4953543122912445,0.0412581396730739,0.4953543122912445,0.0,12.0
12800.0,128.0,0.495590978396763,0.0420839898314071,0.495590978396763,0.0,12.0
13100.0,131.0,0.4923225871539631,0.0425517571282915,0.4923225871539631,0.0,12.0
13300.0,133.0,0.4915376530350309,0.0424356140145196,0.4915376530350309,0.0,12.0
13400.0,134.0,0.4891920633016493,0.0420442687003454,0.4891920633016493,0.0,12.0
13500.0,135.0,0.489554330018093,0.0429050265833179,0.489554330018093,0.0,12.0
13700.0,137.0,0.4901391933817106,0.0418813770643388,0.4901391933817106,0.0,12.0
13900.0,139.0,0.4862832976367985,0.0427523272237408,0.4862832976367985,0.0,12.0
14100.0,141.0,0.4920266930401346,0.0427827957409738,0.4920266930401346,0.0,12.0
14400.0,144.0,0.4888734986567432,0.0434942237026957,0.4888734986567432,0.0,12.0
14500.0,145.0,0.4872481127327656,0.0429051153480693,0.4872481127327656,0.0,12.0
14600.0,146.0,0.489410779756659,0.0425596690720628,0.489410779756659,0.0,12.0
15100.0,151.0,0.4845410634806362,0.0497737632005729,0.4845410634806362,0.0,12.0
15200.0,152.0,0.4887139793168276,0.0453964339982958,0.4887139793168276,0.0,12.0
15300.0,153.0,0.4832259440836645,0.0448281578003752,0.4832259440836645,0.0,12.0
15700.0,157.0,0.4874871120974907,0.0429322301472127,0.4874871120974907,0.0,12.0
15900.0,159.0,0.4891745281290913,0.0419437765818736,0.4891745281290913,0.0,12.0
16100.0,161.0,0.4878553070122157,0.042417006300537,0.4878553070122157,0.0,12.0
16200.0,162.0,0.4891259460061552,0.0432547118330471,0.4891259460061552,0.0,12.0
16300.0,163.0,0.4889733909000999,0.0418431496835037,0.4889733909000999,0.0,12.0
16500.0,165.0,0.4874146909803192,0.0442328561033509,0.4874146909803192,0.0,12.0
16600.0,166.0,0.4819772695120224,0.0442239895322719,0.4819772695120224,0.0,12.0
16800.0,168.0,0.4852361100185114,0.0440526884378238,0.4852361100185114,0.0,12.0
16900.0,169.0,0.4864721338986472,0.0443237818782479,0.4864721338986472,0.0,12.0
17000.0,170.0,0.4875260461271631,0.0445743931068002,0.4875260461271631,0.0,12.0
17100.0,171.0,0.4910957476319945,0.0440723218656892,0.4910957476319945,0.0,12.0
17400.0,174.0,0.4887390691104568,0.0445316097701125,0.4887390691104568,0.0,12.0
17500.0,175.0,0.4907159260622247,0.0427064118635341,0.4907159260622247,0.0,12.0
17700.0,177.0,0.4925220002911474,0.0417301831609138,0.4925220002911474,0.0,12.0
17900.0,179.0,0.4906303178173892,0.0429656060626701,0.4906303178173892,0.0,12.0
18100.0,181.0,0.4874888635771346,0.0448018953117737,0.4874888635771346,0.0,12.0
18400.0,184.0,0.4848868979500584,0.045895836201508,0.4848868979500584,0.0,12.0
18600.0,186.0,0.482866053932304,0.0456442147686627,0.482866053932304,0.0,12.0
18700.0,187.0,0.4874033655758107,0.0437017234589939,0.4874033655758107,0.0,12.0
18800.0,188.0,0.4863874250196375,0.0428643895950571,0.4863874250196375,0.0,12.0
19300.0,193.0,0.4803705868863773,0.0446223833692299,0.4803705868863773,0.0,12.0
19400.0,194.0,0.4843709524486034,0.0421397905425566,0.4843709524486034,0.0,12.0
19700.0,197.0,0.4856552617181415,0.0457048451014216,0.4856552617181415,0.0,12.0
19900.0,199.0,0.4910678588405966,0.0425252809795928,0.4910678588405966,0.0,12.0
20400.0,204.0,0.4828742742253757,0.047730338209122,0.4828742742253757,0.0,12.0
20600.0,206.0,0.4842330738530173,0.0480746282076403,0.4842330738530173,0.0,12.0
20800.0,208.0,0.4837491174272763,0.0477111064318034,0.4837491174272763,0.0,12.0
20900.0,209.0,0.4836518844088834,0.0476996944599487,0.4836518844088834,0.0,12.0
21000.0,210.0,0.4850883439482104,0.0464191055095677,0.4850883439482104,0.0,12.0
21100.0,211.0,0.4904694000820825,0.0433877260172617,0.4904694000820825,0.0,12.0
21200.0,212.0,0.490928915479816,0.0431681491679139,0.490928915479816,0.0,12.0
21400.0,214.0,0.4872932554004481,0.0428102752877362,0.4872932554004481,0.0,12.0
21700.0,217.0,0.4847636460149112,0.044529145944379,0.4847636460149112,0.0,12.0
21900.0,219.0,0.4846688794386987,0.0450891083060157,0.4846688794386987,0.0,12.0
22000.0,220.0,0.4873633242070863,0.0444562256729036,0.4873633242070863,0.0,12.0
22300.0,223.0,0.4871387865400194,0.047007621143949,0.4871387865400194,0.0,12.0
22400.0,224.0,0.4859096309197294,0.0456096019458778,0.4859096309197294,0.0,12.0
22700.0,227.0,0.4842180859650127,0.0471248111812236,0.4842180859650127,0.0,12.0
22800.0,228.0,0.4872917992527742,0.0450746169678064,0.4872917992527742,0.0,12.0
22900.0,229.0,0.4874017160888866,0.0434792223737447,0.4874017160888866,0.0,12.0
23100.0,231.0,0.4858431249687954,0.0437860265492889,0.4858431249687954,0.0,12.0
23200.0,232.0,0.4894177727543024,0.0417671113136351,0.4894177727543024,0.0,12.0
23300.0,233.0,0.493344170074519,0.0407762898545017,0.493344170074519,0.0,12.0
23600.0,236.0,0.491835348137109,0.0415904594881749,0.491835348137109,0.0,12.0
23800.0,238.0,0.4908726427764249,0.0430908301148284,0.4908726427764249,0.0,12.0
23900.0,239.0,0.4925993945671498,0.0416823038651383,0.4925993945671498,0.0,12.0
24100.0,241.0,0.4955511197554206,0.0408405148872092,0.4955511197554206,0.0,12.0
24300.0,243.0,0.4920130367926197,0.0428538849976564,0.4920130367926197,0.0,12.0
24400.0,244.0,0.4942927564692016,0.0411800541027694,0.4942927564692016,0.0,12.0
24800.0,248.0,0.487434048062618,0.0445540422059052,0.487434048062618,0.0,12.0
24900.0,249.0,0.4879151162547792,0.0442922653304231,0.4879151162547792,0.0,12.0
25100.0,251.0,0.4860698216350365,0.0456656649770951,0.4860698216350365,0.0,12.0
25200.0,252.0,0.4872317895647742,0.0465184939855025,0.4872317895647742,0.0,12.0
25300.0,253.0,0.486898523355564,0.0444263400989626,0.486898523355564,0.0,12.0
25400.0,254.0,0.4900438657164901,0.0430343911124602,0.4900438657164901,0.0,12.0
25500.0,255.0,0.4929446736523926,0.0420150244890793,0.4929446736523926,0.0,12.0
25700.0,257.0,0.4894508518527011,0.0424532676508541,0.4894508518527011,0.0,12.0
25900.0,259.0,0.4851061598817863,0.0429035376202463,0.4851061598817863,0.0,12.0
26000.0,260.0,0.4895586761645477,0.0405654651310334,0.4895586761645477,0.0,12.0
26200.0,262.0,0.4878748382617976,0.0422958291395891,0.4878748382617976,0.0,12.0
26300.0,263.0,0.488586517551019,0.0428466980862402,0.488586517551019,0.0,12.0
26400.0,264.0,0.4893900473743566,0.0423862803581093,0.4893900473743566,0.0,12.0
26600.0,266.0,0.4922872580876752,0.0432943155627168,0.4922872580876752,0.0,12.0
26900.0,269.0,0.4856736566108426,0.0443480240825171,0.4856736566108426,0.0,12.0
27000.0,270.0,0.4862160039468694,0.0442262363012459,0.4862160039468694,0.0,12.0
27100.0,271.0,0.4892411624526868,0.0419555191293526,0.4892411624526868,0.0,12.0
27200.0,272.0,0.4931381569427692,0.0400503052210684,0.4931381569427692,0.0,12.0
27500.0,275.0,0.4868010908854546,0.0441216156540609,0.4868010908854546,0.0,12.0
27900.0,279.0,0.485198595495125,0.0469547728977592,0.485198595495125,0.0,12.0
28000.0,280.0,0.4900037546173741,0.0453991772842056,0.4900037546173741,0.0,12.0
28100.0,281.0,0.489976408757721,0.042991756756052,0.489976408757721,0.0,12.0
28200.0,282.0,0.4881603953479182,0.0418973411580346,0.4881603953479182,0.0,12.0
28300.0,283.0,0.4882883668782757,0.0428052038439891,0.4882883668782757,0.0,12.0
28400.0,284.0,0.4918440780062304,0.0397927840708609,0.4918440780062304,0.0,12.0
28500.0,285.0,0.4924588843481494,0.0422120595673407,0.4924588843481494,0.0,12.0
28800.0,288.0,0.4840913604994348,0.0446985743468324,0.4840913604994348,0.0,12.0
29100.0,291.0,0.4793452813378768,0.0459719197298446,0.4793452813378768,0.0,12.0
29200.0,292.0,0.4853215911421331,0.0431859709895109,0.4853215911421331,0.0,12.0
29400.0,294.0,0.4847001892827788,0.0441511304948111,0.4847001892827788,0.0,12.0
29500.0,295.0,0.487802892039085,0.0425065651634439,0.487802892039085,0.0,12.0
29900.0,299.0,0.4888352142544198,0.043364994783534,0.4888352142544198,0.0,12.0
30200.0,302.0,0.4865794636617023,0.0451841596288888,0.4865794636617023,0.0,12.0
30300.0,303.0,0.4902306867278078,0.0439830357882491,0.4902306867278078,0.0,12.0
30400.0,304.0,0.4921058202868755,0.0412523159154248,0.4921058202868755,0.0,12.0
30600.0,306.0,0.4913999238584497,0.0416704791240019,0.4913999238584497,0.0,12.0
30700.0,307.0,0.4936808960379465,0.0409377544138367,0.4936808960379465,0.0,12.0
31000.0,310.0,0.4922297453070669,0.0418905302240038,0.4922297453070669,0.0,12.0
31300.0,313.0,0.4894265162608059,0.0423976993238616,0.4894265162608059,0.0,12.0
31500.0,315.0,0.4897959965404889,0.0411493518868985,0.4897959965404889,0.0,12.0
31800.0,318.0,0.4900953216707502,0.0429529842435173,0.4900953216707502,0.0,12.0
32000.0,320.0,0.4860982787421721,0.0443569447163005,0.4860982787421721,0.0,12.0
32100.0,321.0,0.4887199254822065,0.0442790104256262,0.4887199254822065,0.0,12.0
32300.0,323.0,0.4923417346024885,0.0415355298631075,0.4923417346024885,0.0,12.0
32500.0,325.0,0.4940353149015954,0.0418053455633229,0.4940353149015954,0.0,12.0
32700.0,327.0,0.4924241269241102,0.041998009379059,0.4924241269241102,0.0,12.0
32900.0,329.0,0.4863811571120449,0.0433168867445778,0.4863811571120449,0.0,12.0
33000.0,330.0,0.4872394132536821,0.0430867572173031,0.4872394132536821,0.0,12.0
33200.0,332.0,0.4813356475840297,0.0468820721192038,0.4813356475840297,0.0,12.0
33300.0,333.0,0.4860912226630178,0.0440502564901295,0.4860912226630178,0.0,12.0
33600.0,336.0,0.4777749493186295,0.0492723312443375,0.4777749493186295,0.0,12.0
33700.0,337.0,0.4770136206995556,0.0486471048707037,0.4770136206995556,0.0,12.0
34000.0,340.0,0.4777703600015368,0.0471995671327248,0.4777703600015368,0.0,12.0
34200.0,342.0,0.4820211168567845,0.0467926703707924,0.4820211168567845,0.0,12.0
34600.0,346.0,0.4820655923928689,0.0477043535340012,0.4820655923928689,0.0,12.0
34800.0,348.0,0.477581488561354,0.04819967834192,0.477581488561354,0.0,12.0
34900.0,349.0,0.4841983848416636,0.0452150464945184,0.4841983848416636,0.0,12.0
35000.0,350.0,0.4867815641110112,0.0447493656752227,0.4867815641110112,0.0,12.0
35200.0,352.0,0.4830501480509775,0.0455725926614638,0.4830501480509775,0.0,12.0
35300.0,353.0,0.4880486726771376,0.043186858841763,0.4880486726771376,0.0,12.0
35400.0,354.0,0.4886304317447238,0.0433956696551234,0.4886304317447238,0.0,12.0
35600.0,356.0,0.4844532628506635,0.0444208508376753,0.4844532628506635,0.0,12.0
35800.0,358.0,0.4853853598927596,0.0444623009259638,0.4853853598927596,0.0,12.0
36000.0,360.0,0.4841502064954177,0.0459333560928293,0.4841502064954177,0.0,12.0
36200.0,362.0,0.4821816148644932,0.0462922727503258,0.4821816148644932,0.0,12.0
36300.0,363.0,0.48715066653255,0.0439026516872405,0.48715066653255,0.0,12.0
36400.0,364.0,0.4890446444023026,0.0417623125449176,0.4890446444023026,0.0,12.0
36600.0,366.0,0.4877291490895722,0.0425256347514527,0.4877291490895722,0.0,12.0
36700.0,367.0,0.4886884650270915,0.0426874099694911,0.4886884650270915,0.0,12.0
36900.0,369.0,0.4864565281451863,0.0449669048661028,0.4864565281451863,0.0,12.0
37000.0,370.0,0.4892103933321269,0.0432025516429648,0.4892103933321269,0.0,12.0
37200.0,372.0,0.4912708708823456,0.0423848688503079,0.4912708708823456,0.0,12.0
37500.0,375.0,0.4888828590316997,0.0464025593087654,0.4888828590316997,0.0,12.0
37600.0,376.0,0.487907411612387,0.0451237399299876,0.487907411612387,0.0,12.0
37800.0,378.0,0.4912852204011315,0.0429326366125584,0.4912852204011315,0.0,12.0
38100.0,381.0,0.4878020340282824,0.0440266911416523,0.4878020340282824,0.0,12.0
38200.0,382.0,0.4903820232398474,0.0435473492826341,0.4903820232398474,0.0,12.0
38300.0,383.0,0.4917850972305691,0.043887804132775,0.4917850972305691,0.0,12.0
38500.0,385.0,0.4917607460352658,0.0439102017047383,0.4917607460352658,0.0,12.0
38700.0,387.0,0.4895196908603663,0.0455989757230529,0.4895196908603663,0.0,12.0
39000.0,390.0,0.4829352737900665,0.0470720799899716,0.4829352737900665,0.0,12.0
39100.0,391.0,0.4873050705595678,0.0456062352870083,0.4873050705595678,0.0,12.0
39200.0,392.0,0.4929107193683485,0.0431935978040763,0.4929107193683485,0.0,12.0
39400.0,394.0,0.4934142568867724,0.0421852504878208,0.4934142568867724,0.0,12.0
39500.0,395.0,0.4943384857280596,0.0394855044198312,0.4943384857280596,0.0,12.0
39700.0,397.0,0.4954126856459572,0.0401496044160177,0.4954126856459572,0.0,12.0
39800.0,398.0,0.4960910925016403,0.039981093150705,0.4960910925016403,0.0,12.0
40200.0,402.0,0.4912588832355607,0.0429922689889623,0.4912588832355607,0.0,12.0
40500.0,405.0,0.4903900484812217,0.0433888287553047,0.4903900484812217,0.0,12.0
40700.0,407.0,0.4878449224931425,0.0448729112479588,0.4878449224931425,0.0,12.0
40800.0,408.0,0.4891745817849873,0.0442784912657178,0.4891745817849873,0.0,12.0
41000.0,410.0,0.4878695623187502,0.0450243147802362,0.4878695623187502,0.0,12.0
41100.0,411.0,0.4900312977274211,0.0437634748569621,0.4900312977274211,0.0,12.0
41300.0,413.0,0.4926241512015389,0.0417946133686413,0.4926241512015389,0.0,12.0
41600.0,416.0,0.4902333334376484,0.0440824806103918,0.4902333334376484,0.0,12.0
41800.0,418.0,0.4895905940391774,0.0441842556139112,0.4895905940391774,0.0,12.0
42100.0,421.0,0.4896767196671638,0.0434153731980147,0.4896767196671638,0.0,12.0
42400.0,424.0,0.4832105640410399,0.0454234412590941,0.4832105640410399,0.0,12.0
42500.0,425.0,0.4871511786869173,0.0442322108165799,0.4871511786869173,0.0,12.0
42800.0,428.0,0.4898069242413422,0.0451403419609875,0.4898069242413422,0.0,12.0
42900.0,429.0,0.4898159980827681,0.0447560432336793,0.4898159980827681,0.0,12.0
43100.0,431.0,0.4876496237293237,0.0449917616136316,0.4876496237293237,0.0,12.0
43300.0,433.0,0.4881095220220977,0.0439261346760364,0.4881095220220977,0.0,12.0
43400.0,434.0,0.4918010865181703,0.0425947691335189,0.4918010865181703,0.0,12.0
43500.0,435.0,0.4941369745930668,0.0416848327205444,0.4941369745930668,0.0,12.0
43700.0,437.0,0.485553169632867,0.0445811443366323,0.485553169632867,0.0,12.0
43800.0,438.0,0.4858060697563683,0.0444455139746382,0.4858060697563683,0.0,12.0
44100.0,441.0,0.4851246597666284,0.0458714853673826,0.4851246597666284,0.0,12.0
44200.0,442.0,0.4874964010242164,0.0443142068082128,0.4874964010242164,0.0,12.0
44400.0,444.0,0.4873927876524078,0.0435996040338399,0.4873927876524078,0.0,12.0
44500.0,445.0,0.4887828855363322,0.043722277415798,0.4887828855363322,0.0,12.0
44700.0,447.0,0.4871413344748115,0.041898145339477,0.4871413344748115,0.0,12.0
44800.0,448.0,0.4872949025713213,0.0432728511658829,0.4872949025713213,0.0,12.0
44900.0,449.0,0.4897352481158138,0.0434651377461311,0.4897352481158138,0.0,12.0
45000.0,450.0,0.4922755766361301,0.0418760690731963,0.4922755766361301,0.0,12.0
45200.0,452.0,0.4885050829762167,0.0425881058827277,0.4885050829762167,0.0,12.0
45300.0,453.0,0.4905823264239976,0.0413652644863375,0.4905823264239976,0.0,12.0
45500.0,455.0,0.4854634055973552,0.0427615222894387,0.4854634055973552,0.0,12.0
45700.0,457.0,0.4849818574754349,0.0434777996109044,0.4849818574754349,0.0,12.0
45800.0,458.0,0.4879275149504608,0.0418537030855449,0.4879275149504608,0.0,12.0
46100.0,461.0,0.4910461078620258,0.0404329716680149,0.4910461078620258,0.0,12.0
46200.0,462.0,0.4905815380465828,0.039689891999071,0.4905815380465828,0.0,12.0
46500.0,465.0,0.4863699711261032,0.0407123535366489,0.4863699711261032,0.0,12.0
46600.0,466.0,0.4867054281000434,0.0422557470303039,0.4867054281000434,0.0,12.0
46700.0,467.0,0.4879156190384894,0.0407076819316812,0.4879156190384894,0.0,12.0
46800.0,468.0,0.4933322122925958,0.038235606717509,0.4933322122925958,0.0,12.0
46900.0,469.0,0.493767630556348,0.0398395983041328,0.493767630556348,0.0,12.0
47100.0,471.0,0.4896645427719188,0.0413054083648937,0.4896645427719188,0.0,12.0
47200.0,472.0,0.4914129127626751,0.0413268216569689,0.4914129127626751,0.0,12.0
47300.0,473.0,0.4943106859455619,0.0384305410984347,0.4943106859455619,0.0,12.0
47600.0,476.0,0.4927265434241346,0.040763231935727,0.4927265434241346,0.0,12.0
47900.0,479.0,0.4856498695408585,0.0441290967219492,0.4856498695408585,0.0,12.0
48200.0,482.0,0.4823722830387546,0.0475509021858483,0.4823722830387546,0.0,12.0
48300.0,483.0,0.4855151232265259,0.0473737561871946,0.4855151232265259,0.0,12.0
48500.0,485.0,0.477376002147858,0.0487219275609487,0.477376002147858,0.0,12.0
48700.0,487.0,0.4794102836841023,0.0470894397591264,0.4794102836841023,0.0,12.0
48900.0,489.0,0.4857479545899325,0.0465809137335798,0.4857479545899325,0.0,12.0
49000.0,490.0,0.4873303670931753,0.0446921601480503,0.4873303670931753,0.0,12.0
49200.0,492.0,0.4866583805494592,0.0457170237151864,0.4866583805494592,0.0,12.0
49400.0,494.0,0.4834894914059553,0.0461131707547697,0.4834894914059553,0.0,12.0
49500.0,495.0,0.490337935027102,0.0426187486452551,0.490337935027102,0.0,12.0
49600.0,496.0,0.4914050503853461,0.0419306588938395,0.4914050503853461,0.0,12.0
49700.0,497.0,0.4918903253974185,0.0423312752578732,0.4918903253974185,0.0,12.0
50000.0,500.0,0.4874501286685604,0.0444652251703337,0.4874501286685604,0.0,12.0
50200.0,502.0,0.4867388352301602,0.0447677129442629,0.4867388352301602,0.0,12.0
50400.0,504.0,0.4908537623862613,0.0427300387072189,0.4908537623862613,0.0,12.0
50500.0,505.0,0.492265055309977,0.0422026239717793,0.492265055309977,0.0,12.0
50700.0,507.0,0.4910093074973297,0.0422169766678565,0.4910093074973297,0.0,12.0
50900.0,509.0,0.4918996851192178,0.0413437192039648,0.4918996851192178,0.0,12.0
51000.0,510.0,0.4933765082994112,0.0415501319024441,0.4933765082994112,0.0,12.0
51100.0,511.0,0.4946037734727078,0.0405150884388458,0.4946037734727078,0.0,12.0
51300.0,513.0,0.4887894428449763,0.0412049555480903,0.4887894428449763,0.0,12.0
51500.0,515.0,0.4829430929999487,0.0413184888718354,0.4829430929999487,0.0,12.0
51600.0,516.0,0.4856183037208089,0.0401444927265813,0.4856183037208089,0.0,12.0
51800.0,518.0,0.4877781324314855,0.0422089086458324,0.4877781324314855,0.0,12.0
51900.0,519.0,0.4886970380514523,0.0423980962827658,0.4886970380514523,0.0,12.0
52000.0,520.0,0.4888575925045402,0.0429970282814183,0.4888575925045402,0.0,12.0
52100.0,521.0,0.4921467494042977,0.0414827038611984,0.4921467494042977,0.0,12.0
52200.0,522.0,0.4984207914551513,0.039291557222308,0.4984207914551513,0.0,12.0
52500.0,525.0,0.4907329153325648,0.0412293066706658,0.4907329153325648,0.0,12.0
52700.0,527.0,0.4900079015375727,0.042053770334924,0.4900079015375727,0.0,12.0
52800.0,528.0,0.4920643887801234,0.0418825666627646,0.4920643887801234,0.0,12.0
52900.0,529.0,0.4929310022481881,0.0410808694380306,0.4929310022481881,0.0,12.0
53200.0,532.0,0.4914428362283408,0.0419722456621303,0.4914428362283408,0.0,12.0
53400.0,534.0,0.4920282621307276,0.0424081793829566,0.4920282621307276,0.0,12.0
53500.0,535.0,0.4944903312885392,0.0425111974421429,0.4944903312885392,0.0,12.0
53800.0,538.0,0.4906567931186195,0.0445245497219299,0.4906567931186195,0.0,12.0
53900.0,539.0,0.4920199557942999,0.0421633527321414,0.4920199557942999,0.0,12.0
54300.0,543.0,0.4856613487763713,0.0440032137262096,0.4856613487763713,0.0,12.0
54400.0,544.0,0.486694424932296,0.0433159373559018,0.486694424932296,0.0,12.0
54500.0,545.0,0.4887175277279045,0.0413334034826348,0.4887175277279045,0.0,12.0
54700.0,547.0,0.4899231036072023,0.0404193587621416,0.4899231036072023,0.0,12.0
54800.0,548.0,0.4915705906147518,0.0403483213694513,0.4915705906147518,0.0,12.0
54900.0,549.0,0.4940975773396968,0.0394054338491208,0.4940975773396968,0.0,12.0
55000.0,550.0,0.4943385815991447,0.0401220091615474,0.4943385815991447,0.0,12.0
55100.0,551.0,0.492498894699426,0.0398210032536363,0.492498894699426,0.0,12.0
55500.0,555.0,0.4885796582968686,0.0433530926184092,0.4885796582968686,0.0,12.0
55700.0,557.0,0.4925086708931215,0.043583632989351,0.4925086708931215,0.0,12.0
56000.0,560.0,0.493107840608851,0.0441145264246406,0.493107840608851,0.0,12.0
56100.0,561.0,0.4918865906961828,0.0439862928268446,0.4918865906961828,0.0,12.0
56200.0,562.0,0.4924743362856265,0.0452459588842347,0.4924743362856265,0.0,12.0
56300.0,563.0,0.4923699387859471,0.0437358898220816,0.4923699387859471,0.0,12.0
56500.0,565.0,0.4909928242470908,0.0441957904185415,0.4909928242470908,0.0,12.0
56600.0,566.0,0.4949276518141399,0.0410863492923306,0.4949276518141399,0.0,12.0
56800.0,568.0,0.4953937939692019,0.0402684689349452,0.4953937939692019,0.0,12.0
56900.0,569.0,0.4960366642091093,0.0410670277472642,0.4960366642091093,0.0,12.0
57000.0,570.0,0.4946293274907619,0.0410323417927082,0.4946293274907619,0.0,12.0
57100.0,571.0,0.4977693116606304,0.0408097305315575,0.4977693116606304,0.0,12.0
57300.0,573.0,0.4955151238711558,0.040183465040936,0.4955151238711558,0.0,12.0
57400.0,574.0,0.4993957577346268,0.0397394601329943,0.4993957577346268,0.0,12.0
57800.0,578.0,0.4932261242886752,0.0440671631273874,0.4932261242886752,0.0,12.0
57900.0,579.0,0.4953524716259936,0.0412765455445339,0.4953524716259936,0.0,12.0
58200.0,582.0,0.4927398637767742,0.0413049561870863,0.4927398637767742,0.0,12.0
58600.0,586.0,0.4882448300477116,0.0434927085874764,0.4882448300477116,0.0,12.0
58700.0,587.0,0.487691213862158,0.0432434098615005,0.487691213862158,0.0,12.0
58800.0,588.0,0.4890413006008212,0.0420167453661463,0.4890413006008212,0.0,12.0
58900.0,589.0,0.4896104496992354,0.0425887935166246,0.4896104496992354,0.0,12.0
59000.0,590.0,0.4947067908154403,0.0408312463493028,0.4947067908154403,0.0,12.0
59100.0,591.0,0.4951041118652231,0.0397984319744769,0.4951041118652231,0.0,12.0
59300.0,593.0,0.4929583265503406,0.041285182925666,0.4929583265503406,0.0,12.0
59500.0,595.0,0.4921379105938071,0.041786599382423,0.4921379105938071,0.0,12.0
59700.0,597.0,0.492571929427965,0.0411776838903373,0.492571929427965,0.0,12.0
59800.0,598.0,0.5005938010846848,0.0383675176981722,0.5005938010846848,0.0,12.0
60100.0,601.0,0.4938587919014151,0.0410005350454114,0.4938587919014151,0.0,12.0
60200.0,602.0,0.4952407560641153,0.0406043189301367,0.4952407560641153,0.0,12.0
60300.0,603.0,0.4955992690829954,0.0412880054158321,0.4955992690829954,0.0,12.0
60600.0,606.0,0.4889510456083317,0.0460935364214213,0.4889510456083317,0.0,12.0
60800.0,608.0,0.4912276828005184,0.0449806856933058,0.4912276828005184,0.0,12.0
60900.0,609.0,0.4903939631306698,0.0440500512474993,0.4903939631306698,0.0,12.0
61000.0,610.0,0.4897382186014422,0.0436647628403641,0.4897382186014422,0.0,12.0
61200.0,612.0,0.4924845569597369,0.0425159755191172,0.4924845569597369,0.0,12.0
61500.0,615.0,0.489796365067161,0.0445000752729689,0.489796365067161,0.0,12.0
61600.0,616.0,0.490169117174702,0.0433847334638278,0.490169117174702,0.0,12.0
62100.0,621.0,0.4884102724850052,0.0460956730248914,0.4884102724850052,0.0,12.0
62200.0,622.0,0.4871324047267713,0.0454967191878262,0.4871324047267713,0.0,12.0
62400.0,624.0,0.4849190297319029,0.0449413538175016,0.4849190297319029,0.0,12.0
62600.0,626.0,0.4851074694892031,0.0445265836001346,0.4851074694892031,0.0,12.0
62800.0,628.0,0.4838819941743196,0.0453783465434455,0.4838819941743196,0.0,12.0
62900.0,629.0,0.4846988284544122,0.0442280626749633,0.4846988284544122,0.0,12.0
63000.0,630.0,0.4896483543266013,0.0421386694227857,0.4896483543266013,0.0,12.0
63100.0,631.0,0.4901632916814327,0.0424656761140277,0.4901632916814327,0.0,12.0
63300.0,633.0,0.4895544845220497,0.0425168665634133,0.4895544845220497,0.0,12.0
63400.0,634.0,0.4910248645127057,0.0414210247822346,0.4910248645127057,0.0,12.0
63500.0,635.0,0.495133160192185,0.0395573866630368,0.495133160192185,0.0,12.0
63800.0,638.0,0.4911746093423618,0.0432466754128068,0.4911746093423618,0.0,12.0
64000.0,640.0,0.4886941668441241,0.0439816533593343,0.4886941668441241,0.0,12.0
64200.0,642.0,0.490829870431147,0.0428129229632241,0.490829870431147,0.0,12.0
64300.0,643.0,0.4916759242626515,0.0423193853185423,0.4916759242626515,0.0,12.0
64600.0,646.0,0.485959369789035,0.0445873957496122,0.485959369789035,0.0,12.0
64800.0,648.0,0.4837886228492915,0.0451474127342731,0.4837886228492915,0.0,12.0
64900.0,649.0,0.4897868190656758,0.0419774364971818,0.4897868190656758,0.0,12.0
65000.0,650.0,0.4903612492597002,0.0421580208531597,0.4903612492597002,0.0,12.0
65200.0,652.0,0.4852264594751361,0.0447545374123551,0.4852264594751361,0.0,12.0
65300.0,653.0,0.4893667663803436,0.0427936425322051,0.4893667663803436,0.0,12.0
65500.0,655.0,0.4803176063183342,0.0434710559669013,0.4803176063183342,0.0,12.0
65700.0,657.0,0.481884236021763,0.0439716824574648,0.481884236021763,0.0,12.0
65800.0,658.0,0.4832215668457072,0.0436185856735678,0.4832215668457072,0.0,12.0
66000.0,660.0,0.4823797668454821,0.0453911957765441,0.4823797668454821,0.0,12.0
66300.0,663.0,0.4775658264584668,0.046637650802301,0.4775658264584668,0.0,12.0
66500.0,665.0,0.4708548648058914,0.047417245371562,0.4708548648058914,0.0,12.0
66600.0,666.0,0.4743337565387244,0.0452656025455339,0.4743337565387244,0.0,12.0
66900.0,669.0,0.4740940844397955,0.0471931957041258,0.4740940844397955,0.0,12.0
67000.0,670.0,0.4776882648315594,0.0451347767209366,0.4776882648315594,0.0,12.0
67100.0,671.0,0.4768380053480469,0.0431387842256593,0.4768380053480469,0.0,12.0
67200.0,672.0,0.4811170322345678,0.0439341516561038,0.4811170322345678,0.0,12.0
67300.0,673.0,0.4871990823209446,0.0410632050004839,0.4871990823209446,0.0,12.0
67500.0,675.0,0.4885998604248985,0.0426488751218598,0.4885998604248985,0.0,12.0
67600.0,676.0,0.4918743673010978,0.0412567614522806,0.4918743673010978,0.0,12.0
67700.0,677.0,0.493355885191976,0.0391302674828243,0.493355885191976,0.0,12.0
67800.0,678.0,0.4942536068080353,0.0390003758591406,0.4942536068080353,0.0,12.0
68000.0,680.0,0.4947767690681574,0.0388285671550583,0.4947767690681574,0.0,12.0
68100.0,681.0,0.495747193202591,0.0396330112635736,0.495747193202591,0.0,12.0
68200.0,682.0,0.4968865368491707,0.0382596581836437,0.4968865368491707,0.0,12.0
68400.0,684.0,0.4989258438385273,0.0382709969515422,0.4989258438385273,0.0,12.0
68600.0,686.0,0.498404838236797,0.038095059604327,0.498404838236797,0.0,12.0
69000.0,690.0,0.4856272971344531,0.043437109801495,0.4856272971344531,0.0,12.0
69100.0,691.0,0.4860752164213124,0.0436377227424541,0.4860752164213124,0.0,12.0
69200.0,692.0,0.4893154751973348,0.0423095761912177,0.4893154751973348,0.0,12.0
69500.0,695.0,0.4873796352138307,0.0449603631901976,0.4873796352138307,0.0,12.0
69700.0,697.0,0.4896016472484156,0.0427960892497127,0.4896016472484156,0.0,12.0
69900.0,699.0,0.4906574566502503,0.0420896190487201,0.4906574566502503,0.0,12.0
100.0,1.0,0.2119065691539187,0.3072566753286043,0.2119065691539187,0.0,13.0
200.0,2.0,0.2555208866303385,0.2535745789612575,0.2555208866303385,0.0,13.0
300.0,3.0,0.2997554921434827,0.2150859073430456,0.2997554921434827,0.0,13.0
400.0,4.0,0.3295452962253332,0.1988346579562496,0.3295452962253332,0.0,13.0
500.0,5.0,0.3759467311863571,0.1246236491390733,0.3759467311863571,0.0,13.0
600.0,6.0,0.3977880326771333,0.1133393220886262,0.3977880326771333,0.0,13.0
700.0,7.0,0.4109629412008684,0.1028503541832538,0.4109629412008684,0.0,13.0
800.0,8.0,0.4196963703461887,0.1033611210272955,0.4196963703461887,0.0,13.0
900.0,9.0,0.4244963023373347,0.0920945386071055,0.4244963023373347,0.0,13.0
1000.0,10.0,0.4263548181932778,0.0902412644935576,0.4263548181932778,0.0,13.0
1100.0,11.0,0.4263610214899879,0.0855112369483556,0.4263610214899879,0.0,13.0
1200.0,12.0,0.4298499725243364,0.0831970233883282,0.4298499725243364,0.0,13.0
1300.0,13.0,0.4333473789071693,0.0832254893131542,0.4333473789071693,0.0,13.0
1400.0,14.0,0.4444973010315017,0.0718498307542527,0.4444973010315017,0.0,13.0
1500.0,15.0,0.4490328667763295,0.0684066276307174,0.4490328667763295,0.0,13.0
1600.0,16.0,0.4489458237643993,0.0674823973759279,0.4489458237643993,0.0,13.0
1700.0,17.0,0.4517974776701116,0.0642463490654748,0.4517974776701116,0.0,13.0
1800.0,18.0,0.4574418731291964,0.0618030108573641,0.4574418731291964,0.0,13.0
1900.0,19.0,0.4656592958571919,0.0570140933218059,0.4656592958571919,0.0,13.0
2000.0,20.0,0.468911565465182,0.0546176946148771,0.468911565465182,0.0,13.0
2100.0,21.0,0.4741440193668897,0.0524938347929632,0.4741440193668897,0.0,13.0
2200.0,22.0,0.481960421542536,0.0494870379702924,0.481960421542536,0.0,13.0
2300.0,23.0,0.4805605942072976,0.0491299452281379,0.4805605942072976,0.0,13.0
2400.0,24.0,0.486888870238435,0.0469622426590632,0.486888870238435,0.0,13.0
2600.0,26.0,0.4834474752631603,0.0462913553808463,0.4834474752631603,0.0,13.0
2800.0,28.0,0.4809726725218478,0.0472334215770064,0.4809726725218478,0.0,13.0
2900.0,29.0,0.4828652705455101,0.0468674953812225,0.4828652705455101,0.0,13.0
3000.0,30.0,0.4842547163668106,0.0468699709023346,0.4842547163668106,0.0,13.0
3200.0,32.0,0.4810293786778419,0.0497859717547546,0.4810293786778419,0.0,13.0
3300.0,33.0,0.4853048757732602,0.046952359192229,0.4853048757732602,0.0,13.0
3400.0,34.0,0.484185836849486,0.0457985793182681,0.484185836849486,0.0,13.0
3800.0,38.0,0.4865125262805531,0.0452413538448448,0.4865125262805531,0.0,13.0
3900.0,39.0,0.4875810712892134,0.0453324158596448,0.4875810712892134,0.0,13.0
4200.0,42.0,0.4820360804204667,0.0474289835910146,0.4820360804204667,0.0,13.0
4300.0,43.0,0.4897400412661029,0.0424891049905885,0.4897400412661029,0.0,13.0
4500.0,45.0,0.4884090510682505,0.0436602963156458,0.4884090510682505,0.0,13.0
4800.0,48.0,0.4858745872956269,0.0466722315713976,0.4858745872956269,0.0,13.0
4900.0,49.0,0.4860867419835989,0.045481714757273,0.4860867419835989,0.0,13.0
5200.0,52.0,0.4817627039895784,0.0462183696200494,0.4817627039895784,0.0,13.0
5300.0,53.0,0.4842577691795964,0.0434192006062213,0.4842577691795964,0.0,13.0
5600.0,56.0,0.4784242849926758,0.0478799222205024,0.4784242849926758,0.0,13.0
5700.0,57.0,0.4796377973491107,0.0467043885505225,0.4796377973491107,0.0,13.0
5800.0,58.0,0.4795086739527864,0.0465444538782484,0.4795086739527864,0.0,13.0
6100.0,61.0,0.4777060322931457,0.0479668376800222,0.4777060322931457,0.0,13.0
6200.0,62.0,0.4791664464867738,0.0475688633414757,0.4791664464867738,0.0,13.0
6500.0,65.0,0.4764148430919168,0.0485611429887627,0.4764148430919168,0.0,13.0
6600.0,66.0,0.4772119614318598,0.048304652410456,0.4772119614318598,0.0,13.0
6700.0,67.0,0.4794031116132627,0.0477950007427153,0.4794031116132627,0.0,13.0
6800.0,68.0,0.4813536502860415,0.0460582166275236,0.4813536502860415,0.0,13.0
6900.0,69.0,0.4832785544258857,0.0455999613207996,0.4832785544258857,0.0,13.0
7000.0,70.0,0.4811535110664773,0.0446864135926846,0.4811535110664773,0.0,13.0
7300.0,73.0,0.4795276303811962,0.0471429624007363,0.4795276303811962,0.0,13.0
7500.0,75.0,0.4860121501884474,0.0459658399846918,0.4860121501884474,0.0,13.0
7700.0,77.0,0.483716555925689,0.0470019020136359,0.483716555925689,0.0,13.0
7900.0,79.0,0.4858054109401891,0.0462363870246277,0.4858054109401891,0.0,13.0
8000.0,80.0,0.489836359930525,0.0432165736191779,0.489836359930525,0.0,13.0
8200.0,82.0,0.4849662925639761,0.0457204732478412,0.4849662925639761,0.0,13.0
8400.0,84.0,0.4779585358996115,0.0451968237571271,0.4779585358996115,0.0,13.0
8500.0,85.0,0.4823273928191611,0.048018447129456,0.4823273928191611,0.0,13.0
8600.0,86.0,0.4851643617816649,0.0471799818351923,0.4851643617816649,0.0,13.0
8700.0,87.0,0.4859669225975639,0.0456926714326523,0.4859669225975639,0.0,13.0
8800.0,88.0,0.488487372652348,0.0444990081138281,0.488487372652348,0.0,13.0
8900.0,89.0,0.4892095397952593,0.0437562314433376,0.4892095397952593,0.0,13.0
9100.0,91.0,0.4916189850938003,0.0429500086004882,0.4916189850938003,0.0,13.0
9300.0,93.0,0.4897867324827141,0.0439845030243671,0.4897867324827141,0.0,13.0
9400.0,94.0,0.4895519077297763,0.0434109430166348,0.4895519077297763,0.0,13.0
9600.0,96.0,0.4900341236419316,0.0421693135598909,0.4900341236419316,0.0,13.0
9700.0,97.0,0.4912554225175159,0.0429787716180211,0.4912554225175159,0.0,13.0
9900.0,99.0,0.4881519337787663,0.0453275586336754,0.4881519337787663,0.0,13.0
10000.0,100.0,0.4904701392772592,0.0435948895904965,0.4904701392772592,0.0,13.0
10100.0,101.0,0.4914702390396887,0.0426481948617748,0.4914702390396887,0.0,13.0
10200.0,102.0,0.4925864865950163,0.0417683355756344,0.4925864865950163,0.0,13.0
10500.0,105.0,0.4845006358210648,0.0455593293978126,0.4845006358210648,0.0,13.0
10600.0,106.0,0.4893870611622734,0.0432684081678865,0.4893870611622734,0.0,13.0
10800.0,108.0,0.4905277708248024,0.0461473746386572,0.4905277708248024,0.0,13.0
10900.0,109.0,0.4911315279339187,0.0458369104586195,0.4911315279339187,0.0,13.0
11000.0,110.0,0.4915582425947406,0.0456284482681313,0.4915582425947406,0.0,13.0
11100.0,111.0,0.4889280363830633,0.0454744366937509,0.4889280363830633,0.0,13.0
11400.0,114.0,0.4837306993600104,0.046570724868995,0.4837306993600104,0.0,13.0
11500.0,115.0,0.4868533402750687,0.0437700224896034,0.4868533402750687,0.0,13.0
11600.0,116.0,0.4878156756938901,0.0438873631021444,0.4878156756938901,0.0,13.0
11700.0,117.0,0.4908247147151726,0.0421148283566171,0.4908247147151726,0.0,13.0
11900.0,119.0,0.4863852837241744,0.043693614877411,0.4863852837241744,0.0,13.0
12200.0,122.0,0.4844116389713766,0.0450833462890576,0.4844116389713766,0.0,13.0
12300.0,123.0,0.4883206688061814,0.0436061824494629,0.4883206688061814,0.0,13.0
12600.0,126.0,0.485941315563744,0.0439370269680329,0.485941315563744,0.0,13.0
12800.0,128.0,0.485335200619423,0.0445848526465494,0.485335200619423,0.0,13.0
13200.0,132.0,0.4785231553461606,0.0463895773693016,0.4785231553461606,0.0,13.0
13300.0,133.0,0.4847593786049635,0.0434430677376253,0.4847593786049635,0.0,13.0
13500.0,135.0,0.4859750250470562,0.0433938963197514,0.4859750250470562,0.0,13.0
13600.0,136.0,0.486866410493573,0.0434040615895851,0.486866410493573,0.0,13.0
14000.0,140.0,0.484235001567928,0.0441480499841934,0.484235001567928,0.0,13.0
14100.0,141.0,0.4897005977248417,0.0418128875861245,0.4897005977248417,0.0,13.0
14300.0,143.0,0.490927931136163,0.0419773388778165,0.490927931136163,0.0,13.0
14400.0,144.0,0.4927127601563317,0.0411450675440956,0.4927127601563317,0.0,13.0
14600.0,146.0,0.4918309826580741,0.0402021468460694,0.4918309826580741,0.0,13.0
14800.0,148.0,0.484089892584448,0.0406356789440244,0.484089892584448,0.0,13.0
15000.0,150.0,0.4785083698749601,0.0440383009592244,0.4785083698749601,0.0,13.0
15100.0,151.0,0.490434063062777,0.0417378674790161,0.490434063062777,0.0,13.0
15200.0,152.0,0.4911541527020248,0.0411864095968871,0.4911541527020248,0.0,13.0
15300.0,153.0,0.4928100119091374,0.0405785400527228,0.4928100119091374,0.0,13.0
15400.0,154.0,0.4935686883176782,0.0406990780917755,0.4935686883176782,0.0,13.0
15500.0,155.0,0.4954395599672241,0.0399556592733811,0.4954395599672241,0.0,13.0
15700.0,157.0,0.494546295388294,0.0409775683138537,0.494546295388294,0.0,13.0
15800.0,158.0,0.4974153028463128,0.0394744798896886,0.4974153028463128,0.0,13.0
16100.0,161.0,0.4976354181847722,0.0399615041149074,0.4976354181847722,0.0,13.0
16200.0,162.0,0.4979345297572596,0.0378451405907035,0.4979345297572596,0.0,13.0
16400.0,164.0,0.4934563216690135,0.0392917783637965,0.4934563216690135,0.0,13.0
16600.0,166.0,0.4891511432342919,0.0411096655533464,0.4891511432342919,0.0,13.0
16700.0,167.0,0.4937458459916334,0.0383160806078696,0.4937458459916334,0.0,13.0
16800.0,168.0,0.4940981527859335,0.0399275125668165,0.4940981527859335,0.0,13.0
16900.0,169.0,0.496140009640384,0.0396309903892978,0.496140009640384,0.0,13.0
17300.0,173.0,0.4885124910155813,0.041716984385048,0.4885124910155813,0.0,13.0
17400.0,174.0,0.4910850543397174,0.0405406369943152,0.4910850543397174,0.0,13.0
17500.0,175.0,0.4913168264030543,0.0392250661097914,0.4913168264030543,0.0,13.0
17600.0,176.0,0.491846622979578,0.0395973328280794,0.491846622979578,0.0,13.0
17900.0,179.0,0.4842510621178919,0.0426740631962766,0.4842510621178919,0.0,13.0
18000.0,180.0,0.4841529414492008,0.0425528191009721,0.4841529414492008,0.0,13.0
18100.0,181.0,0.487923455319158,0.0417017183105005,0.487923455319158,0.0,13.0
18400.0,184.0,0.4803490084617471,0.0451821790861208,0.4803490084617471,0.0,13.0
18500.0,185.0,0.4868513590562831,0.0421398084819323,0.4868513590562831,0.0,13.0
18600.0,186.0,0.489118593625692,0.0408846241118215,0.489118593625692,0.0,13.0
18900.0,189.0,0.4855756998168118,0.0405497384157951,0.4855756998168118,0.0,13.0
19100.0,191.0,0.4907888966054404,0.0403434753242251,0.4907888966054404,0.0,13.0
19400.0,194.0,0.4886723206628537,0.0416168888257421,0.4886723206628537,0.0,13.0
19500.0,195.0,0.4908442385165423,0.0418763022712932,0.4908442385165423,0.0,13.0
19800.0,198.0,0.4855105786104668,0.0435286917056992,0.4855105786104668,0.0,13.0
20000.0,200.0,0.4900103608867138,0.041008144985231,0.4900103608867138,0.0,13.0
20200.0,202.0,0.4893241355648465,0.0425626948595784,0.4893241355648465,0.0,13.0
20300.0,203.0,0.4906520375858386,0.0408574183514026,0.4906520375858386,0.0,13.0
20600.0,206.0,0.4872785414368497,0.0398407866022375,0.4872785414368497,0.0,13.0
20900.0,209.0,0.4848621147806289,0.0437510260841078,0.4848621147806289,0.0,13.0
21000.0,210.0,0.4849204022714768,0.0427734509327909,0.4849204022714768,0.0,13.0
21100.0,211.0,0.4867247822462564,0.0430664387982347,0.4867247822462564,0.0,13.0
21300.0,213.0,0.4882574407451007,0.040962459822216,0.4882574407451007,0.0,13.0
21400.0,214.0,0.4923481043899483,0.0404126748165539,0.4923481043899483,0.0,13.0
21600.0,216.0,0.4973624202425582,0.0364228335097602,0.4973624202425582,0.0,13.0
22000.0,220.0,0.4892410910391722,0.0420736837488307,0.4892410910391722,0.0,13.0
22100.0,221.0,0.4956992202726819,0.0392121781527905,0.4956992202726819,0.0,13.0
22600.0,226.0,0.4945210816376216,0.0395462554855102,0.4945210816376216,0.0,13.0
23000.0,230.0,0.4869495132272286,0.0425108842540489,0.4869495132272286,0.0,13.0
23100.0,231.0,0.4893856327555965,0.0411175046657563,0.4893856327555965,0.0,13.0
23200.0,232.0,0.4901824190899573,0.044933112652751,0.4901824190899573,0.0,13.0
23300.0,233.0,0.4909061531114613,0.0441143614346235,0.4909061531114613,0.0,13.0
23400.0,234.0,0.4929490506989986,0.0419234622462672,0.4929490506989986,0.0,13.0
23700.0,237.0,0.4926717474133957,0.0433124549436779,0.4926717474133957,0.0,13.0
24000.0,240.0,0.488631012269814,0.0446047284411529,0.488631012269814,0.0,13.0
24100.0,241.0,0.491050612029177,0.0441046159149258,0.491050612029177,0.0,13.0
24200.0,242.0,0.4892635028809516,0.0432135114994794,0.4892635028809516,0.0,13.0
24400.0,244.0,0.4910620104870138,0.0430714384397446,0.4910620104870138,0.0,13.0
24500.0,245.0,0.4939067802827886,0.0399777412198048,0.4939067802827886,0.0,13.0
24600.0,246.0,0.4941358936630958,0.0402601101059517,0.4941358936630958,0.0,13.0
24800.0,248.0,0.4930860861978095,0.0401419704587633,0.4930860861978095,0.0,13.0
25000.0,250.0,0.4874725094005237,0.0440525204874728,0.4874725094005237,0.0,13.0
25100.0,251.0,0.4880395285662707,0.045048764121252,0.4880395285662707,0.0,13.0
25200.0,252.0,0.4886973560643629,0.043469103590528,0.4886973560643629,0.0,13.0
25300.0,253.0,0.4912817945277166,0.0427369816854291,0.4912817945277166,0.0,13.0
25400.0,254.0,0.4918006111323695,0.0423353689247682,0.4918006111323695,0.0,13.0
25500.0,255.0,0.4946670926442484,0.040441301178853,0.4946670926442484,0.0,13.0
25800.0,258.0,0.5002273038371106,0.0396539976987117,0.5002273038371106,0.0,13.0
25900.0,259.0,0.5015976012333517,0.0376455712600362,0.5015976012333517,0.0,13.0
26000.0,260.0,0.5030146029742638,0.039461008761582,0.5030146029742638,0.0,13.0
26300.0,263.0,0.4990597109875826,0.0404470474382591,0.4990597109875826,0.0,13.0
26600.0,266.0,0.4926608963999629,0.0444270558186547,0.4926608963999629,0.0,13.0
26700.0,267.0,0.4976191652084387,0.039930642025977,0.4976191652084387,0.0,13.0
26900.0,269.0,0.4972988829055641,0.0398832543874766,0.4972988829055641,0.0,13.0
27100.0,271.0,0.4994667641965796,0.0397355454056539,0.4994667641965796,0.0,13.0
27400.0,274.0,0.4894970084034925,0.0438252775967322,0.4894970084034925,0.0,13.0
27500.0,275.0,0.4871551173100962,0.0427202114855795,0.4871551173100962,0.0,13.0
27700.0,277.0,0.4885825163406879,0.0417450960308049,0.4885825163406879,0.0,13.0
27800.0,278.0,0.4847984414166765,0.0412434918188131,0.4847984414166765,0.0,13.0
27900.0,279.0,0.4897982722168352,0.0396258039386469,0.4897982722168352,0.0,13.0
28200.0,282.0,0.4855642703119365,0.0464637029667464,0.4855642703119365,0.0,13.0
28300.0,283.0,0.4858018362839832,0.0456433978405443,0.4858018362839832,0.0,13.0
28400.0,284.0,0.4856516628830344,0.0452516590310177,0.4856516628830344,0.0,13.0
28600.0,286.0,0.4825241032062863,0.0470327538692042,0.4825241032062863,0.0,13.0
28700.0,287.0,0.4886738160242784,0.0433659370854743,0.4886738160242784,0.0,13.0
28800.0,288.0,0.4954958285257471,0.0413377955680785,0.4954958285257471,0.0,13.0
29000.0,290.0,0.4938736695293643,0.0411780368319102,0.4938736695293643,0.0,13.0
29200.0,292.0,0.4913332994767361,0.041663866342614,0.4913332994767361,0.0,13.0
29400.0,294.0,0.4915629567875378,0.0436026805369338,0.4915629567875378,0.0,13.0
29500.0,295.0,0.4981298772416497,0.0404956750031583,0.4981298772416497,0.0,13.0
29800.0,298.0,0.4893888449060611,0.044781848392107,0.4893888449060611,0.0,13.0
30000.0,300.0,0.4878807978990919,0.0463917924837293,0.4878807978990919,0.0,13.0
30200.0,302.0,0.4883754824636582,0.0459422752158171,0.4883754824636582,0.0,13.0
30300.0,303.0,0.4876474918405922,0.0452321217659462,0.4876474918405922,0.0,13.0
30500.0,305.0,0.4883905992498391,0.0437057026418118,0.4883905992498391,0.0,13.0
30600.0,306.0,0.4854519954826718,0.0437053133471267,0.4854519954826718,0.0,13.0
30700.0,307.0,0.4908934299421131,0.0419914125735537,0.4908934299421131,0.0,13.0
30800.0,308.0,0.4900881068194859,0.0413623979847203,0.4900881068194859,0.0,13.0
31000.0,310.0,0.478064536313557,0.0407077480928449,0.478064536313557,0.0,13.0
31100.0,311.0,0.4802459244926204,0.0401953151400041,0.4802459244926204,0.0,13.0
31300.0,313.0,0.482776910979001,0.0426780168253736,0.482776910979001,0.0,13.0
31400.0,314.0,0.4813938195687507,0.0423591193619566,0.4813938195687507,0.0,13.0
31500.0,315.0,0.4732278044509983,0.0418339716394137,0.4732278044509983,0.0,13.0
31600.0,316.0,0.4738845290476038,0.0428404505282802,0.4738845290476038,0.0,13.0
31700.0,317.0,0.478269182708537,0.042280834824356,0.478269182708537,0.0,13.0
32000.0,320.0,0.4778447062693837,0.0432592701924661,0.4778447062693837,0.0,13.0
32100.0,321.0,0.4850468145392172,0.0437723530862482,0.4850468145392172,0.0,13.0
32200.0,322.0,0.4886444245488831,0.0413460174736596,0.4886444245488831,0.0,13.0
32400.0,324.0,0.4882610537180805,0.043406918390252,0.4882610537180805,0.0,13.0
32700.0,327.0,0.4829641654890428,0.0451014201507407,0.4829641654890428,0.0,13.0
32900.0,329.0,0.4830728650053996,0.0451296353964931,0.4830728650053996,0.0,13.0
33100.0,331.0,0.4818934790871698,0.0468493532782941,0.4818934790871698,0.0,13.0
33300.0,333.0,0.4800612703906584,0.04594843855241,0.4800612703906584,0.0,13.0
33600.0,336.0,0.4744195441667823,0.0475297826159531,0.4744195441667823,0.0,13.0
33700.0,337.0,0.4774090462529829,0.046630084624647,0.4774090462529829,0.0,13.0
33800.0,338.0,0.4777866303275777,0.0457037207092055,0.4777866303275777,0.0,13.0
33900.0,339.0,0.4804351406103668,0.0454986567098008,0.4804351406103668,0.0,13.0
34000.0,340.0,0.4817840937772496,0.0464111249503141,0.4817840937772496,0.0,13.0
34100.0,341.0,0.48265681557907,0.0443805359685358,0.48265681557907,0.0,13.0
34200.0,342.0,0.4857497364026691,0.0433674517686578,0.4857497364026691,0.0,13.0
34300.0,343.0,0.4875378690043997,0.0420420589164847,0.4875378690043997,0.0,13.0
34500.0,345.0,0.4881257718772437,0.0411076751138734,0.4881257718772437,0.0,13.0
34700.0,347.0,0.4851426763772421,0.0435809962985224,0.4851426763772421,0.0,13.0
34800.0,348.0,0.4908666486783025,0.0416706051720147,0.4908666486783025,0.0,13.0
34900.0,349.0,0.4892932332788146,0.0414312662678687,0.4892932332788146,0.0,13.0
35000.0,350.0,0.4930866478577965,0.0403524341282515,0.4930866478577965,0.0,13.0
35200.0,352.0,0.4909505900479808,0.0411643759290083,0.4909505900479808,0.0,13.0
35300.0,353.0,0.4935792547759943,0.0397869467865565,0.4935792547759943,0.0,13.0
35500.0,355.0,0.4920180524711917,0.0410089369928872,0.4920180524711917,0.0,13.0
35600.0,356.0,0.4926915533156967,0.0426094271470032,0.4926915533156967,0.0,13.0
35700.0,357.0,0.4932296238567239,0.0421963491077057,0.4932296238567239,0.0,13.0
36000.0,360.0,0.4876429264221396,0.0428693384545821,0.4876429264221396,0.0,13.0
36100.0,361.0,0.4910833031105943,0.0414584383694379,0.4910833031105943,0.0,13.0
36400.0,364.0,0.489070034773706,0.0420770651799948,0.489070034773706,0.0,13.0
36500.0,365.0,0.4867438424405358,0.0416947072824255,0.4867438424405358,0.0,13.0
36700.0,367.0,0.4874908186267142,0.0400606942363671,0.4874908186267142,0.0,13.0
36900.0,369.0,0.4873812212060792,0.042558325119143,0.4873812212060792,0.0,13.0
37100.0,371.0,0.4880968383881086,0.0428752459211826,0.4880968383881086,0.0,13.0
37400.0,374.0,0.4776514816911507,0.0470066697801137,0.4776514816911507,0.0,13.0
37500.0,375.0,0.4863058098950404,0.0436480411548161,0.4863058098950404,0.0,13.0
37600.0,376.0,0.4880786443043368,0.0438086010094477,0.4880786443043368,0.0,13.0
37700.0,377.0,0.4870454912579497,0.0434942793311867,0.4870454912579497,0.0,13.0
38200.0,382.0,0.4787920357791043,0.0491989626531587,0.4787920357791043,0.0,13.0
38300.0,383.0,0.4842739242859051,0.0462956222404949,0.4842739242859051,0.0,13.0
38500.0,385.0,0.4848034587774971,0.0467407370850603,0.4848034587774971,0.0,13.0
38900.0,389.0,0.4798392175429481,0.0483365917487508,0.4798392175429481,0.0,13.0
39000.0,390.0,0.4879755751691254,0.0451707618249771,0.4879755751691254,0.0,13.0
39100.0,391.0,0.4891605829871576,0.0443370925011092,0.4891605829871576,0.0,13.0
39200.0,392.0,0.4921314989129665,0.0431170433761543,0.4921314989129665,0.0,13.0
39300.0,393.0,0.4933761512349582,0.0431912449062509,0.4933761512349582,0.0,13.0
39500.0,395.0,0.4909045510307541,0.0442066540252276,0.4909045510307541,0.0,13.0
39800.0,398.0,0.48020893264747,0.0457255957733468,0.48020893264747,0.0,13.0
39900.0,399.0,0.4820055160821438,0.0439450094430825,0.4820055160821438,0.0,13.0
40300.0,403.0,0.4768246684160744,0.0468556021977415,0.4768246684160744,0.0,13.0
40400.0,404.0,0.4812420945379521,0.0457901312738633,0.4812420945379521,0.0,13.0
40600.0,406.0,0.4801177253696322,0.0459322540332032,0.4801177253696322,0.0,13.0
40700.0,407.0,0.4875877118926812,0.0422273491650747,0.4875877118926812,0.0,13.0
40800.0,408.0,0.4897385118321071,0.0406233847396727,0.4897385118321071,0.0,13.0
40900.0,409.0,0.4901988540557974,0.0411999187967921,0.4901988540557974,0.0,13.0
41000.0,410.0,0.488782142868597,0.0404675333736072,0.488782142868597,0.0,13.0
41100.0,411.0,0.4902131572171234,0.0389561759871217,0.4902131572171234,0.0,13.0
41600.0,416.0,0.4811765004155621,0.0454309180519377,0.4811765004155621,0.0,13.0
41700.0,417.0,0.4822896050115491,0.044041926545411,0.4822896050115491,0.0,13.0
41800.0,418.0,0.4850579632068151,0.0430891116001667,0.4850579632068151,0.0,13.0
41900.0,419.0,0.4876150002552166,0.0441530948879132,0.4876150002552166,0.0,13.0
42100.0,421.0,0.4907389319149314,0.0421742962619515,0.4907389319149314,0.0,13.0
42200.0,422.0,0.4935751383269624,0.0406944273953446,0.4935751383269624,0.0,13.0
42700.0,427.0,0.4796187623567166,0.0451597227666825,0.4796187623567166,0.0,13.0
42900.0,429.0,0.4790213935551077,0.0461192915316063,0.4790213935551077,0.0,13.0
43000.0,430.0,0.478723015485416,0.0459946311746111,0.478723015485416,0.0,13.0
43200.0,432.0,0.4788916827714835,0.0461488156430729,0.4788916827714835,0.0,13.0
43400.0,434.0,0.4853757691003894,0.0431147371504289,0.4853757691003894,0.0,13.0
43500.0,435.0,0.4863802061428296,0.0441527565084935,0.4863802061428296,0.0,13.0
43600.0,436.0,0.4876110537395879,0.040853543530989,0.4876110537395879,0.0,13.0
43900.0,439.0,0.4872154926138402,0.0428853991925496,0.4872154926138402,0.0,13.0
44100.0,441.0,0.4881070675134281,0.043328525584033,0.4881070675134281,0.0,13.0
44400.0,444.0,0.478574672849972,0.0474818671649952,0.478574672849972,0.0,13.0
44500.0,445.0,0.4810901806860012,0.0455293936733435,0.4810901806860012,0.0,13.0
44600.0,446.0,0.4826798491764303,0.0452441594753211,0.4826798491764303,0.0,13.0
44800.0,448.0,0.4797415215031586,0.0457512264980815,0.4797415215031586,0.0,13.0
44900.0,449.0,0.482503166775114,0.0456409731601633,0.482503166775114,0.0,13.0
45000.0,450.0,0.4868702690343661,0.0436181167459256,0.4868702690343661,0.0,13.0
45100.0,451.0,0.4877866886158787,0.0422725320338425,0.4877866886158787,0.0,13.0
45200.0,452.0,0.4881901946986425,0.0409108082501312,0.4881901946986425,0.0,13.0
45300.0,453.0,0.4984326191302816,0.0374857183678379,0.4984326191302816,0.0,13.0
45400.0,454.0,0.4986454510354958,0.0369233581986605,0.4986454510354958,0.0,13.0
45900.0,459.0,0.4982655129286091,0.0396006752327949,0.4982655129286091,0.0,13.0
46100.0,461.0,0.4955722235125657,0.0414575143053792,0.4955722235125657,0.0,13.0
46200.0,462.0,0.4958959134572773,0.041386214938156,0.4958959134572773,0.0,13.0
46400.0,464.0,0.4924783392947259,0.0416630804348766,0.4924783392947259,0.0,13.0
46500.0,465.0,0.4927675177017431,0.0404544577980545,0.4927675177017431,0.0,13.0
46600.0,466.0,0.4945661282125366,0.0405279225004988,0.4945661282125366,0.0,13.0
46700.0,467.0,0.4952290507068374,0.0397640579954188,0.4952290507068374,0.0,13.0
46900.0,469.0,0.4937504360410524,0.0413613249310204,0.4937504360410524,0.0,13.0
47200.0,472.0,0.4869923171480907,0.0429084514672432,0.4869923171480907,0.0,13.0
47300.0,473.0,0.4873012639904714,0.042499745207105,0.4873012639904714,0.0,13.0
47400.0,474.0,0.4869881702115858,0.0424114913425436,0.4869881702115858,0.0,13.0
47500.0,475.0,0.4877697400246085,0.0429135202207288,0.4877697400246085,0.0,13.0
47600.0,476.0,0.4884207863432487,0.0424901916293811,0.4884207863432487,0.0,13.0
47700.0,477.0,0.4865731582125059,0.0417890833926778,0.4865731582125059,0.0,13.0
47900.0,479.0,0.4893330366359553,0.0428872334196325,0.4893330366359553,0.0,13.0
48100.0,481.0,0.4804739381422965,0.0451936234950108,0.4804739381422965,0.0,13.0
48300.0,483.0,0.4897020092596246,0.044408627558976,0.4897020092596246,0.0,13.0
48400.0,484.0,0.4842257713400462,0.0440795829387239,0.4842257713400462,0.0,13.0
48600.0,486.0,0.4780056280050797,0.0479683717543021,0.4780056280050797,0.0,13.0
48700.0,487.0,0.4859888047740349,0.0444236649325126,0.4859888047740349,0.0,13.0
48800.0,488.0,0.484938272616764,0.0440631387040836,0.484938272616764,0.0,13.0
48900.0,489.0,0.4834363042281632,0.0439812048822112,0.4834363042281632,0.0,13.0
49200.0,492.0,0.4865992529941839,0.0425169339645716,0.4865992529941839,0.0,13.0
49400.0,494.0,0.4918758264001228,0.0424836888698385,0.4918758264001228,0.0,13.0
49500.0,495.0,0.4918871839556094,0.0418071378245078,0.4918871839556094,0.0,13.0
49600.0,496.0,0.4967515531134061,0.0397267067551764,0.4967515531134061,0.0,13.0
49800.0,498.0,0.4955180457130491,0.0395584143674271,0.4955180457130491,0.0,13.0
49900.0,499.0,0.4960120731919978,0.0390234261249928,0.4960120731919978,0.0,13.0
50100.0,501.0,0.4981405504608401,0.037987291056211,0.4981405504608401,0.0,13.0
50500.0,505.0,0.4966760280471277,0.0396181179379953,0.4966760280471277,0.0,13.0
50600.0,506.0,0.4961114824126543,0.03865655659104,0.4961114824126543,0.0,13.0
50800.0,508.0,0.4935578988614624,0.0396729056129313,0.4935578988614624,0.0,13.0
51000.0,510.0,0.4913097544666506,0.0390195887508693,0.4913097544666506,0.0,13.0
51300.0,513.0,0.487735467049706,0.042232653669483,0.487735467049706,0.0,13.0
51400.0,514.0,0.4926533219332061,0.0404374584474617,0.4926533219332061,0.0,13.0
51600.0,516.0,0.4925303146100092,0.0403354223598587,0.4925303146100092,0.0,13.0
51900.0,519.0,0.4899271349040772,0.0420461757372024,0.4899271349040772,0.0,13.0
52200.0,522.0,0.4850284508888219,0.0466715472039608,0.4850284508888219,0.0,13.0
52300.0,523.0,0.4860237322100339,0.0463974542703965,0.4860237322100339,0.0,13.0
52500.0,525.0,0.475791762386512,0.049540892769799,0.475791762386512,0.0,13.0
52600.0,526.0,0.4779181485690557,0.0497104804160596,0.4779181485690557,0.0,13.0
52700.0,527.0,0.4779889326771173,0.0504138114964236,0.4779889326771173,0.0,13.0
52800.0,528.0,0.479690641327021,0.0492374358914097,0.479690641327021,0.0,13.0
52900.0,529.0,0.4812955355114759,0.0480516316876518,0.4812955355114759,0.0,13.0
53000.0,530.0,0.4800664810317951,0.0478187503556192,0.4800664810317951,0.0,13.0
53300.0,533.0,0.4763476439590711,0.0503843465141023,0.4763476439590711,0.0,13.0
53500.0,535.0,0.4727014514061007,0.0527053819325079,0.4727014514061007,0.0,13.0
53600.0,536.0,0.4752971242884934,0.0497712247919931,0.4752971242884934,0.0,13.0
53700.0,537.0,0.4804321483366187,0.0461937244189462,0.4804321483366187,0.0,13.0
54000.0,540.0,0.4807176246128114,0.0471893120294933,0.4807176246128114,0.0,13.0
54200.0,542.0,0.4808214663365701,0.0485674821174285,0.4808214663365701,0.0,13.0
54300.0,543.0,0.4846220785097276,0.0462786295692175,0.4846220785097276,0.0,13.0
54400.0,544.0,0.4871855186061077,0.0456789079286853,0.4871855186061077,0.0,13.0
54500.0,545.0,0.4883125886450736,0.0437751174754661,0.4883125886450736,0.0,13.0
54700.0,547.0,0.484176617308413,0.0473216227806212,0.484176617308413,0.0,13.0
54800.0,548.0,0.4862646602941459,0.0462784365073472,0.4862646602941459,0.0,13.0
54900.0,549.0,0.4883487755315651,0.0451498473514243,0.4883487755315651,0.0,13.0
55000.0,550.0,0.4889473012822821,0.0452197862076878,0.4889473012822821,0.0,13.0
55200.0,552.0,0.4790649440458422,0.0498750918368459,0.4790649440458422,0.0,13.0
55300.0,553.0,0.4823798914304675,0.0479894171118038,0.4823798914304675,0.0,13.0
55400.0,554.0,0.4916814123983661,0.042963982076504,0.4916814123983661,0.0,13.0
55600.0,556.0,0.489586072489342,0.0431245553344357,0.489586072489342,0.0,13.0
55800.0,558.0,0.488332521495972,0.0438727641108694,0.488332521495972,0.0,13.0
56000.0,560.0,0.4878997008331945,0.0430642329478712,0.4878997008331945,0.0,13.0
56300.0,563.0,0.4862364100172636,0.0445711806143863,0.4862364100172636,0.0,13.0
56600.0,566.0,0.4902423917308117,0.0435922860499823,0.4902423917308117,0.0,13.0
56800.0,568.0,0.4907203000610488,0.043993854387265,0.4907203000610488,0.0,13.0
56900.0,569.0,0.4910724498757341,0.0434770223856102,0.4910724498757341,0.0,13.0
57000.0,570.0,0.4914118474283685,0.0425012140928211,0.4914118474283685,0.0,13.0
57300.0,573.0,0.4873620523413962,0.0421681158469497,0.4873620523413962,0.0,13.0
57400.0,574.0,0.4891086142923342,0.0425828881407458,0.4891086142923342,0.0,13.0
57600.0,576.0,0.4857727224641098,0.0448844299398867,0.4857727224641098,0.0,13.0
57800.0,578.0,0.4824813926004392,0.0447884196695854,0.4824813926004392,0.0,13.0
58000.0,580.0,0.4750547023765997,0.0493394989237721,0.4750547023765997,0.0,13.0
58100.0,581.0,0.4811359998825851,0.0473895239429184,0.4811359998825851,0.0,13.0
58200.0,582.0,0.4843943704265535,0.0447127330753655,0.4843943704265535,0.0,13.0
58400.0,584.0,0.4895553507402706,0.042569918834827,0.4895553507402706,0.0,13.0
58500.0,585.0,0.4884256841061536,0.0416735799056961,0.4884256841061536,0.0,13.0
58800.0,588.0,0.4858137620510367,0.0434349098453676,0.4858137620510367,0.0,13.0
58900.0,589.0,0.4908966266828427,0.0419011801765862,0.4908966266828427,0.0,13.0
59200.0,592.0,0.4872083223695187,0.0433711277359071,0.4872083223695187,0.0,13.0
59400.0,594.0,0.4909871640049258,0.0435432477468429,0.4909871640049258,0.0,13.0
59700.0,597.0,0.486698467570295,0.0443259589443866,0.486698467570295,0.0,13.0
59800.0,598.0,0.4860990646600509,0.0440471255336769,0.4860990646600509,0.0,13.0
59900.0,599.0,0.4926684512101226,0.041784995068475,0.4926684512101226,0.0,13.0
60300.0,603.0,0.4847701338638828,0.0446839259581613,0.4847701338638828,0.0,13.0
60400.0,604.0,0.4873170941307991,0.0441102148738105,0.4873170941307991,0.0,13.0
60500.0,605.0,0.4881994548977136,0.0446163227283861,0.4881994548977136,0.0,13.0
60600.0,606.0,0.4856998655426712,0.0433182266781343,0.4856998655426712,0.0,13.0
60800.0,608.0,0.488430509091619,0.0439322797563998,0.488430509091619,0.0,13.0
60900.0,609.0,0.4966512508222072,0.0405099563734624,0.4966512508222072,0.0,13.0
61100.0,611.0,0.4928201040491804,0.042094805111508,0.4928201040491804,0.0,13.0
61300.0,613.0,0.4909813860413908,0.0428185444621356,0.4909813860413908,0.0,13.0
61400.0,614.0,0.4932708767888248,0.0421518269335378,0.4932708767888248,0.0,13.0
61600.0,616.0,0.4864267381928224,0.0460439125299968,0.4864267381928224,0.0,13.0
61700.0,617.0,0.4878432010294495,0.0448334788765453,0.4878432010294495,0.0,13.0
61800.0,618.0,0.4861161807069595,0.0446576589551201,0.4861161807069595,0.0,13.0
61900.0,619.0,0.4859925928231166,0.0445939008431989,0.4859925928231166,0.0,13.0
62100.0,621.0,0.4889640134574445,0.0433412962205844,0.4889640134574445,0.0,13.0
62200.0,622.0,0.4902705587223959,0.0437502196545996,0.4902705587223959,0.0,13.0
62500.0,625.0,0.4856811156957399,0.0452444549732374,0.4856811156957399,0.0,13.0
62800.0,628.0,0.4870826076188577,0.0444772350335394,0.4870826076188577,0.0,13.0
62900.0,629.0,0.4884828851197592,0.0429182691623528,0.4884828851197592,0.0,13.0
63100.0,631.0,0.4862283778546854,0.0463791291203274,0.4862283778546854,0.0,13.0
63200.0,632.0,0.4870527419628013,0.0459613441386906,0.4870527419628013,0.0,13.0
63400.0,634.0,0.4889208945508593,0.0452294865814688,0.4889208945508593,0.0,13.0
63600.0,636.0,0.480082104001703,0.0478100094522224,0.480082104001703,0.0,13.0
63800.0,638.0,0.4875851710711222,0.0439791839755617,0.4875851710711222,0.0,13.0
64000.0,640.0,0.4800052971172717,0.0466023819974461,0.4800052971172717,0.0,13.0
64100.0,641.0,0.4857681627598054,0.0444948874445441,0.4857681627598054,0.0,13.0
64300.0,643.0,0.4931806782607327,0.0411649075764357,0.4931806782607327,0.0,13.0
64700.0,647.0,0.4929002527967284,0.0410633074582348,0.4929002527967284,0.0,13.0
65000.0,650.0,0.4921530718712514,0.0406512268266049,0.4921530718712514,0.0,13.0
65300.0,653.0,0.488221930632579,0.0433563707604616,0.488221930632579,0.0,13.0
65500.0,655.0,0.488060972104194,0.0432383037913186,0.488060972104194,0.0,13.0
65600.0,656.0,0.4921666131856346,0.0413478595331242,0.4921666131856346,0.0,13.0
65900.0,659.0,0.4878724548455622,0.0440864170571841,0.4878724548455622,0.0,13.0
66200.0,662.0,0.4868989526685894,0.0460681501983046,0.4868989526685894,0.0,13.0
66300.0,663.0,0.4853893558631392,0.0453658452180108,0.4853893558631392,0.0,13.0
66400.0,664.0,0.4911180016992194,0.0425321981700737,0.4911180016992194,0.0,13.0
66600.0,666.0,0.4925210831403839,0.0434334774793339,0.4925210831403839,0.0,13.0
66800.0,668.0,0.493493858345453,0.0419819913915058,0.493493858345453,0.0,13.0
66900.0,669.0,0.4931356219166266,0.040667457745037,0.4931356219166266,0.0,13.0
67100.0,671.0,0.4888212275888048,0.0426920755618095,0.4888212275888048,0.0,13.0
67200.0,672.0,0.4933327452469892,0.0419561790058151,0.4933327452469892,0.0,13.0
67400.0,674.0,0.4893145136855062,0.0435605331588888,0.4893145136855062,0.0,13.0
67500.0,675.0,0.4903673988637233,0.0424471664364875,0.4903673988637233,0.0,13.0
67700.0,677.0,0.4894735606587343,0.0435158905582961,0.4894735606587343,0.0,13.0
67800.0,678.0,0.4910455270127757,0.0435714220636435,0.4910455270127757,0.0,13.0
68400.0,684.0,0.4744209959338523,0.04950521067804,0.4744209959338523,0.0,13.0
68500.0,685.0,0.4790601322274829,0.0461565480831097,0.4790601322274829,0.0,13.0
68800.0,688.0,0.4792088503222952,0.0474628082277658,0.4792088503222952,0.0,13.0
68900.0,689.0,0.4824504743347403,0.0462963551618991,0.4824504743347403,0.0,13.0
69000.0,690.0,0.4845789442234655,0.0453961328554341,0.4845789442234655,0.0,13.0
69200.0,692.0,0.4831632191224762,0.0458357228923221,0.4831632191224762,0.0,13.0
69300.0,693.0,0.4847374547007682,0.0456489788660095,0.4847374547007682,0.0,13.0
69400.0,694.0,0.4860569538896315,0.0462200987945904,0.4860569538896315,0.0,13.0
69500.0,695.0,0.4943643510475057,0.0418733985728668,0.4943643510475057,0.0,13.0
69700.0,697.0,0.50057598276632,0.0380134241068717,0.50057598276632,0.0,13.0
100.0,1.0,0.2319955445096787,0.244205209612072,0.2319955445096787,0.0,14.0
200.0,2.0,0.250548262669498,0.2288044512800016,0.250548262669498,0.0,14.0
300.0,3.0,0.2850714304706988,0.2018442767377998,0.2850714304706988,0.0,14.0
400.0,4.0,0.3370965497477494,0.1512865976972906,0.3370965497477494,0.0,14.0
500.0,5.0,0.3493551196660328,0.1427677443754384,0.3493551196660328,0.0,14.0
600.0,6.0,0.3575272982811694,0.1390375720054966,0.3575272982811694,0.0,14.0
700.0,7.0,0.3680582125549647,0.1360140801372483,0.3680582125549647,0.0,14.0
800.0,8.0,0.3886168668382269,0.107159351000131,0.3886168668382269,0.0,14.0
900.0,9.0,0.3982527561140764,0.1022287159571491,0.3982527561140764,0.0,14.0
1000.0,10.0,0.4083487406932952,0.094250425006341,0.4083487406932952,0.0,14.0
1100.0,11.0,0.4109450954573811,0.0932937799962436,0.4109450954573811,0.0,14.0
1200.0,12.0,0.4128012446313441,0.0914590817775853,0.4128012446313441,0.0,14.0
1300.0,13.0,0.4211023987994814,0.0857550280767024,0.4211023987994814,0.0,14.0
1400.0,14.0,0.4286223806144264,0.0801087262210071,0.4286223806144264,0.0,14.0
1500.0,15.0,0.4442480857117113,0.0694724193754847,0.4442480857117113,0.0,14.0
1600.0,16.0,0.4459470971689407,0.069623014481102,0.4459470971689407,0.0,14.0
1700.0,17.0,0.4453908569449208,0.0676832401263226,0.4453908569449208,0.0,14.0
1800.0,18.0,0.4536649063950642,0.0664689148397577,0.4536649063950642,0.0,14.0
1900.0,19.0,0.4558563564833039,0.0698054991436105,0.4558563564833039,0.0,14.0
2000.0,20.0,0.4563555664237884,0.0677789333748058,0.4563555664237884,0.0,14.0
2200.0,22.0,0.4576708123159137,0.0671955253180412,0.4576708123159137,0.0,14.0
2300.0,23.0,0.4600677060245952,0.0665206166487675,0.4600677060245952,0.0,14.0
2500.0,25.0,0.4616937600878182,0.0657644947117762,0.4616937600878182,0.0,14.0
2700.0,27.0,0.461394249286981,0.0626627565340945,0.461394249286981,0.0,14.0
3100.0,31.0,0.4549256484807321,0.0639281425521166,0.4549256484807321,0.0,14.0
3200.0,32.0,0.4573766014401309,0.0632622181194022,0.4573766014401309,0.0,14.0
3400.0,34.0,0.4618077228788962,0.0597450534862259,0.4618077228788962,0.0,14.0
3600.0,36.0,0.4618021603236887,0.0599222989357719,0.4618021603236887,0.0,14.0
3700.0,37.0,0.4631226846120582,0.059049021774993,0.4631226846120582,0.0,14.0
3800.0,38.0,0.4680058304484534,0.0565755558379823,0.4680058304484534,0.0,14.0
4000.0,40.0,0.4682868483045453,0.0580300096651844,0.4682868483045453,0.0,14.0
4200.0,42.0,0.4661331953502984,0.0581320908198438,0.4661331953502984,0.0,14.0
4300.0,43.0,0.4632658109691243,0.0575199029069264,0.4632658109691243,0.0,14.0
4400.0,44.0,0.4646220502493976,0.0580839108594067,0.4646220502493976,0.0,14.0
4600.0,46.0,0.466071006003281,0.0574770776459448,0.466071006003281,0.0,14.0
4700.0,47.0,0.4627510272304337,0.0556663529925382,0.4627510272304337,0.0,14.0
4800.0,48.0,0.4662520473447077,0.0535046245036691,0.4662520473447077,0.0,14.0
4900.0,49.0,0.4681333444244706,0.0535413408820718,0.4681333444244706,0.0,14.0
5000.0,50.0,0.4713516173205138,0.0508120374732942,0.4713516173205138,0.0,14.0
5200.0,52.0,0.4710238707544278,0.0503576011969978,0.4710238707544278,0.0,14.0
5300.0,53.0,0.4721433961488467,0.0516731580639727,0.4721433961488467,0.0,14.0
5500.0,55.0,0.4764583121854923,0.049729283704057,0.4764583121854923,0.0,14.0
5800.0,58.0,0.4781932589565268,0.0497594049353257,0.4781932589565268,0.0,14.0
6200.0,62.0,0.4752725975358213,0.0528282410999795,0.4752725975358213,0.0,14.0
6300.0,63.0,0.479239722740332,0.0493976438314259,0.479239722740332,0.0,14.0
6400.0,64.0,0.4813756964208621,0.0476819062083929,0.4813756964208621,0.0,14.0
6700.0,67.0,0.4776372425663943,0.0517680162202715,0.4776372425663943,0.0,14.0
6900.0,69.0,0.4767983606666794,0.0517357865018762,0.4767983606666794,0.0,14.0
7000.0,70.0,0.4775411783655737,0.0512938459520108,0.4775411783655737,0.0,14.0
7100.0,71.0,0.4803369833887685,0.0497615122493662,0.4803369833887685,0.0,14.0
7200.0,72.0,0.4806871707979374,0.050413569189154,0.4806871707979374,0.0,14.0
7400.0,74.0,0.4800981787762575,0.0484357353944862,0.4800981787762575,0.0,14.0
7500.0,75.0,0.4804031012377155,0.0495941050470483,0.4804031012377155,0.0,14.0
7600.0,76.0,0.4820471419989572,0.048470860675884,0.4820471419989572,0.0,14.0
7900.0,79.0,0.4810157472355975,0.0496389981507706,0.4810157472355975,0.0,14.0
8000.0,80.0,0.482213219906975,0.0486724436378078,0.482213219906975,0.0,14.0
8200.0,82.0,0.4803854126002477,0.0512796217570314,0.4803854126002477,0.0,14.0
8300.0,83.0,0.4847780731437383,0.0486598942679611,0.4847780731437383,0.0,14.0
8500.0,85.0,0.4813957011077065,0.0518467590372402,0.4813957011077065,0.0,14.0
8600.0,86.0,0.4892488121946987,0.0468546594281796,0.4892488121946987,0.0,14.0
8800.0,88.0,0.4910616194240937,0.0455798467973634,0.4910616194240937,0.0,14.0
9000.0,90.0,0.4840597846023459,0.0480927823926348,0.4840597846023459,0.0,14.0
9200.0,92.0,0.4780799941811928,0.0473126159797657,0.4780799941811928,0.0,14.0
9300.0,93.0,0.4790712988341495,0.0485820179682594,0.4790712988341495,0.0,14.0
9400.0,94.0,0.4766036264102892,0.0470281694767397,0.4766036264102892,0.0,14.0
9600.0,96.0,0.4761142681255201,0.0474638622646529,0.4761142681255201,0.0,14.0
9800.0,98.0,0.4751309063761734,0.0487773540312834,0.4751309063761734,0.0,14.0
9900.0,99.0,0.4801626504580387,0.0473920684361059,0.4801626504580387,0.0,14.0
10100.0,101.0,0.4771863222575229,0.0470026315691373,0.4771863222575229,0.0,14.0
10200.0,102.0,0.4801925051377881,0.0463564363485632,0.4801925051377881,0.0,14.0
10300.0,103.0,0.4839208303940827,0.0442736877849617,0.4839208303940827,0.0,14.0
10600.0,106.0,0.4812430527105103,0.0482649998908349,0.4812430527105103,0.0,14.0
10800.0,108.0,0.4729069086756582,0.0509064725385494,0.4729069086756582,0.0,14.0
10900.0,109.0,0.4726446069312373,0.0499696068742865,0.4726446069312373,0.0,14.0
11000.0,110.0,0.4736651100178475,0.0503853504437635,0.4736651100178475,0.0,14.0
11200.0,112.0,0.4777202806845249,0.0491000455779575,0.4777202806845249,0.0,14.0
11500.0,115.0,0.4737267051639588,0.0522696094107079,0.4737267051639588,0.0,14.0
11600.0,116.0,0.4785150572647863,0.0509585138188302,0.4785150572647863,0.0,14.0
11700.0,117.0,0.4822162961961578,0.0502890713936712,0.4822162961961578,0.0,14.0
11800.0,118.0,0.4823221431976369,0.0505612086724274,0.4823221431976369,0.0,14.0
11900.0,119.0,0.4785461089079696,0.0496702915788508,0.4785461089079696,0.0,14.0
12000.0,120.0,0.4797982390492532,0.049289469565307,0.4797982390492532,0.0,14.0
12200.0,122.0,0.4792759797563762,0.0496130560449595,0.4792759797563762,0.0,14.0
12300.0,123.0,0.4825704138527145,0.0497641939486105,0.4825704138527145,0.0,14.0
12400.0,124.0,0.4817109091627434,0.0492370244762435,0.4817109091627434,0.0,14.0
12500.0,125.0,0.4834590350305514,0.0472256467136265,0.4834590350305514,0.0,14.0
12600.0,126.0,0.4863603713782186,0.0453025164436703,0.4863603713782186,0.0,14.0
12700.0,127.0,0.4880360931580801,0.0448175465427155,0.4880360931580801,0.0,14.0
12900.0,129.0,0.4856401058199424,0.0451518510670785,0.4856401058199424,0.0,14.0
13000.0,130.0,0.4861288115531332,0.0468014977646229,0.4861288115531332,0.0,14.0
13200.0,132.0,0.4858204735473296,0.0464537759151408,0.4858204735473296,0.0,14.0
13500.0,135.0,0.4837891288498845,0.048237407693089,0.4837891288498845,0.0,14.0
13700.0,137.0,0.4827822989240112,0.0479402974150788,0.4827822989240112,0.0,14.0
13800.0,138.0,0.4852318167617693,0.0472925557147268,0.4852318167617693,0.0,14.0
13900.0,139.0,0.4867412078223521,0.0469283019932689,0.4867412078223521,0.0,14.0
14000.0,140.0,0.4894278895223489,0.0451064230014683,0.4894278895223489,0.0,14.0
14100.0,141.0,0.4921830645588074,0.0447490523715043,0.4921830645588074,0.0,14.0
14300.0,143.0,0.4914424444569508,0.0450214872718611,0.4914424444569508,0.0,14.0
14400.0,144.0,0.4917990369958587,0.0446947093854884,0.4917990369958587,0.0,14.0
14600.0,146.0,0.4893612777486763,0.0462556781312551,0.4893612777486763,0.0,14.0
14700.0,147.0,0.487748766233964,0.0446955352322017,0.487748766233964,0.0,14.0
14800.0,148.0,0.4884958174902453,0.0446109425017509,0.4884958174902453,0.0,14.0
15100.0,151.0,0.4889583901759179,0.0431984038325659,0.4889583901759179,0.0,14.0
15200.0,152.0,0.4887354720838658,0.0431713518926746,0.4887354720838658,0.0,14.0
15400.0,154.0,0.4901395198713794,0.0428928984778801,0.4901395198713794,0.0,14.0
15600.0,156.0,0.4887016296961055,0.0428302618621712,0.4887016296961055,0.0,14.0
15700.0,157.0,0.4894241694654652,0.0416715647920155,0.4894241694654652,0.0,14.0
15800.0,158.0,0.4918769057968867,0.0407866077727562,0.4918769057968867,0.0,14.0
16000.0,160.0,0.4917382289027001,0.0419235178318721,0.4917382289027001,0.0,14.0
16200.0,162.0,0.4930497940337185,0.0403541980399031,0.4930497940337185,0.0,14.0
16700.0,167.0,0.4896641779635785,0.0436798889951553,0.4896641779635785,0.0,14.0
16900.0,169.0,0.4872709389993752,0.0434387906386956,0.4872709389993752,0.0,14.0
17000.0,170.0,0.4913612247706188,0.0417632994946061,0.4913612247706188,0.0,14.0
17100.0,171.0,0.4955542157380273,0.040768806653854,0.4955542157380273,0.0,14.0
17300.0,173.0,0.4947754281706295,0.042172242556076,0.4947754281706295,0.0,14.0
17500.0,175.0,0.4921857368947478,0.0421461226482863,0.4921857368947478,0.0,14.0
17800.0,178.0,0.4805162555213589,0.0432341613733191,0.4805162555213589,0.0,14.0
18100.0,181.0,0.4812049174580883,0.0479585283239434,0.4812049174580883,0.0,14.0
18300.0,183.0,0.4821695502508638,0.0468392157839716,0.4821695502508638,0.0,14.0
18500.0,185.0,0.4782682242732649,0.0448826230756545,0.4782682242732649,0.0,14.0
18600.0,186.0,0.4840244670100745,0.0467190572543587,0.4840244670100745,0.0,14.0
18700.0,187.0,0.4840508291850278,0.0494220889925105,0.4840508291850278,0.0,14.0
18800.0,188.0,0.476053139411741,0.049297330831266,0.476053139411741,0.0,14.0
19000.0,190.0,0.47855990166761,0.0513670303392453,0.47855990166761,0.0,14.0
19100.0,191.0,0.4908205659943916,0.0464170587714312,0.4908205659943916,0.0,14.0
19400.0,194.0,0.4834879742530386,0.0469799752677889,0.4834879742530386,0.0,14.0
19600.0,196.0,0.4850741370145499,0.0451319389213351,0.4850741370145499,0.0,14.0
19700.0,197.0,0.490581803117223,0.0438761515115127,0.490581803117223,0.0,14.0
19900.0,199.0,0.4863988884692391,0.0474943211318335,0.4863988884692391,0.0,14.0
20100.0,201.0,0.4795847037442467,0.0493451282405081,0.4795847037442467,0.0,14.0
20200.0,202.0,0.4847739027137663,0.0472793598212076,0.4847739027137663,0.0,14.0
20300.0,203.0,0.4838534779421681,0.0468409768213114,0.4838534779421681,0.0,14.0
20400.0,204.0,0.4818432150386776,0.0468356040844123,0.4818432150386776,0.0,14.0
20600.0,206.0,0.4838558457409735,0.0481089266735919,0.4838558457409735,0.0,14.0
20700.0,207.0,0.4853281335011475,0.0473518934577019,0.4853281335011475,0.0,14.0
20800.0,208.0,0.4860607104832601,0.0466001657829334,0.4860607104832601,0.0,14.0
20900.0,209.0,0.486123675725817,0.0455525987941192,0.486123675725817,0.0,14.0
21000.0,210.0,0.4877871350302272,0.0453559185536458,0.4877871350302272,0.0,14.0
21100.0,211.0,0.4912346747748139,0.0443831540227172,0.4912346747748139,0.0,14.0
21400.0,214.0,0.4878815909295458,0.0461401913412408,0.4878815909295458,0.0,14.0
21600.0,216.0,0.4901791828495521,0.0445353981605367,0.4901791828495521,0.0,14.0
22100.0,221.0,0.4834785691866794,0.0472927284750765,0.4834785691866794,0.0,14.0
22200.0,222.0,0.4867305375487597,0.0457657879919849,0.4867305375487597,0.0,14.0
22600.0,226.0,0.4870831257560497,0.0449254588781029,0.4870831257560497,0.0,14.0
22800.0,228.0,0.4888190095908918,0.0461537437945377,0.4888190095908918,0.0,14.0
23000.0,230.0,0.4888298407247222,0.0460890141067566,0.4888298407247222,0.0,14.0
23200.0,232.0,0.4884980521152788,0.0462112434790736,0.4884980521152788,0.0,14.0
23400.0,234.0,0.479445705400517,0.0479946084127453,0.479445705400517,0.0,14.0
23500.0,235.0,0.4814847741452656,0.0475835042213539,0.4814847741452656,0.0,14.0
23700.0,237.0,0.4816152983116408,0.0463233651830032,0.4816152983116408,0.0,14.0
23800.0,238.0,0.4832506122685775,0.0461311074122371,0.4832506122685775,0.0,14.0
23900.0,239.0,0.4865600436568824,0.0442746454703345,0.4865600436568824,0.0,14.0
24000.0,240.0,0.4861349592502838,0.0439580186401312,0.4861349592502838,0.0,14.0
24100.0,241.0,0.4822811563851647,0.0434717665703876,0.4822811563851647,0.0,14.0
24200.0,242.0,0.4880885263478656,0.0421558190953173,0.4880885263478656,0.0,14.0
24400.0,244.0,0.488096932030995,0.0413677293987908,0.488096932030995,0.0,14.0
24600.0,246.0,0.4898267804531371,0.0427454936343184,0.4898267804531371,0.0,14.0
24700.0,247.0,0.4907281272161639,0.0413618221657513,0.4907281272161639,0.0,14.0
24900.0,249.0,0.4836340611207344,0.0440823952362778,0.4836340611207344,0.0,14.0
25000.0,250.0,0.4894354084406642,0.0421386790763365,0.4894354084406642,0.0,14.0
25300.0,253.0,0.4881051905587097,0.0430381912351302,0.4881051905587097,0.0,14.0
25400.0,254.0,0.4892031531634394,0.0424559989583133,0.4892031531634394,0.0,14.0
25700.0,257.0,0.4849311889792009,0.0436904474850016,0.4849311889792009,0.0,14.0
25800.0,258.0,0.4851393536633245,0.0445117898257625,0.4851393536633245,0.0,14.0
25900.0,259.0,0.4852795834516589,0.0445503232844471,0.4852795834516589,0.0,14.0
26000.0,260.0,0.4898546451636591,0.0423954198772893,0.4898546451636591,0.0,14.0
26400.0,264.0,0.4822502838319446,0.0469446262809165,0.4822502838319446,0.0,14.0
26500.0,265.0,0.4837502996184479,0.0475065179352264,0.4837502996184479,0.0,14.0
26600.0,266.0,0.4868213856334815,0.0456039424184364,0.4868213856334815,0.0,14.0
26900.0,269.0,0.4824321354399433,0.0466748515412431,0.4824321354399433,0.0,14.0
27000.0,270.0,0.4878970832094653,0.0436100414618363,0.4878970832094653,0.0,14.0
27100.0,271.0,0.4873007191598099,0.0434738298576512,0.4873007191598099,0.0,14.0
27200.0,272.0,0.4882678248505303,0.0431849823823641,0.4882678248505303,0.0,14.0
27300.0,273.0,0.4922256048512908,0.0419281327500286,0.4922256048512908,0.0,14.0
27500.0,275.0,0.4936388979639327,0.0412058228731136,0.4936388979639327,0.0,14.0
27700.0,277.0,0.4929494020401531,0.043163486512786,0.4929494020401531,0.0,14.0
27800.0,278.0,0.4976821713855953,0.038876625945078,0.4976821713855953,0.0,14.0
28000.0,280.0,0.496203136070273,0.039778524192649,0.496203136070273,0.0,14.0
28600.0,286.0,0.4911317511922661,0.0453306906997388,0.4911317511922661,0.0,14.0
28700.0,287.0,0.4909561190790585,0.0448951148522231,0.4909561190790585,0.0,14.0
28800.0,288.0,0.4952020738209547,0.0421184755009319,0.4952020738209547,0.0,14.0
29300.0,293.0,0.489166486715315,0.0458743018843539,0.489166486715315,0.0,14.0
29400.0,294.0,0.4889270469435155,0.0441924672154339,0.4889270469435155,0.0,14.0
29500.0,295.0,0.4892049734798614,0.0436466341212333,0.4892049734798614,0.0,14.0
29700.0,297.0,0.4923171847779078,0.0432859517075025,0.4923171847779078,0.0,14.0
29800.0,298.0,0.4918287583552984,0.0419895839096764,0.4918287583552984,0.0,14.0
30000.0,300.0,0.4907256213275059,0.0422771647378249,0.4907256213275059,0.0,14.0
30100.0,301.0,0.4929460907448535,0.0414437858383832,0.4929460907448535,0.0,14.0
30200.0,302.0,0.4994451294313052,0.0392734627709729,0.4994451294313052,0.0,14.0
30600.0,306.0,0.489429377547551,0.0455905482637881,0.489429377547551,0.0,14.0
30800.0,308.0,0.4951671509776626,0.042998460916932,0.4951671509776626,0.0,14.0
30900.0,309.0,0.496170200808942,0.0424170703772588,0.496170200808942,0.0,14.0
31100.0,311.0,0.4891956236936481,0.0450867158256742,0.4891956236936481,0.0,14.0
31200.0,312.0,0.4931619961647333,0.0430773630451826,0.4931619961647333,0.0,14.0
31400.0,314.0,0.4899530251375835,0.0440980233939661,0.4899530251375835,0.0,14.0
31700.0,317.0,0.4835914003872174,0.047463495546174,0.4835914003872174,0.0,14.0
31800.0,318.0,0.486934189696334,0.0454603672960793,0.486934189696334,0.0,14.0
31900.0,319.0,0.4921758330895818,0.0441258434546911,0.4921758330895818,0.0,14.0
32000.0,320.0,0.4938532069155221,0.0428914757695527,0.4938532069155221,0.0,14.0
32200.0,322.0,0.4896016645050694,0.0441390951228822,0.4896016645050694,0.0,14.0
32300.0,323.0,0.4926775561765483,0.0430782961012948,0.4926775561765483,0.0,14.0
32400.0,324.0,0.4903818835524672,0.0430146891204878,0.4903818835524672,0.0,14.0
32500.0,325.0,0.4929082183243964,0.0420999762357736,0.4929082183243964,0.0,14.0
32600.0,326.0,0.4953935382605645,0.042045337667249,0.4953935382605645,0.0,14.0
32700.0,327.0,0.4963345417149021,0.0403310544019494,0.4963345417149021,0.0,14.0
32900.0,329.0,0.4935432518713115,0.0427750943029288,0.4935432518713115,0.0,14.0
33000.0,330.0,0.4944198293547525,0.0427177057014454,0.4944198293547525,0.0,14.0
33100.0,331.0,0.494986521878993,0.0418646537104186,0.494986521878993,0.0,14.0
33200.0,332.0,0.4962038042777787,0.0415914982740388,0.4962038042777787,0.0,14.0
33400.0,334.0,0.4948166239119503,0.0413703655267433,0.4948166239119503,0.0,14.0
33800.0,338.0,0.4949432476449982,0.0422951544270689,0.4949432476449982,0.0,14.0
33900.0,339.0,0.4955327371643036,0.0421348206347427,0.4955327371643036,0.0,14.0
34000.0,340.0,0.4955953889892765,0.0414616085667991,0.4955953889892765,0.0,14.0
34100.0,341.0,0.4968489263845711,0.0406647807316702,0.4968489263845711,0.0,14.0
34200.0,342.0,0.4952014125513764,0.040658790065949,0.4952014125513764,0.0,14.0
34300.0,343.0,0.4968503234618702,0.040404633885868,0.4968503234618702,0.0,14.0
34600.0,346.0,0.4914468955921199,0.0425284304373153,0.4914468955921199,0.0,14.0
34900.0,349.0,0.4883323609430317,0.0470887932563672,0.4883323609430317,0.0,14.0
35000.0,350.0,0.485933558439466,0.0464209967904706,0.485933558439466,0.0,14.0
35200.0,352.0,0.4842775000384058,0.0473077150750255,0.4842775000384058,0.0,14.0
35300.0,353.0,0.4821159665271352,0.0468281341060935,0.4821159665271352,0.0,14.0
35400.0,354.0,0.4831213251086434,0.0470125985345452,0.4831213251086434,0.0,14.0
35500.0,355.0,0.483004323598307,0.0461931994320478,0.483004323598307,0.0,14.0
35600.0,356.0,0.4846270194657552,0.0460566246471347,0.4846270194657552,0.0,14.0
35700.0,357.0,0.4841772459143265,0.0450021322261472,0.4841772459143265,0.0,14.0
35900.0,359.0,0.4844197895166646,0.0453281172442418,0.4844197895166646,0.0,14.0
36000.0,360.0,0.4879132521481552,0.04385321162018,0.4879132521481552,0.0,14.0
36400.0,364.0,0.4858525306604369,0.0463368844957965,0.4858525306604369,0.0,14.0
36500.0,365.0,0.4874632695041473,0.047636874663167,0.4874632695041473,0.0,14.0
36600.0,366.0,0.4900602643176716,0.0460367042316865,0.4900602643176716,0.0,14.0
36800.0,368.0,0.4872830760635796,0.0452202816019374,0.4872830760635796,0.0,14.0
37000.0,370.0,0.485774643688646,0.0461426241758911,0.485774643688646,0.0,14.0
37200.0,372.0,0.4857339563278384,0.0430682019392437,0.4857339563278384,0.0,14.0
37500.0,375.0,0.4843893608994889,0.0467466273627159,0.4843893608994889,0.0,14.0
37600.0,376.0,0.4894110102695039,0.045173866786636,0.4894110102695039,0.0,14.0
37800.0,378.0,0.4919364242564626,0.0418798283253471,0.4919364242564626,0.0,14.0
38200.0,382.0,0.4822997219753284,0.0449873712243673,0.4822997219753284,0.0,14.0
38300.0,383.0,0.4856506853895935,0.0453498017077213,0.4856506853895935,0.0,14.0
38500.0,385.0,0.4842498437737885,0.0454322290164204,0.4842498437737885,0.0,14.0
38600.0,386.0,0.4898510563957092,0.0409269886212835,0.4898510563957092,0.0,14.0
38700.0,387.0,0.4916043742091214,0.0400091470110514,0.4916043742091214,0.0,14.0
39000.0,390.0,0.4915319471491212,0.0409960984169215,0.4915319471491212,0.0,14.0
39200.0,392.0,0.4926684956052377,0.0403903235466659,0.4926684956052377,0.0,14.0
39400.0,394.0,0.4873458128463622,0.0412867740028265,0.4873458128463622,0.0,14.0
39500.0,395.0,0.4877014909477545,0.0424200674496411,0.4877014909477545,0.0,14.0
39600.0,396.0,0.4881797907952683,0.0419164442765348,0.4881797907952683,0.0,14.0
39700.0,397.0,0.491250354398777,0.0412572906239659,0.491250354398777,0.0,14.0
40000.0,400.0,0.4886320556085577,0.0439548030509102,0.4886320556085577,0.0,14.0
40100.0,401.0,0.4853080495801967,0.0433960565795414,0.4853080495801967,0.0,14.0
40200.0,402.0,0.4933380070351114,0.0412457381291783,0.4933380070351114,0.0,14.0
40300.0,403.0,0.4937888202607789,0.0414460918079407,0.4937888202607789,0.0,14.0
40400.0,404.0,0.4938534647453434,0.0443931326334365,0.4938534647453434,0.0,14.0
40500.0,405.0,0.500749481472734,0.0382673965691609,0.500749481472734,0.0,14.0
40600.0,406.0,0.5008207721329605,0.0384671412472296,0.5008207721329605,0.0,14.0
40900.0,409.0,0.4978273566235953,0.0390676480693448,0.4978273566235953,0.0,14.0
41000.0,410.0,0.4987543375884933,0.0389958266085757,0.4987543375884933,0.0,14.0
41200.0,412.0,0.4989650555520892,0.0401466761087137,0.4989650555520892,0.0,14.0
41300.0,413.0,0.5022300527498829,0.0382095006429328,0.5022300527498829,0.0,14.0
41400.0,414.0,0.4997874277575683,0.0380871482373815,0.4997874277575683,0.0,14.0
41900.0,419.0,0.4905038980256675,0.0453605453783421,0.4905038980256675,0.0,14.0
42000.0,420.0,0.4930188729974338,0.0447910455365082,0.4930188729974338,0.0,14.0
42100.0,421.0,0.4927063191692172,0.0442476121704274,0.4927063191692172,0.0,14.0
42200.0,422.0,0.4975589879105553,0.0420409144735167,0.4975589879105553,0.0,14.0
42700.0,427.0,0.4889842850871958,0.0447474782577567,0.4889842850871958,0.0,14.0
43100.0,431.0,0.4809677817149855,0.0466172778079387,0.4809677817149855,0.0,14.0
43300.0,433.0,0.4817244981716785,0.0458986136344614,0.4817244981716785,0.0,14.0
43400.0,434.0,0.4852179399132935,0.0448325167579988,0.4852179399132935,0.0,14.0
43500.0,435.0,0.4907968359840116,0.0415044762098949,0.4907968359840116,0.0,14.0
43800.0,438.0,0.4866436647434779,0.043243559830179,0.4866436647434779,0.0,14.0
43900.0,439.0,0.4879502577485302,0.0434796162560236,0.4879502577485302,0.0,14.0
44000.0,440.0,0.4897205269266402,0.0413570087040483,0.4897205269266402,0.0,14.0
44200.0,442.0,0.4762751279594064,0.048451478559878,0.4762751279594064,0.0,14.0
44300.0,443.0,0.4848969361911848,0.0455070678870532,0.4848969361911848,0.0,14.0
44600.0,446.0,0.4821871005235432,0.0496511916684056,0.4821871005235432,0.0,14.0
44700.0,447.0,0.4874565710972079,0.0455074239412192,0.4874565710972079,0.0,14.0
44800.0,448.0,0.4921344893350137,0.0451542298402565,0.4921344893350137,0.0,14.0
45200.0,452.0,0.4795155577296018,0.0480667862589791,0.4795155577296018,0.0,14.0
45300.0,453.0,0.4851514356560688,0.0456673550084053,0.4851514356560688,0.0,14.0
45600.0,456.0,0.4777889547189031,0.046183677229559,0.4777889547189031,0.0,14.0
45700.0,457.0,0.4781889110094857,0.0453629579854037,0.4781889110094857,0.0,14.0
45800.0,458.0,0.4852773873124344,0.0423601079915587,0.4852773873124344,0.0,14.0
46000.0,460.0,0.4844504895611887,0.0431992850457314,0.4844504895611887,0.0,14.0
46100.0,461.0,0.4938787099725938,0.0395455810773821,0.4938787099725938,0.0,14.0
46200.0,462.0,0.4940138246838531,0.039817083692372,0.4940138246838531,0.0,14.0
46300.0,463.0,0.4917312151642641,0.0394384849586647,0.4917312151642641,0.0,14.0
46600.0,466.0,0.4843125606387404,0.0429143205243323,0.4843125606387404,0.0,14.0
46700.0,467.0,0.4863428833212039,0.0426398438650661,0.4863428833212039,0.0,14.0
46900.0,469.0,0.486186549657769,0.0415307645473295,0.486186549657769,0.0,14.0
47100.0,471.0,0.4860147875457105,0.0421824912817403,0.4860147875457105,0.0,14.0
47200.0,472.0,0.4867521815125889,0.0417920001052577,0.4867521815125889,0.0,14.0
47300.0,473.0,0.4868136403740164,0.0428768313211748,0.4868136403740164,0.0,14.0
47500.0,475.0,0.4813851503938352,0.0455776745870612,0.4813851503938352,0.0,14.0
47600.0,476.0,0.4958773664486864,0.0403484113997224,0.4958773664486864,0.0,14.0
47800.0,478.0,0.4872723416298694,0.0415647903834239,0.4872723416298694,0.0,14.0
47900.0,479.0,0.4922496313058555,0.0407608887849059,0.4922496313058555,0.0,14.0
48000.0,480.0,0.4980431088464312,0.037940722692248,0.4980431088464312,0.0,14.0
48100.0,481.0,0.5004667379957076,0.0377692788795758,0.5004667379957076,0.0,14.0
48400.0,484.0,0.4937240580705427,0.0431919610096773,0.4937240580705427,0.0,14.0
48500.0,485.0,0.4948199948419727,0.0403490560842191,0.4948199948419727,0.0,14.0
48900.0,489.0,0.4923251643505918,0.0431530058608119,0.4923251643505918,0.0,14.0
49100.0,491.0,0.4838558972125353,0.0451309706146142,0.4838558972125353,0.0,14.0
49200.0,492.0,0.4841994237098485,0.0447458425798366,0.4841994237098485,0.0,14.0
49300.0,493.0,0.4894087733807351,0.0403748581601366,0.4894087733807351,0.0,14.0
49600.0,496.0,0.4860144573146935,0.0413802320822669,0.4860144573146935,0.0,14.0
49900.0,499.0,0.4765942848987165,0.045393888852854,0.4765942848987165,0.0,14.0
50000.0,500.0,0.4772927891472908,0.045149920797483,0.4772927891472908,0.0,14.0
50100.0,501.0,0.4810914367551268,0.0451684755027196,0.4810914367551268,0.0,14.0
50200.0,502.0,0.4836041594487801,0.0455895371682772,0.4836041594487801,0.0,14.0
50300.0,503.0,0.4843706500855826,0.045093246094303,0.4843706500855826,0.0,14.0
50400.0,504.0,0.4892984040832905,0.0423223464892185,0.4892984040832905,0.0,14.0
50500.0,505.0,0.4898744794221668,0.0412197562623131,0.4898744794221668,0.0,14.0
50600.0,506.0,0.4906335582867131,0.039773072708897,0.4906335582867131,0.0,14.0
50700.0,507.0,0.4916881524076104,0.0380772623709103,0.4916881524076104,0.0,14.0
51000.0,510.0,0.4902431697575644,0.0419120395494248,0.4902431697575644,0.0,14.0
51100.0,511.0,0.490537537924804,0.0422127428268138,0.490537537924804,0.0,14.0
51200.0,512.0,0.4920556435144765,0.0433290337449104,0.4920556435144765,0.0,14.0
51400.0,514.0,0.4885939959131074,0.0468066112416739,0.4885939959131074,0.0,14.0
51600.0,516.0,0.4865774178516605,0.042558844847381,0.4865774178516605,0.0,14.0
51700.0,517.0,0.4893634646965406,0.0413053853944911,0.4893634646965406,0.0,14.0
52000.0,520.0,0.4882636081939291,0.042423247057328,0.4882636081939291,0.0,14.0
52100.0,521.0,0.4951657935705161,0.040032720860443,0.4951657935705161,0.0,14.0
52300.0,523.0,0.4931285143558621,0.0390054848375465,0.4931285143558621,0.0,14.0
52500.0,525.0,0.4928637674590951,0.0409341353812408,0.4928637674590951,0.0,14.0
52600.0,526.0,0.4956894767005574,0.040443231892278,0.4956894767005574,0.0,14.0
52700.0,527.0,0.495519481027142,0.0397184213889136,0.495519481027142,0.0,14.0
52800.0,528.0,0.4957496697853464,0.0404600786334435,0.4957496697853464,0.0,14.0
52900.0,529.0,0.4988834942345323,0.0385915197913211,0.4988834942345323,0.0,14.0
53500.0,535.0,0.4927275512407475,0.0419523223168308,0.4927275512407475,0.0,14.0
53600.0,536.0,0.4921431250138195,0.0417055643127854,0.4921431250138195,0.0,14.0
53700.0,537.0,0.4973697976271305,0.0400573007311964,0.4973697976271305,0.0,14.0
54000.0,540.0,0.4904801099146542,0.0423597375678959,0.4904801099146542,0.0,14.0
54300.0,543.0,0.4891925416793273,0.0424113836742745,0.4891925416793273,0.0,14.0
54400.0,544.0,0.4929054864687285,0.0412308958853124,0.4929054864687285,0.0,14.0
54600.0,546.0,0.4904930897246117,0.0443930361358969,0.4904930897246117,0.0,14.0
54700.0,547.0,0.4906877624546978,0.0442786753179772,0.4906877624546978,0.0,14.0
54900.0,549.0,0.4897917713635022,0.0446388252872466,0.4897917713635022,0.0,14.0
55100.0,551.0,0.4930885167667577,0.0418206020898571,0.4930885167667577,0.0,14.0
55400.0,554.0,0.4906636650134512,0.0451809811538355,0.4906636650134512,0.0,14.0
55500.0,555.0,0.4908644062485759,0.0446298546717798,0.4908644062485759,0.0,14.0
55600.0,556.0,0.4951052681693205,0.0419922130930097,0.4951052681693205,0.0,14.0
55800.0,558.0,0.4949030714949627,0.0416850189127804,0.4949030714949627,0.0,14.0
55900.0,559.0,0.4966667907918604,0.0407222564324663,0.4966667907918604,0.0,14.0
56100.0,561.0,0.5035174894295045,0.037479856678177,0.5035174894295045,0.0,14.0
56400.0,564.0,0.5022310607892764,0.0382481694531144,0.5022310607892764,0.0,14.0
56700.0,567.0,0.497159530996181,0.0396484366741921,0.497159530996181,0.0,14.0
56800.0,568.0,0.4993154115958457,0.0389966528550581,0.4993154115958457,0.0,14.0
57000.0,570.0,0.4989179129122983,0.0387363955420968,0.4989179129122983,0.0,14.0
57100.0,571.0,0.5019201948004671,0.0376245893567983,0.5019201948004671,0.0,14.0
57300.0,573.0,0.4951411207791611,0.0383212475746856,0.4951411207791611,0.0,14.0
57700.0,577.0,0.4900810492301257,0.0412822244695772,0.4900810492301257,0.0,14.0
57800.0,578.0,0.4927746026359447,0.041522171197304,0.4927746026359447,0.0,14.0
58000.0,580.0,0.4926719692391328,0.0390761185016451,0.4926719692391328,0.0,14.0
58100.0,581.0,0.4936955177701166,0.0417858484564777,0.4936955177701166,0.0,14.0
58200.0,582.0,0.4966775047254628,0.0394049745572483,0.4966775047254628,0.0,14.0
58500.0,585.0,0.4861762636070691,0.0413441842870523,0.4861762636070691,0.0,14.0
58600.0,586.0,0.4892187012500292,0.0410648158629156,0.4892187012500292,0.0,14.0
58800.0,588.0,0.4888043425163931,0.041346303801794,0.4888043425163931,0.0,14.0
58900.0,589.0,0.4977337081790904,0.0382884284098659,0.4977337081790904,0.0,14.0
59000.0,590.0,0.4947396068453567,0.0382336892429484,0.4947396068453567,0.0,14.0
59100.0,591.0,0.4973550647952686,0.0395257836907608,0.4973550647952686,0.0,14.0
59200.0,592.0,0.497768634904023,0.0390832414153403,0.497768634904023,0.0,14.0
59300.0,593.0,0.4994389171813275,0.0378054975192682,0.4994389171813275,0.0,14.0
59500.0,595.0,0.4934065751101555,0.0413714543736708,0.4934065751101555,0.0,14.0
59700.0,597.0,0.4903283527250149,0.0418209808811563,0.4903283527250149,0.0,14.0
59800.0,598.0,0.4919826203095128,0.0409571710401108,0.4919826203095128,0.0,14.0
59900.0,599.0,0.4939068424953959,0.0390902329743173,0.4939068424953959,0.0,14.0
60200.0,602.0,0.4872656786878608,0.0406635715453725,0.4872656786878608,0.0,14.0
60300.0,603.0,0.4879301083837625,0.0399061041267091,0.4879301083837625,0.0,14.0
60500.0,605.0,0.4879337430266586,0.0410913859905504,0.4879337430266586,0.0,14.0
60700.0,607.0,0.4878462785882101,0.0424534324383685,0.4878462785882101,0.0,14.0
60800.0,608.0,0.4850260634967947,0.0414550545777661,0.4850260634967947,0.0,14.0
61000.0,610.0,0.4823091522731341,0.0443177476106234,0.4823091522731341,0.0,14.0
61100.0,611.0,0.4837489986309408,0.0448609284259942,0.4837489986309408,0.0,14.0
61200.0,612.0,0.483383934579908,0.0446086541560064,0.483383934579908,0.0,14.0
61300.0,613.0,0.4859472869177806,0.0437582460086402,0.4859472869177806,0.0,14.0
61400.0,614.0,0.4872219486447391,0.0419869352395954,0.4872219486447391,0.0,14.0
61600.0,616.0,0.4929675971462224,0.0416426941595815,0.4929675971462224,0.0,14.0
61800.0,618.0,0.4918044645856448,0.0414623975590731,0.4918044645856448,0.0,14.0
62000.0,620.0,0.4881683658728132,0.0433536419218235,0.4881683658728132,0.0,14.0
62100.0,621.0,0.4905826492590663,0.0427257007088641,0.4905826492590663,0.0,14.0
62200.0,622.0,0.487756513052206,0.0426234855580921,0.487756513052206,0.0,14.0
62300.0,623.0,0.4886098057140955,0.042060534268056,0.4886098057140955,0.0,14.0
62400.0,624.0,0.4904833570960343,0.0422849560249932,0.4904833570960343,0.0,14.0
62500.0,625.0,0.4935415344031102,0.0400656424084493,0.4935415344031102,0.0,14.0
62800.0,628.0,0.4808573176022682,0.0434371906560449,0.4808573176022682,0.0,14.0
62900.0,629.0,0.4834031285526475,0.043190191459434,0.4834031285526475,0.0,14.0
63000.0,630.0,0.4879014338107799,0.0408287445300983,0.4879014338107799,0.0,14.0
63100.0,631.0,0.4930718704779705,0.0391606748681333,0.4930718704779705,0.0,14.0
63300.0,633.0,0.4940433941556778,0.0386698816420694,0.4940433941556778,0.0,14.0
63500.0,635.0,0.4960911571502365,0.0403672651595562,0.4960911571502365,0.0,14.0
63700.0,637.0,0.4898781976011658,0.0396224264663704,0.4898781976011658,0.0,14.0
63800.0,638.0,0.4916867259154757,0.038658371924522,0.4916867259154757,0.0,14.0
63900.0,639.0,0.4902957412358075,0.0385686107295827,0.4902957412358075,0.0,14.0
64100.0,641.0,0.4935055797054207,0.0372924042242137,0.4935055797054207,0.0,14.0
64300.0,643.0,0.4896715706732848,0.0392071711256255,0.4896715706732848,0.0,14.0
64500.0,645.0,0.4871298795849078,0.0407628039516483,0.4871298795849078,0.0,14.0
64600.0,646.0,0.4902868774416483,0.0394695166101834,0.4902868774416483,0.0,14.0
64800.0,648.0,0.4899569874128837,0.040403304724719,0.4899569874128837,0.0,14.0
64900.0,649.0,0.4902935116598271,0.040128045884029,0.4902935116598271,0.0,14.0
65000.0,650.0,0.4922549250803556,0.0401502276528431,0.4922549250803556,0.0,14.0
65100.0,651.0,0.4977597289758512,0.0384357703622169,0.4977597289758512,0.0,14.0
65200.0,652.0,0.4946046800153444,0.0381394606535286,0.4946046800153444,0.0,14.0
65300.0,653.0,0.4971145985143815,0.0380098332725135,0.4971145985143815,0.0,14.0
65400.0,654.0,0.4960798110687151,0.0379921764773273,0.4960798110687151,0.0,14.0
65600.0,656.0,0.4982511235733646,0.0379888694546215,0.4982511235733646,0.0,14.0
65800.0,658.0,0.4937399669984846,0.0401714118696271,0.4937399669984846,0.0,14.0
66100.0,661.0,0.4870060078256211,0.0446013198900585,0.4870060078256211,0.0,14.0
66200.0,662.0,0.4871350579246072,0.0447696393193204,0.4871350579246072,0.0,14.0
66300.0,663.0,0.4877285513860233,0.0431986264178817,0.4877285513860233,0.0,14.0
66400.0,664.0,0.4900835226477366,0.0404985119041617,0.4900835226477366,0.0,14.0
66600.0,666.0,0.4960008495484642,0.0405140963286261,0.4960008495484642,0.0,14.0
66800.0,668.0,0.4919177234627228,0.0421077706213765,0.4919177234627228,0.0,14.0
66900.0,669.0,0.4994189412398936,0.039899855673158,0.4994189412398936,0.0,14.0
67200.0,672.0,0.4956011530648919,0.0399945854718196,0.4956011530648919,0.0,14.0
67400.0,674.0,0.4920268671805676,0.043609096334519,0.4920268671805676,0.0,14.0
67600.0,676.0,0.491848757793362,0.0423218632679996,0.491848757793362,0.0,14.0
67800.0,678.0,0.4897016680191125,0.0437114349628931,0.4897016680191125,0.0,14.0
67900.0,679.0,0.483559637690464,0.0427267111351779,0.483559637690464,0.0,14.0
68100.0,681.0,0.4905563514383202,0.0444926363029463,0.4905563514383202,0.0,14.0
68200.0,682.0,0.4885125300963468,0.0432996565729056,0.4885125300963468,0.0,14.0
68400.0,684.0,0.4836936540855031,0.0463448949668175,0.4836936540855031,0.0,14.0
68500.0,685.0,0.4869063923061884,0.0410072823293487,0.4869063923061884,0.0,14.0
68600.0,686.0,0.4877432613118987,0.0411730354172915,0.4877432613118987,0.0,14.0
68700.0,687.0,0.490293742141509,0.0423203722395862,0.490293742141509,0.0,14.0
69000.0,690.0,0.4926865890036139,0.0402460015207747,0.4926865890036139,0.0,14.0
69100.0,691.0,0.496475567068193,0.0390813209489894,0.496475567068193,0.0,14.0
69400.0,694.0,0.4943363793833067,0.040078727130625,0.4943363793833067,0.0,14.0
69800.0,698.0,0.4887559439581297,0.0429599746931335,0.4887559439581297,0.0,14.0
70000.0,700.0,0.4852559158893602,0.0436084103735662,0.4852559158893602,0.0,14.0
100.0,1.0,0.2269847223759032,0.2851950980441333,0.2269847223759032,0.0,15.0
200.0,2.0,0.2747889279116791,0.2071302807300101,0.2747889279116791,0.0,15.0
300.0,3.0,0.3058127272974945,0.1867605413879727,0.3058127272974945,0.0,15.0
400.0,4.0,0.3447498702188862,0.157810647151937,0.3447498702188862,0.0,15.0
500.0,5.0,0.3724621209298274,0.1386674377644463,0.3724621209298274,0.0,15.0
600.0,6.0,0.3785393487375545,0.1295327426282246,0.3785393487375545,0.0,15.0
800.0,8.0,0.3865793267058185,0.1176522120479143,0.3865793267058185,0.0,15.0
900.0,9.0,0.3971097680350241,0.1076579363008557,0.3971097680350241,0.0,15.0
1000.0,10.0,0.4122999676143405,0.0993631907242935,0.4122999676143405,0.0,15.0
1100.0,11.0,0.4231663545537447,0.0880423357573255,0.4231663545537447,0.0,15.0
1200.0,12.0,0.4345917649814028,0.0818005370283232,0.4345917649814028,0.0,15.0
1300.0,13.0,0.4421137287136983,0.0766609299571376,0.4421137287136983,0.0,15.0
1400.0,14.0,0.4455110518467979,0.0739474143510449,0.4455110518467979,0.0,15.0
1500.0,15.0,0.4501207245655956,0.0699438280539892,0.4501207245655956,0.0,15.0
1600.0,16.0,0.4497091611459353,0.068571030604247,0.4497091611459353,0.0,15.0
1700.0,17.0,0.4545934952590674,0.0660650828084539,0.4545934952590674,0.0,15.0
1900.0,19.0,0.4541556582235272,0.0646738555012957,0.4541556582235272,0.0,15.0
2000.0,20.0,0.4547774369378976,0.0655648394230053,0.4547774369378976,0.0,15.0
2100.0,21.0,0.456975792832153,0.0633378162424246,0.456975792832153,0.0,15.0
2200.0,22.0,0.4577970446388685,0.0648573242601677,0.4577970446388685,0.0,15.0
2400.0,24.0,0.4621644461111644,0.0602947366251179,0.4621644461111644,0.0,15.0
2600.0,26.0,0.462918675194622,0.0612759570104687,0.462918675194622,0.0,15.0
2700.0,27.0,0.4621033009382849,0.0604543261608367,0.4621033009382849,0.0,15.0
2800.0,28.0,0.4611343940982335,0.0597849171452528,0.4611343940982335,0.0,15.0
3000.0,30.0,0.4636381741930248,0.0604452393814336,0.4636381741930248,0.0,15.0
3100.0,31.0,0.4658917279381332,0.0588905185208194,0.4658917279381332,0.0,15.0
3200.0,32.0,0.4671865479331665,0.0586523665176227,0.4671865479331665,0.0,15.0
3300.0,33.0,0.4734555982790297,0.0556372707643277,0.4734555982790297,0.0,15.0
3400.0,34.0,0.4736955383286945,0.0557025847636313,0.4736955383286945,0.0,15.0
3500.0,35.0,0.475521091747329,0.0542752170381208,0.475521091747329,0.0,15.0
3700.0,37.0,0.471801048920158,0.0550904180167336,0.471801048920158,0.0,15.0
3800.0,38.0,0.4759994366590967,0.0526661530760373,0.4759994366590967,0.0,15.0
3900.0,39.0,0.4776948313731026,0.0533549477048941,0.4776948313731026,0.0,15.0
4000.0,40.0,0.4823687241653512,0.0515075075629088,0.4823687241653512,0.0,15.0
4100.0,41.0,0.4816579227329889,0.0506365347391157,0.4816579227329889,0.0,15.0
4200.0,42.0,0.4850533988184577,0.04809658803864,0.4850533988184577,0.0,15.0
4400.0,44.0,0.4850752497109457,0.0472238277361511,0.4850752497109457,0.0,15.0
4500.0,45.0,0.4861275848971294,0.0465948815258627,0.4861275848971294,0.0,15.0
5000.0,50.0,0.4763987979660036,0.0493228846829868,0.4763987979660036,0.0,15.0
5100.0,51.0,0.4763751113929473,0.047679396475558,0.4763751113929473,0.0,15.0
5200.0,52.0,0.4772495498551131,0.0485422023333403,0.4772495498551131,0.0,15.0
5300.0,53.0,0.4799050280065255,0.0460715307471991,0.4799050280065255,0.0,15.0
5400.0,54.0,0.4799130837426955,0.0459229054754382,0.4799130837426955,0.0,15.0
5500.0,55.0,0.4871798137333919,0.0450616258768249,0.4871798137333919,0.0,15.0
5700.0,57.0,0.4870044990801927,0.0436500862606169,0.4870044990801927,0.0,15.0
5900.0,59.0,0.4863725713537817,0.0440325433317609,0.4863725713537817,0.0,15.0
6400.0,64.0,0.4839341279516743,0.0467454423383313,0.4839341279516743,0.0,15.0
6600.0,66.0,0.4804343404817661,0.0464418885660413,0.4804343404817661,0.0,15.0
6800.0,68.0,0.4776512608425341,0.0475797263469796,0.4776512608425341,0.0,15.0
6900.0,69.0,0.4777309703776837,0.0476024763178578,0.4777309703776837,0.0,15.0
7100.0,71.0,0.4775229403662528,0.0486501521807917,0.4775229403662528,0.0,15.0
7200.0,72.0,0.4818973904862251,0.0470075632411671,0.4818973904862251,0.0,15.0
7500.0,75.0,0.4736128877762314,0.0530380880164938,0.4736128877762314,0.0,15.0
7600.0,76.0,0.4709528323348049,0.0528037033638756,0.4709528323348049,0.0,15.0
7800.0,78.0,0.4694480843451991,0.0538027332575244,0.4694480843451991,0.0,15.0
7900.0,79.0,0.4736009398583441,0.0505063375218221,0.4736009398583441,0.0,15.0
8100.0,81.0,0.4709383157569746,0.0517182270314181,0.4709383157569746,0.0,15.0
8200.0,82.0,0.4737877969257114,0.0508541973412471,0.4737877969257114,0.0,15.0
8300.0,83.0,0.4759418148190601,0.0503543213650166,0.4759418148190601,0.0,15.0
8600.0,86.0,0.4736656875902181,0.0506328192112287,0.4736656875902181,0.0,15.0
8900.0,89.0,0.4728972820802432,0.049466737941349,0.4728972820802432,0.0,15.0
9100.0,91.0,0.4752501449125107,0.0487710401253942,0.4752501449125107,0.0,15.0
9200.0,92.0,0.4739154248234609,0.0480548789149316,0.4739154248234609,0.0,15.0
9300.0,93.0,0.4791435526437818,0.0487851131494761,0.4791435526437818,0.0,15.0
9400.0,94.0,0.4822541894737487,0.0469921821142793,0.4822541894737487,0.0,15.0
9600.0,96.0,0.480675900749748,0.0490253293994723,0.480675900749748,0.0,15.0
9700.0,97.0,0.4823467195088842,0.0486138977258415,0.4823467195088842,0.0,15.0
9800.0,98.0,0.4835311195437809,0.0468772214929395,0.4835311195437809,0.0,15.0
9900.0,99.0,0.4841112682973847,0.0469245762415321,0.4841112682973847,0.0,15.0
10000.0,100.0,0.4883809368647913,0.0433028228353038,0.4883809368647913,0.0,15.0
10200.0,102.0,0.4913868660449478,0.0428831094659429,0.4913868660449478,0.0,15.0
10500.0,105.0,0.4914202660551736,0.0428166740638884,0.4914202660551736,0.0,15.0
10600.0,106.0,0.4881948157322043,0.0421259096318868,0.4881948157322043,0.0,15.0
10700.0,107.0,0.4886577398660788,0.042378031957104,0.4886577398660788,0.0,15.0
10800.0,108.0,0.4901552476382095,0.04250959754168,0.4901552476382095,0.0,15.0
11000.0,110.0,0.4894370917858899,0.043034245917126,0.4894370917858899,0.0,15.0
11300.0,113.0,0.488656300402441,0.0439539099074519,0.488656300402441,0.0,15.0
11400.0,114.0,0.4898173863885197,0.0433416296269692,0.4898173863885197,0.0,15.0
11600.0,116.0,0.4932658974530852,0.0413008020219145,0.4932658974530852,0.0,15.0
12000.0,120.0,0.4804314237209094,0.0471897429251992,0.4804314237209094,0.0,15.0
12100.0,121.0,0.485420376396566,0.0451114913582883,0.485420376396566,0.0,15.0
12300.0,123.0,0.4823594123716805,0.0454292988776448,0.4823594123716805,0.0,15.0
12400.0,124.0,0.483643149216341,0.0436632884445586,0.483643149216341,0.0,15.0
12500.0,125.0,0.4858098087431052,0.0438298944528206,0.4858098087431052,0.0,15.0
12700.0,127.0,0.4827443277119621,0.044463907476802,0.4827443277119621,0.0,15.0
12800.0,128.0,0.4841963250608328,0.0439621416174843,0.4841963250608328,0.0,15.0
12900.0,129.0,0.4868411214853019,0.0429095466215074,0.4868411214853019,0.0,15.0
13000.0,130.0,0.4921822729065444,0.0416783326474694,0.4921822729065444,0.0,15.0
13200.0,132.0,0.4882502796193183,0.0425411415425747,0.4882502796193183,0.0,15.0
13600.0,136.0,0.485002220058763,0.043602092969379,0.485002220058763,0.0,15.0
13700.0,137.0,0.4926358850796301,0.0396214561689196,0.4926358850796301,0.0,15.0
13800.0,138.0,0.496461631369008,0.0368921162700293,0.496461631369008,0.0,15.0
14200.0,142.0,0.4885505161731289,0.0421410402841084,0.4885505161731289,0.0,15.0
14300.0,143.0,0.4904294098877434,0.0405730733122077,0.4904294098877434,0.0,15.0
14500.0,145.0,0.484596478382399,0.0400680644566398,0.484596478382399,0.0,15.0
14600.0,146.0,0.4867825778713028,0.0390845697626038,0.4867825778713028,0.0,15.0
14800.0,148.0,0.486410986527451,0.041376839968215,0.486410986527451,0.0,15.0
14900.0,149.0,0.489074529788483,0.0419435724158733,0.489074529788483,0.0,15.0
15100.0,151.0,0.4905719504836107,0.0413227507676656,0.4905719504836107,0.0,15.0
15200.0,152.0,0.49213575999588,0.041078835992585,0.49213575999588,0.0,15.0
15300.0,153.0,0.4923769535073757,0.0415023495473996,0.4923769535073757,0.0,15.0
15500.0,155.0,0.488835502430413,0.0423456105827679,0.488835502430413,0.0,15.0
15900.0,159.0,0.4794660240119368,0.0460033249108378,0.4794660240119368,0.0,15.0
16100.0,161.0,0.4816293058896518,0.0457196039843052,0.4816293058896518,0.0,15.0
16400.0,164.0,0.4792362745100003,0.047724774995889,0.4792362745100003,0.0,15.0
16600.0,166.0,0.4746842174827711,0.0479898669680323,0.4746842174827711,0.0,15.0
16700.0,167.0,0.4772688501820281,0.0457636440119274,0.4772688501820281,0.0,15.0
16800.0,168.0,0.4790320755683871,0.0455956275335089,0.4790320755683871,0.0,15.0
17000.0,170.0,0.4790554943293945,0.0471811648579757,0.4790554943293945,0.0,15.0
17100.0,171.0,0.4833555384917792,0.0459729381576243,0.4833555384917792,0.0,15.0
17300.0,173.0,0.4812983640922478,0.0467898978414362,0.4812983640922478,0.0,15.0
17400.0,174.0,0.4799676373983232,0.0465631876866956,0.4799676373983232,0.0,15.0
17700.0,177.0,0.4786778508922605,0.0472984620210837,0.4786778508922605,0.0,15.0
17800.0,178.0,0.4767999412696457,0.04690695026381,0.4767999412696457,0.0,15.0
17900.0,179.0,0.4741994896135675,0.046813791907138,0.4741994896135675,0.0,15.0
18000.0,180.0,0.4792427318167677,0.0455788974466843,0.4792427318167677,0.0,15.0
18200.0,182.0,0.4851006597957513,0.0437920256653869,0.4851006597957513,0.0,15.0
18300.0,183.0,0.4882901026001232,0.0425980246447076,0.4882901026001232,0.0,15.0
18500.0,185.0,0.4812131472064548,0.044804561144201,0.4812131472064548,0.0,15.0
18800.0,188.0,0.4804699593599526,0.0465625564243266,0.4804699593599526,0.0,15.0
18900.0,189.0,0.4828581838086679,0.0450972493339821,0.4828581838086679,0.0,15.0
19000.0,190.0,0.4832492784775087,0.0448887074518835,0.4832492784775087,0.0,15.0
19100.0,191.0,0.4851461829028802,0.0429829811742048,0.4851461829028802,0.0,15.0
19300.0,193.0,0.4859451148803758,0.0424510202288878,0.4859451148803758,0.0,15.0
19400.0,194.0,0.4846430391558403,0.0424325136718849,0.4846430391558403,0.0,15.0
19500.0,195.0,0.4887800638746122,0.042209969231147,0.4887800638746122,0.0,15.0
19700.0,197.0,0.4876675286190207,0.0422777658948751,0.4876675286190207,0.0,15.0
19900.0,199.0,0.486029824472849,0.0434377274258016,0.486029824472849,0.0,15.0
20000.0,200.0,0.4893785752927801,0.0443290161703223,0.4893785752927801,0.0,15.0
20100.0,201.0,0.489116002883409,0.0439087496634565,0.489116002883409,0.0,15.0
20300.0,203.0,0.4809520921826156,0.0449069456189421,0.4809520921826156,0.0,15.0
20400.0,204.0,0.487514374242019,0.0427023683766854,0.487514374242019,0.0,15.0
20500.0,205.0,0.4882839890785871,0.0416735475553847,0.4882839890785871,0.0,15.0
20600.0,206.0,0.4896290146633882,0.0429691678111053,0.4896290146633882,0.0,15.0
20800.0,208.0,0.4874527243189346,0.0436494310439192,0.4874527243189346,0.0,15.0
20900.0,209.0,0.4886358220406335,0.0421726835481361,0.4886358220406335,0.0,15.0
21100.0,211.0,0.4878895965271619,0.0423821842363986,0.4878895965271619,0.0,15.0
21200.0,212.0,0.4920003622319577,0.0414727663225601,0.4920003622319577,0.0,15.0
21400.0,214.0,0.4878127482403074,0.0444219543325311,0.4878127482403074,0.0,15.0
21500.0,215.0,0.4909018277093382,0.0420715871519225,0.4909018277093382,0.0,15.0
21900.0,219.0,0.4848734994983241,0.0443120503365911,0.4848734994983241,0.0,15.0
22000.0,220.0,0.4876271151150672,0.0434335776223851,0.4876271151150672,0.0,15.0
22100.0,221.0,0.4902628858124198,0.0422260929971139,0.4902628858124198,0.0,15.0
22200.0,222.0,0.4932168452586744,0.0401294568141458,0.4932168452586744,0.0,15.0
22300.0,223.0,0.4910864350927104,0.0390132829327969,0.4910864350927104,0.0,15.0
22600.0,226.0,0.4869989447552006,0.0420819894712412,0.4869989447552006,0.0,15.0
22800.0,228.0,0.4884303924813467,0.0404072484479119,0.4884303924813467,0.0,15.0
23000.0,230.0,0.4906533126367309,0.0403404138599446,0.4906533126367309,0.0,15.0
23100.0,231.0,0.4910344402408932,0.0402075764125435,0.4910344402408932,0.0,15.0
23400.0,234.0,0.4885781523209773,0.0427157066100679,0.4885781523209773,0.0,15.0
23800.0,238.0,0.4834678220074915,0.0454098229913565,0.4834678220074915,0.0,15.0
24100.0,241.0,0.4839229887198172,0.0450201053776829,0.4839229887198172,0.0,15.0
24600.0,246.0,0.4824045743993981,0.0439156528143652,0.4824045743993981,0.0,15.0
24700.0,247.0,0.4825260358670006,0.0435627546454059,0.4825260358670006,0.0,15.0
24800.0,248.0,0.4835700888913136,0.0441231249214935,0.4835700888913136,0.0,15.0
24900.0,249.0,0.4848999705166543,0.0443891563166927,0.4848999705166543,0.0,15.0
25100.0,251.0,0.4895601586755824,0.0430388232186212,0.4895601586755824,0.0,15.0
25200.0,252.0,0.4879310171229538,0.0429795548958107,0.4879310171229538,0.0,15.0
25300.0,253.0,0.4927023343968576,0.0397723933362623,0.4927023343968576,0.0,15.0
25600.0,256.0,0.4933051665596614,0.0405427032542575,0.4933051665596614,0.0,15.0
25700.0,257.0,0.4937494684607449,0.0403651967114875,0.4937494684607449,0.0,15.0
25900.0,259.0,0.4880917617696776,0.0426058846910097,0.4880917617696776,0.0,15.0
26100.0,261.0,0.4845246771181413,0.0442445300061607,0.4845246771181413,0.0,15.0
26200.0,262.0,0.4850350918220755,0.0430606437572075,0.4850350918220755,0.0,15.0
26300.0,263.0,0.487177956449074,0.0428158212223049,0.487177956449074,0.0,15.0
26500.0,265.0,0.4880749598701512,0.0436918022714149,0.4880749598701512,0.0,15.0
26900.0,269.0,0.4805574340057415,0.0476477899954256,0.4805574340057415,0.0,15.0
27000.0,270.0,0.482294579135041,0.0460051287669321,0.482294579135041,0.0,15.0
27100.0,271.0,0.4843248437425769,0.0433538482916321,0.4843248437425769,0.0,15.0
27200.0,272.0,0.4845707713877741,0.0429962597431028,0.4845707713877741,0.0,15.0
27300.0,273.0,0.4854535774165344,0.0422149560390529,0.4854535774165344,0.0,15.0
27400.0,274.0,0.485881692525265,0.0415956149837372,0.485881692525265,0.0,15.0
27500.0,275.0,0.4860777173985213,0.0423617462465666,0.4860777173985213,0.0,15.0
27600.0,276.0,0.48837463494687,0.0409542744605013,0.48837463494687,0.0,15.0
27800.0,278.0,0.4838883600818306,0.0444522878559598,0.4838883600818306,0.0,15.0
28000.0,280.0,0.4859148952898577,0.0476882601030007,0.4859148952898577,0.0,15.0
28100.0,281.0,0.488013285761488,0.0462517480831223,0.488013285761488,0.0,15.0
28300.0,283.0,0.4805912518187786,0.0482501033440997,0.4805912518187786,0.0,15.0
28500.0,285.0,0.4830664690778432,0.0462578971862618,0.4830664690778432,0.0,15.0
28600.0,286.0,0.4899651785498773,0.0427666267600562,0.4899651785498773,0.0,15.0
28700.0,287.0,0.4893653366341378,0.0426844748397228,0.4893653366341378,0.0,15.0
28900.0,289.0,0.4910898275144413,0.0419282430987846,0.4910898275144413,0.0,15.0
29300.0,293.0,0.4834001176179773,0.0432587454011004,0.4834001176179773,0.0,15.0
29500.0,295.0,0.4847419479309114,0.0416698113496036,0.4847419479309114,0.0,15.0
29600.0,296.0,0.4851496599074829,0.0424386638669151,0.4851496599074829,0.0,15.0
29700.0,297.0,0.4903343290435371,0.0400553087163812,0.4903343290435371,0.0,15.0
29900.0,299.0,0.4907251658920943,0.0411104549800129,0.4907251658920943,0.0,15.0
30100.0,301.0,0.4842568914059305,0.0434596516576264,0.4842568914059305,0.0,15.0
30200.0,302.0,0.4887696063451963,0.0412983405740459,0.4887696063451963,0.0,15.0
30500.0,305.0,0.4775392710422746,0.0470950504205876,0.4775392710422746,0.0,15.0
30600.0,306.0,0.4846568186469515,0.0427497354132783,0.4846568186469515,0.0,15.0
30700.0,307.0,0.4837985806812115,0.0426849711818289,0.4837985806812115,0.0,15.0
30900.0,309.0,0.4842364441896554,0.0445847154826518,0.4842364441896554,0.0,15.0
31000.0,310.0,0.4909070560155189,0.0431562418216698,0.4909070560155189,0.0,15.0
31100.0,311.0,0.491554440836018,0.0427469757060959,0.491554440836018,0.0,15.0
31400.0,314.0,0.4816692675570712,0.0446615696912676,0.4816692675570712,0.0,15.0
31500.0,315.0,0.4855917124833647,0.0427763525066244,0.4855917124833647,0.0,15.0
31600.0,316.0,0.4885091979355346,0.0425885433192654,0.4885091979355346,0.0,15.0
31700.0,317.0,0.4896487334868545,0.0418432790563705,0.4896487334868545,0.0,15.0
31800.0,318.0,0.4913422739036152,0.0404200273327802,0.4913422739036152,0.0,15.0
32000.0,320.0,0.4941873249566839,0.0408278176655323,0.4941873249566839,0.0,15.0
32100.0,321.0,0.4958307994042215,0.0409685951396429,0.4958307994042215,0.0,15.0
32200.0,322.0,0.4978462320737683,0.0417140529033214,0.4978462320737683,0.0,15.0
32300.0,323.0,0.4979975750717876,0.0406026989183107,0.4979975750717876,0.0,15.0
32500.0,325.0,0.4942814665803247,0.0428020015734722,0.4942814665803247,0.0,15.0
32700.0,327.0,0.4898874286975946,0.0426530203034593,0.4898874286975946,0.0,15.0
32900.0,329.0,0.4867046458717559,0.0457946219797402,0.4867046458717559,0.0,15.0
33000.0,330.0,0.4901389604059197,0.0442261158593706,0.4901389604059197,0.0,15.0
33100.0,331.0,0.4886890300556461,0.0441453722917552,0.4886890300556461,0.0,15.0
33200.0,332.0,0.4925283097750355,0.0422229229027583,0.4925283097750355,0.0,15.0
33400.0,334.0,0.4923296270737856,0.0434839993459492,0.4923296270737856,0.0,15.0
33500.0,335.0,0.4944313828405163,0.0424876252181925,0.4944313828405163,0.0,15.0
33600.0,336.0,0.494992284673601,0.0422924205964816,0.494992284673601,0.0,15.0
33800.0,338.0,0.4887247962701409,0.0441955949933332,0.4887247962701409,0.0,15.0
34000.0,340.0,0.4866593197230624,0.0442196391270155,0.4866593197230624,0.0,15.0
34100.0,341.0,0.4901683580361728,0.0417301821464526,0.4901683580361728,0.0,15.0
34300.0,343.0,0.4902342101814953,0.0425484784529845,0.4902342101814953,0.0,15.0
34500.0,345.0,0.4871410421720427,0.0447422693839209,0.4871410421720427,0.0,15.0
34600.0,346.0,0.4887808358184656,0.0445645648028029,0.4887808358184656,0.0,15.0
34700.0,347.0,0.489824927628485,0.0434241449426554,0.489824927628485,0.0,15.0
34900.0,349.0,0.4948887754591772,0.0420202146196719,0.4948887754591772,0.0,15.0
35000.0,350.0,0.4959225917941841,0.0414276023103821,0.4959225917941841,0.0,15.0
35300.0,353.0,0.4974643224163846,0.0395738781932649,0.4974643224163846,0.0,15.0
35500.0,355.0,0.4975440383234087,0.0388666549804619,0.4975440383234087,0.0,15.0
36000.0,360.0,0.4849707164181494,0.0436433933867597,0.4849707164181494,0.0,15.0
36100.0,361.0,0.4934549447901029,0.042345900908051,0.4934549447901029,0.0,15.0
36400.0,364.0,0.4907845850243486,0.0454730516141986,0.4907845850243486,0.0,15.0
36500.0,365.0,0.493192271247525,0.0433712065439934,0.493192271247525,0.0,15.0
37000.0,370.0,0.4972290578473024,0.0400123430688372,0.4972290578473024,0.0,15.0
37300.0,373.0,0.4956694648151936,0.0388906090619599,0.4956694648151936,0.0,15.0
37600.0,376.0,0.4937655400575003,0.042889562506414,0.4937655400575003,0.0,15.0
37700.0,377.0,0.492150490531159,0.0423753099282124,0.492150490531159,0.0,15.0
37800.0,378.0,0.492471852997831,0.0435609374688368,0.492471852997831,0.0,15.0
38000.0,380.0,0.4930394320771449,0.0427695771737822,0.4930394320771449,0.0,15.0
38100.0,381.0,0.4942075426793941,0.0423388888970131,0.4942075426793941,0.0,15.0
38200.0,382.0,0.492423098860152,0.0420344960173416,0.492423098860152,0.0,15.0
38400.0,384.0,0.4929978228552065,0.0416948341608189,0.4929978228552065,0.0,15.0
38800.0,388.0,0.4849001342639177,0.0456481097872387,0.4849001342639177,0.0,15.0
39000.0,390.0,0.4840739500059991,0.0451143303889783,0.4840739500059991,0.0,15.0
39100.0,391.0,0.493512283442507,0.040815389549865,0.493512283442507,0.0,15.0
39300.0,393.0,0.4936134051060661,0.0408499091128393,0.4936134051060661,0.0,15.0
39400.0,394.0,0.4931918099402169,0.0406280866529969,0.4931918099402169,0.0,15.0
39500.0,395.0,0.4948454335835093,0.0409815542413679,0.4948454335835093,0.0,15.0
39600.0,396.0,0.5017334523706242,0.0374577540822658,0.5017334523706242,0.0,15.0
39900.0,399.0,0.4967556889029026,0.0404719752123666,0.4967556889029026,0.0,15.0
40100.0,401.0,0.4953393688718173,0.0414196000345015,0.4953393688718173,0.0,15.0
40200.0,402.0,0.4964958795194826,0.0405713723938962,0.4964958795194826,0.0,15.0
40400.0,404.0,0.4965139643488183,0.0407172845202665,0.4965139643488183,0.0,15.0
40500.0,405.0,0.5000099133563913,0.0398347780702946,0.5000099133563913,0.0,15.0
40700.0,407.0,0.4925576075391946,0.0416941503169864,0.4925576075391946,0.0,15.0
40800.0,408.0,0.4956475627193641,0.040494352021251,0.4956475627193641,0.0,15.0
41200.0,412.0,0.4850815749001657,0.0469749886531796,0.4850815749001657,0.0,15.0
41300.0,413.0,0.4836563395602886,0.0460631570831018,0.4836563395602886,0.0,15.0
41400.0,414.0,0.4909275569442528,0.0424785183015901,0.4909275569442528,0.0,15.0
41500.0,415.0,0.4921176858288524,0.0420565416708923,0.4921176858288524,0.0,15.0
41600.0,416.0,0.4933735758449544,0.0413272085186286,0.4933735758449544,0.0,15.0
41800.0,418.0,0.4876391592851933,0.0432084984167071,0.4876391592851933,0.0,15.0
41900.0,419.0,0.4891349705977865,0.043664352459104,0.4891349705977865,0.0,15.0
42100.0,421.0,0.4897412369562422,0.0430428081848742,0.4897412369562422,0.0,15.0
42200.0,422.0,0.4919934385567667,0.0424678574326058,0.4919934385567667,0.0,15.0
42300.0,423.0,0.4954780667298651,0.0425299942119497,0.4954780667298651,0.0,15.0
42700.0,427.0,0.4884896901296224,0.0438545907042912,0.4884896901296224,0.0,15.0
42900.0,429.0,0.4855932410012945,0.0443289311623734,0.4855932410012945,0.0,15.0
43000.0,430.0,0.4911222199951355,0.0423741624534709,0.4911222199951355,0.0,15.0
43100.0,431.0,0.4943526825127879,0.0405534185408584,0.4943526825127879,0.0,15.0
43300.0,433.0,0.4919076402485615,0.042223278335401,0.4919076402485615,0.0,15.0
43600.0,436.0,0.4794218415054824,0.0472885223250734,0.4794218415054824,0.0,15.0
43700.0,437.0,0.4902888058766552,0.0415262973940574,0.4902888058766552,0.0,15.0
43800.0,438.0,0.4959607044829252,0.0395359874566853,0.4959607044829252,0.0,15.0
44100.0,441.0,0.494873892198355,0.0413532403288877,0.494873892198355,0.0,15.0
44400.0,444.0,0.4864230749650046,0.0452643057746323,0.4864230749650046,0.0,15.0
44600.0,446.0,0.4875784281904436,0.0437854911679512,0.4875784281904436,0.0,15.0
44700.0,447.0,0.4898179145904801,0.044518194052871,0.4898179145904801,0.0,15.0
44900.0,449.0,0.4967332524559883,0.0401771982369899,0.4967332524559883,0.0,15.0
45300.0,453.0,0.4934022551406002,0.0408996402176994,0.4934022551406002,0.0,15.0
45400.0,454.0,0.4936060544791627,0.0416792091918214,0.4936060544791627,0.0,15.0
45600.0,456.0,0.4907195794985857,0.0431803371875972,0.4907195794985857,0.0,15.0
45700.0,457.0,0.4917947765352463,0.0423277380587449,0.4917947765352463,0.0,15.0
45800.0,458.0,0.4909769845865862,0.0416829835499395,0.4909769845865862,0.0,15.0
45900.0,459.0,0.4944152910685331,0.0423456896018748,0.4944152910685331,0.0,15.0
46200.0,462.0,0.4887837466573309,0.0455193743002504,0.4887837466573309,0.0,15.0
46300.0,463.0,0.4889764222307038,0.0455247438367135,0.4889764222307038,0.0,15.0
46400.0,464.0,0.489692067766471,0.0427058388134083,0.489692067766471,0.0,15.0
46500.0,465.0,0.4952974340964387,0.040328550572224,0.4952974340964387,0.0,15.0
46600.0,466.0,0.4939752696916374,0.040292551380896,0.4939752696916374,0.0,15.0
46800.0,468.0,0.4959906495866232,0.0399312372565217,0.4959906495866232,0.0,15.0
46900.0,469.0,0.498376237247159,0.0382392436903174,0.498376237247159,0.0,15.0
47100.0,471.0,0.4951469503948066,0.040003392104765,0.4951469503948066,0.0,15.0
47300.0,473.0,0.4958203101665037,0.0394688992123348,0.4958203101665037,0.0,15.0
47600.0,476.0,0.4884852405803329,0.0434859490508068,0.4884852405803329,0.0,15.0
47700.0,477.0,0.4927344744552596,0.0425894423767816,0.4927344744552596,0.0,15.0
47900.0,479.0,0.492211907942425,0.0424657710459915,0.492211907942425,0.0,15.0
48300.0,483.0,0.4804041239161251,0.0475265793641463,0.4804041239161251,0.0,15.0
48400.0,484.0,0.4830415840773779,0.046367450974545,0.4830415840773779,0.0,15.0
48500.0,485.0,0.4846475855733766,0.047437208927776,0.4846475855733766,0.0,15.0
48600.0,486.0,0.4865498471457171,0.0475516614932094,0.4865498471457171,0.0,15.0
48700.0,487.0,0.4902469696607792,0.0447434267786723,0.4902469696607792,0.0,15.0
48800.0,488.0,0.4865442700044484,0.0443408912051706,0.4865442700044484,0.0,15.0
48900.0,489.0,0.4870867846878763,0.044308294179188,0.4870867846878763,0.0,15.0
49100.0,491.0,0.4936636961118119,0.0416291251051572,0.4936636961118119,0.0,15.0
49200.0,492.0,0.4944499786964005,0.0394766920288924,0.4944499786964005,0.0,15.0
49700.0,497.0,0.4822685704194892,0.044639703366118,0.4822685704194892,0.0,15.0
49800.0,498.0,0.4850317308391073,0.0459269936010922,0.4850317308391073,0.0,15.0
49900.0,499.0,0.4854711366868836,0.0458418468047502,0.4854711366868836,0.0,15.0
50000.0,500.0,0.4882412870811749,0.0446304270207837,0.4882412870811749,0.0,15.0
50300.0,503.0,0.4881835733818065,0.0428881565992974,0.4881835733818065,0.0,15.0
50400.0,504.0,0.4899392818929804,0.0418451352297441,0.4899392818929804,0.0,15.0
50600.0,506.0,0.4856838258502312,0.0450308605696973,0.4856838258502312,0.0,15.0
50700.0,507.0,0.4873589183215022,0.0452351041789269,0.4873589183215022,0.0,15.0
50800.0,508.0,0.4884230482974007,0.0427066179825707,0.4884230482974007,0.0,15.0
51100.0,511.0,0.4837271060278585,0.0440830204735968,0.4837271060278585,0.0,15.0
51200.0,512.0,0.4885391610943932,0.0421620008944763,0.4885391610943932,0.0,15.0
51300.0,513.0,0.4891730144218743,0.0432886815618548,0.4891730144218743,0.0,15.0
51600.0,516.0,0.4862537118885912,0.0435519955718443,0.4862537118885912,0.0,15.0
51700.0,517.0,0.4937432593460977,0.0412845883270435,0.4937432593460977,0.0,15.0
51800.0,518.0,0.495855721535894,0.0415462043389964,0.495855721535894,0.0,15.0
51900.0,519.0,0.4965112197443391,0.0412324306769203,0.4965112197443391,0.0,15.0
52100.0,521.0,0.4953956701557835,0.0410061004149044,0.4953956701557835,0.0,15.0
52200.0,522.0,0.4952709733970798,0.0401913538408903,0.4952709733970798,0.0,15.0
52500.0,525.0,0.4950847690540574,0.0431373450652302,0.4950847690540574,0.0,15.0
52700.0,527.0,0.4877469808982886,0.0449713700105906,0.4877469808982886,0.0,15.0
52800.0,528.0,0.4863229675390124,0.0441661131803077,0.4863229675390124,0.0,15.0
53200.0,532.0,0.4835554277088683,0.044370893596495,0.4835554277088683,0.0,15.0
53400.0,534.0,0.4860064048934171,0.0439621027216259,0.4860064048934171,0.0,15.0
53500.0,535.0,0.4871812826525133,0.0431239310485483,0.4871812826525133,0.0,15.0
53800.0,538.0,0.4860600191510586,0.0459762236882688,0.4860600191510586,0.0,15.0
54000.0,540.0,0.4874200301817027,0.045974881938104,0.4874200301817027,0.0,15.0
54100.0,541.0,0.4847412999654815,0.0454615227425234,0.4847412999654815,0.0,15.0
54200.0,542.0,0.4900077526084324,0.0427011745391275,0.4900077526084324,0.0,15.0
54300.0,543.0,0.4910246425844474,0.0426075841761399,0.4910246425844474,0.0,15.0
54600.0,546.0,0.4873230011658745,0.0453707367089553,0.4873230011658745,0.0,15.0
54800.0,548.0,0.4887297198833271,0.0446245261378597,0.4887297198833271,0.0,15.0
55000.0,550.0,0.48886777442793,0.0441294086838463,0.48886777442793,0.0,15.0
55300.0,553.0,0.4839831364338596,0.0478651006107522,0.4839831364338596,0.0,15.0
55400.0,554.0,0.4904860889619988,0.0426863867343901,0.4904860889619988,0.0,15.0
55500.0,555.0,0.4890112225111296,0.0420852319806771,0.4890112225111296,0.0,15.0
55700.0,557.0,0.4936575666696017,0.0406099918358846,0.4936575666696017,0.0,15.0
56100.0,561.0,0.4833764457607078,0.0478009135059943,0.4833764457607078,0.0,15.0
56300.0,563.0,0.4866243318228312,0.0457987646077947,0.4866243318228312,0.0,15.0
56400.0,564.0,0.4842395172444458,0.0451206403824085,0.4842395172444458,0.0,15.0
56500.0,565.0,0.4880633259398709,0.0428774784598283,0.4880633259398709,0.0,15.0
56600.0,566.0,0.4891404009839744,0.043247260016274,0.4891404009839744,0.0,15.0
56800.0,568.0,0.4879713688263522,0.0428724817416747,0.4879713688263522,0.0,15.0
57100.0,571.0,0.4865851756635379,0.0430708334934622,0.4865851756635379,0.0,15.0
57400.0,574.0,0.4797866449563787,0.0505908782186016,0.4797866449563787,0.0,15.0
57500.0,575.0,0.4800689562271144,0.0487510660246691,0.4800689562271144,0.0,15.0
57600.0,576.0,0.4823316815058402,0.0473555549168698,0.4823316815058402,0.0,15.0
57700.0,577.0,0.4835732943101222,0.0450776531081745,0.4835732943101222,0.0,15.0
57900.0,579.0,0.4882314801091045,0.0441581329491653,0.4882314801091045,0.0,15.0
58100.0,581.0,0.4850898999137505,0.045623898126214,0.4850898999137505,0.0,15.0
58400.0,584.0,0.4808055364158943,0.0479426121387578,0.4808055364158943,0.0,15.0
58600.0,586.0,0.4833128902479853,0.0467290890039958,0.4833128902479853,0.0,15.0
58800.0,588.0,0.4799984145113743,0.047677398968525,0.4799984145113743,0.0,15.0
58900.0,589.0,0.4788355258759838,0.0475202045468821,0.4788355258759838,0.0,15.0
59000.0,590.0,0.4798673965241365,0.0490218534776345,0.4798673965241365,0.0,15.0
59100.0,591.0,0.482315547006313,0.0471590251460768,0.482315547006313,0.0,15.0
59300.0,593.0,0.4827830106036023,0.0469724209809395,0.4827830106036023,0.0,15.0
59400.0,594.0,0.4832923494732477,0.0460652266704373,0.4832923494732477,0.0,15.0
59600.0,596.0,0.485040556539894,0.0458432790460542,0.485040556539894,0.0,15.0
59800.0,598.0,0.4828095588189112,0.0468530759406078,0.4828095588189112,0.0,15.0
60100.0,601.0,0.4781146125259489,0.0496418845656944,0.4781146125259489,0.0,15.0
60200.0,602.0,0.4792630593619507,0.0496849349887484,0.4792630593619507,0.0,15.0
60300.0,603.0,0.4800016180647074,0.0481986964080573,0.4800016180647074,0.0,15.0
60500.0,605.0,0.4780957313290968,0.0487551916080809,0.4780957313290968,0.0,15.0
60600.0,606.0,0.4797024032522087,0.0503370565599289,0.4797024032522087,0.0,15.0
60700.0,607.0,0.4786536752979223,0.0496735971160256,0.4786536752979223,0.0,15.0
60800.0,608.0,0.4792199203163759,0.0498482702039652,0.4792199203163759,0.0,15.0
61000.0,610.0,0.4756659660671333,0.0499649644631324,0.4756659660671333,0.0,15.0
61100.0,611.0,0.4745247832826914,0.0499530557588744,0.4745247832826914,0.0,15.0
61200.0,612.0,0.4790277914476584,0.0500544454985725,0.4790277914476584,0.0,15.0
61300.0,613.0,0.4818418549599159,0.0487506354795681,0.4818418549599159,0.0,15.0
61400.0,614.0,0.4775399778192591,0.0484041193159089,0.4775399778192591,0.0,15.0
61800.0,618.0,0.4773937138752503,0.0494839461605924,0.4773937138752503,0.0,15.0
61900.0,619.0,0.481325186094943,0.0458700925307921,0.481325186094943,0.0,15.0
62200.0,622.0,0.4806971681993501,0.0470979825253895,0.4806971681993501,0.0,15.0
62300.0,623.0,0.4785963697651384,0.0466993980890883,0.4785963697651384,0.0,15.0
62400.0,624.0,0.4836435672892666,0.0462481371637658,0.4836435672892666,0.0,15.0
62700.0,627.0,0.4821575927403073,0.0466102637113157,0.4821575927403073,0.0,15.0
62900.0,629.0,0.4818665256014993,0.04785627646883,0.4818665256014993,0.0,15.0
63100.0,631.0,0.4753345566344317,0.0499236484463488,0.4753345566344317,0.0,15.0
63200.0,632.0,0.4796576455508198,0.0488405079557602,0.4796576455508198,0.0,15.0
63400.0,634.0,0.480932603850817,0.0473549510177346,0.480932603850817,0.0,15.0
63500.0,635.0,0.4817090167286411,0.0472321963356223,0.4817090167286411,0.0,15.0
63700.0,637.0,0.4813873911884374,0.0481083879894172,0.4813873911884374,0.0,15.0
63800.0,638.0,0.4905787119812026,0.0443031584714618,0.4905787119812026,0.0,15.0
64100.0,641.0,0.486346719254458,0.0444484470769262,0.486346719254458,0.0,15.0
64400.0,644.0,0.4800316330024033,0.0480829892300997,0.4800316330024033,0.0,15.0
64500.0,645.0,0.4793751084483684,0.0470328534847898,0.4793751084483684,0.0,15.0
64600.0,646.0,0.4867541332924785,0.0440582184237868,0.4867541332924785,0.0,15.0
64700.0,647.0,0.4881173374542501,0.0431501108187325,0.4881173374542501,0.0,15.0
64800.0,648.0,0.4907596302962774,0.0420217607559273,0.4907596302962774,0.0,15.0
64900.0,649.0,0.4921796000957483,0.0419023807031569,0.4921796000957483,0.0,15.0
65100.0,651.0,0.4873016247582549,0.0421488455281469,0.4873016247582549,0.0,15.0
65500.0,655.0,0.4809410226083193,0.0440622210475224,0.4809410226083193,0.0,15.0
65600.0,656.0,0.4854766330017784,0.0435352158529361,0.4854766330017784,0.0,15.0
65700.0,657.0,0.4928500723659557,0.0408935816812391,0.4928500723659557,0.0,15.0
65900.0,659.0,0.4862256056730249,0.0454172871169553,0.4862256056730249,0.0,15.0
66000.0,660.0,0.4895520343439951,0.0429883838194055,0.4895520343439951,0.0,15.0
66200.0,662.0,0.4907642588507963,0.0432291366983887,0.4907642588507963,0.0,15.0
66400.0,664.0,0.489877602838963,0.0430733818456587,0.489877602838963,0.0,15.0
66500.0,665.0,0.4892871524323104,0.0426740962501393,0.4892871524323104,0.0,15.0
66600.0,666.0,0.4908558192946041,0.0416244704713958,0.4908558192946041,0.0,15.0
66900.0,669.0,0.4862762422898589,0.0444622028993156,0.4862762422898589,0.0,15.0
67000.0,670.0,0.4846966637096964,0.0438376970245497,0.4846966637096964,0.0,15.0
67100.0,671.0,0.4932013548410753,0.0408127607876799,0.4932013548410753,0.0,15.0
67300.0,673.0,0.4896026210531505,0.0432309835986187,0.4896026210531505,0.0,15.0
67500.0,675.0,0.4832487880366977,0.046222132930029,0.4832487880366977,0.0,15.0
67600.0,676.0,0.4882958250966726,0.0443017274727699,0.4882958250966726,0.0,15.0
67700.0,677.0,0.485085533358161,0.044149360511855,0.485085533358161,0.0,15.0
67800.0,678.0,0.487026908433618,0.0454254674531674,0.487026908433618,0.0,15.0
67900.0,679.0,0.4876670823779828,0.0449218622718937,0.4876670823779828,0.0,15.0
68100.0,681.0,0.4861449632164502,0.0445678889509159,0.4861449632164502,0.0,15.0
68200.0,682.0,0.488332237009505,0.0444140551754594,0.488332237009505,0.0,15.0
68600.0,686.0,0.4783822707129805,0.047842521159012,0.4783822707129805,0.0,15.0
68700.0,687.0,0.4814970561399653,0.0472642215613415,0.4814970561399653,0.0,15.0
68800.0,688.0,0.4831120450532499,0.0456501954935658,0.4831120450532499,0.0,15.0
69000.0,690.0,0.4806776440061272,0.0475412921371667,0.4806776440061272,0.0,15.0
69100.0,691.0,0.4882284251847575,0.0451349125181292,0.4882284251847575,0.0,15.0
69200.0,692.0,0.488881170084909,0.0434301424648987,0.488881170084909,0.0,15.0
69300.0,693.0,0.4877672691793024,0.0432020902862913,0.4877672691793024,0.0,15.0
69400.0,694.0,0.4899046175762601,0.0426800561083577,0.4899046175762601,0.0,15.0
69900.0,699.0,0.4856906433255664,0.0459328136644781,0.4856906433255664,0.0,15.0
70000.0,700.0,0.4864038051398374,0.0457331076628121,0.4864038051398374,0.0,15.0
