eval,gen,hv,igd+,icmop,cv,run
100.0,1.0,0.5836470806232279,0.2154198015470373,0.5836470806232279,0.0,1.0
200.0,2.0,0.818947127343866,0.0556108304102526,0.818947127343866,0.0,1.0
400.0,4.0,0.8258607357192269,0.0533514137068113,0.8258607357192269,0.0,1.0
500.0,5.0,0.8297722077770827,0.0510675032216721,0.8297722077770827,0.0,1.0
600.0,6.0,0.84170120881957,0.0329749417324454,0.84170120881957,0.0,1.0
700.0,7.0,0.8418476515520739,0.0257530573463622,0.8418476515520739,0.0,1.0
800.0,8.0,0.844864708375538,0.0251809880170645,0.844864708375538,0.0,1.0
900.0,9.0,0.8452133041058486,0.0172751528154358,0.8452133041058486,0.0,1.0
1000.0,10.0,0.8479392378378495,0.0163509541767085,0.8479392378378495,0.0,1.0
1200.0,12.0,0.8483263803558876,0.0081111140483754,0.8483263803558876,0.0,1.0
1300.0,13.0,0.8483529202160083,0.0081111140483754,0.8483529202160083,0.0,1.0
1400.0,14.0,0.8483685739259214,0.0081111140483754,0.8483685739259214,0.0,1.0
1500.0,15.0,0.8483786702434962,0.0081111140483754,0.8483786702434962,0.0,1.0
1600.0,16.0,0.8483920265025923,0.0081111140483754,0.8483920265025923,0.0,1.0
1700.0,17.0,0.8484242446704239,0.0077811270631578,0.8484242446704239,0.0,1.0
1800.0,18.0,0.8484272738510162,0.0077811270631578,0.8484272738510162,0.0,1.0
1900.0,19.0,0.8484326473911258,0.0077811270631578,0.8484326473911258,0.0,1.0
2000.0,20.0,0.8484527727572481,0.0073197616985211,0.8484527727572481,0.0,1.0
2100.0,21.0,0.8484607543008194,0.0073197616985211,0.8484607543008194,0.0,1.0
2200.0,22.0,0.8484638749823857,0.0073197616985211,0.8484638749823857,0.0,1.0
2300.0,23.0,0.8484664097901174,0.0073197616985211,0.8484664097901174,0.0,1.0
2400.0,24.0,0.8484795771148504,0.0063395351363062,0.8484795771148504,0.0,1.0
2500.0,25.0,0.8484808128149866,0.0063395351363062,0.8484808128149866,0.0,1.0
2600.0,26.0,0.8484817798235805,0.0063395351363062,0.8484817798235805,0.0,1.0
2700.0,27.0,0.8485093451971569,0.0063395351363062,0.8485093451971569,0.0,1.0
2800.0,28.0,0.848509488681742,0.0063395351363062,0.848509488681742,0.0,1.0
2900.0,29.0,0.8485102617720951,0.0063395351363062,0.8485102617720951,0.0,1.0
3000.0,30.0,0.848517042612546,0.0053976904811814,0.848517042612546,0.0,1.0
3100.0,31.0,0.8485187840143592,0.0053976904811814,0.8485187840143592,0.0,1.0
3300.0,33.0,0.8485191342062339,0.0053976904811814,0.8485191342062339,0.0,1.0
3400.0,34.0,0.8486406171074025,0.0053834676793113,0.8486406171074025,0.0,1.0
3500.0,35.0,0.8486414965829336,0.0053834676793113,0.8486414965829336,0.0,1.0
3600.0,36.0,0.8486426461045798,0.0053834676793113,0.8486426461045798,0.0,1.0
3900.0,39.0,0.8486547283251922,0.0053834676793113,0.8486547283251922,0.0,1.0
4100.0,41.0,0.8486547607194512,0.0053834676793113,0.8486547607194512,0.0,1.0
4200.0,42.0,0.848655094424357,0.0053834676793113,0.848655094424357,0.0,1.0
4300.0,43.0,0.8486555444876022,0.005377588522689,0.8486555444876022,0.0,1.0
4500.0,45.0,0.8486564459130235,0.005377588522689,0.8486564459130235,0.0,1.0
4600.0,46.0,0.8486583572212694,0.005377588522689,0.8486583572212694,0.0,1.0
4700.0,47.0,0.8486586523141008,0.005377588522689,0.8486586523141008,0.0,1.0
4800.0,48.0,0.8486593203762776,0.005377588522689,0.8486593203762776,0.0,1.0
4900.0,49.0,0.8486753766607916,0.005377588522689,0.8486753766607916,0.0,1.0
5000.0,50.0,0.848678003189592,0.005377588522689,0.848678003189592,0.0,1.0
5200.0,52.0,0.8486788356390151,0.005377588522689,0.8486788356390151,0.0,1.0
5400.0,54.0,0.8486787004123086,0.005377588522689,0.8486787004123086,0.0,1.0
5600.0,56.0,0.8486832297770218,0.0051092312003365,0.8486832297770218,0.0,1.0
5700.0,57.0,0.8486835443277723,0.0051092312003365,0.8486835443277723,0.0,1.0
6000.0,60.0,0.8486829850962749,0.0051092312003365,0.8486829850962749,0.0,1.0
6200.0,62.0,0.8487709172615852,0.005092877939195,0.8487709172615852,0.0,1.0
6400.0,64.0,0.8487711411307155,0.005092877939195,0.8487711411307155,0.0,1.0
6500.0,65.0,0.8487712590576387,0.005092877939195,0.8487712590576387,0.0,1.0
6700.0,67.0,0.8487719135846865,0.005092877939195,0.8487719135846865,0.0,1.0
6900.0,69.0,0.8487716128439993,0.005092877939195,0.8487716128439993,0.0,1.0
7200.0,72.0,0.8487705429714497,0.005092877939195,0.8487705429714497,0.0,1.0
7300.0,73.0,0.8487713375516955,0.005092877939195,0.8487713375516955,0.0,1.0
7400.0,74.0,0.8487714854400997,0.005092877939195,0.8487714854400997,0.0,1.0
7500.0,75.0,0.848787650606439,0.0049424385129565,0.848787650606439,0.0,1.0
7600.0,76.0,0.8489704815938061,0.0049207860692956,0.8489704815938061,0.0,1.0
7700.0,77.0,0.8501763635917672,0.0047793142425743,0.8501763635917672,0.0,1.0
7800.0,78.0,0.8501771971647669,0.0047793142425743,0.8501771971647669,0.0,1.0
7900.0,79.0,0.8501772357664623,0.0047793142425743,0.8501772357664623,0.0,1.0
8000.0,80.0,0.85017746597401,0.0047793142425743,0.85017746597401,0.0,1.0
8600.0,86.0,0.8501758313769305,0.0047793142425743,0.8501758313769305,0.0,1.0
8700.0,87.0,0.8501763167692044,0.0047793142425743,0.8501763167692044,0.0,1.0
8800.0,88.0,0.8501768430813325,0.0047793142425743,0.8501768430813325,0.0,1.0
9100.0,91.0,0.8501762752878246,0.0047793142425743,0.8501762752878246,0.0,1.0
9300.0,93.0,0.850175993731696,0.0047793142425743,0.850175993731696,0.0,1.0
9400.0,94.0,0.8501863063654613,0.0047793142425743,0.8501863063654613,0.0,1.0
9500.0,95.0,0.8501863837633106,0.0047793142425743,0.8501863837633106,0.0,1.0
9700.0,97.0,0.850186495556423,0.0047793142425743,0.850186495556423,0.0,1.0
9800.0,98.0,0.8502194648458549,0.0047243766130352,0.8502194648458549,0.0,1.0
9900.0,99.0,0.8502196551967327,0.0047243766130352,0.8502196551967327,0.0,1.0
10000.0,100.0,0.8502198950127157,0.0047243766130352,0.8502198950127157,0.0,1.0
10200.0,102.0,0.850219968867533,0.0047243766130352,0.850219968867533,0.0,1.0
10500.0,105.0,0.8502193622031432,0.0047243766130352,0.8502193622031432,0.0,1.0
10600.0,106.0,0.850219750041927,0.0047243766130352,0.850219750041927,0.0,1.0
10700.0,107.0,0.850219855943914,0.0047243766130352,0.850219855943914,0.0,1.0
11000.0,110.0,0.8503088616574378,0.004713799364955,0.8503088616574378,0.0,1.0
11100.0,111.0,0.8503299730663703,0.004713799364955,0.8503299730663703,0.0,1.0
11300.0,113.0,0.850330250197483,0.004713799364955,0.850330250197483,0.0,1.0
11700.0,117.0,0.8503297133192375,0.004713799364955,0.8503297133192375,0.0,1.0
11900.0,119.0,0.8503294584272659,0.004713799364955,0.8503294584272659,0.0,1.0
12100.0,121.0,0.8503287849969319,0.004713799364955,0.8503287849969319,0.0,1.0
12300.0,123.0,0.850413300784595,0.004713799364955,0.850413300784595,0.0,1.0
12400.0,124.0,0.850413580688523,0.004713799364955,0.850413580688523,0.0,1.0
12600.0,126.0,0.850414070543373,0.004713799364955,0.850414070543373,0.0,1.0
12700.0,127.0,0.8504147135832785,0.004713799364955,0.8504147135832785,0.0,1.0
12900.0,129.0,0.8504148784615025,0.004713799364955,0.8504148784615025,0.0,1.0
13100.0,131.0,0.8504187828735507,0.0046972041472731,0.8504187828735507,0.0,1.0
13200.0,132.0,0.8504205347858765,0.0046972041472731,0.8504205347858765,0.0,1.0
13300.0,133.0,0.8504208886335102,0.0046972041472731,0.8504208886335102,0.0,1.0
13600.0,136.0,0.8504205725012568,0.0046972041472731,0.8504205725012568,0.0,1.0
13700.0,137.0,0.8504206007076758,0.0046972041472731,0.8504206007076758,0.0,1.0
13800.0,138.0,0.8504209393028308,0.0046972041472731,0.8504209393028308,0.0,1.0
13900.0,139.0,0.850421356420258,0.0046972041472731,0.850421356420258,0.0,1.0
14100.0,141.0,0.8504229323759259,0.0046972041472731,0.8504229323759259,0.0,1.0
14200.0,142.0,0.8504251191575284,0.0046972041472731,0.8504251191575284,0.0,1.0
14400.0,144.0,0.8504238623568247,0.0046972041472731,0.8504238623568247,0.0,1.0
14700.0,147.0,0.8504226096596278,0.0046972041472731,0.8504226096596278,0.0,1.0
14800.0,148.0,0.8504230555873361,0.0046972041472731,0.8504230555873361,0.0,1.0
15000.0,150.0,0.8504232820462907,0.0046972041472731,0.8504232820462907,0.0,1.0
15300.0,153.0,0.85046185241646,0.0046972041472731,0.85046185241646,0.0,1.0
15400.0,154.0,0.8504629326489501,0.0046972041472731,0.8504629326489501,0.0,1.0
15700.0,157.0,0.8504615116120113,0.0046972041472731,0.8504615116120113,0.0,1.0
16100.0,161.0,0.8504603508958845,0.0046972041472731,0.8504603508958845,0.0,1.0
16300.0,163.0,0.8504606828022461,0.0046972041472731,0.8504606828022461,0.0,1.0
16400.0,164.0,0.8504631117897332,0.0046972041472731,0.8504631117897332,0.0,1.0
16500.0,165.0,0.8504636195475359,0.0046972041472731,0.8504636195475359,0.0,1.0
16700.0,167.0,0.8504640887683129,0.0046972041472731,0.8504640887683129,0.0,1.0
16800.0,168.0,0.8504645976606624,0.0046972041472731,0.8504645976606624,0.0,1.0
16900.0,169.0,0.8504648768174135,0.0046972041472731,0.8504648768174135,0.0,1.0
17000.0,170.0,0.850464969163237,0.0046972041472731,0.850464969163237,0.0,1.0
17100.0,171.0,0.8505173480595073,0.004670782607567,0.8505173480595073,0.0,1.0
17200.0,172.0,0.8505210106971565,0.004670782607567,0.8505210106971565,0.0,1.0
17300.0,173.0,0.8505211808670509,0.004670782607567,0.8505211808670509,0.0,1.0
17700.0,177.0,0.8505194868800829,0.004670782607567,0.8505194868800829,0.0,1.0
17800.0,178.0,0.8505196301039821,0.004670782607567,0.8505196301039821,0.0,1.0
17900.0,179.0,0.8505199473074857,0.004670782607567,0.8505199473074857,0.0,1.0
18100.0,181.0,0.8505258281955462,0.0046648385048745,0.8505258281955462,0.0,1.0
18200.0,182.0,0.8505262304816233,0.0046648385048745,0.8505262304816233,0.0,1.0
18300.0,183.0,0.8505262832345345,0.0046648385048745,0.8505262832345345,0.0,1.0
18400.0,184.0,0.8505264621698725,0.0046648385048745,0.8505264621698725,0.0,1.0
18600.0,186.0,0.8505259158092969,0.0046648385048745,0.8505259158092969,0.0,1.0
18700.0,187.0,0.8505263303411507,0.0046648385048745,0.8505263303411507,0.0,1.0
18800.0,188.0,0.8505264822709453,0.0046648385048745,0.8505264822709453,0.0,1.0
18900.0,189.0,0.8505265894772344,0.0046648385048745,0.8505265894772344,0.0,1.0
19000.0,190.0,0.850526890404244,0.0046648385048745,0.850526890404244,0.0,1.0
19100.0,191.0,0.8509738671990662,0.0046125368539295,0.8509738671990662,0.0,1.0
19200.0,192.0,0.8509741289536875,0.0046125368539295,0.8509741289536875,0.0,1.0
19700.0,197.0,0.8509730990061953,0.0046125368539295,0.8509730990061953,0.0,1.0
19800.0,198.0,0.8509835449366963,0.0046125368539295,0.8509835449366963,0.0,1.0
20000.0,200.0,0.8509837418813231,0.0046125368539295,0.8509837418813231,0.0,1.0
100.0,1.0,0.2095467003402248,0.4315168197365315,0.2095467003402248,0.0,2.0
200.0,2.0,0.3138866936073013,0.3485331725403635,0.3138866936073013,0.0,2.0
300.0,3.0,0.3148112177147523,0.3485331725403635,0.3148112177147523,0.0,2.0
400.0,4.0,0.3295292271983285,0.1816385498014425,0.3295292271983285,0.0,2.0
500.0,5.0,0.3697877941826025,0.1505224923382611,0.3697877941826025,0.0,2.0
600.0,6.0,0.4024988544190782,0.1399936836520038,0.4024988544190782,0.0,2.0
700.0,7.0,0.4124512720800321,0.1367013878349676,0.4124512720800321,0.0,2.0
800.0,8.0,0.4154751221669185,0.1367013878349676,0.4154751221669185,0.0,2.0
900.0,9.0,0.4171437371358661,0.1367013878349676,0.4171437371358661,0.0,2.0
1000.0,10.0,0.4275258061887719,0.1347729975947227,0.4275258061887719,0.0,2.0
1100.0,11.0,0.4707755743836784,0.1253853238823813,0.4707755743836784,0.0,2.0
1200.0,12.0,0.4734562696268956,0.1253852366000325,0.4734562696268956,0.0,2.0
1300.0,13.0,0.4877027665684798,0.1215270883081568,0.4877027665684798,0.0,2.0
1400.0,14.0,0.4956807024044791,0.1193352579608504,0.4956807024044791,0.0,2.0
1500.0,15.0,0.4996979037930306,0.1193352579608504,0.4996979037930306,0.0,2.0
1600.0,16.0,0.5034637599077043,0.118035134910262,0.5034637599077043,0.0,2.0
1700.0,17.0,0.5208609726148962,0.1105291354061906,0.5208609726148962,0.0,2.0
1800.0,18.0,0.5653674339183568,0.1017700726411065,0.5653674339183568,0.0,2.0
1900.0,19.0,0.6254457857916177,0.0697492235520518,0.6254457857916177,0.0,2.0
2000.0,20.0,0.6254475344128702,0.0697492235520518,0.6254475344128702,0.0,2.0
2100.0,21.0,0.6254637916214644,0.069697603464745,0.6254637916214644,0.0,2.0
2200.0,22.0,0.6254985442821981,0.069697603464745,0.6254985442821981,0.0,2.0
2300.0,23.0,0.6271258056415501,0.0695505588286498,0.6271258056415501,0.0,2.0
2400.0,24.0,0.6275386875515623,0.0695505588286498,0.6275386875515623,0.0,2.0
2500.0,25.0,0.6278287353891351,0.0695505588286498,0.6278287353891351,0.0,2.0
2600.0,26.0,0.6278545872138632,0.0695505588286498,0.6278545872138632,0.0,2.0
2700.0,27.0,0.665432912167631,0.056052424697481,0.665432912167631,0.0,2.0
2800.0,28.0,0.6661524380404505,0.056052424697481,0.6661524380404505,0.0,2.0
2900.0,29.0,0.666160279884122,0.0559710556876973,0.666160279884122,0.0,2.0
3000.0,30.0,0.6662018849111907,0.0559710556876973,0.6662018849111907,0.0,2.0
3100.0,31.0,0.6821271417109037,0.0502629543662932,0.6821271417109037,0.0,2.0
3200.0,32.0,0.682205887357297,0.0502629543662932,0.682205887357297,0.0,2.0
3300.0,33.0,0.6823268757275548,0.0502609607814695,0.6823268757275548,0.0,2.0
3400.0,34.0,0.6825955112491818,0.0502277495630134,0.6825955112491818,0.0,2.0
3500.0,35.0,0.6827018622324372,0.0502277495630134,0.6827018622324372,0.0,2.0
3600.0,36.0,0.682713963252234,0.0502277495630134,0.682713963252234,0.0,2.0
3700.0,37.0,0.6827256688685893,0.0502277495630134,0.6827256688685893,0.0,2.0
3800.0,38.0,0.6829142631231585,0.0502277495630134,0.6829142631231585,0.0,2.0
3900.0,39.0,0.6829349881507278,0.0502277495630134,0.6829349881507278,0.0,2.0
4000.0,40.0,0.6833769343455385,0.0502277495630134,0.6833769343455385,0.0,2.0
4100.0,41.0,0.6834511412073913,0.0499918650055972,0.6834511412073913,0.0,2.0
4200.0,42.0,0.6834846924405745,0.0499918650055972,0.6834846924405745,0.0,2.0
4300.0,43.0,0.6834896841453999,0.0499918650055972,0.6834896841453999,0.0,2.0
4400.0,44.0,0.6838600469813771,0.0499918650055972,0.6838600469813771,0.0,2.0
4500.0,45.0,0.6838849952077675,0.0499918650055972,0.6838849952077675,0.0,2.0
4600.0,46.0,0.6839140220021362,0.0499918650055972,0.6839140220021362,0.0,2.0
4700.0,47.0,0.6840150631940342,0.0499726554782254,0.6840150631940342,0.0,2.0
4800.0,48.0,0.6840226329069033,0.0499726554782254,0.6840226329069033,0.0,2.0
4900.0,49.0,0.7285911431590936,0.0344777427584684,0.7285911431590936,0.0,2.0
5000.0,50.0,0.7286172594159787,0.0344777427584684,0.7286172594159787,0.0,2.0
5100.0,51.0,0.7286190100125416,0.0344777427584684,0.7286190100125416,0.0,2.0
5200.0,52.0,0.7287838766501712,0.0344777427584684,0.7287838766501712,0.0,2.0
5300.0,53.0,0.7287908680054735,0.0344777427584684,0.7287908680054735,0.0,2.0
5400.0,54.0,0.7287971573523103,0.0344777427584684,0.7287971573523103,0.0,2.0
5500.0,55.0,0.7305020000417471,0.033856928747982,0.7305020000417471,0.0,2.0
5600.0,56.0,0.7305102033919654,0.033856928747982,0.7305102033919654,0.0,2.0
5800.0,58.0,0.7305383495933424,0.033856928747982,0.7305383495933424,0.0,2.0
5900.0,59.0,0.730544357061856,0.0338567295009827,0.730544357061856,0.0,2.0
6100.0,61.0,0.7307142343636651,0.0337850377037017,0.7307142343636651,0.0,2.0
6200.0,62.0,0.7307270553838904,0.0337850377037017,0.7307270553838904,0.0,2.0
6300.0,63.0,0.7307580891457129,0.0337850377037017,0.7307580891457129,0.0,2.0
6400.0,64.0,0.7307745283830963,0.0337850377037017,0.7307745283830963,0.0,2.0
6500.0,65.0,0.7307772311643824,0.0337850377037017,0.7307772311643824,0.0,2.0
6600.0,66.0,0.7307974232748367,0.0337850377037017,0.7307974232748367,0.0,2.0
6700.0,67.0,0.7308009629348292,0.0337468285850566,0.7308009629348292,0.0,2.0
6800.0,68.0,0.7640829274368325,0.0225494220007151,0.7640829274368325,0.0,2.0
6900.0,69.0,0.7640927202096596,0.0225494220007151,0.7640927202096596,0.0,2.0
7000.0,70.0,0.7641599514854728,0.0225494220007151,0.7641599514854728,0.0,2.0
7100.0,71.0,0.7641606210472819,0.0225494220007151,0.7641606210472819,0.0,2.0
7200.0,72.0,0.7641918796542151,0.0225494220007151,0.7641918796542151,0.0,2.0
7300.0,73.0,0.7641928851951689,0.0225494220007151,0.7641928851951689,0.0,2.0
7400.0,74.0,0.764199093910155,0.0225494220007151,0.764199093910155,0.0,2.0
7600.0,76.0,0.7642152239863528,0.0225494220007151,0.7642152239863528,0.0,2.0
7800.0,78.0,0.7642184050747761,0.0225494220007151,0.7642184050747761,0.0,2.0
7900.0,79.0,0.7642188431280249,0.0225494220007151,0.7642188431280249,0.0,2.0
8000.0,80.0,0.764222905937425,0.0225494220007151,0.764222905937425,0.0,2.0
8100.0,81.0,0.7642456292915748,0.0225494220007151,0.7642456292915748,0.0,2.0
8200.0,82.0,0.7658001132097869,0.0220387562562326,0.7658001132097869,0.0,2.0
8300.0,83.0,0.7658336158456214,0.0220387562562326,0.7658336158456214,0.0,2.0
8500.0,85.0,0.7658380001008442,0.0220387562562326,0.7658380001008442,0.0,2.0
8600.0,86.0,0.7658403846612375,0.0220387562562326,0.7658403846612375,0.0,2.0
8700.0,87.0,0.7658460998516561,0.0220387562562326,0.7658460998516561,0.0,2.0
8800.0,88.0,0.7658552060646263,0.0220387562562326,0.7658552060646263,0.0,2.0
8900.0,89.0,0.7658591873603448,0.0220387562562326,0.7658591873603448,0.0,2.0
9000.0,90.0,0.7658608873110627,0.0220387562562326,0.7658608873110627,0.0,2.0
9100.0,91.0,0.7658649529735575,0.0220387562562326,0.7658649529735575,0.0,2.0
9200.0,92.0,0.7658731396481487,0.022035244391268,0.7658731396481487,0.0,2.0
9300.0,93.0,0.7832311870682626,0.0163940294360237,0.7832311870682626,0.0,2.0
9400.0,94.0,0.7832657271105952,0.0163940294360237,0.7832657271105952,0.0,2.0
9500.0,95.0,0.783280969751472,0.0163940294360237,0.783280969751472,0.0,2.0
9700.0,97.0,0.7979572662336987,0.0117484613024065,0.7979572662336987,0.0,2.0
9800.0,98.0,0.7979679964512967,0.0117484613024065,0.7979679964512967,0.0,2.0
9900.0,99.0,0.7979856140599441,0.0117484613024065,0.7979856140599441,0.0,2.0
10000.0,100.0,0.797992837331915,0.0117484613024065,0.797992837331915,0.0,2.0
10100.0,101.0,0.7980002575873206,0.0117484613024065,0.7980002575873206,0.0,2.0
10200.0,102.0,0.7993817675376395,0.0113824941849064,0.7993817675376395,0.0,2.0
10300.0,103.0,0.7993867604835139,0.0113532100038741,0.7993867604835139,0.0,2.0
10500.0,105.0,0.7995016580044472,0.0113532100038741,0.7995016580044472,0.0,2.0
10600.0,106.0,0.7995084454748299,0.0113532100038741,0.7995084454748299,0.0,2.0
10800.0,108.0,0.7995101823998626,0.0113500685989962,0.7995101823998626,0.0,2.0
11000.0,110.0,0.7995115642871339,0.0113500685989962,0.7995115642871339,0.0,2.0
11200.0,112.0,0.7995129165293754,0.0113500685989962,0.7995129165293754,0.0,2.0
11400.0,114.0,0.8006422038876088,0.0110490019005479,0.8006422038876088,0.0,2.0
11500.0,115.0,0.8006465626899446,0.0110490019005479,0.8006465626899446,0.0,2.0
11600.0,116.0,0.8006891760796441,0.0110490019005479,0.8006891760796441,0.0,2.0
11700.0,117.0,0.8006897792883606,0.0110490019005479,0.8006897792883606,0.0,2.0
11800.0,118.0,0.800700346007777,0.0110490019005479,0.800700346007777,0.0,2.0
12000.0,120.0,0.8008140355691888,0.0110464760467033,0.8008140355691888,0.0,2.0
12100.0,121.0,0.8010374382775828,0.0110464760467033,0.8010374382775828,0.0,2.0
12300.0,123.0,0.8016842106548895,0.0107952560510537,0.8016842106548895,0.0,2.0
12400.0,124.0,0.8017003626129,0.0107952560510537,0.8017003626129,0.0,2.0
12600.0,126.0,0.8017087117327323,0.0107952560510537,0.8017087117327323,0.0,2.0
12700.0,127.0,0.801715604042305,0.0107952560510537,0.801715604042305,0.0,2.0
12800.0,128.0,0.8017187515506105,0.0107950290922638,0.8017187515506105,0.0,2.0
12900.0,129.0,0.8017187968711016,0.0107950290922638,0.8017187968711016,0.0,2.0
13200.0,132.0,0.8017175755813327,0.0107950290922638,0.8017175755813327,0.0,2.0
13300.0,133.0,0.8017497130621755,0.0107950290922638,0.8017497130621755,0.0,2.0
13400.0,134.0,0.801750012079404,0.0107950290922638,0.801750012079404,0.0,2.0
13500.0,135.0,0.8050938079453255,0.0099566383500684,0.8050938079453255,0.0,2.0
13600.0,136.0,0.8050944141006305,0.0100307283035525,0.8050944141006305,0.0,2.0
13700.0,137.0,0.8050974841883969,0.0100307283035525,0.8050974841883969,0.0,2.0
14000.0,140.0,0.80509375478041,0.0100307283035525,0.80509375478041,0.0,2.0
14100.0,141.0,0.8050962206626047,0.0100307283035525,0.8050962206626047,0.0,2.0
14500.0,145.0,0.8056642646017054,0.0098095886843893,0.8056642646017054,0.0,2.0
14600.0,146.0,0.805668105392667,0.0098095886843893,0.805668105392667,0.0,2.0
14800.0,148.0,0.805669098635167,0.0098095886843893,0.805669098635167,0.0,2.0
14900.0,149.0,0.805673662770228,0.009807378929409,0.805673662770228,0.0,2.0
15000.0,150.0,0.8056792571165132,0.009807378929409,0.8056792571165132,0.0,2.0
15100.0,151.0,0.8056847879045588,0.0098069193977073,0.8056847879045588,0.0,2.0
15200.0,152.0,0.8056883190601835,0.0098069193977073,0.8056883190601835,0.0,2.0
15400.0,154.0,0.8078923559398689,0.0089466502385282,0.8078923559398689,0.0,2.0
15600.0,156.0,0.8078865213528651,0.0089466502385282,0.8078865213528651,0.0,2.0
15700.0,157.0,0.8078874535647317,0.0089466502385282,0.8078874535647317,0.0,2.0
16000.0,160.0,0.8078844863403628,0.0089466502385282,0.8078844863403628,0.0,2.0
16100.0,161.0,0.8078852935010232,0.0089466502385282,0.8078852935010232,0.0,2.0
16200.0,162.0,0.8078896912421405,0.0089466502385282,0.8078896912421405,0.0,2.0
16500.0,165.0,0.80788940980032,0.0089466502385282,0.80788940980032,0.0,2.0
16600.0,166.0,0.8078924122879215,0.0089466502385282,0.8078924122879215,0.0,2.0
16900.0,169.0,0.80788880497831,0.0089466502385282,0.80788880497831,0.0,2.0
17000.0,170.0,0.8078987375981352,0.0089466502385282,0.8078987375981352,0.0,2.0
17200.0,172.0,0.8078980188725379,0.0089466502385282,0.8078980188725379,0.0,2.0
17500.0,175.0,0.8078976265785272,0.0089158996893239,0.8078976265785272,0.0,2.0
17600.0,176.0,0.8079116808151526,0.00891580898347,0.8079116808151526,0.0,2.0
17700.0,177.0,0.8079117872824315,0.00891580898347,0.8079117872824315,0.0,2.0
17800.0,178.0,0.8079121433370259,0.00891580898347,0.8079121433370259,0.0,2.0
17900.0,179.0,0.8079182272601582,0.00891580898347,0.8079182272601582,0.0,2.0
18000.0,180.0,0.8079182968607184,0.00891580898347,0.8079182968607184,0.0,2.0
18200.0,182.0,0.8079296224879586,0.0088207458192372,0.8079296224879586,0.0,2.0
18300.0,183.0,0.8079306047759325,0.0088207458192372,0.8079306047759325,0.0,2.0
18400.0,184.0,0.8079352254994825,0.0088207458192372,0.8079352254994825,0.0,2.0
18500.0,185.0,0.8079363030896949,0.0088207458192372,0.8079363030896949,0.0,2.0
18700.0,187.0,0.8151295390093809,0.0062545117183642,0.8151295390093809,0.0,2.0
18800.0,188.0,0.8151324910843104,0.0062545117183642,0.8151324910843104,0.0,2.0
19200.0,192.0,0.8151289086027175,0.0062545117183642,0.8151289086027175,0.0,2.0
19500.0,195.0,0.8151225433292646,0.0062545117183642,0.8151225433292646,0.0,2.0
19600.0,196.0,0.8151253744008016,0.0062515701315397,0.8151253744008016,0.0,2.0
19900.0,199.0,0.8151227366096773,0.0062515701315397,0.8151227366096773,0.0,2.0
100.0,1.0,0.444227790573368,0.2066521897314919,0.444227790573368,0.0,3.0
200.0,2.0,0.4610752530316073,0.1937908846573368,0.4610752530316073,0.0,3.0
300.0,3.0,0.5692837809060067,0.1485874275360193,0.5692837809060067,0.0,3.0
400.0,4.0,0.571886355994892,0.1190247061506242,0.571886355994892,0.0,3.0
500.0,5.0,0.5731845562465496,0.1184138217810959,0.5731845562465496,0.0,3.0
600.0,6.0,0.6819800793545583,0.0835662128287028,0.6819800793545583,0.0,3.0
700.0,7.0,0.6855982272158583,0.0656423711655915,0.6855982272158583,0.0,3.0
800.0,8.0,0.6972377019254459,0.0603796590956033,0.6972377019254459,0.0,3.0
900.0,9.0,0.7231662217084617,0.03699185493098,0.7231662217084617,0.0,3.0
1000.0,10.0,0.7341903686254978,0.03324206666899,0.7341903686254978,0.0,3.0
1100.0,11.0,0.7382217836345998,0.03324206666899,0.7382217836345998,0.0,3.0
1200.0,12.0,0.7388570061173436,0.0324418676136993,0.7388570061173436,0.0,3.0
1300.0,13.0,0.7775960539251596,0.0203660629642291,0.7775960539251596,0.0,3.0
1400.0,14.0,0.7856389954526127,0.0181074755786666,0.7856389954526127,0.0,3.0
1500.0,15.0,0.7954168503947133,0.0146257949889365,0.7954168503947133,0.0,3.0
1600.0,16.0,0.795429319837466,0.0146257949889365,0.795429319837466,0.0,3.0
1700.0,17.0,0.7960426912355193,0.0146241915454275,0.7960426912355193,0.0,3.0
1800.0,18.0,0.7963708917868254,0.0145693325880706,0.7963708917868254,0.0,3.0
1900.0,19.0,0.7963805868058268,0.0145693325880706,0.7963805868058268,0.0,3.0
2000.0,20.0,0.7963834107139979,0.0124450517177397,0.7963834107139979,0.0,3.0
2100.0,21.0,0.799007395561752,0.0116822252779127,0.799007395561752,0.0,3.0
2200.0,22.0,0.8004110167284214,0.0112496518238721,0.8004110167284214,0.0,3.0
2300.0,23.0,0.8005683051591973,0.0112496518238721,0.8005683051591973,0.0,3.0
2400.0,24.0,0.800994226205411,0.0111410574030977,0.800994226205411,0.0,3.0
2500.0,25.0,0.8010021682300046,0.0111410574030977,0.8010021682300046,0.0,3.0
2600.0,26.0,0.8010142818856786,0.0111410574030977,0.8010142818856786,0.0,3.0
2700.0,27.0,0.8011138346906974,0.0111410574030977,0.8011138346906974,0.0,3.0
2800.0,28.0,0.8011142245144381,0.0111410574030977,0.8011142245144381,0.0,3.0
2900.0,29.0,0.8012732755194819,0.0111410574030977,0.8012732755194819,0.0,3.0
3000.0,30.0,0.8012740942396274,0.0111410574030977,0.8012740942396274,0.0,3.0
3100.0,31.0,0.801304963398362,0.0111410574030977,0.801304963398362,0.0,3.0
3200.0,32.0,0.8014364052019671,0.0108201932081085,0.8014364052019671,0.0,3.0
3300.0,33.0,0.8015425583593985,0.0108201932081085,0.8015425583593985,0.0,3.0
3500.0,35.0,0.8189371904318619,0.0052721602985399,0.8189371904318619,0.0,3.0
3600.0,36.0,0.8189489782017945,0.0052721602985399,0.8189489782017945,0.0,3.0
3700.0,37.0,0.819028615902094,0.0052721602985399,0.819028615902094,0.0,3.0
3800.0,38.0,0.8191466458605425,0.0052721602985399,0.8191466458605425,0.0,3.0
3900.0,39.0,0.8192439012347987,0.0052721602985399,0.8192439012347987,0.0,3.0
4000.0,40.0,0.8192664362818686,0.0052721602985399,0.8192664362818686,0.0,3.0
4100.0,41.0,0.8192725861897474,0.0052721602985399,0.8192725861897474,0.0,3.0
4200.0,42.0,0.8204571297154054,0.0052721602985399,0.8204571297154054,0.0,3.0
4300.0,43.0,0.8205649652754605,0.0052721602985399,0.8205649652754605,0.0,3.0
4400.0,44.0,0.8205649832153942,0.0052721602985399,0.8205649832153942,0.0,3.0
4600.0,46.0,0.8205735886784533,0.0049137765099241,0.8205735886784533,0.0,3.0
4700.0,47.0,0.820574501009577,0.0049137765099241,0.820574501009577,0.0,3.0
4800.0,48.0,0.8205783888081343,0.0049137765099241,0.8205783888081343,0.0,3.0
4900.0,49.0,0.8205846467730352,0.0049137765099241,0.8205846467730352,0.0,3.0
5000.0,50.0,0.8209324019341451,0.0049137765099241,0.8209324019341451,0.0,3.0
5100.0,51.0,0.8209417251699382,0.0049084069187598,0.8209417251699382,0.0,3.0
5200.0,52.0,0.8209520727286512,0.0049084069187598,0.8209520727286512,0.0,3.0
5300.0,53.0,0.8209735762648618,0.0049084069187598,0.8209735762648618,0.0,3.0
5400.0,54.0,0.8209894376809255,0.0049084069187598,0.8209894376809255,0.0,3.0
5600.0,56.0,0.8211225825863221,0.0048376804582445,0.8211225825863221,0.0,3.0
5700.0,57.0,0.8211303905038426,0.0048376804582445,0.8211303905038426,0.0,3.0
5800.0,58.0,0.8211382993974038,0.0048376804582445,0.8211382993974038,0.0,3.0
5900.0,59.0,0.8225362291184706,0.0044327344749457,0.8225362291184706,0.0,3.0
6000.0,60.0,0.8225386999188259,0.0044327344749457,0.8225386999188259,0.0,3.0
6100.0,61.0,0.8225399600830626,0.0044327344749457,0.8225399600830626,0.0,3.0
6200.0,62.0,0.8225998497180503,0.0044327344749457,0.8225998497180503,0.0,3.0
6300.0,63.0,0.822601311161906,0.0044327344749457,0.822601311161906,0.0,3.0
6400.0,64.0,0.8226199952757681,0.0048257949505212,0.8226199952757681,0.0,3.0
6600.0,66.0,0.8226410939608109,0.0048257949505212,0.8226410939608109,0.0,3.0
6700.0,67.0,0.8226418555928715,0.0048257949505212,0.8226418555928715,0.0,3.0
6800.0,68.0,0.8226525110132752,0.0048257949505212,0.8226525110132752,0.0,3.0
6900.0,69.0,0.822659944893931,0.0048257949505212,0.822659944893931,0.0,3.0
7100.0,71.0,0.822708309691674,0.0047249547376844,0.822708309691674,0.0,3.0
7200.0,72.0,0.8227514356936846,0.0047249547376844,0.8227514356936846,0.0,3.0
7300.0,73.0,0.822854034878582,0.0047249547376844,0.822854034878582,0.0,3.0
7400.0,74.0,0.8228588983558021,0.0047249547376844,0.8228588983558021,0.0,3.0
7600.0,76.0,0.8228609794947639,0.0047249547376844,0.8228609794947639,0.0,3.0
7700.0,77.0,0.8228636704584383,0.0047249547376844,0.8228636704584383,0.0,3.0
7800.0,78.0,0.8228908794499714,0.0047249547376844,0.8228908794499714,0.0,3.0
7900.0,79.0,0.8228916363247101,0.0045102596865793,0.8228916363247101,0.0,3.0
8000.0,80.0,0.8228957274985808,0.004211987602289,0.8228957274985808,0.0,3.0
8200.0,82.0,0.822905013560617,0.004211987602289,0.822905013560617,0.0,3.0
8400.0,84.0,0.8229074286328433,0.004211987602289,0.8229074286328433,0.0,3.0
8500.0,85.0,0.8234549691497154,0.004051705556433,0.8234549691497154,0.0,3.0
8600.0,86.0,0.8234687207573249,0.0038680958624381,0.8234687207573249,0.0,3.0
8700.0,87.0,0.8234718163477164,0.0038680958624381,0.8234718163477164,0.0,3.0
8800.0,88.0,0.8234846463435161,0.0038680958624381,0.8234846463435161,0.0,3.0
8900.0,89.0,0.8234869930551255,0.0038680958624381,0.8234869930551255,0.0,3.0
9000.0,90.0,0.8235048863105959,0.0038680958624381,0.8235048863105959,0.0,3.0
9100.0,91.0,0.8235068565155108,0.0038680958624381,0.8235068565155108,0.0,3.0
9300.0,93.0,0.8235055978722199,0.0038680958624381,0.8235055978722199,0.0,3.0
9400.0,94.0,0.823506896704771,0.0038680958624381,0.823506896704771,0.0,3.0
9500.0,95.0,0.8235134720044075,0.0038075299983514,0.8235134720044075,0.0,3.0
9600.0,96.0,0.8236633639985462,0.0038075299983514,0.8236633639985462,0.0,3.0
10000.0,100.0,0.8236650595207613,0.0037416111753923,0.8236650595207613,0.0,3.0
10100.0,101.0,0.8236892836777198,0.0037287215011203,0.8236892836777198,0.0,3.0
10300.0,103.0,0.823695143690488,0.0037287215011203,0.823695143690488,0.0,3.0
10400.0,104.0,0.8237040908374885,0.0037287215011203,0.8237040908374885,0.0,3.0
10500.0,105.0,0.8237056912846996,0.0037287215011203,0.8237056912846996,0.0,3.0
10600.0,106.0,0.8237169815957686,0.0037287215011203,0.8237169815957686,0.0,3.0
10700.0,107.0,0.8237213340112521,0.0037287215011203,0.8237213340112521,0.0,3.0
10800.0,108.0,0.823719631161468,0.00372326531685,0.823719631161468,0.0,3.0
11000.0,110.0,0.8237166798190159,0.00372326531685,0.8237166798190159,0.0,3.0
11200.0,112.0,0.8237160761569622,0.00372326531685,0.8237160761569622,0.0,3.0
11300.0,113.0,0.8237165439978176,0.00372326531685,0.8237165439978176,0.0,3.0
11500.0,115.0,0.8237209683829266,0.00372326531685,0.8237209683829266,0.0,3.0
11700.0,117.0,0.8237214866431632,0.00372326531685,0.8237214866431632,0.0,3.0
11900.0,119.0,0.8237232582793974,0.00372326531685,0.8237232582793974,0.0,3.0
12000.0,120.0,0.8237274970542939,0.00372326531685,0.8237274970542939,0.0,3.0
12100.0,121.0,0.8237319130273031,0.0037230061553896,0.8237319130273031,0.0,3.0
12200.0,122.0,0.8237342990632015,0.0037230061553896,0.8237342990632015,0.0,3.0
12300.0,123.0,0.823737009803152,0.0037230061553896,0.823737009803152,0.0,3.0
12400.0,124.0,0.8237431863538965,0.0037230061553896,0.8237431863538965,0.0,3.0
12500.0,125.0,0.8237473487535015,0.0037230061553896,0.8237473487535015,0.0,3.0
12600.0,126.0,0.8237481606004654,0.0037230061553896,0.8237481606004654,0.0,3.0
12800.0,128.0,0.8237582485254348,0.0037230061553896,0.8237582485254348,0.0,3.0
12900.0,129.0,0.8237590001963069,0.0037230061553896,0.8237590001963069,0.0,3.0
13000.0,130.0,0.8237744350062309,0.0037230061553896,0.8237744350062309,0.0,3.0
13200.0,132.0,0.8237757749054071,0.0037230061553896,0.8237757749054071,0.0,3.0
13400.0,134.0,0.8237771844216997,0.0037230061553896,0.8237771844216997,0.0,3.0
13500.0,135.0,0.8237830797620544,0.0037230061553896,0.8237830797620544,0.0,3.0
13700.0,137.0,0.8237815563511678,0.0037230061553896,0.8237815563511678,0.0,3.0
13800.0,138.0,0.8237822821837661,0.0037230061553896,0.8237822821837661,0.0,3.0
13900.0,139.0,0.8237863307631694,0.003714335127265,0.8237863307631694,0.0,3.0
14000.0,140.0,0.8237868422025737,0.003714335127265,0.8237868422025737,0.0,3.0
14300.0,143.0,0.8237858252147675,0.003714335127265,0.8237858252147675,0.0,3.0
14400.0,144.0,0.8237881077284952,0.003714335127265,0.8237881077284952,0.0,3.0
14600.0,146.0,0.8237933790387736,0.003714335127265,0.8237933790387736,0.0,3.0
14700.0,147.0,0.8237936558263057,0.003714335127265,0.8237936558263057,0.0,3.0
14800.0,148.0,0.8238010203590855,0.0036961426953635,0.8238010203590855,0.0,3.0
15100.0,151.0,0.8237992489237985,0.0036961426953635,0.8237992489237985,0.0,3.0
15400.0,154.0,0.8237960706267718,0.0036961426953635,0.8237960706267718,0.0,3.0
15500.0,155.0,0.823884059030465,0.003676725400763,0.823884059030465,0.0,3.0
15700.0,157.0,0.8238850267274126,0.003676725400763,0.8238850267274126,0.0,3.0
15800.0,158.0,0.8238884048444479,0.003676725400763,0.8238884048444479,0.0,3.0
16000.0,160.0,0.8238864362647402,0.003676725400763,0.8238864362647402,0.0,3.0
16100.0,161.0,0.8238868319136098,0.003676725400763,0.8238868319136098,0.0,3.0
16200.0,162.0,0.8238881341256407,0.003676725400763,0.8238881341256407,0.0,3.0
16300.0,163.0,0.8238945041263722,0.003676725400763,0.8238945041263722,0.0,3.0
16500.0,165.0,0.8238853971705439,0.003676725400763,0.8238853971705439,0.0,3.0
16600.0,166.0,0.8238941770256157,0.003676725400763,0.8238941770256157,0.0,3.0
16800.0,168.0,0.8238884104840766,0.003676725400763,0.8238884104840766,0.0,3.0
17200.0,172.0,0.82388691024741,0.003676725400763,0.82388691024741,0.0,3.0
17300.0,173.0,0.8238871543257565,0.003676725400763,0.8238871543257565,0.0,3.0
17400.0,174.0,0.8238919821282678,0.003676725400763,0.8238919821282678,0.0,3.0
17500.0,175.0,0.8238925220680536,0.0036753294537558,0.8238925220680536,0.0,3.0
17800.0,178.0,0.8238845328705663,0.0036753294537558,0.8238845328705663,0.0,3.0
18100.0,181.0,0.8238892543696276,0.0036753294537558,0.8238892543696276,0.0,3.0
18200.0,182.0,0.8238923052150302,0.0036737281575005,0.8238923052150302,0.0,3.0
18300.0,183.0,0.8238937566595496,0.0036716074770716,0.8238937566595496,0.0,3.0
18400.0,184.0,0.8238949241416157,0.0036716074770716,0.8238949241416157,0.0,3.0
18700.0,187.0,0.8238955056511804,0.0036716074770716,0.8238955056511804,0.0,3.0
18800.0,188.0,0.82389748413227,0.0036712407849419,0.82389748413227,0.0,3.0
19000.0,190.0,0.8238929505262433,0.0036700488583932,0.8238929505262433,0.0,3.0
19100.0,191.0,0.8238931067207584,0.0036700488583932,0.8238931067207584,0.0,3.0
19400.0,194.0,0.8238913335110967,0.0036700488583932,0.8238913335110967,0.0,3.0
19700.0,197.0,0.8238864453358504,0.0036700488583932,0.8238864453358504,0.0,3.0
19800.0,198.0,0.8238904894428136,0.0036686144357354,0.8238904894428136,0.0,3.0
19900.0,199.0,0.823890953280408,0.0036686144357354,0.823890953280408,0.0,3.0
20000.0,200.0,0.8238883481476521,0.0036685123395429,0.8238883481476521,0.0,3.0
100.0,1.0,0.7027223437171858,0.0881323373909083,0.7027223437171858,0.0,4.0
300.0,3.0,0.7132683100530083,0.0572952163778152,0.7132683100530083,0.0,4.0
400.0,4.0,0.7462988353918946,0.0539014777741842,0.7462988353918946,0.0,4.0
500.0,5.0,0.778137633887846,0.0459914721630865,0.778137633887846,0.0,4.0
600.0,6.0,0.7786674307015701,0.0321289693914289,0.7786674307015701,0.0,4.0
700.0,7.0,0.7787041689985076,0.0321289693914289,0.7787041689985076,0.0,4.0
800.0,8.0,0.7799714404454829,0.0306814133753853,0.7799714404454829,0.0,4.0
900.0,9.0,0.8245270821638577,0.0204521809248268,0.8245270821638577,0.0,4.0
1000.0,10.0,0.8298106226919124,0.0187861699885283,0.8298106226919124,0.0,4.0
1100.0,11.0,0.8356419596484944,0.0134825383295727,0.8356419596484944,0.0,4.0
1200.0,12.0,0.835665726749183,0.0134825383295727,0.835665726749183,0.0,4.0
1300.0,13.0,0.8356914454032711,0.0134825383295727,0.8356914454032711,0.0,4.0
1400.0,14.0,0.8358038330528186,0.0134825383295727,0.8358038330528186,0.0,4.0
1500.0,15.0,0.8359029864797463,0.012951063088321,0.8359029864797463,0.0,4.0
1600.0,16.0,0.8360797230906984,0.012951063088321,0.8360797230906984,0.0,4.0
1700.0,17.0,0.8445262938495508,0.0086967615627659,0.8445262938495508,0.0,4.0
1800.0,18.0,0.84468561112992,0.0086967615627659,0.84468561112992,0.0,4.0
1900.0,19.0,0.8450343866115895,0.0086967615627659,0.8450343866115895,0.0,4.0
2000.0,20.0,0.8451818924504142,0.0086967615627659,0.8451818924504142,0.0,4.0
2100.0,21.0,0.845186831196946,0.0086967615627659,0.845186831196946,0.0,4.0
2200.0,22.0,0.8452027771089315,0.0086967615627659,0.8452027771089315,0.0,4.0
2300.0,23.0,0.8454945224633128,0.0083237630647909,0.8454945224633128,0.0,4.0
2400.0,24.0,0.8455029725654111,0.0083237630647909,0.8455029725654111,0.0,4.0
2500.0,25.0,0.8455064345428186,0.0083237630647909,0.8455064345428186,0.0,4.0
2600.0,26.0,0.8467594581679656,0.0079468763497624,0.8467594581679656,0.0,4.0
2700.0,27.0,0.8468056734904631,0.0079468763497624,0.8468056734904631,0.0,4.0
2800.0,28.0,0.8512505244094376,0.0046558952993574,0.8512505244094376,0.0,4.0
2900.0,29.0,0.8512519508471632,0.0046558952993574,0.8512519508471632,0.0,4.0
3000.0,30.0,0.8513393403227548,0.0045559889529437,0.8513393403227548,0.0,4.0
3300.0,33.0,0.8513420666915174,0.0048326445681141,0.8513420666915174,0.0,4.0
3400.0,34.0,0.8513441115318934,0.0048326445681141,0.8513441115318934,0.0,4.0
3500.0,35.0,0.8513851861188997,0.0043920561035524,0.8513851861188997,0.0,4.0
3600.0,36.0,0.8514148835105171,0.0043920561035524,0.8514148835105171,0.0,4.0
3700.0,37.0,0.8514151100988046,0.0043920561035524,0.8514151100988046,0.0,4.0
3800.0,38.0,0.8514492067181939,0.0043356445546757,0.8514492067181939,0.0,4.0
3900.0,39.0,0.8518734944301682,0.0039833961215965,0.8518734944301682,0.0,4.0
4000.0,40.0,0.8518883227404364,0.0039833961215965,0.8518883227404364,0.0,4.0
4100.0,41.0,0.8519194569121953,0.0039833961215965,0.8519194569121953,0.0,4.0
4200.0,42.0,0.8555307721266816,0.0025754731473015,0.8555307721266816,0.0,4.0
4300.0,43.0,0.8555701901780917,0.0025754731473015,0.8555701901780917,0.0,4.0
4400.0,44.0,0.856221882341233,0.0019173834276638,0.856221882341233,0.0,4.0
4500.0,45.0,0.856223627653989,0.0019173834276638,0.856223627653989,0.0,4.0
4600.0,46.0,0.8562395592497103,0.0019166841349362,0.8562395592497103,0.0,4.0
4700.0,47.0,0.856265247618172,0.0019208973292682,0.856265247618172,0.0,4.0
4800.0,48.0,0.856283493478962,0.001890100803265,0.856283493478962,0.0,4.0
4900.0,49.0,0.8563029073010008,0.001890100803265,0.8563029073010008,0.0,4.0
5000.0,50.0,0.8563130140281163,0.001890100803265,0.8563130140281163,0.0,4.0
5100.0,51.0,0.8563225281279944,0.001890100803265,0.8563225281279944,0.0,4.0
5200.0,52.0,0.8563227191289233,0.001890100803265,0.8563227191289233,0.0,4.0
5300.0,53.0,0.8563483673561396,0.001890100803265,0.8563483673561396,0.0,4.0
5400.0,54.0,0.8568243375647178,0.0018340027904998,0.8568243375647178,0.0,4.0
5500.0,55.0,0.8568251577839319,0.0018340027904998,0.8568251577839319,0.0,4.0
5600.0,56.0,0.8568571633136555,0.0018340027904998,0.8568571633136555,0.0,4.0
5700.0,57.0,0.856873360588539,0.0018340027904998,0.856873360588539,0.0,4.0
5800.0,58.0,0.8583519058886084,0.0017309430499198,0.8583519058886084,0.0,4.0
5900.0,59.0,0.8583576046515372,0.0017309430499198,0.8583576046515372,0.0,4.0
6000.0,60.0,0.858370713076964,0.0017309430499198,0.858370713076964,0.0,4.0
6100.0,61.0,0.8583769862788512,0.0017309430499198,0.8583769862788512,0.0,4.0
6200.0,62.0,0.8584072953519407,0.0017309430499198,0.8584072953519407,0.0,4.0
6300.0,63.0,0.8584092037744336,0.0017309430499198,0.8584092037744336,0.0,4.0
6400.0,64.0,0.8584113498212708,0.0017309430499198,0.8584113498212708,0.0,4.0
6600.0,66.0,0.8584691282641702,0.0017309430499198,0.8584691282641702,0.0,4.0
6700.0,67.0,0.8584760364372196,0.0017309430499198,0.8584760364372196,0.0,4.0
6800.0,68.0,0.8584871497220506,0.0017309430499198,0.8584871497220506,0.0,4.0
6900.0,69.0,0.8584881934900852,0.0017270443738641,0.8584881934900852,0.0,4.0
7000.0,70.0,0.8584924658480745,0.0017270443738641,0.8584924658480745,0.0,4.0
7100.0,71.0,0.8587874540040811,0.0017270443738641,0.8587874540040811,0.0,4.0
7200.0,72.0,0.8589488625476398,0.0017270443738641,0.8589488625476398,0.0,4.0
7300.0,73.0,0.8589729284763048,0.0017003824723605,0.8589729284763048,0.0,4.0
7400.0,74.0,0.8589750950400623,0.0017003824723605,0.8589750950400623,0.0,4.0
7600.0,76.0,0.8593878277132825,0.001337371240356,0.8593878277132825,0.0,4.0
7700.0,77.0,0.8593883435622982,0.001337371240356,0.8593883435622982,0.0,4.0
7800.0,78.0,0.8593910613995862,0.001337371240356,0.8593910613995862,0.0,4.0
8100.0,81.0,0.8593895334854026,0.001337371240356,0.8593895334854026,0.0,4.0
8200.0,82.0,0.8594198951061447,0.0013160692016194,0.8594198951061447,0.0,4.0
8300.0,83.0,0.8594201140813791,0.0013160692016194,0.8594201140813791,0.0,4.0
8500.0,85.0,0.8594248262922622,0.0013160692016194,0.8594248262922622,0.0,4.0
8600.0,86.0,0.8594261791120383,0.0011066307157126,0.8594261791120383,0.0,4.0
8700.0,87.0,0.8594337683059174,0.0011066307157126,0.8594337683059174,0.0,4.0
8800.0,88.0,0.8594411621351125,0.0011066307157126,0.8594411621351125,0.0,4.0
8900.0,89.0,0.8594548438419791,0.0011066307157126,0.8594548438419791,0.0,4.0
9100.0,91.0,0.8594546407879856,0.0011066307157126,0.8594546407879856,0.0,4.0
9200.0,92.0,0.8594574279995534,0.0011066307157126,0.8594574279995534,0.0,4.0
9400.0,94.0,0.8594534587856315,0.0011066307157126,0.8594534587856315,0.0,4.0
9500.0,95.0,0.8594594498140583,0.0011066307157126,0.8594594498140583,0.0,4.0
9600.0,96.0,0.8594654942828861,0.0011066307157126,0.8594654942828861,0.0,4.0
9700.0,97.0,0.8594714320964454,0.0011066307157126,0.8594714320964454,0.0,4.0
9800.0,98.0,0.8594728400423071,0.0011066307157126,0.8594728400423071,0.0,4.0
10100.0,101.0,0.8594769888095874,0.0011066307157126,0.8594769888095874,0.0,4.0
10200.0,102.0,0.859478842896733,0.0011066307157126,0.859478842896733,0.0,4.0
10300.0,103.0,0.8594788963199685,0.0011066307157126,0.8594788963199685,0.0,4.0
10400.0,104.0,0.8594806075162271,0.0011066307157126,0.8594806075162271,0.0,4.0
10500.0,105.0,0.8594806706877691,0.0011066307157126,0.8594806706877691,0.0,4.0
10700.0,107.0,0.8594808521223652,0.0011066307157126,0.8594808521223652,0.0,4.0
10800.0,108.0,0.8594904936215892,0.0011066307157126,0.8594904936215892,0.0,4.0
10900.0,109.0,0.8595006790546181,0.0010921675167668,0.8595006790546181,0.0,4.0
11100.0,111.0,0.8597375206720168,0.0010632223775448,0.8597375206720168,0.0,4.0
11200.0,112.0,0.859805576700737,0.0010349891781424,0.859805576700737,0.0,4.0
11300.0,113.0,0.8598061735670218,0.0010349891781424,0.8598061735670218,0.0,4.0
11400.0,114.0,0.8598160037504334,0.0010349891781424,0.8598160037504334,0.0,4.0
11600.0,116.0,0.8598261303332795,0.0010349891781424,0.8598261303332795,0.0,4.0
11800.0,118.0,0.8598443627469812,0.0010349891781424,0.8598443627469812,0.0,4.0
12000.0,120.0,0.8598441051602538,0.0010349891781424,0.8598441051602538,0.0,4.0
12100.0,121.0,0.8598454812989819,0.0010349891781424,0.8598454812989819,0.0,4.0
12200.0,122.0,0.8598476642034527,0.0010349891781424,0.8598476642034527,0.0,4.0
12600.0,126.0,0.8598356453854583,0.0010349891781424,0.8598356453854583,0.0,4.0
12700.0,127.0,0.8598710831566019,0.0010349891781424,0.8598710831566019,0.0,4.0
12800.0,128.0,0.8599001370717818,0.0008134451593397,0.8599001370717818,0.0,4.0
12900.0,129.0,0.8599477613326584,0.0008134451593397,0.8599477613326584,0.0,4.0
13600.0,136.0,0.8599310940330344,0.0008134451593397,0.8599310940330344,0.0,4.0
13700.0,137.0,0.8599340745304348,0.0008134451593397,0.8599340745304348,0.0,4.0
13800.0,138.0,0.8599522025142011,0.0008134451593397,0.8599522025142011,0.0,4.0
14000.0,140.0,0.8599902144918031,0.0008129323338449,0.8599902144918031,0.0,4.0
14100.0,141.0,0.8599944642522038,0.0008129323338449,0.8599944642522038,0.0,4.0
14200.0,142.0,0.8599979568528777,0.0008129323338449,0.8599979568528777,0.0,4.0
14300.0,143.0,0.860001182377848,0.0008129323338449,0.860001182377848,0.0,4.0
14400.0,144.0,0.8600028993989588,0.0008129323338449,0.8600028993989588,0.0,4.0
14500.0,145.0,0.8602341000652972,0.0008129323338449,0.8602341000652972,0.0,4.0
14600.0,146.0,0.8602335729198254,0.0008112465371917,0.8602335729198254,0.0,4.0
14700.0,147.0,0.8606125588336083,0.0007673798916975,0.8606125588336083,0.0,4.0
14800.0,148.0,0.8606125696858657,0.0007673798916975,0.8606125696858657,0.0,4.0
15000.0,150.0,0.8606193842916707,0.0007673798916975,0.8606193842916707,0.0,4.0
15100.0,151.0,0.8606211419653532,0.0007673798916975,0.8606211419653532,0.0,4.0
15600.0,156.0,0.8606193951989298,0.0007673798916975,0.8606193951989298,0.0,4.0
15700.0,157.0,0.8606198546826903,0.0007673798916975,0.8606198546826903,0.0,4.0
15800.0,158.0,0.860623255833221,0.0007673798916975,0.860623255833221,0.0,4.0
15900.0,159.0,0.8607648783936097,0.0007572669359979,0.8607648783936097,0.0,4.0
16000.0,160.0,0.8607649709004398,0.0007572669359979,0.8607649709004398,0.0,4.0
16300.0,163.0,0.8607619867191113,0.0007572669359979,0.8607619867191113,0.0,4.0
16400.0,164.0,0.8607636980123191,0.0007572669359979,0.8607636980123191,0.0,4.0
16500.0,165.0,0.860768082787681,0.0007572669359979,0.860768082787681,0.0,4.0
16600.0,166.0,0.8607699531607235,0.0007572669359979,0.8607699531607235,0.0,4.0
16800.0,168.0,0.8607999337025084,0.0007572669359979,0.8607999337025084,0.0,4.0
16900.0,169.0,0.8608000599159147,0.0007572669359979,0.8608000599159147,0.0,4.0
17000.0,170.0,0.860812958860182,0.0007572669359979,0.860812958860182,0.0,4.0
17400.0,174.0,0.8608024063151989,0.0006965192194817,0.8608024063151989,0.0,4.0
17500.0,175.0,0.861256615638068,0.0006639389001496,0.861256615638068,0.0,4.0
17900.0,179.0,0.861252935556546,0.0006639389001496,0.861252935556546,0.0,4.0
18000.0,180.0,0.861253976792256,0.0006639389001496,0.861253976792256,0.0,4.0
18200.0,182.0,0.8612487939390613,0.0006639389001496,0.8612487939390613,0.0,4.0
18300.0,183.0,0.8612551072502387,0.0006639389001496,0.8612551072502387,0.0,4.0
18400.0,184.0,0.8612845335325257,0.0006639389001496,0.8612845335325257,0.0,4.0
18500.0,185.0,0.8612848961949713,0.0006639389001496,0.8612848961949713,0.0,4.0
18700.0,187.0,0.8612848300236591,0.0006639389001496,0.8612848300236591,0.0,4.0
18800.0,188.0,0.8612863843438702,0.0006639389001496,0.8612863843438702,0.0,4.0
18900.0,189.0,0.861290354976109,0.0006639389001496,0.861290354976109,0.0,4.0
19000.0,190.0,0.8612983243705846,0.0006639389001496,0.8612983243705846,0.0,4.0
19200.0,192.0,0.861303623624638,0.0006639389001496,0.861303623624638,0.0,4.0
19500.0,195.0,0.8613029459151721,0.0006639389001496,0.8613029459151721,0.0,4.0
19800.0,198.0,0.861422928072853,0.0006080581903486,0.861422928072853,0.0,4.0
20000.0,200.0,0.8614255662962639,0.0006080581903486,0.8614255662962639,0.0,4.0
100.0,1.0,0.7960791112815222,0.0383652935418224,0.7960791112815222,0.0,5.0
200.0,2.0,0.801692760403379,0.035556835317467,0.801692760403379,0.0,5.0
300.0,3.0,0.8105544759182319,0.0280501246240556,0.8105544759182319,0.0,5.0
400.0,4.0,0.8156102674234871,0.0251385685625717,0.8156102674234871,0.0,5.0
500.0,5.0,0.815752600865046,0.0226445323831734,0.815752600865046,0.0,5.0
600.0,6.0,0.8210031301483103,0.0224938106216819,0.8210031301483103,0.0,5.0
700.0,7.0,0.8217590572535022,0.0069244969305079,0.8217590572535022,0.0,5.0
800.0,8.0,0.8290267953743197,0.0062406131491261,0.8290267953743197,0.0,5.0
900.0,9.0,0.8293077929393379,0.0060989531248675,0.8293077929393379,0.0,5.0
1000.0,10.0,0.8455266384586261,0.0050537920555838,0.8455266384586261,0.0,5.0
1100.0,11.0,0.8455624112217609,0.0050537920555838,0.8455624112217609,0.0,5.0
1200.0,12.0,0.8462572812852475,0.0050537920555838,0.8462572812852475,0.0,5.0
1300.0,13.0,0.8525548296711425,0.0044062339399431,0.8525548296711425,0.0,5.0
1400.0,14.0,0.8533360978786936,0.0040712920189456,0.8533360978786936,0.0,5.0
1500.0,15.0,0.8533622042543839,0.0040380349493753,0.8533622042543839,0.0,5.0
1600.0,16.0,0.8533670744690476,0.0040380349493753,0.8533670744690476,0.0,5.0
1700.0,17.0,0.8536611013890494,0.0040380349493753,0.8536611013890494,0.0,5.0
1800.0,18.0,0.8540643185534218,0.0035883972473226,0.8540643185534218,0.0,5.0
1900.0,19.0,0.8541959316933491,0.0021430819187186,0.8541959316933491,0.0,5.0
2000.0,20.0,0.8542282021500617,0.0021430819187186,0.8542282021500617,0.0,5.0
2100.0,21.0,0.8547089357928821,0.0015066297211564,0.8547089357928821,0.0,5.0
2200.0,22.0,0.8547636542842911,0.0015066297211564,0.8547636542842911,0.0,5.0
2300.0,23.0,0.855369431961373,0.0015066297211564,0.855369431961373,0.0,5.0
2400.0,24.0,0.8553866015019713,0.0015066297211564,0.8553866015019713,0.0,5.0
2500.0,25.0,0.8554094741988186,0.0015066297211564,0.8554094741988186,0.0,5.0
2600.0,26.0,0.8554947148834586,0.0015066297211564,0.8554947148834586,0.0,5.0
2700.0,27.0,0.8555191945897399,0.0015066297211564,0.8555191945897399,0.0,5.0
2800.0,28.0,0.8555364975335726,0.0015066297211564,0.8555364975335726,0.0,5.0
2900.0,29.0,0.8556160731921222,0.0015066297211564,0.8556160731921222,0.0,5.0
3000.0,30.0,0.8556177878867169,0.0015066297211564,0.8556177878867169,0.0,5.0
3100.0,31.0,0.8556347027954609,0.0015063247834627,0.8556347027954609,0.0,5.0
3200.0,32.0,0.8556517600558797,0.0014950129487746,0.8556517600558797,0.0,5.0
3300.0,33.0,0.8556929373677606,0.0014737567188022,0.8556929373677606,0.0,5.0
3400.0,34.0,0.8556976053979265,0.0014737567188022,0.8556976053979265,0.0,5.0
3500.0,35.0,0.855823754146842,0.0014737567188022,0.855823754146842,0.0,5.0
3600.0,36.0,0.8558401901389776,0.0014737567188022,0.8558401901389776,0.0,5.0
3700.0,37.0,0.8558607633393329,0.0014737567188022,0.8558607633393329,0.0,5.0
4000.0,40.0,0.8558699873054566,0.0014737567188022,0.8558699873054566,0.0,5.0
4100.0,41.0,0.855887373291208,0.0014737567188022,0.855887373291208,0.0,5.0
4200.0,42.0,0.8559735282735363,0.0014644697173858,0.8559735282735363,0.0,5.0
4300.0,43.0,0.8559944676994008,0.0014644697173858,0.8559944676994008,0.0,5.0
4400.0,44.0,0.8560261745112966,0.0014644697173858,0.8560261745112966,0.0,5.0
4500.0,45.0,0.8560563324474787,0.0014644697173858,0.8560563324474787,0.0,5.0
4600.0,46.0,0.8560589179238512,0.0014644697173858,0.8560589179238512,0.0,5.0
4800.0,48.0,0.8560778452472558,0.0014524810091799,0.8560778452472558,0.0,5.0
4900.0,49.0,0.8561242530881943,0.0014524810091799,0.8561242530881943,0.0,5.0
5000.0,50.0,0.8561245794862357,0.0014524810091799,0.8561245794862357,0.0,5.0
5100.0,51.0,0.8561305426857828,0.0014116177013311,0.8561305426857828,0.0,5.0
5200.0,52.0,0.8561868833569833,0.0014116177013311,0.8561868833569833,0.0,5.0
5300.0,53.0,0.8562217496535632,0.0014116177013311,0.8562217496535632,0.0,5.0
5600.0,56.0,0.8562259203939376,0.0014109484604116,0.8562259203939376,0.0,5.0
5700.0,57.0,0.8562274214830513,0.0014109484604116,0.8562274214830513,0.0,5.0
5800.0,58.0,0.8562314697524583,0.0014053515500796,0.8562314697524583,0.0,5.0
5900.0,59.0,0.8562318949987452,0.0014053515500796,0.8562318949987452,0.0,5.0
6100.0,61.0,0.8562331173995479,0.0014053515500796,0.8562331173995479,0.0,5.0
6200.0,62.0,0.856234888839453,0.0014053515500796,0.856234888839453,0.0,5.0
6300.0,63.0,0.8562381108228484,0.0014053515500796,0.8562381108228484,0.0,5.0
6400.0,64.0,0.8562488399562471,0.0014053515500796,0.8562488399562471,0.0,5.0
6500.0,65.0,0.8599777678880227,0.0011452499860822,0.8599777678880227,0.0,5.0
6600.0,66.0,0.8599935639141267,0.0011452499860822,0.8599935639141267,0.0,5.0
6700.0,67.0,0.8599953572858164,0.0011452499860822,0.8599953572858164,0.0,5.0
6800.0,68.0,0.859997940852939,0.0011452499860822,0.859997940852939,0.0,5.0
7000.0,70.0,0.8599993995933783,0.0011452499860822,0.8599993995933783,0.0,5.0
7100.0,71.0,0.8599996784000418,0.0011452499860822,0.8599996784000418,0.0,5.0
7200.0,72.0,0.8600283861346008,0.0011452499860822,0.8600283861346008,0.0,5.0
7400.0,74.0,0.860046813122152,0.0011452499860822,0.860046813122152,0.0,5.0
7500.0,75.0,0.8600518438226519,0.0011452499860822,0.8600518438226519,0.0,5.0
7600.0,76.0,0.8600531264743805,0.0011452499860822,0.8600531264743805,0.0,5.0
7700.0,77.0,0.8600562777572286,0.0011436154274946,0.8600562777572286,0.0,5.0
8200.0,82.0,0.8600551067010873,0.0011436154274946,0.8600551067010873,0.0,5.0
8400.0,84.0,0.860053222027032,0.0011436154274946,0.860053222027032,0.0,5.0
8500.0,85.0,0.8600571620114916,0.0011436154274946,0.8600571620114916,0.0,5.0
8600.0,86.0,0.8600653482782461,0.0011436154274946,0.8600653482782461,0.0,5.0
8700.0,87.0,0.8601033105561938,0.0011410342306071,0.8601033105561938,0.0,5.0
8900.0,89.0,0.860104759276809,0.0011410342306071,0.860104759276809,0.0,5.0
9000.0,90.0,0.8601085091372905,0.0010606490246983,0.8601085091372905,0.0,5.0
9100.0,91.0,0.860110466089086,0.0010606490246983,0.860110466089086,0.0,5.0
9200.0,92.0,0.8601168936838639,0.0010606490246983,0.8601168936838639,0.0,5.0
9300.0,93.0,0.8601217299293069,0.0010606490246983,0.8601217299293069,0.0,5.0
9600.0,96.0,0.8601347862599453,0.0010606490246983,0.8601347862599453,0.0,5.0
9900.0,99.0,0.8601308698546577,0.0010606490246983,0.8601308698546577,0.0,5.0
10000.0,100.0,0.8601340919668959,0.0010606490246983,0.8601340919668959,0.0,5.0
10100.0,101.0,0.8601386085159956,0.0010621294829439,0.8601386085159956,0.0,5.0
10200.0,102.0,0.8601398480053554,0.0010607823451398,0.8601398480053554,0.0,5.0
10300.0,103.0,0.8602239362722641,0.0010607823451398,0.8602239362722641,0.0,5.0
10400.0,104.0,0.8602270460930773,0.0010607823451398,0.8602270460930773,0.0,5.0
10500.0,105.0,0.860227074931542,0.0010607823451398,0.860227074931542,0.0,5.0
10600.0,106.0,0.8602469690002018,0.0010607823451398,0.8602469690002018,0.0,5.0
10900.0,109.0,0.8602406560079376,0.0010570418648893,0.8602406560079376,0.0,5.0
11000.0,110.0,0.8602527573429973,0.0010449478752352,0.8602527573429973,0.0,5.0
11100.0,111.0,0.860251987648411,0.0010315207661024,0.860251987648411,0.0,5.0
11300.0,113.0,0.8602663925444284,0.0010315207661024,0.8602663925444284,0.0,5.0
11400.0,114.0,0.8602705560063783,0.0010099122592482,0.8602705560063783,0.0,5.0
11500.0,115.0,0.8602729142770136,0.0010099122592482,0.8602729142770136,0.0,5.0
11600.0,116.0,0.8602742010311466,0.0010099122592482,0.8602742010311466,0.0,5.0
11800.0,118.0,0.860277616642838,0.0010099122592482,0.860277616642838,0.0,5.0
12000.0,120.0,0.8602760145022414,0.0010099122592482,0.8602760145022414,0.0,5.0
12200.0,122.0,0.8602769721152869,0.0010099122592482,0.8602769721152869,0.0,5.0
12300.0,123.0,0.8602770332042082,0.0010099122592482,0.8602770332042082,0.0,5.0
12400.0,124.0,0.8602792184211057,0.0010099122592482,0.8602792184211057,0.0,5.0
12500.0,125.0,0.8602810011657883,0.0010099122592482,0.8602810011657883,0.0,5.0
12600.0,126.0,0.8602859832679629,0.0010099122592482,0.8602859832679629,0.0,5.0
12700.0,127.0,0.86028625587014,0.0010099122592482,0.86028625587014,0.0,5.0
12800.0,128.0,0.8603092000020429,0.0010099122592482,0.8603092000020429,0.0,5.0
12900.0,129.0,0.860311336181236,0.0010099122592482,0.860311336181236,0.0,5.0
13000.0,130.0,0.8604182795070967,0.0007512228386974,0.8604182795070967,0.0,5.0
13300.0,133.0,0.8605844231009449,0.0007395625768665,0.8605844231009449,0.0,5.0
13400.0,134.0,0.8605865841267639,0.0007395625768665,0.8605865841267639,0.0,5.0
13500.0,135.0,0.8605917065949577,0.0007395625768665,0.8605917065949577,0.0,5.0
13600.0,136.0,0.8605938957285321,0.0007369507925117,0.8605938957285321,0.0,5.0
13800.0,138.0,0.8605921219239336,0.0007369507925117,0.8605921219239336,0.0,5.0
13900.0,139.0,0.8605936649091853,0.0007369507925117,0.8605936649091853,0.0,5.0
14000.0,140.0,0.8605919567782189,0.0007365974076108,0.8605919567782189,0.0,5.0
14100.0,141.0,0.8605932285175424,0.0007365974076108,0.8605932285175424,0.0,5.0
14300.0,143.0,0.8605901394106121,0.0007365974076108,0.8605901394106121,0.0,5.0
14400.0,144.0,0.8605987214980658,0.0007365974076108,0.8605987214980658,0.0,5.0
14800.0,148.0,0.8608109290034246,0.0007205865548923,0.8608109290034246,0.0,5.0
15100.0,151.0,0.8608072232587305,0.0007205865548923,0.8608072232587305,0.0,5.0
15400.0,154.0,0.8608039959599263,0.0007205865548923,0.8608039959599263,0.0,5.0
15500.0,155.0,0.8608188367649121,0.0007205865548923,0.8608188367649121,0.0,5.0
15600.0,156.0,0.8608640590815466,0.0007205865548923,0.8608640590815466,0.0,5.0
15700.0,157.0,0.8608642149644021,0.0007205865548923,0.8608642149644021,0.0,5.0
15900.0,159.0,0.8608581257851772,0.0007205865548923,0.8608581257851772,0.0,5.0
16000.0,160.0,0.8608595198853473,0.0007205865548923,0.8608595198853473,0.0,5.0
16200.0,162.0,0.8608650724071936,0.0007205865548923,0.8608650724071936,0.0,5.0
16300.0,163.0,0.8608662898286622,0.0007205865548923,0.8608662898286622,0.0,5.0
16500.0,165.0,0.8608715750082973,0.0007205865548923,0.8608715750082973,0.0,5.0
16600.0,166.0,0.8608726308711694,0.0007205865548923,0.8608726308711694,0.0,5.0
16700.0,167.0,0.8608726364286619,0.0007205865548923,0.8608726364286619,0.0,5.0
17000.0,170.0,0.8608653544791461,0.0007205865548923,0.8608653544791461,0.0,5.0
17100.0,171.0,0.8608663170826836,0.0007205865548923,0.8608663170826836,0.0,5.0
17200.0,172.0,0.8608698919259837,0.0007205865548923,0.8608698919259837,0.0,5.0
17300.0,173.0,0.8608751152681898,0.0007058657750686,0.8608751152681898,0.0,5.0
17400.0,174.0,0.8608769168443061,0.0007058657750686,0.8608769168443061,0.0,5.0
17500.0,175.0,0.8608778600435408,0.0007058657750686,0.8608778600435408,0.0,5.0
17600.0,176.0,0.8608826961330915,0.0007058657750686,0.8608826961330915,0.0,5.0
17700.0,177.0,0.860985451036799,0.0006198516712481,0.860985451036799,0.0,5.0
17900.0,179.0,0.8609837804434456,0.0006198516712481,0.8609837804434456,0.0,5.0
18000.0,180.0,0.860985882080729,0.0006198516712481,0.860985882080729,0.0,5.0
18100.0,181.0,0.8609884549753998,0.0006198516712481,0.8609884549753998,0.0,5.0
18300.0,183.0,0.8609810851182145,0.0006198516712481,0.8609810851182145,0.0,5.0
18400.0,184.0,0.8609814969877003,0.0006198516712481,0.8609814969877003,0.0,5.0
18500.0,185.0,0.8609817985077263,0.0006198516712481,0.8609817985077263,0.0,5.0
18600.0,186.0,0.8609827747158498,0.0006167970203872,0.8609827747158498,0.0,5.0
18700.0,187.0,0.8609836775734248,0.000611510282175,0.8609836775734248,0.0,5.0
18900.0,189.0,0.8609829224265811,0.000611510282175,0.8609829224265811,0.0,5.0
19100.0,191.0,0.8609805867625142,0.000611510282175,0.8609805867625142,0.0,5.0
19300.0,193.0,0.8609814445512338,0.000611510282175,0.8609814445512338,0.0,5.0
19400.0,194.0,0.8609863123595854,0.000611510282175,0.8609863123595854,0.0,5.0
19500.0,195.0,0.8609906925000007,0.000611510282175,0.8609906925000007,0.0,5.0
19600.0,196.0,0.8609917179434476,0.000611510282175,0.8609917179434476,0.0,5.0
19900.0,199.0,0.8610053264931918,0.0005317947674845,0.8610053264931918,0.0,5.0
100.0,1.0,0.7825599291397954,0.0297867781534364,0.7825599291397954,0.0,6.0
200.0,2.0,0.782960825418447,0.0297867781534364,0.782960825418447,0.0,6.0
300.0,3.0,0.803219409854511,0.0254986055578134,0.803219409854511,0.0,6.0
400.0,4.0,0.8094294474953573,0.0246057100218642,0.8094294474953573,0.0,6.0
500.0,5.0,0.8103077203227382,0.0246057100218642,0.8103077203227382,0.0,6.0
600.0,6.0,0.8157902489168453,0.023994082495842,0.8157902489168453,0.0,6.0
700.0,7.0,0.8158672245168624,0.023994082495842,0.8158672245168624,0.0,6.0
800.0,8.0,0.8238089734482616,0.0170425877853999,0.8238089734482616,0.0,6.0
900.0,9.0,0.8247548983881737,0.0167902957502182,0.8247548983881737,0.0,6.0
1000.0,10.0,0.8247728856862443,0.0167902957502182,0.8247728856862443,0.0,6.0
1100.0,11.0,0.8248369479262226,0.0167902957502182,0.8248369479262226,0.0,6.0
1200.0,12.0,0.8250557588029087,0.0167864136414963,0.8250557588029087,0.0,6.0
1300.0,13.0,0.8250835290588977,0.0167864136414963,0.8250835290588977,0.0,6.0
1400.0,14.0,0.8250957557323527,0.016721669961956,0.8250957557323527,0.0,6.0
1500.0,15.0,0.825718251482221,0.0158426975965761,0.825718251482221,0.0,6.0
1600.0,16.0,0.8257246204002547,0.0158426975965761,0.8257246204002547,0.0,6.0
1700.0,17.0,0.8257279598209188,0.0158426975965761,0.8257279598209188,0.0,6.0
1800.0,18.0,0.8257332513259414,0.0158426975965761,0.8257332513259414,0.0,6.0
1900.0,19.0,0.8257390883014619,0.0158012288861285,0.8257390883014619,0.0,6.0
2000.0,20.0,0.8314672118845587,0.0119865826994377,0.8314672118845587,0.0,6.0
2100.0,21.0,0.8367724413931769,0.0090201370165986,0.8367724413931769,0.0,6.0
2200.0,22.0,0.8367790763392849,0.0085778391836132,0.8367790763392849,0.0,6.0
2300.0,23.0,0.836779900203821,0.0085778391836132,0.836779900203821,0.0,6.0
2400.0,24.0,0.8367817731474961,0.0085778391836132,0.8367817731474961,0.0,6.0
2500.0,25.0,0.8391671500278813,0.008348950275712,0.8391671500278813,0.0,6.0
2600.0,26.0,0.8391699176747395,0.008348950275712,0.8391699176747395,0.0,6.0
2700.0,27.0,0.8391701564728552,0.008348950275712,0.8391701564728552,0.0,6.0
2800.0,28.0,0.8391697773346691,0.0082557377851616,0.8391697773346691,0.0,6.0
2900.0,29.0,0.8391699594298762,0.0082557377851616,0.8391699594298762,0.0,6.0
3000.0,30.0,0.8391694569484811,0.008161996514679,0.8391694569484811,0.0,6.0
3200.0,32.0,0.8391702189661799,0.008161996514679,0.8391702189661799,0.0,6.0
3400.0,34.0,0.8391708016903101,0.008161996514679,0.8391708016903101,0.0,6.0
3600.0,36.0,0.8399680397342671,0.0080681391049837,0.8399680397342671,0.0,6.0
3700.0,37.0,0.8399693667192137,0.0080681391049837,0.8399693667192137,0.0,6.0
3800.0,38.0,0.8466033405705747,0.0072393572401768,0.8466033405705747,0.0,6.0
3900.0,39.0,0.8466033953660368,0.0072393572401768,0.8466033953660368,0.0,6.0
4000.0,40.0,0.8468182813701443,0.0071683279928375,0.8468182813701443,0.0,6.0
4200.0,42.0,0.8468177206671057,0.0072887506462395,0.8468177206671057,0.0,6.0
4400.0,44.0,0.8471362341447429,0.0072310093046954,0.8471362341447429,0.0,6.0
4600.0,46.0,0.8471379885381907,0.0072310093046954,0.8471379885381907,0.0,6.0
4900.0,49.0,0.8471382013166802,0.0072310093046954,0.8471382013166802,0.0,6.0
5000.0,50.0,0.8471385028907181,0.0072310093046954,0.8471385028907181,0.0,6.0
5100.0,51.0,0.8471390581403178,0.0072310093046954,0.8471390581403178,0.0,6.0
5300.0,53.0,0.8471432928037361,0.0065299172443025,0.8471432928037361,0.0,6.0
5400.0,54.0,0.8471434871002272,0.0065299172443025,0.8471434871002272,0.0,6.0
5500.0,55.0,0.847808155343793,0.0064187578001348,0.847808155343793,0.0,6.0
5600.0,56.0,0.8478082528174734,0.0063920996552679,0.8478082528174734,0.0,6.0
5700.0,57.0,0.8478089228293909,0.0063920996552679,0.8478089228293909,0.0,6.0
5800.0,58.0,0.8478091289287434,0.0063920996552679,0.8478091289287434,0.0,6.0
5900.0,59.0,0.8478094795708032,0.0063920996552679,0.8478094795708032,0.0,6.0
6100.0,61.0,0.8478081626577211,0.0063920996552679,0.8478081626577211,0.0,6.0
6300.0,63.0,0.8478080806833653,0.0063920996552679,0.8478080806833653,0.0,6.0
6500.0,65.0,0.847808430043926,0.0063920996552679,0.847808430043926,0.0,6.0
6900.0,69.0,0.8478079182469951,0.0063920996552679,0.8478079182469951,0.0,6.0
7000.0,70.0,0.8478082310380398,0.0063920996552679,0.8478082310380398,0.0,6.0
7100.0,71.0,0.8478084725448711,0.0063920996552679,0.8478084725448711,0.0,6.0
7300.0,73.0,0.8478088212497287,0.0063920996552679,0.8478088212497287,0.0,6.0
7500.0,75.0,0.8478085734151771,0.0063920996552679,0.8478085734151771,0.0,6.0
7600.0,76.0,0.8478087241970569,0.0063920996552679,0.8478087241970569,0.0,6.0
7700.0,77.0,0.8478088191918872,0.0063920996552679,0.8478088191918872,0.0,6.0
7800.0,78.0,0.8478089165690648,0.0063920996552679,0.8478089165690648,0.0,6.0
7900.0,79.0,0.84780990838826,0.0063920996552679,0.84780990838826,0.0,6.0
8000.0,80.0,0.8478104030943076,0.0063920996552679,0.8478104030943076,0.0,6.0
8100.0,81.0,0.8478104698257098,0.0063920996552679,0.8478104698257098,0.0,6.0
8200.0,82.0,0.848263939103601,0.0063403604877789,0.848263939103601,0.0,6.0
8400.0,84.0,0.848264285974482,0.0063403604877789,0.848264285974482,0.0,6.0
8500.0,85.0,0.8484679132077452,0.0061104180911742,0.8484679132077452,0.0,6.0
8600.0,86.0,0.8484825370102267,0.0061104180911742,0.8484825370102267,0.0,6.0
9000.0,90.0,0.84848143852916,0.0061104180911742,0.84848143852916,0.0,6.0
9100.0,91.0,0.8487511931334023,0.0057303947634885,0.8487511931334023,0.0,6.0
9400.0,94.0,0.8487509109009406,0.0057303947634885,0.8487509109009406,0.0,6.0
9600.0,96.0,0.848750546344924,0.0057303947634885,0.848750546344924,0.0,6.0
9700.0,97.0,0.8487508301149901,0.0057303947634885,0.8487508301149901,0.0,6.0
9900.0,99.0,0.8487514306182549,0.0057303947634885,0.8487514306182549,0.0,6.0
10000.0,100.0,0.8487514390042414,0.0057303947634885,0.8487514390042414,0.0,6.0
10100.0,101.0,0.8487518112901719,0.0057303947634885,0.8487518112901719,0.0,6.0
10200.0,102.0,0.8490090312663771,0.0055226555136915,0.8490090312663771,0.0,6.0
10300.0,103.0,0.8490524378592811,0.0053863749060756,0.8490524378592811,0.0,6.0
10500.0,105.0,0.849051860052551,0.0053863749060756,0.849051860052551,0.0,6.0
10600.0,106.0,0.8490514103017638,0.0053514218444325,0.8490514103017638,0.0,6.0
10700.0,107.0,0.8490515051053249,0.0053514218444325,0.8490515051053249,0.0,6.0
10800.0,108.0,0.8490519958563963,0.0053514218444325,0.8490519958563963,0.0,6.0
10900.0,109.0,0.8490522763225294,0.0053514218444325,0.8490522763225294,0.0,6.0
11100.0,111.0,0.8490537446732238,0.0053429102125705,0.8490537446732238,0.0,6.0
11200.0,112.0,0.8490539982231022,0.0053429102125705,0.8490539982231022,0.0,6.0
11300.0,113.0,0.8490667988101069,0.005310937267248,0.8490667988101069,0.0,6.0
11400.0,114.0,0.8490668445335359,0.005310937267248,0.8490668445335359,0.0,6.0
11500.0,115.0,0.8490670021687461,0.005310937267248,0.8490670021687461,0.0,6.0
12000.0,120.0,0.8490656910374949,0.005310937267248,0.8490656910374949,0.0,6.0
12500.0,125.0,0.849081060860748,0.0052730214923509,0.849081060860748,0.0,6.0
12600.0,126.0,0.8490815440829785,0.0052730214923509,0.8490815440829785,0.0,6.0
12700.0,127.0,0.8490815704605179,0.0052730214923509,0.8490815704605179,0.0,6.0
13000.0,130.0,0.849081395862859,0.0052730214923509,0.849081395862859,0.0,6.0
13100.0,131.0,0.849081496056575,0.0052730214923509,0.849081496056575,0.0,6.0
13900.0,139.0,0.8490802429227381,0.0052730214923509,0.8490802429227381,0.0,6.0
14000.0,140.0,0.8490806256302796,0.0052730214923509,0.8490806256302796,0.0,6.0
14100.0,141.0,0.849080787566463,0.0052730214923509,0.849080787566463,0.0,6.0
14200.0,142.0,0.8490814488320134,0.0052730214923509,0.8490814488320134,0.0,6.0
14600.0,146.0,0.8490811313392596,0.0052730214923509,0.8490811313392596,0.0,6.0
14700.0,147.0,0.8490812263741364,0.0052730214923509,0.8490812263741364,0.0,6.0
14800.0,148.0,0.84909812419333,0.0052552366342952,0.84909812419333,0.0,6.0
14900.0,149.0,0.8490993159416199,0.0052472636509341,0.8490993159416199,0.0,6.0
15000.0,150.0,0.8490998889610714,0.0052472636509341,0.8490998889610714,0.0,6.0
15100.0,151.0,0.849099970956632,0.0052472636509341,0.849099970956632,0.0,6.0
15300.0,153.0,0.8491422347864706,0.0052472636509341,0.8491422347864706,0.0,6.0
15500.0,155.0,0.8492727497542132,0.0052019274708557,0.8492727497542132,0.0,6.0
15700.0,157.0,0.8492759551686698,0.0052019274708557,0.8492759551686698,0.0,6.0
16100.0,161.0,0.8492753859991841,0.0052019274708557,0.8492753859991841,0.0,6.0
16200.0,162.0,0.8492754057506087,0.0052019274708557,0.8492754057506087,0.0,6.0
16500.0,165.0,0.8492783461331959,0.0051922356125571,0.8492783461331959,0.0,6.0
16600.0,166.0,0.8492783860915032,0.0051922356125571,0.8492783860915032,0.0,6.0
16800.0,168.0,0.8492767779990031,0.0051847437184138,0.8492767779990031,0.0,6.0
17000.0,170.0,0.849277494689535,0.0051847437184138,0.849277494689535,0.0,6.0
17200.0,172.0,0.8493313936340139,0.0051785259464942,0.8493313936340139,0.0,6.0
17400.0,174.0,0.8493319576820336,0.0051764150106011,0.8493319576820336,0.0,6.0
17500.0,175.0,0.8493327733395041,0.0051764150106011,0.8493327733395041,0.0,6.0
17600.0,176.0,0.8493340891523105,0.0051764150106011,0.8493340891523105,0.0,6.0
17700.0,177.0,0.8493344713749684,0.0051764150106011,0.8493344713749684,0.0,6.0
17800.0,178.0,0.849334478095706,0.0051764150106011,0.849334478095706,0.0,6.0
18000.0,180.0,0.8493351619131793,0.0051764150106011,0.8493351619131793,0.0,6.0
18200.0,182.0,0.8493348261533499,0.0051764150106011,0.8493348261533499,0.0,6.0
18300.0,183.0,0.8493348349881464,0.0051764150106011,0.8493348349881464,0.0,6.0
18400.0,184.0,0.8493348945995569,0.0051764150106011,0.8493348945995569,0.0,6.0
18500.0,185.0,0.8493665179876696,0.0051764150106011,0.8493665179876696,0.0,6.0
18600.0,186.0,0.8493676829223836,0.0051764150106011,0.8493676829223836,0.0,6.0
18700.0,187.0,0.849367970719347,0.0051764150106011,0.849367970719347,0.0,6.0
18900.0,189.0,0.849378305140845,0.0051764150106011,0.849378305140845,0.0,6.0
19300.0,193.0,0.8494179550029156,0.0050000609413855,0.8494179550029156,0.0,6.0
19400.0,194.0,0.8494186878746974,0.0050000609413855,0.8494186878746974,0.0,6.0
19500.0,195.0,0.849419311784894,0.0050000609413855,0.849419311784894,0.0,6.0
19700.0,197.0,0.8494193769442855,0.0050000609413855,0.8494193769442855,0.0,6.0
19900.0,199.0,0.8494194432637198,0.0050000609413855,0.8494194432637198,0.0,6.0
20000.0,200.0,0.8494194772960869,0.0050000609413855,0.8494194772960869,0.0,6.0
100.0,1.0,0.7078580746076073,0.0672262237402371,0.7078580746076073,0.0,7.0
200.0,2.0,0.7104901002254954,0.0672262237402371,0.7104901002254954,0.0,7.0
400.0,4.0,0.7650844501016001,0.0647938390560267,0.7650844501016001,0.0,7.0
500.0,5.0,0.7660227649214364,0.0640312753451289,0.7660227649214364,0.0,7.0
600.0,6.0,0.7686894453954026,0.0336297372719069,0.7686894453954026,0.0,7.0
700.0,7.0,0.7733182101319909,0.0294296979237831,0.7733182101319909,0.0,7.0
800.0,8.0,0.7897190010626342,0.0289494824549122,0.7897190010626342,0.0,7.0
900.0,9.0,0.7905536605262212,0.0286331251842596,0.7905536605262212,0.0,7.0
1000.0,10.0,0.7906778168441148,0.0286331251842596,0.7906778168441148,0.0,7.0
1100.0,11.0,0.7913421374778876,0.0278113064371758,0.7913421374778876,0.0,7.0
1200.0,12.0,0.7936292271090603,0.0261356601393544,0.7936292271090603,0.0,7.0
1300.0,13.0,0.7977446810211711,0.0257173313936389,0.7977446810211711,0.0,7.0
1400.0,14.0,0.7978079485325114,0.0242539975030353,0.7978079485325114,0.0,7.0
1500.0,15.0,0.8023685944712066,0.0242539975030353,0.8023685944712066,0.0,7.0
1600.0,16.0,0.8025362912377121,0.0242539975030353,0.8025362912377121,0.0,7.0
1700.0,17.0,0.802539739979814,0.0242539975030353,0.802539739979814,0.0,7.0
1800.0,18.0,0.802580268905966,0.0241526566324525,0.802580268905966,0.0,7.0
1900.0,19.0,0.8026885543907221,0.0215078721092579,0.8026885543907221,0.0,7.0
2000.0,20.0,0.8065610773822278,0.0180465968712055,0.8065610773822278,0.0,7.0
2100.0,21.0,0.8077769797217005,0.0180375202259014,0.8077769797217005,0.0,7.0
2200.0,22.0,0.8080906002730012,0.0180375202259014,0.8080906002730012,0.0,7.0
2300.0,23.0,0.8084793978458699,0.0180375202259014,0.8084793978458699,0.0,7.0
2400.0,24.0,0.8084852890456289,0.0180375202259014,0.8084852890456289,0.0,7.0
2500.0,25.0,0.8089986718309599,0.0179592490229177,0.8089986718309599,0.0,7.0
2600.0,26.0,0.8096786476014047,0.0179575325468349,0.8096786476014047,0.0,7.0
2700.0,27.0,0.8130262318169502,0.0177383798091956,0.8130262318169502,0.0,7.0
2800.0,28.0,0.8130988611486474,0.0177383798091956,0.8130988611486474,0.0,7.0
2900.0,29.0,0.8130991255483762,0.0177383798091956,0.8130991255483762,0.0,7.0
3000.0,30.0,0.8133773591041136,0.0177260424484851,0.8133773591041136,0.0,7.0
3100.0,31.0,0.8134445182887258,0.0177260424484851,0.8134445182887258,0.0,7.0
3200.0,32.0,0.813450699537542,0.017725751978136,0.813450699537542,0.0,7.0
3300.0,33.0,0.8134858266001957,0.017725751978136,0.8134858266001957,0.0,7.0
3400.0,34.0,0.8136654038843935,0.017592581193744,0.8136654038843935,0.0,7.0
3500.0,35.0,0.813756752764917,0.0173093877807618,0.813756752764917,0.0,7.0
3600.0,36.0,0.8155435557921812,0.0173093877807618,0.8155435557921812,0.0,7.0
3700.0,37.0,0.815558973396141,0.0173093877807618,0.815558973396141,0.0,7.0
3800.0,38.0,0.8156975097733516,0.016726090065345,0.8156975097733516,0.0,7.0
3900.0,39.0,0.8157383916395716,0.016726090065345,0.8157383916395716,0.0,7.0
4000.0,40.0,0.8160973561761138,0.0151409664033356,0.8160973561761138,0.0,7.0
4100.0,41.0,0.8164036194548034,0.0151193504192676,0.8164036194548034,0.0,7.0
4200.0,42.0,0.8175243288304008,0.0150448959452596,0.8175243288304008,0.0,7.0
4300.0,43.0,0.8175266488553454,0.0150448959452596,0.8175266488553454,0.0,7.0
4400.0,44.0,0.8175351447239346,0.0150448959452596,0.8175351447239346,0.0,7.0
4600.0,46.0,0.8175375948055419,0.0150448959452596,0.8175375948055419,0.0,7.0
4700.0,47.0,0.817538443110826,0.0150448959452596,0.817538443110826,0.0,7.0
4800.0,48.0,0.8175410300326396,0.0150448959452596,0.8175410300326396,0.0,7.0
4900.0,49.0,0.8175449224475523,0.0150448959452596,0.8175449224475523,0.0,7.0
5000.0,50.0,0.8176551473340453,0.0150448959452596,0.8176551473340453,0.0,7.0
5100.0,51.0,0.8176700488449802,0.0150448959452596,0.8176700488449802,0.0,7.0
5200.0,52.0,0.8176768646738046,0.0150423223919452,0.8176768646738046,0.0,7.0
5300.0,53.0,0.8176779154683084,0.0150423223919452,0.8176779154683084,0.0,7.0
5400.0,54.0,0.817680495380349,0.0150423223919452,0.817680495380349,0.0,7.0
5500.0,55.0,0.8176996934957569,0.0150423223919452,0.8176996934957569,0.0,7.0
5600.0,56.0,0.817707195254963,0.0150423223919452,0.817707195254963,0.0,7.0
5800.0,58.0,0.8177059068172227,0.0150423223919452,0.8177059068172227,0.0,7.0
5900.0,59.0,0.8177444685615652,0.0150423223919452,0.8177444685615652,0.0,7.0
6000.0,60.0,0.8178112348610855,0.0150423223919452,0.8178112348610855,0.0,7.0
6100.0,61.0,0.8178293844480279,0.0150423223919452,0.8178293844480279,0.0,7.0
6200.0,62.0,0.8179705036716974,0.0150423223919452,0.8179705036716974,0.0,7.0
6300.0,63.0,0.8179726959491405,0.0150423223919452,0.8179726959491405,0.0,7.0
6400.0,64.0,0.8179861480271746,0.0150423223919452,0.8179861480271746,0.0,7.0
6500.0,65.0,0.8179892033956344,0.0150423223919452,0.8179892033956344,0.0,7.0
6700.0,67.0,0.8180037786833609,0.0150423223919452,0.8180037786833609,0.0,7.0
6800.0,68.0,0.8180117061990186,0.0150423223919452,0.8180117061990186,0.0,7.0
6900.0,69.0,0.8180123528693817,0.0150423223919452,0.8180123528693817,0.0,7.0
7000.0,70.0,0.8180218048985082,0.0150421263437502,0.8180218048985082,0.0,7.0
7100.0,71.0,0.8180216145919171,0.0150404345004571,0.8180216145919171,0.0,7.0
7200.0,72.0,0.8180242023475647,0.0150404345004571,0.8180242023475647,0.0,7.0
7300.0,73.0,0.8180341014268266,0.0150404345004571,0.8180341014268266,0.0,7.0
7400.0,74.0,0.8180521412816018,0.0149735053534512,0.8180521412816018,0.0,7.0
7500.0,75.0,0.8180667892770174,0.0149735053534512,0.8180667892770174,0.0,7.0
7600.0,76.0,0.8180678434864949,0.0149735053534512,0.8180678434864949,0.0,7.0
7800.0,78.0,0.8180758246185307,0.0149735053534512,0.8180758246185307,0.0,7.0
7900.0,79.0,0.8180783827905119,0.0149735053534512,0.8180783827905119,0.0,7.0
8100.0,81.0,0.818083027832317,0.0149735053534512,0.818083027832317,0.0,7.0
8200.0,82.0,0.8180864855534985,0.0149735053534512,0.8180864855534985,0.0,7.0
8300.0,83.0,0.8180895841251521,0.0149735053534512,0.8180895841251521,0.0,7.0
8600.0,86.0,0.8180916541208963,0.0149735053534512,0.8180916541208963,0.0,7.0
8900.0,89.0,0.8180896707343354,0.0149735053534512,0.8180896707343354,0.0,7.0
9100.0,91.0,0.8180917551048411,0.0149735053534512,0.8180917551048411,0.0,7.0
9400.0,94.0,0.8180901491963491,0.0149735053534512,0.8180901491963491,0.0,7.0
9700.0,97.0,0.8180899299413515,0.0149735053534512,0.8180899299413515,0.0,7.0
9800.0,98.0,0.8180962189890886,0.0149735053534512,0.8180962189890886,0.0,7.0
9900.0,99.0,0.8181026556706414,0.0149735053534512,0.8181026556706414,0.0,7.0
10000.0,100.0,0.8181032370067284,0.0149735053534512,0.8181032370067284,0.0,7.0
10100.0,101.0,0.8181122208193115,0.0149648434222596,0.8181122208193115,0.0,7.0
10200.0,102.0,0.8181144712687453,0.0149648434222596,0.8181144712687453,0.0,7.0
10400.0,104.0,0.8181152303560182,0.0149648434222596,0.8181152303560182,0.0,7.0
10800.0,108.0,0.818112844359037,0.0149648434222596,0.818112844359037,0.0,7.0
10900.0,109.0,0.8181153995206595,0.0149648434222596,0.8181153995206595,0.0,7.0
11100.0,111.0,0.8181149822822088,0.0149648434222596,0.8181149822822088,0.0,7.0
11200.0,112.0,0.8181152019295939,0.0149648434222596,0.8181152019295939,0.0,7.0
11300.0,113.0,0.8181187189431335,0.0149648434222596,0.8181187189431335,0.0,7.0
11500.0,115.0,0.8181161387236997,0.0149648188279831,0.8181161387236997,0.0,7.0
11600.0,116.0,0.81812151309471,0.0149648188279831,0.81812151309471,0.0,7.0
11700.0,117.0,0.8181361096244519,0.0149648188279831,0.8181361096244519,0.0,7.0
11900.0,119.0,0.818135007577024,0.0149648188279831,0.818135007577024,0.0,7.0
12000.0,120.0,0.8181432043148791,0.0149648188279831,0.8181432043148791,0.0,7.0
12200.0,122.0,0.8181421454257902,0.0149648188279831,0.8181421454257902,0.0,7.0
12400.0,124.0,0.8181370941239734,0.0149580765795139,0.8181370941239734,0.0,7.0
12600.0,126.0,0.8181390374344758,0.0149546895207271,0.8181390374344758,0.0,7.0
12800.0,128.0,0.818139214020409,0.0149546895207271,0.818139214020409,0.0,7.0
12900.0,129.0,0.818147497300415,0.0149546895207271,0.818147497300415,0.0,7.0
13100.0,131.0,0.8181471246161482,0.0149546895207271,0.8181471246161482,0.0,7.0
13200.0,132.0,0.8181507276417057,0.0149546895207271,0.8181507276417057,0.0,7.0
13400.0,134.0,0.8181516484194266,0.0149546895207271,0.8181516484194266,0.0,7.0
13500.0,135.0,0.8181555113427478,0.0149546895207271,0.8181555113427478,0.0,7.0
13600.0,136.0,0.8181583167357176,0.0149546895207271,0.8181583167357176,0.0,7.0
13900.0,139.0,0.8181720821214101,0.0149546895207271,0.8181720821214101,0.0,7.0
14000.0,140.0,0.8181813514007563,0.0149546895207271,0.8181813514007563,0.0,7.0
14100.0,141.0,0.8182756381713269,0.0149546895207271,0.8182756381713269,0.0,7.0
14200.0,142.0,0.8182756432237607,0.0149546895207271,0.8182756432237607,0.0,7.0
14400.0,144.0,0.8182765739825083,0.0149546895207271,0.8182765739825083,0.0,7.0
14500.0,145.0,0.818283585033833,0.0149546895207271,0.818283585033833,0.0,7.0
14700.0,147.0,0.8182867359548701,0.0149546895207271,0.8182867359548701,0.0,7.0
14900.0,149.0,0.818286767393994,0.0149546895207271,0.818286767393994,0.0,7.0
15200.0,152.0,0.8196006524691816,0.0149546895207271,0.8196006524691816,0.0,7.0
15300.0,153.0,0.8198440606077688,0.0149546895207271,0.8198440606077688,0.0,7.0
15500.0,155.0,0.8198374988330157,0.0149546895207271,0.8198374988330157,0.0,7.0
15700.0,157.0,0.8198378969996648,0.0149546895207271,0.8198378969996648,0.0,7.0
15800.0,158.0,0.8300516417646192,0.0149546895207271,0.8300516417646192,0.0,7.0
15900.0,159.0,0.8300528411812548,0.0149546895207271,0.8300528411812548,0.0,7.0
16000.0,160.0,0.8300529230624645,0.0149546895207271,0.8300529230624645,0.0,7.0
16100.0,161.0,0.8300550065905778,0.0149546895207271,0.8300550065905778,0.0,7.0
16300.0,163.0,0.830062482715571,0.0149546895207271,0.830062482715571,0.0,7.0
16400.0,164.0,0.843397196676137,0.0093842653000092,0.843397196676137,0.0,7.0
16500.0,165.0,0.8467529774864252,0.0081778533871497,0.8467529774864252,0.0,7.0
16600.0,166.0,0.8467536561388364,0.0081778533871497,0.8467536561388364,0.0,7.0
16800.0,168.0,0.8491169288049711,0.0065207239759029,0.8491169288049711,0.0,7.0
17000.0,170.0,0.8491177335145802,0.0065207239759029,0.8491177335145802,0.0,7.0
17100.0,171.0,0.8491230170239563,0.0065207239759029,0.8491230170239563,0.0,7.0
17200.0,172.0,0.8491241511765839,0.0065207239759029,0.8491241511765839,0.0,7.0
17400.0,174.0,0.8491246189235016,0.0065207239759029,0.8491246189235016,0.0,7.0
17900.0,179.0,0.8491790279987502,0.0064652456183519,0.8491790279987502,0.0,7.0
18100.0,181.0,0.849187030702885,0.0064652456183519,0.849187030702885,0.0,7.0
18300.0,183.0,0.8491900368714336,0.0064652456183519,0.8491900368714336,0.0,7.0
18400.0,184.0,0.8491918970750221,0.0064652456183519,0.8491918970750221,0.0,7.0
18600.0,186.0,0.8491941171337812,0.0064652456183519,0.8491941171337812,0.0,7.0
19100.0,191.0,0.8491919116403523,0.0064631542304549,0.8491919116403523,0.0,7.0
19200.0,192.0,0.8542054956731658,0.0046539735302255,0.8542054956731658,0.0,7.0
19500.0,195.0,0.854206757490861,0.004648883206125,0.854206757490861,0.0,7.0
19800.0,198.0,0.8542045293411569,0.004648883206125,0.8542045293411569,0.0,7.0
19900.0,199.0,0.8544344896985959,0.00456158807431,0.8544344896985959,0.0,7.0
20000.0,200.0,0.8544363070333177,0.0045615419585759,0.8544363070333177,0.0,7.0
100.0,1.0,0.6359582290232244,0.1065484957456828,0.6359582290232244,0.0,8.0
200.0,2.0,0.6361612922426668,0.1065484957456828,0.6361612922426668,0.0,8.0
300.0,3.0,0.6758834211686285,0.0613553702787136,0.6758834211686285,0.0,8.0
400.0,4.0,0.7154573688074378,0.0508684750814119,0.7154573688074378,0.0,8.0
500.0,5.0,0.7381643757901102,0.0408161569152878,0.7381643757901102,0.0,8.0
600.0,6.0,0.7393591549234046,0.0315353846359665,0.7393591549234046,0.0,8.0
700.0,7.0,0.7417644039395067,0.0315353846359665,0.7417644039395067,0.0,8.0
800.0,8.0,0.7422459316490971,0.0315350948915782,0.7422459316490971,0.0,8.0
900.0,9.0,0.8053642249836942,0.010966506762572,0.8053642249836942,0.0,8.0
1000.0,10.0,0.8064086337612871,0.010966506762572,0.8064086337612871,0.0,8.0
1100.0,11.0,0.8066831919121863,0.0108946971085549,0.8066831919121863,0.0,8.0
1200.0,12.0,0.8069771626104554,0.0108015894380005,0.8069771626104554,0.0,8.0
1300.0,13.0,0.8071330440107041,0.0108015894380005,0.8071330440107041,0.0,8.0
1400.0,14.0,0.8074837959586653,0.0105478150112864,0.8074837959586653,0.0,8.0
1500.0,15.0,0.8078329355977316,0.0088732155489219,0.8078329355977316,0.0,8.0
1600.0,16.0,0.8078448923615832,0.0088732155489219,0.8078448923615832,0.0,8.0
1700.0,17.0,0.8079625580649188,0.0088732155489219,0.8079625580649188,0.0,8.0
1800.0,18.0,0.8079652004620147,0.0088732155489219,0.8079652004620147,0.0,8.0
1900.0,19.0,0.8079712955144808,0.0088732155489219,0.8079712955144808,0.0,8.0
2000.0,20.0,0.8080394755289,0.0088242871857182,0.8080394755289,0.0,8.0
2100.0,21.0,0.8082770672156416,0.0088237736865342,0.8082770672156416,0.0,8.0
2200.0,22.0,0.8082830161892072,0.0088237736865342,0.8082830161892072,0.0,8.0
2300.0,23.0,0.8083206292482633,0.0087883534417463,0.8083206292482633,0.0,8.0
2400.0,24.0,0.8083971539084673,0.0087883534417463,0.8083971539084673,0.0,8.0
2500.0,25.0,0.8084089839625176,0.0084491687201405,0.8084089839625176,0.0,8.0
2600.0,26.0,0.8085352052242321,0.0081290466322686,0.8085352052242321,0.0,8.0
2700.0,27.0,0.8158232577734598,0.0059266303075604,0.8158232577734598,0.0,8.0
2800.0,28.0,0.8158752016358088,0.0059266303075604,0.8158752016358088,0.0,8.0
2900.0,29.0,0.8158772531080376,0.0059266303075604,0.8158772531080376,0.0,8.0
3000.0,30.0,0.8158832948618315,0.0059266303075604,0.8158832948618315,0.0,8.0
3100.0,31.0,0.8167285842611642,0.0057137288763446,0.8167285842611642,0.0,8.0
3200.0,32.0,0.8167294514077839,0.0057137288763446,0.8167294514077839,0.0,8.0
3300.0,33.0,0.816731946851529,0.0057137288763446,0.816731946851529,0.0,8.0
3400.0,34.0,0.816794909410511,0.0057128097571358,0.816794909410511,0.0,8.0
3500.0,35.0,0.8168480447666356,0.0057080417919759,0.8168480447666356,0.0,8.0
3600.0,36.0,0.8170324355184928,0.0057080417919759,0.8170324355184928,0.0,8.0
3700.0,37.0,0.8170736904268142,0.0057080417919759,0.8170736904268142,0.0,8.0
3800.0,38.0,0.8186664039523305,0.0053261206649752,0.8186664039523305,0.0,8.0
3900.0,39.0,0.8187072062430992,0.0053261206649752,0.8187072062430992,0.0,8.0
4000.0,40.0,0.8187112766689453,0.0053261206649752,0.8187112766689453,0.0,8.0
4100.0,41.0,0.8187523488515717,0.0053261206649752,0.8187523488515717,0.0,8.0
4200.0,42.0,0.8188029069918473,0.0053261206649752,0.8188029069918473,0.0,8.0
4400.0,44.0,0.818803643722874,0.0053261206649752,0.818803643722874,0.0,8.0
4600.0,46.0,0.8188995275953862,0.0053023914035993,0.8188995275953862,0.0,8.0
4700.0,47.0,0.8189038777449592,0.0053023914035993,0.8189038777449592,0.0,8.0
4900.0,49.0,0.818904474417551,0.0053023914035993,0.818904474417551,0.0,8.0
5000.0,50.0,0.8189151385062501,0.0053023914035993,0.8189151385062501,0.0,8.0
5100.0,51.0,0.8189248411380403,0.0052879763450815,0.8189248411380403,0.0,8.0
5200.0,52.0,0.822971220991436,0.004314031993159,0.822971220991436,0.0,8.0
5300.0,53.0,0.82298478808226,0.0042936332793219,0.82298478808226,0.0,8.0
5400.0,54.0,0.8229864916800073,0.0042936332793219,0.8229864916800073,0.0,8.0
5500.0,55.0,0.8230031451646911,0.0042936332793219,0.8230031451646911,0.0,8.0
5600.0,56.0,0.8230541143018296,0.0042936332793219,0.8230541143018296,0.0,8.0
5700.0,57.0,0.8230613778357633,0.0042936332793219,0.8230613778357633,0.0,8.0
5800.0,58.0,0.8230680956816845,0.0042936332793219,0.8230680956816845,0.0,8.0
5900.0,59.0,0.8230719556738442,0.0042936332793219,0.8230719556738442,0.0,8.0
6000.0,60.0,0.8230806621051202,0.0042936332793219,0.8230806621051202,0.0,8.0
6100.0,61.0,0.8230938816465352,0.0042760815507838,0.8230938816465352,0.0,8.0
6200.0,62.0,0.8230946400620149,0.0042760815507838,0.8230946400620149,0.0,8.0
6300.0,63.0,0.8230955499264866,0.0042760815507838,0.8230955499264866,0.0,8.0
6600.0,66.0,0.8230979527356934,0.0042760815507838,0.8230979527356934,0.0,8.0
6700.0,67.0,0.8231094748480272,0.0042760815507838,0.8231094748480272,0.0,8.0
6900.0,69.0,0.8231103462272118,0.0042760815507838,0.8231103462272118,0.0,8.0
7200.0,72.0,0.8231105879713045,0.0042760815507838,0.8231105879713045,0.0,8.0
7300.0,73.0,0.8232333939575783,0.0042455301873677,0.8232333939575783,0.0,8.0
7400.0,74.0,0.8232594309112404,0.0041907378314524,0.8232594309112404,0.0,8.0
7500.0,75.0,0.8232607754991715,0.0041907378314524,0.8232607754991715,0.0,8.0
7700.0,77.0,0.8232712559600851,0.0041907378314524,0.8232712559600851,0.0,8.0
7800.0,78.0,0.823308796298348,0.0041488995556293,0.823308796298348,0.0,8.0
8000.0,80.0,0.8233084635935826,0.0041488995556293,0.8233084635935826,0.0,8.0
8100.0,81.0,0.82330893761936,0.0041488995556293,0.82330893761936,0.0,8.0
8200.0,82.0,0.8233246038781948,0.0041373613420279,0.8233246038781948,0.0,8.0
8400.0,84.0,0.8233212684944482,0.0041373613420279,0.8233212684944482,0.0,8.0
8500.0,85.0,0.8233270053362045,0.0041339829882835,0.8233270053362045,0.0,8.0
8800.0,88.0,0.8233271673947494,0.0041339829882835,0.8233271673947494,0.0,8.0
8900.0,89.0,0.8233273102369288,0.0041339829882835,0.8233273102369288,0.0,8.0
9100.0,91.0,0.823329805655332,0.0041339829882835,0.823329805655332,0.0,8.0
9200.0,92.0,0.8233323051720909,0.0041339829882835,0.8233323051720909,0.0,8.0
9500.0,95.0,0.82333040286095,0.0041339829882835,0.82333040286095,0.0,8.0
9600.0,96.0,0.8233307567851035,0.0041339829882835,0.8233307567851035,0.0,8.0
9700.0,97.0,0.8233285121037403,0.0040669871374334,0.8233285121037403,0.0,8.0
9900.0,99.0,0.8233254180817995,0.0041339829882835,0.8233254180817995,0.0,8.0
10000.0,100.0,0.8233260425436056,0.0041339829882835,0.8233260425436056,0.0,8.0
10100.0,101.0,0.8233301253168637,0.0041339829882835,0.8233301253168637,0.0,8.0
10200.0,102.0,0.823337077511357,0.0041339829882835,0.823337077511357,0.0,8.0
10300.0,103.0,0.8233640270144366,0.0041339829882835,0.8233640270144366,0.0,8.0
10400.0,104.0,0.8233663400342691,0.0041339829882835,0.8233663400342691,0.0,8.0
10500.0,105.0,0.8233722687282014,0.0041339829882835,0.8233722687282014,0.0,8.0
10600.0,106.0,0.8233728945121254,0.0041339829882835,0.8233728945121254,0.0,8.0
10800.0,108.0,0.8233753412583341,0.0041339829882835,0.8233753412583341,0.0,8.0
10900.0,109.0,0.8233778557143716,0.0041339829882835,0.8233778557143716,0.0,8.0
11100.0,111.0,0.8233775399385854,0.0041230004762836,0.8233775399385854,0.0,8.0
11200.0,112.0,0.8233814882567901,0.0041230004762836,0.8233814882567901,0.0,8.0
11500.0,115.0,0.8233809031634273,0.0041230004762836,0.8233809031634273,0.0,8.0
11900.0,119.0,0.8233822719485836,0.0041230004762836,0.8233822719485836,0.0,8.0
12100.0,121.0,0.8233797470499086,0.0039056659571898,0.8233797470499086,0.0,8.0
12200.0,122.0,0.8233866923164854,0.0038652240308201,0.8233866923164854,0.0,8.0
12300.0,123.0,0.8233901354096049,0.0038652240308201,0.8233901354096049,0.0,8.0
12400.0,124.0,0.8233955872903406,0.0040664336005156,0.8233955872903406,0.0,8.0
12600.0,126.0,0.8233943676783652,0.0040664336005156,0.8233943676783652,0.0,8.0
12700.0,127.0,0.8233982591336662,0.0040664336005156,0.8233982591336662,0.0,8.0
12900.0,129.0,0.8234051059092397,0.0040600653362375,0.8234051059092397,0.0,8.0
13000.0,130.0,0.823400613830536,0.0040586823168324,0.823400613830536,0.0,8.0
13100.0,131.0,0.8253966108322356,0.0035802139342446,0.8253966108322356,0.0,8.0
13300.0,133.0,0.8253961996870962,0.0035802139342446,0.8253961996870962,0.0,8.0
13600.0,136.0,0.825385629988221,0.0035802139342446,0.825385629988221,0.0,8.0
13800.0,138.0,0.8253859182201868,0.003579200685891,0.8253859182201868,0.0,8.0
13900.0,139.0,0.8253839319606252,0.0034089779413228,0.8253839319606252,0.0,8.0
14100.0,141.0,0.8253857154081413,0.0034089779413228,0.8253857154081413,0.0,8.0
14200.0,142.0,0.8253869677775173,0.0034089779413228,0.8253869677775173,0.0,8.0
14300.0,143.0,0.8253882371875185,0.0034089779413228,0.8253882371875185,0.0,8.0
14400.0,144.0,0.8253903424163267,0.0034089779413228,0.8253903424163267,0.0,8.0
14800.0,148.0,0.8253837390966797,0.0038916432810449,0.8253837390966797,0.0,8.0
14900.0,149.0,0.8253928503114649,0.0038916432810449,0.8253928503114649,0.0,8.0
15000.0,150.0,0.8253941690207017,0.0038916432810449,0.8253941690207017,0.0,8.0
15100.0,151.0,0.8253990910711478,0.0038916432810449,0.8253990910711478,0.0,8.0
15400.0,154.0,0.8253925507269793,0.0038916432810449,0.8253925507269793,0.0,8.0
15500.0,155.0,0.8253951856719971,0.0038916432810449,0.8253951856719971,0.0,8.0
15600.0,156.0,0.8254003473402981,0.0038916432810449,0.8254003473402981,0.0,8.0
15700.0,157.0,0.8254010012438671,0.0038916432810449,0.8254010012438671,0.0,8.0
16100.0,161.0,0.8254013836784775,0.0038916432810449,0.8254013836784775,0.0,8.0
16200.0,162.0,0.8254037061584452,0.0038916432810449,0.8254037061584452,0.0,8.0
16400.0,164.0,0.8254042104522438,0.0038916432810449,0.8254042104522438,0.0,8.0
16500.0,165.0,0.8254050362793617,0.0038916432810449,0.8254050362793617,0.0,8.0
16800.0,168.0,0.8253983545502294,0.0038916432810449,0.8253983545502294,0.0,8.0
17200.0,172.0,0.8253932135568984,0.0038916432810449,0.8253932135568984,0.0,8.0
17300.0,173.0,0.8254020794805548,0.0038916432810449,0.8254020794805548,0.0,8.0
17600.0,176.0,0.8254025121022132,0.0038916432810449,0.8254025121022132,0.0,8.0
17700.0,177.0,0.8254076203094205,0.0038916432810449,0.8254076203094205,0.0,8.0
17900.0,179.0,0.8254045636125524,0.0038916432810449,0.8254045636125524,0.0,8.0
18100.0,181.0,0.825407005744516,0.0038916432810449,0.825407005744516,0.0,8.0
18200.0,182.0,0.8254115860363906,0.0038916432810449,0.8254115860363906,0.0,8.0
18400.0,184.0,0.8254093344990163,0.0038916432810449,0.8254093344990163,0.0,8.0
18600.0,186.0,0.8254126998975628,0.0038916432810449,0.8254126998975628,0.0,8.0
18700.0,187.0,0.8254144934625398,0.0038916432810449,0.8254144934625398,0.0,8.0
19000.0,190.0,0.8254142064010248,0.0038916432810449,0.8254142064010248,0.0,8.0
19100.0,191.0,0.8254225422137437,0.0038916432810449,0.8254225422137437,0.0,8.0
19300.0,193.0,0.8254223435634588,0.0038916432810449,0.8254223435634588,0.0,8.0
19500.0,195.0,0.8254263963574079,0.0038916432810449,0.8254263963574079,0.0,8.0
19600.0,196.0,0.8254264460055114,0.0038916432810449,0.8254264460055114,0.0,8.0
19700.0,197.0,0.8254223438098327,0.0037285427310408,0.8254223438098327,0.0,8.0
19800.0,198.0,0.8254255952738835,0.0037285427310408,0.8254255952738835,0.0,8.0
20000.0,200.0,0.8254269439155276,0.0037285427310408,0.8254269439155276,0.0,8.0
100.0,1.0,0.4158819321644024,0.1943146069422934,0.4158819321644024,0.0,9.0
200.0,2.0,0.4179247723679737,0.1943146069422934,0.4179247723679737,0.0,9.0
300.0,3.0,0.4315815571145673,0.1942755011888782,0.4315815571145673,0.0,9.0
400.0,4.0,0.5038508691092662,0.1679096601621307,0.5038508691092662,0.0,9.0
500.0,5.0,0.6267241201481464,0.1021951804701322,0.6267241201481464,0.0,9.0
600.0,6.0,0.6276915052779706,0.0845946109685188,0.6276915052779706,0.0,9.0
700.0,7.0,0.7204758520066255,0.050250909564631,0.7204758520066255,0.0,9.0
800.0,8.0,0.7205885239143609,0.0416483378444863,0.7205885239143609,0.0,9.0
900.0,9.0,0.7206598110354041,0.0416483378444863,0.7206598110354041,0.0,9.0
1000.0,10.0,0.725366837341911,0.0414702273515393,0.725366837341911,0.0,9.0
1100.0,11.0,0.7344177043343596,0.036412345560964,0.7344177043343596,0.0,9.0
1200.0,12.0,0.7359864691641714,0.0360613989790251,0.7359864691641714,0.0,9.0
1300.0,13.0,0.7433155646231339,0.0298908691262069,0.7433155646231339,0.0,9.0
1400.0,14.0,0.743771714882206,0.0298908691262069,0.743771714882206,0.0,9.0
1500.0,15.0,0.7446885759459809,0.0296372304756295,0.7446885759459809,0.0,9.0
1600.0,16.0,0.7449074492229691,0.0296372304756295,0.7449074492229691,0.0,9.0
1700.0,17.0,0.7451072069773139,0.0296372304756295,0.7451072069773139,0.0,9.0
1800.0,18.0,0.7461894546950658,0.029631787676157,0.7461894546950658,0.0,9.0
1900.0,19.0,0.7462125433894319,0.0293598838584429,0.7462125433894319,0.0,9.0
2000.0,20.0,0.7462283361374367,0.029070238795418,0.7462283361374367,0.0,9.0
2100.0,21.0,0.7620440754215231,0.0243778406076482,0.7620440754215231,0.0,9.0
2200.0,22.0,0.7861564208482968,0.0167884104383798,0.7861564208482968,0.0,9.0
2300.0,23.0,0.7863182387937355,0.0165987937434481,0.7863182387937355,0.0,9.0
2400.0,24.0,0.7863212461937785,0.0165987937434481,0.7863212461937785,0.0,9.0
2500.0,25.0,0.7866709162419433,0.0163417565249231,0.7866709162419433,0.0,9.0
2600.0,26.0,0.786685372956389,0.0163417565249231,0.786685372956389,0.0,9.0
2700.0,27.0,0.7908431717201593,0.0148582547987135,0.7908431717201593,0.0,9.0
2800.0,28.0,0.793744114790748,0.0139024844159772,0.793744114790748,0.0,9.0
2900.0,29.0,0.7939229150037168,0.0139024844159772,0.7939229150037168,0.0,9.0
3000.0,30.0,0.7939295798397529,0.0139024844159772,0.7939295798397529,0.0,9.0
3100.0,31.0,0.7939759251170092,0.0138546587545315,0.7939759251170092,0.0,9.0
3200.0,32.0,0.7939935133258205,0.0138546587545315,0.7939935133258205,0.0,9.0
3300.0,33.0,0.7940056345253057,0.0138546587545315,0.7940056345253057,0.0,9.0
3400.0,34.0,0.7940089541511667,0.0138546587545315,0.7940089541511667,0.0,9.0
3500.0,35.0,0.7940456868257683,0.0138546587545315,0.7940456868257683,0.0,9.0
3700.0,37.0,0.7940523271934808,0.0138546587545315,0.7940523271934808,0.0,9.0
3800.0,38.0,0.7971116361900576,0.013022925026905,0.7971116361900576,0.0,9.0
3900.0,39.0,0.7971208764701517,0.013022925026905,0.7971208764701517,0.0,9.0
4000.0,40.0,0.7971272024502442,0.013022925026905,0.7971272024502442,0.0,9.0
4100.0,41.0,0.7971502305085814,0.0130210408040928,0.7971502305085814,0.0,9.0
4200.0,42.0,0.7971601073021599,0.0130079699860361,0.7971601073021599,0.0,9.0
4300.0,43.0,0.7971865881001792,0.0130079699860361,0.7971865881001792,0.0,9.0
4400.0,44.0,0.7971882663907535,0.0130079699860361,0.7971882663907535,0.0,9.0
4600.0,46.0,0.8142548025365859,0.007341277588694,0.8142548025365859,0.0,9.0
4800.0,48.0,0.814280017656199,0.007341277588694,0.814280017656199,0.0,9.0
4900.0,49.0,0.8142820502647855,0.007341277588694,0.8142820502647855,0.0,9.0
5000.0,50.0,0.8142864656694517,0.007341277588694,0.8142864656694517,0.0,9.0
5100.0,51.0,0.8142939646998437,0.007341277588694,0.8142939646998437,0.0,9.0
5200.0,52.0,0.8143104289220464,0.007341277588694,0.8143104289220464,0.0,9.0
5300.0,53.0,0.8143136577045297,0.007341277588694,0.8143136577045297,0.0,9.0
5500.0,55.0,0.8143147592153821,0.007341277588694,0.8143147592153821,0.0,9.0
5600.0,56.0,0.8143371867277118,0.007341277588694,0.8143371867277118,0.0,9.0
5700.0,57.0,0.8143401130543423,0.007341277588694,0.8143401130543423,0.0,9.0
5800.0,58.0,0.8143456012364549,0.007341277588694,0.8143456012364549,0.0,9.0
5900.0,59.0,0.814354757671142,0.0073398445852372,0.814354757671142,0.0,9.0
6000.0,60.0,0.8143624219769985,0.0071333520043332,0.8143624219769985,0.0,9.0
6100.0,61.0,0.8143863455032133,0.0071317679459563,0.8143863455032133,0.0,9.0
6300.0,63.0,0.8143856608902051,0.0071317679459563,0.8143856608902051,0.0,9.0
6400.0,64.0,0.8143961782384159,0.0071317679459563,0.8143961782384159,0.0,9.0
6500.0,65.0,0.8144317425811323,0.0071317679459563,0.8144317425811323,0.0,9.0
6600.0,66.0,0.8144325364771272,0.0071314597574226,0.8144325364771272,0.0,9.0
6700.0,67.0,0.8144362514395239,0.0071314597574226,0.8144362514395239,0.0,9.0
6800.0,68.0,0.8144477020007657,0.0071314597574226,0.8144477020007657,0.0,9.0
6900.0,69.0,0.8144590803599414,0.0071314597574226,0.8144590803599414,0.0,9.0
7000.0,70.0,0.8144603753440942,0.0071314597574226,0.8144603753440942,0.0,9.0
7100.0,71.0,0.8144716579767204,0.0071094846272385,0.8144716579767204,0.0,9.0
7200.0,72.0,0.8145025241757188,0.0070903372157982,0.8145025241757188,0.0,9.0
7300.0,73.0,0.8145065513366903,0.0069100976559433,0.8145065513366903,0.0,9.0
7400.0,74.0,0.8145147046826114,0.0069100976559433,0.8145147046826114,0.0,9.0
7600.0,76.0,0.8145224493331813,0.0069100976559433,0.8145224493331813,0.0,9.0
7700.0,77.0,0.814522675066374,0.006992401650774,0.814522675066374,0.0,9.0
7800.0,78.0,0.8148582648032453,0.0069085136979352,0.8148582648032453,0.0,9.0
7900.0,79.0,0.8148597668934003,0.0069085136979352,0.8148597668934003,0.0,9.0
8000.0,80.0,0.814872213456388,0.0069085136979352,0.814872213456388,0.0,9.0
8200.0,82.0,0.8148726444148852,0.0068935940567103,0.8148726444148852,0.0,9.0
8300.0,83.0,0.8149539539306273,0.0067975907725696,0.8149539539306273,0.0,9.0
8400.0,84.0,0.8149566122486137,0.0067975907725696,0.8149566122486137,0.0,9.0
8500.0,85.0,0.8157548845456934,0.0065957235156571,0.8157548845456934,0.0,9.0
8700.0,87.0,0.8157575940777225,0.0065957235156571,0.8157575940777225,0.0,9.0
8900.0,89.0,0.8157587312871811,0.0065957235156571,0.8157587312871811,0.0,9.0
9000.0,90.0,0.8157635323483393,0.0065957235156571,0.8157635323483393,0.0,9.0
9700.0,97.0,0.8157529267972756,0.0065957235156571,0.8157529267972756,0.0,9.0
9800.0,98.0,0.8157556221816894,0.0065957235156571,0.8157556221816894,0.0,9.0
9900.0,99.0,0.8157684321383446,0.0065957235156571,0.8157684321383446,0.0,9.0
10100.0,101.0,0.8157667852064812,0.0065955354507928,0.8157667852064812,0.0,9.0
10200.0,102.0,0.8157671412837038,0.0065955197346681,0.8157671412837038,0.0,9.0
10400.0,104.0,0.81576652643284,0.0065955197346681,0.81576652643284,0.0,9.0
10500.0,105.0,0.8157668604947024,0.0065955197346681,0.8157668604947024,0.0,9.0
10600.0,106.0,0.8157680054212304,0.0060772918505632,0.8157680054212304,0.0,9.0
10700.0,107.0,0.815768250502544,0.0060772918505632,0.815768250502544,0.0,9.0
10800.0,108.0,0.8157702469819292,0.0060772918505632,0.8157702469819292,0.0,9.0
11200.0,112.0,0.8157683666896552,0.0060772918505632,0.8157683666896552,0.0,9.0
11400.0,114.0,0.8157713013900022,0.0060746126242876,0.8157713013900022,0.0,9.0
11600.0,116.0,0.8157767437662875,0.0060746126242876,0.8157767437662875,0.0,9.0
11700.0,117.0,0.8157774588416682,0.0060746126242876,0.8157774588416682,0.0,9.0
11800.0,118.0,0.8157774611139365,0.0060746126242876,0.8157774611139365,0.0,9.0
11900.0,119.0,0.8157790047205011,0.0060746126242876,0.8157790047205011,0.0,9.0
12100.0,121.0,0.8157786530906741,0.0060746126242876,0.8157786530906741,0.0,9.0
12200.0,122.0,0.8157807057674351,0.0060746126242876,0.8157807057674351,0.0,9.0
12400.0,124.0,0.8157920973371305,0.0060584693409142,0.8157920973371305,0.0,9.0
12500.0,125.0,0.815793725404023,0.0060584693409142,0.815793725404023,0.0,9.0
12600.0,126.0,0.8157979273314885,0.0060584693409142,0.8157979273314885,0.0,9.0
12700.0,127.0,0.8158001452610366,0.0060584693409142,0.8158001452610366,0.0,9.0
13100.0,131.0,0.8216773807053782,0.0045671919750313,0.8216773807053782,0.0,9.0
13200.0,132.0,0.8216802014769136,0.0045671919750313,0.8216802014769136,0.0,9.0
13300.0,133.0,0.8216806780710217,0.0045671919750313,0.8216806780710217,0.0,9.0
13400.0,134.0,0.8216829112583258,0.0045671919750313,0.8216829112583258,0.0,9.0
13500.0,135.0,0.8216836804010039,0.0045671919750313,0.8216836804010039,0.0,9.0
13600.0,136.0,0.8216842199040443,0.0045671919750313,0.8216842199040443,0.0,9.0
13800.0,138.0,0.8217834266650671,0.0045201312405797,0.8217834266650671,0.0,9.0
14000.0,140.0,0.8217836803192102,0.0045201312405797,0.8217836803192102,0.0,9.0
14800.0,148.0,0.8229490474961544,0.0047045843485003,0.8229490474961544,0.0,9.0
14900.0,149.0,0.8229495208828647,0.0047045843485003,0.8229495208828647,0.0,9.0
15100.0,151.0,0.8229476828585536,0.0047045843485003,0.8229476828585536,0.0,9.0
15200.0,152.0,0.8229477651405429,0.0047045843485003,0.8229477651405429,0.0,9.0
15300.0,153.0,0.822949603546724,0.0047045843485003,0.822949603546724,0.0,9.0
15400.0,154.0,0.8229516213043443,0.0047045843485003,0.8229516213043443,0.0,9.0
15500.0,155.0,0.8229523214470227,0.0047045843485003,0.8229523214470227,0.0,9.0
15600.0,156.0,0.8229526130346362,0.0047045843485003,0.8229526130346362,0.0,9.0
15700.0,157.0,0.8229588448512817,0.0047045843485003,0.8229588448512817,0.0,9.0
15800.0,158.0,0.8229590799997764,0.0047045843485003,0.8229590799997764,0.0,9.0
15900.0,159.0,0.8229600041313035,0.0047045843485003,0.8229600041313035,0.0,9.0
16000.0,160.0,0.8229656699348823,0.0047045843485003,0.8229656699348823,0.0,9.0
16100.0,161.0,0.8229675837516256,0.0047045843485003,0.8229675837516256,0.0,9.0
16400.0,164.0,0.8229699033840504,0.0047045843485003,0.8229699033840504,0.0,9.0
16500.0,165.0,0.8229705545603118,0.0047045843485003,0.8229705545603118,0.0,9.0
16600.0,166.0,0.8229726959639299,0.0047045843485003,0.8229726959639299,0.0,9.0
16700.0,167.0,0.822975531590676,0.0047045843485003,0.822975531590676,0.0,9.0
16800.0,168.0,0.8229776070347083,0.0047045843485003,0.8229776070347083,0.0,9.0
17000.0,170.0,0.822976254816892,0.0046198100582681,0.822976254816892,0.0,9.0
17200.0,172.0,0.8229675662161667,0.0043090160067585,0.8229675662161667,0.0,9.0
17400.0,174.0,0.822967790593867,0.004308942708698,0.822967790593867,0.0,9.0
17700.0,177.0,0.8230019682872085,0.004308942708698,0.8230019682872085,0.0,9.0
17900.0,179.0,0.8230031117701956,0.0043036984170246,0.8230031117701956,0.0,9.0
18000.0,180.0,0.823005767118415,0.0043036984170246,0.823005767118415,0.0,9.0
18200.0,182.0,0.8230148387022063,0.0042933157274356,0.8230148387022063,0.0,9.0
18400.0,184.0,0.8230212737893486,0.0045011467421069,0.8230212737893486,0.0,9.0
18500.0,185.0,0.8230221550289162,0.0045011467421069,0.8230221550289162,0.0,9.0
18800.0,188.0,0.8230236559175012,0.0045011467421069,0.8230236559175012,0.0,9.0
19000.0,190.0,0.8230263116309127,0.0045011467421069,0.8230263116309127,0.0,9.0
19300.0,193.0,0.8230267108333049,0.0045011467421069,0.8230267108333049,0.0,9.0
19400.0,194.0,0.8230346161900258,0.0043894533585992,0.8230346161900258,0.0,9.0
19600.0,196.0,0.82303711582122,0.0045011467421069,0.82303711582122,0.0,9.0
19800.0,198.0,0.8230379608024995,0.0045011467421069,0.8230379608024995,0.0,9.0
19900.0,199.0,0.823039761886995,0.0045011467421069,0.823039761886995,0.0,9.0
100.0,1.0,0.6431319572758373,0.1296703519543642,0.6431319572758373,0.0,10.0
200.0,2.0,0.6463396393967851,0.1296703519543642,0.6463396393967851,0.0,10.0
300.0,3.0,0.6631209564106801,0.126894483026155,0.6631209564106801,0.0,10.0
400.0,4.0,0.7116940889446682,0.1036228525261038,0.7116940889446682,0.0,10.0
500.0,5.0,0.7415111051201261,0.0707211099655725,0.7415111051201261,0.0,10.0
600.0,6.0,0.7430452698451028,0.0595366173428203,0.7430452698451028,0.0,10.0
700.0,7.0,0.7453090023417788,0.0593706819418263,0.7453090023417788,0.0,10.0
800.0,8.0,0.76981200698126,0.0505507557579543,0.76981200698126,0.0,10.0
900.0,9.0,0.7701998823746764,0.0279125043228805,0.7701998823746764,0.0,10.0
1000.0,10.0,0.7886366802242323,0.0217994295691708,0.7886366802242323,0.0,10.0
1100.0,11.0,0.7887203070460426,0.0217994295691708,0.7887203070460426,0.0,10.0
1200.0,12.0,0.8144979705335202,0.0187380143466832,0.8144979705335202,0.0,10.0
1300.0,13.0,0.8213021990356897,0.0122712274887605,0.8213021990356897,0.0,10.0
1400.0,14.0,0.8281398815220379,0.009247837335417,0.8281398815220379,0.0,10.0
1500.0,15.0,0.8285786132418539,0.009247837335417,0.8285786132418539,0.0,10.0
1600.0,16.0,0.8287225334046242,0.0090199965723525,0.8287225334046242,0.0,10.0
1700.0,17.0,0.82873663327219,0.0090199965723525,0.82873663327219,0.0,10.0
1800.0,18.0,0.8288875971759705,0.0090199965723525,0.8288875971759705,0.0,10.0
1900.0,19.0,0.829670618104454,0.0090058695966062,0.829670618104454,0.0,10.0
2000.0,20.0,0.8296773548469897,0.0090058695966062,0.8296773548469897,0.0,10.0
2100.0,21.0,0.8321242365678948,0.0080792024936615,0.8321242365678948,0.0,10.0
2200.0,22.0,0.8321844564654695,0.0080792024936615,0.8321844564654695,0.0,10.0
2300.0,23.0,0.8321892390336476,0.0080792024936615,0.8321892390336476,0.0,10.0
2400.0,24.0,0.8384221619660797,0.0073263751781178,0.8384221619660797,0.0,10.0
2500.0,25.0,0.8385061745776705,0.0072721119484389,0.8385061745776705,0.0,10.0
2600.0,26.0,0.8395135277322469,0.0071880490324251,0.8395135277322469,0.0,10.0
2700.0,27.0,0.8506594213168932,0.0063037806825952,0.8506594213168932,0.0,10.0
2800.0,28.0,0.8507331110734353,0.0063037806825952,0.8507331110734353,0.0,10.0
2900.0,29.0,0.8507405725168177,0.0063037806825952,0.8507405725168177,0.0,10.0
3000.0,30.0,0.8508394310967412,0.0062969771725925,0.8508394310967412,0.0,10.0
3200.0,32.0,0.8508778325009945,0.0062574179355657,0.8508778325009945,0.0,10.0
3300.0,33.0,0.8566579602443187,0.001617475358074,0.8566579602443187,0.0,10.0
3400.0,34.0,0.8566982790338286,0.001617475358074,0.8566982790338286,0.0,10.0
3500.0,35.0,0.856748407240719,0.001617475358074,0.856748407240719,0.0,10.0
3600.0,36.0,0.8567603962535287,0.001617475358074,0.8567603962535287,0.0,10.0
3700.0,37.0,0.8567826321844593,0.001617475358074,0.8567826321844593,0.0,10.0
3800.0,38.0,0.8569253548229118,0.001617475358074,0.8569253548229118,0.0,10.0
3900.0,39.0,0.8569492149824771,0.0011381634128226,0.8569492149824771,0.0,10.0
4000.0,40.0,0.8569948839235207,0.0011381634128226,0.8569948839235207,0.0,10.0
4200.0,42.0,0.8571362070702496,0.0010743874286844,0.8571362070702496,0.0,10.0
4300.0,43.0,0.8574413597166445,0.0009302593081707,0.8574413597166445,0.0,10.0
4400.0,44.0,0.8574448113772566,0.0009302593081707,0.8574448113772566,0.0,10.0
4500.0,45.0,0.857475285266455,0.0009302593081707,0.857475285266455,0.0,10.0
4800.0,48.0,0.857496323696012,0.0008880976745198,0.857496323696012,0.0,10.0
4900.0,49.0,0.8579820067389112,0.0008583949540361,0.8579820067389112,0.0,10.0
5000.0,50.0,0.8580193313190344,0.0008583949540361,0.8580193313190344,0.0,10.0
5200.0,52.0,0.8580261050327025,0.0008583949540361,0.8580261050327025,0.0,10.0
5300.0,53.0,0.8580288294938397,0.0008583949540361,0.8580288294938397,0.0,10.0
5400.0,54.0,0.8580300783598251,0.0008583949540361,0.8580300783598251,0.0,10.0
5600.0,56.0,0.8580350544967467,0.0008583949540361,0.8580350544967467,0.0,10.0
5700.0,57.0,0.8580708122196704,0.0008583949540361,0.8580708122196704,0.0,10.0
5800.0,58.0,0.8580737307381723,0.0008583949540361,0.8580737307381723,0.0,10.0
5900.0,59.0,0.858078145769532,0.0008583949540361,0.858078145769532,0.0,10.0
6000.0,60.0,0.8580990190778931,0.0008583949540361,0.8580990190778931,0.0,10.0
6200.0,62.0,0.858098837748546,0.0008583949540361,0.858098837748546,0.0,10.0
6300.0,63.0,0.858101589499374,0.0008583949540361,0.858101589499374,0.0,10.0
6400.0,64.0,0.8581828736794622,0.0008583949540361,0.8581828736794622,0.0,10.0
6500.0,65.0,0.858183735986571,0.0008578312156913,0.858183735986571,0.0,10.0
6600.0,66.0,0.8581999446578625,0.0008578312156913,0.8581999446578625,0.0,10.0
6700.0,67.0,0.8582656938975199,0.0008569881656394,0.8582656938975199,0.0,10.0
6800.0,68.0,0.8582689304769403,0.0008569881656394,0.8582689304769403,0.0,10.0
6900.0,69.0,0.8582748489487393,0.0008569881656394,0.8582748489487393,0.0,10.0
7000.0,70.0,0.8582751949775402,0.0008569881656394,0.8582751949775402,0.0,10.0
7100.0,71.0,0.858314744866752,0.0008569881656394,0.858314744866752,0.0,10.0
7200.0,72.0,0.8584799450926712,0.0007645109667864,0.8584799450926712,0.0,10.0
7600.0,76.0,0.8584791053618545,0.0007645109667864,0.8584791053618545,0.0,10.0
7700.0,77.0,0.8585608503453587,0.0007592977367615,0.8585608503453587,0.0,10.0
7800.0,78.0,0.8585709287865588,0.0007592977367615,0.8585709287865588,0.0,10.0
7900.0,79.0,0.8585720316200338,0.0007592019539109,0.8585720316200338,0.0,10.0
8300.0,83.0,0.8585707329191475,0.0007592019539109,0.8585707329191475,0.0,10.0
8400.0,84.0,0.8585842332785346,0.0007592019539109,0.8585842332785346,0.0,10.0
8500.0,85.0,0.8585896689077757,0.0007592019539109,0.8585896689077757,0.0,10.0
8600.0,86.0,0.8586006331329605,0.0007592019539109,0.8586006331329605,0.0,10.0
8700.0,87.0,0.8586088823808727,0.0007592019539109,0.8586088823808727,0.0,10.0
8800.0,88.0,0.858879185201069,0.0007404490767494,0.858879185201069,0.0,10.0
8900.0,89.0,0.8588829695774307,0.0007404490767494,0.8588829695774307,0.0,10.0
9000.0,90.0,0.8588875085256411,0.0007404490767494,0.8588875085256411,0.0,10.0
9100.0,91.0,0.8588957254823508,0.0007404490767494,0.8588957254823508,0.0,10.0
9200.0,92.0,0.8589002777179628,0.0007404490767494,0.8589002777179628,0.0,10.0
9400.0,94.0,0.8593224591356773,0.0007100695751941,0.8593224591356773,0.0,10.0
9500.0,95.0,0.8596241856798889,0.0006624162286465,0.8596241856798889,0.0,10.0
9600.0,96.0,0.8596246131336183,0.0006624162286465,0.8596246131336183,0.0,10.0
9800.0,98.0,0.8596253710421722,0.0006624162286465,0.8596253710421722,0.0,10.0
9900.0,99.0,0.8596307632667447,0.0006624162286465,0.8596307632667447,0.0,10.0
10000.0,100.0,0.859632184388765,0.0006624162286465,0.859632184388765,0.0,10.0
10100.0,101.0,0.8596377232231996,0.0006624162286465,0.8596377232231996,0.0,10.0
10200.0,102.0,0.8596513138868552,0.0006624162286465,0.8596513138868552,0.0,10.0
10500.0,105.0,0.8596474790835628,0.0006624162286465,0.8596474790835628,0.0,10.0
10700.0,107.0,0.8599575934540742,0.0006403095241138,0.8599575934540742,0.0,10.0
10900.0,109.0,0.8599743701570906,0.0006350176204108,0.8599743701570906,0.0,10.0
11200.0,112.0,0.8602720879786004,0.0006136551211764,0.8602720879786004,0.0,10.0
11300.0,113.0,0.8603040446715726,0.0005855394955254,0.8603040446715726,0.0,10.0
11500.0,115.0,0.8603031821458667,0.0005855394955254,0.8603031821458667,0.0,10.0
11700.0,117.0,0.8603114210374686,0.0005453512395371,0.8603114210374686,0.0,10.0
11800.0,118.0,0.8605655010179676,0.0005271432494074,0.8605655010179676,0.0,10.0
11900.0,119.0,0.8605693976377788,0.0005271432494074,0.8605693976377788,0.0,10.0
12000.0,120.0,0.8605877061056489,0.0005271432494074,0.8605877061056489,0.0,10.0
12300.0,123.0,0.8606560390565712,0.0005225611492103,0.8606560390565712,0.0,10.0
12400.0,124.0,0.8608184680783652,0.0005118142581731,0.8608184680783652,0.0,10.0
12500.0,125.0,0.8608198325628996,0.0005118142581731,0.8608198325628996,0.0,10.0
12700.0,127.0,0.8608196538765036,0.0005118142581731,0.8608196538765036,0.0,10.0
13200.0,132.0,0.8608119855026192,0.0005118142581731,0.8608119855026192,0.0,10.0
13300.0,133.0,0.8608122580381897,0.0005118142581731,0.8608122580381897,0.0,10.0
13400.0,134.0,0.860813836737433,0.0005118142581731,0.860813836737433,0.0,10.0
13600.0,136.0,0.8608114968582066,0.0005076744401945,0.8608114968582066,0.0,10.0
13700.0,137.0,0.8608149990580796,0.0005076744401945,0.8608149990580796,0.0,10.0
13800.0,138.0,0.8608150466848302,0.0005076744401945,0.8608150466848302,0.0,10.0
13900.0,139.0,0.8608151974470786,0.0005076744401945,0.8608151974470786,0.0,10.0
14000.0,140.0,0.8608119900500085,0.0004868524076902,0.8608119900500085,0.0,10.0
14100.0,141.0,0.8608176781425708,0.0003907912893655,0.8608176781425708,0.0,10.0
14200.0,142.0,0.8608210597262609,0.0003907912893655,0.8608210597262609,0.0,10.0
14400.0,144.0,0.8608216686875567,0.0003855467911688,0.8608216686875567,0.0,10.0
14700.0,147.0,0.8608212885271898,0.0003855467911688,0.8608212885271898,0.0,10.0
14800.0,148.0,0.8608364537924472,0.0003855467911688,0.8608364537924472,0.0,10.0
14900.0,149.0,0.8608483109416298,0.0003855467911688,0.8608483109416298,0.0,10.0
15000.0,150.0,0.8608526092315699,0.0003855467911688,0.8608526092315699,0.0,10.0
15100.0,151.0,0.8608566444768078,0.0003855467911688,0.8608566444768078,0.0,10.0
15500.0,155.0,0.8608420903230465,0.0003703009357704,0.8608420903230465,0.0,10.0
15600.0,156.0,0.8608429890661148,0.0003703009357704,0.8608429890661148,0.0,10.0
15700.0,157.0,0.8608542753207291,0.0003703009357704,0.8608542753207291,0.0,10.0
15800.0,158.0,0.860853494071202,0.0003669272456169,0.860853494071202,0.0,10.0
16200.0,162.0,0.8608608969128425,0.0003669272456169,0.8608608969128425,0.0,10.0
16300.0,163.0,0.8608634538065798,0.0003669272456169,0.8608634538065798,0.0,10.0
16500.0,165.0,0.8608692857717122,0.0003669272456169,0.8608692857717122,0.0,10.0
16600.0,166.0,0.8608707538685605,0.0003669272456169,0.8608707538685605,0.0,10.0
16900.0,169.0,0.8608708348245651,0.0003669272456169,0.8608708348245651,0.0,10.0
17000.0,170.0,0.8608682227849079,0.0003668722150694,0.8608682227849079,0.0,10.0
17200.0,172.0,0.8608728122673986,0.0003668722150694,0.8608728122673986,0.0,10.0
17600.0,176.0,0.8608612905290632,0.0003668722150694,0.8608612905290632,0.0,10.0
17700.0,177.0,0.8608620743631176,0.0003668722150694,0.8608620743631176,0.0,10.0
17800.0,178.0,0.8608773657313327,0.0003656963301618,0.8608773657313327,0.0,10.0
17900.0,179.0,0.8608825192927635,0.0003656963301618,0.8608825192927635,0.0,10.0
18300.0,183.0,0.8608766713144049,0.0003656963301618,0.8608766713144049,0.0,10.0
18600.0,186.0,0.8608703906166153,0.0003656963301618,0.8608703906166153,0.0,10.0
18900.0,189.0,0.8608664934818975,0.0003656963301618,0.8608664934818975,0.0,10.0
19000.0,190.0,0.8608774761292741,0.0003656963301618,0.8608774761292741,0.0,10.0
19100.0,191.0,0.8608791963970215,0.0003656963301618,0.8608791963970215,0.0,10.0
19300.0,193.0,0.860879289970794,0.0003656963301618,0.860879289970794,0.0,10.0
19400.0,194.0,0.8610583548055954,0.000294671966944,0.8610583548055954,0.0,10.0
19500.0,195.0,0.8610622355488171,0.000294671966944,0.8610622355488171,0.0,10.0
19600.0,196.0,0.8610632296370332,0.0002817844616296,0.8610632296370332,0.0,10.0
19700.0,197.0,0.861064649865161,0.0002817844616296,0.861064649865161,0.0,10.0
19800.0,198.0,0.8610649499252575,0.0002817844616296,0.8610649499252575,0.0,10.0
19900.0,199.0,0.8610679999596975,0.0002817844616296,0.8610679999596975,0.0,10.0
20000.0,200.0,0.8610682769613599,0.0002817844616296,0.8610682769613599,0.0,10.0
100.0,1.0,0.6998011768931834,0.0863231728995708,0.6998011768931834,0.0,11.0
200.0,2.0,0.7519354498851145,0.0719734866015149,0.7519354498851145,0.0,11.0
300.0,3.0,0.7560244508948458,0.0719734866015149,0.7560244508948458,0.0,11.0
400.0,4.0,0.8119011562440116,0.0249900610409262,0.8119011562440116,0.0,11.0
500.0,5.0,0.8120657102607993,0.0189183286435013,0.8120657102607993,0.0,11.0
600.0,6.0,0.8150685789629928,0.0185640703080673,0.8150685789629928,0.0,11.0
700.0,7.0,0.8153803821117973,0.0171338040777939,0.8153803821117973,0.0,11.0
800.0,8.0,0.8364907395280252,0.0117976810425551,0.8364907395280252,0.0,11.0
900.0,9.0,0.8367357472169157,0.010883933531287,0.8367357472169157,0.0,11.0
1000.0,10.0,0.8368340961004931,0.0106606177423945,0.8368340961004931,0.0,11.0
1100.0,11.0,0.8379102430116209,0.0093322910157567,0.8379102430116209,0.0,11.0
1200.0,12.0,0.8379278829228115,0.0084523412427306,0.8379278829228115,0.0,11.0
1300.0,13.0,0.8379376225010408,0.0084523412427306,0.8379376225010408,0.0,11.0
1400.0,14.0,0.8379619280890965,0.0084523412427306,0.8379619280890965,0.0,11.0
1500.0,15.0,0.8379728352902832,0.0084523412427306,0.8379728352902832,0.0,11.0
1600.0,16.0,0.8379781754109952,0.0084523412427306,0.8379781754109952,0.0,11.0
1700.0,17.0,0.8379941448748482,0.0084523412427306,0.8379941448748482,0.0,11.0
1800.0,18.0,0.8380016380662342,0.0076859227209579,0.8380016380662342,0.0,11.0
1900.0,19.0,0.8400805584325929,0.007500774908817,0.8400805584325929,0.0,11.0
2000.0,20.0,0.8400811169236585,0.007500774908817,0.8400811169236585,0.0,11.0
2100.0,21.0,0.8400846810761159,0.007500774908817,0.8400846810761159,0.0,11.0
2200.0,22.0,0.8400861453495797,0.007500774908817,0.8400861453495797,0.0,11.0
2300.0,23.0,0.8400871595033458,0.0073384204525757,0.8400871595033458,0.0,11.0
2400.0,24.0,0.8401035681958562,0.0073384204525757,0.8401035681958562,0.0,11.0
2500.0,25.0,0.8407413184409583,0.0071358604720128,0.8407413184409583,0.0,11.0
2600.0,26.0,0.8407414348756238,0.0071358604720128,0.8407414348756238,0.0,11.0
2700.0,27.0,0.8407419818772188,0.0071358604720128,0.8407419818772188,0.0,11.0
2800.0,28.0,0.8407459956002177,0.0070408247298301,0.8407459956002177,0.0,11.0
2900.0,29.0,0.8416666768331514,0.0068935783855948,0.8416666768331514,0.0,11.0
3000.0,30.0,0.8416682595791442,0.0068935783855948,0.8416682595791442,0.0,11.0
3100.0,31.0,0.845060872752591,0.0064948564854886,0.845060872752591,0.0,11.0
3200.0,32.0,0.8450975113240429,0.0064948564854886,0.8450975113240429,0.0,11.0
3300.0,33.0,0.8461017741247794,0.0058883677974518,0.8461017741247794,0.0,11.0
3400.0,34.0,0.8461622850923067,0.0058883677974518,0.8461622850923067,0.0,11.0
3500.0,35.0,0.8461641359210731,0.0058883677974518,0.8461641359210731,0.0,11.0
3700.0,37.0,0.8461640572868956,0.0058883677974518,0.8461640572868956,0.0,11.0
3800.0,38.0,0.8461646465324373,0.0058883677974518,0.8461646465324373,0.0,11.0
3900.0,39.0,0.8470063982426141,0.0058883677974518,0.8470063982426141,0.0,11.0
4000.0,40.0,0.8470067452908493,0.0058882478022684,0.8470067452908493,0.0,11.0
4100.0,41.0,0.8470810639425211,0.0058250497170323,0.8470810639425211,0.0,11.0
4200.0,42.0,0.847081127994378,0.0058250497170323,0.847081127994378,0.0,11.0
4300.0,43.0,0.847082667612529,0.0058250497170323,0.847082667612529,0.0,11.0
4700.0,47.0,0.8472227252195043,0.0057639066828131,0.8472227252195043,0.0,11.0
4800.0,48.0,0.8472231020816018,0.0057639066828131,0.8472231020816018,0.0,11.0
5100.0,51.0,0.8472224052303552,0.0057639066828131,0.8472224052303552,0.0,11.0
5200.0,52.0,0.8472227307616108,0.0057639066828131,0.8472227307616108,0.0,11.0
5300.0,53.0,0.8473222468612697,0.0053601310496565,0.8473222468612697,0.0,11.0
5400.0,54.0,0.8473323337507254,0.0053601310496565,0.8473323337507254,0.0,11.0
5500.0,55.0,0.8473329039526879,0.0053601310496565,0.8473329039526879,0.0,11.0
5900.0,59.0,0.8473314730649422,0.0053601310496565,0.8473314730649422,0.0,11.0
6100.0,61.0,0.8473306434846548,0.0053601310496565,0.8473306434846548,0.0,11.0
6300.0,63.0,0.847330213021229,0.0053601310496565,0.847330213021229,0.0,11.0
6400.0,64.0,0.8473307607698867,0.0053601310496565,0.8473307607698867,0.0,11.0
6500.0,65.0,0.8473309126079213,0.0053600525658286,0.8473309126079213,0.0,11.0
6600.0,66.0,0.8473650845982632,0.0053600525658286,0.8473650845982632,0.0,11.0
6700.0,67.0,0.8473653143233547,0.0053600525658286,0.8473653143233547,0.0,11.0
6800.0,68.0,0.8473667007162287,0.0053600525658286,0.8473667007162287,0.0,11.0
7000.0,70.0,0.8473872584091008,0.0052804620397329,0.8473872584091008,0.0,11.0
7100.0,71.0,0.8473875842152,0.0052804620397329,0.8473875842152,0.0,11.0
7200.0,72.0,0.8489429553275756,0.0051000230144614,0.8489429553275756,0.0,11.0
7300.0,73.0,0.8489432058189768,0.0051000230144614,0.8489432058189768,0.0,11.0
7400.0,74.0,0.849249137668501,0.0049223677544964,0.849249137668501,0.0,11.0
7600.0,76.0,0.8492484909133435,0.0049223677544964,0.8492484909133435,0.0,11.0
7700.0,77.0,0.8492490645451957,0.0049223677544964,0.8492490645451957,0.0,11.0
7800.0,78.0,0.8492495037851473,0.0049223677544964,0.8492495037851473,0.0,11.0
7900.0,79.0,0.8492497896895096,0.0049223677544964,0.8492497896895096,0.0,11.0
8100.0,81.0,0.8492891129217698,0.004917843435441,0.8492891129217698,0.0,11.0
8200.0,82.0,0.8493344595039585,0.0048059390773512,0.8493344595039585,0.0,11.0
8300.0,83.0,0.8493345783113381,0.0048059390773512,0.8493345783113381,0.0,11.0
8500.0,85.0,0.8493349662967355,0.0048059390773512,0.8493349662967355,0.0,11.0
8600.0,86.0,0.8493354437167069,0.0048059390773512,0.8493354437167069,0.0,11.0
8700.0,87.0,0.8493363316419349,0.0048059390773512,0.8493363316419349,0.0,11.0
8800.0,88.0,0.8493999486195174,0.0047986067891386,0.8493999486195174,0.0,11.0
8900.0,89.0,0.8493999493319653,0.0047986067891386,0.8493999493319653,0.0,11.0
9000.0,90.0,0.8494000156681991,0.0047986067891386,0.8494000156681991,0.0,11.0
9300.0,93.0,0.8493982572796785,0.0047986067891386,0.8493982572796785,0.0,11.0
9500.0,95.0,0.8493976412896217,0.0047986067891386,0.8493976412896217,0.0,11.0
9700.0,97.0,0.849397872893858,0.0047986067891386,0.849397872893858,0.0,11.0
9900.0,99.0,0.8494260066242315,0.0047904110436262,0.8494260066242315,0.0,11.0
10000.0,100.0,0.849850533469645,0.0047407656587575,0.849850533469645,0.0,11.0
10100.0,101.0,0.8498505489895554,0.0047407656587575,0.8498505489895554,0.0,11.0
10200.0,102.0,0.8498505533580445,0.0047407656587575,0.8498505533580445,0.0,11.0
10300.0,103.0,0.8498513733306611,0.0047407656587575,0.8498513733306611,0.0,11.0
10500.0,105.0,0.8498909631450667,0.0047407656587575,0.8498909631450667,0.0,11.0
10800.0,108.0,0.8498907539181182,0.0047407656587575,0.8498907539181182,0.0,11.0
10900.0,109.0,0.8499505843247963,0.004711680656247,0.8499505843247963,0.0,11.0
11000.0,110.0,0.8499507626851768,0.004711680656247,0.8499507626851768,0.0,11.0
11100.0,111.0,0.8499515169560018,0.004711680656247,0.8499515169560018,0.0,11.0
11200.0,112.0,0.8499525116923581,0.004711680656247,0.8499525116923581,0.0,11.0
11500.0,115.0,0.8499517762289072,0.004711680656247,0.8499517762289072,0.0,11.0
11800.0,118.0,0.8499519905653616,0.004711680656247,0.8499519905653616,0.0,11.0
11900.0,119.0,0.8499524109465614,0.004711680656247,0.8499524109465614,0.0,11.0
12000.0,120.0,0.8503670516311321,0.0046595617070823,0.8503670516311321,0.0,11.0
12300.0,123.0,0.8503678694550028,0.0046595617070823,0.8503678694550028,0.0,11.0
12400.0,124.0,0.8503684722346937,0.0046595617070823,0.8503684722346937,0.0,11.0
12500.0,125.0,0.850368487871373,0.0046595617070823,0.850368487871373,0.0,11.0
12700.0,127.0,0.8503675242613112,0.0046595617070823,0.8503675242613112,0.0,11.0
12800.0,128.0,0.8503677120151149,0.0046595617070823,0.8503677120151149,0.0,11.0
12900.0,129.0,0.8503682191933462,0.0046595617070823,0.8503682191933462,0.0,11.0
13000.0,130.0,0.8503688030677671,0.0046595617070823,0.8503688030677671,0.0,11.0
13400.0,134.0,0.8503680999983444,0.0046595617070823,0.8503680999983444,0.0,11.0
13500.0,135.0,0.8503685243319442,0.0046595617070823,0.8503685243319442,0.0,11.0
13600.0,136.0,0.8503687715451272,0.0046595617070823,0.8503687715451272,0.0,11.0
13900.0,139.0,0.8503687205714098,0.0046595617070823,0.8503687205714098,0.0,11.0
14200.0,142.0,0.8505261740220103,0.0046410348630875,0.8505261740220103,0.0,11.0
14400.0,144.0,0.8505456128575565,0.0046410348630875,0.8505456128575565,0.0,11.0
14500.0,145.0,0.8505457604303714,0.0046410348630875,0.8505457604303714,0.0,11.0
14800.0,148.0,0.8505453747242966,0.0046410348630875,0.8505453747242966,0.0,11.0
14900.0,149.0,0.8505458784722755,0.0046410348630875,0.8505458784722755,0.0,11.0
15700.0,157.0,0.8505426469311554,0.0046410348630875,0.8505426469311554,0.0,11.0
15800.0,158.0,0.8505429124783279,0.0046410348630875,0.8505429124783279,0.0,11.0
15900.0,159.0,0.8505437125258469,0.0046410348630875,0.8505437125258469,0.0,11.0
16000.0,160.0,0.8505448360691549,0.0046410348630875,0.8505448360691549,0.0,11.0
16100.0,161.0,0.8505456002286949,0.0046410348630875,0.8505456002286949,0.0,11.0
16200.0,162.0,0.8505457620598477,0.0046410348630875,0.8505457620598477,0.0,11.0
16400.0,164.0,0.8505447508105961,0.0046410348630875,0.8505447508105961,0.0,11.0
16500.0,165.0,0.8505455311017388,0.0046410348630875,0.8505455311017388,0.0,11.0
16600.0,166.0,0.8505459986596628,0.0046410348630875,0.8505459986596628,0.0,11.0
16800.0,168.0,0.8505455970239533,0.0046410348630875,0.8505455970239533,0.0,11.0
17200.0,172.0,0.8505446781824572,0.0046410348630875,0.8505446781824572,0.0,11.0
17300.0,173.0,0.850544796538667,0.0046410348630875,0.850544796538667,0.0,11.0
17800.0,178.0,0.8505427934324317,0.0046410348630875,0.8505427934324317,0.0,11.0
17900.0,179.0,0.8505430829623511,0.0046410348630875,0.8505430829623511,0.0,11.0
18100.0,181.0,0.8505473430454863,0.0046410348630875,0.8505473430454863,0.0,11.0
18200.0,182.0,0.8505475738516657,0.0046410348630875,0.8505475738516657,0.0,11.0
18500.0,185.0,0.8505464688834974,0.0046410348630875,0.8505464688834974,0.0,11.0
18600.0,186.0,0.850548156437104,0.0046410348630875,0.850548156437104,0.0,11.0
18800.0,188.0,0.8505475395153586,0.0046410348630875,0.8505475395153586,0.0,11.0
18900.0,189.0,0.8505520879131844,0.0046410348630875,0.8505520879131844,0.0,11.0
19100.0,191.0,0.8505504037528655,0.0046410348630875,0.8505504037528655,0.0,11.0
19200.0,192.0,0.8505507416980399,0.0046410348630875,0.8505507416980399,0.0,11.0
19300.0,193.0,0.8505558440437597,0.0046405799500015,0.8505558440437597,0.0,11.0
19400.0,194.0,0.8505568027251592,0.0046405799500015,0.8505568027251592,0.0,11.0
19500.0,195.0,0.8505568289487929,0.0046405799500015,0.8505568289487929,0.0,11.0
19900.0,199.0,0.8505542311063963,0.0046405799500015,0.8505542311063963,0.0,11.0
100.0,1.0,0.3544190307245321,0.2097417035022468,0.3544190307245321,0.0,12.0
200.0,2.0,0.3921202238230772,0.2066010903399282,0.3921202238230772,0.0,12.0
300.0,3.0,0.4325439017065707,0.1859263811771109,0.4325439017065707,0.0,12.0
400.0,4.0,0.4416331578867991,0.1510975747808376,0.4416331578867991,0.0,12.0
500.0,5.0,0.4434425874064335,0.1510975747808376,0.4434425874064335,0.0,12.0
600.0,6.0,0.4445120158992045,0.1510975747808376,0.4445120158992045,0.0,12.0
700.0,7.0,0.5227557622521953,0.1164684303583337,0.5227557622521953,0.0,12.0
800.0,8.0,0.5278869397580938,0.1144982703713204,0.5278869397580938,0.0,12.0
900.0,9.0,0.529223359718794,0.0923096253154963,0.529223359718794,0.0,12.0
1000.0,10.0,0.534309197468936,0.0923096253154963,0.534309197468936,0.0,12.0
1100.0,11.0,0.5681535715589021,0.0817213580626937,0.5681535715589021,0.0,12.0
1200.0,12.0,0.5712259420949015,0.076220573723072,0.5712259420949015,0.0,12.0
1300.0,13.0,0.6204187723513929,0.0566786927256368,0.6204187723513929,0.0,12.0
1400.0,14.0,0.6210525640747496,0.0566786927256368,0.6210525640747496,0.0,12.0
1500.0,15.0,0.62297951672892,0.0565677125513941,0.62297951672892,0.0,12.0
1600.0,16.0,0.6230541102024988,0.0545148396801235,0.6230541102024988,0.0,12.0
1700.0,17.0,0.7090347495270374,0.0300829889981329,0.7090347495270374,0.0,12.0
1800.0,18.0,0.7467589223022628,0.0223907151892595,0.7467589223022628,0.0,12.0
1900.0,19.0,0.7467679060171614,0.0223377715946745,0.7467679060171614,0.0,12.0
2000.0,20.0,0.7467869068286012,0.0222551135427204,0.7467869068286012,0.0,12.0
2100.0,21.0,0.7467946873570998,0.0222551135427204,0.7467946873570998,0.0,12.0
2200.0,22.0,0.7467988287390315,0.0222551135427204,0.7467988287390315,0.0,12.0
2300.0,23.0,0.7467995184163083,0.0222551135427204,0.7467995184163083,0.0,12.0
2400.0,24.0,0.7468025591111574,0.0222551135427204,0.7468025591111574,0.0,12.0
2500.0,25.0,0.7468061508565678,0.0222551135427204,0.7468061508565678,0.0,12.0
2600.0,26.0,0.7468137822442911,0.0222551135427204,0.7468137822442911,0.0,12.0
2700.0,27.0,0.7468145282210188,0.0222551135427204,0.7468145282210188,0.0,12.0
2800.0,28.0,0.746818778435661,0.0222551135427204,0.746818778435661,0.0,12.0
2900.0,29.0,0.7468229646482418,0.0222551135427204,0.7468229646482418,0.0,12.0
3000.0,30.0,0.7481735142938342,0.0219464149785713,0.7481735142938342,0.0,12.0
3100.0,31.0,0.7481738417171314,0.0219464149785713,0.7481738417171314,0.0,12.0
3200.0,32.0,0.7481744336281962,0.0219464149785713,0.7481744336281962,0.0,12.0
3300.0,33.0,0.7481755412859195,0.0219464149785713,0.7481755412859195,0.0,12.0
3400.0,34.0,0.7481762712607803,0.0219464149785713,0.7481762712607803,0.0,12.0
3500.0,35.0,0.7481778325305881,0.0219464149785713,0.7481778325305881,0.0,12.0
3700.0,37.0,0.7481787694897657,0.0219464149785713,0.7481787694897657,0.0,12.0
3900.0,39.0,0.748178498365206,0.0219464149785713,0.748178498365206,0.0,12.0
4100.0,41.0,0.7481812763459001,0.0219464149785713,0.7481812763459001,0.0,12.0
4300.0,43.0,0.7481814398072063,0.0219464149785713,0.7481814398072063,0.0,12.0
4400.0,44.0,0.7481818300843719,0.0219464149785713,0.7481818300843719,0.0,12.0
4600.0,46.0,0.7481825743581997,0.0219464149785713,0.7481825743581997,0.0,12.0
4700.0,47.0,0.7481842453600922,0.0219464149785713,0.7481842453600922,0.0,12.0
4900.0,49.0,0.7481847960589045,0.0219464149785713,0.7481847960589045,0.0,12.0
5400.0,54.0,0.7481831300723123,0.0219464149785713,0.7481831300723123,0.0,12.0
5500.0,55.0,0.7481833111962307,0.0219464149785713,0.7481833111962307,0.0,12.0
5800.0,58.0,0.7481823473773677,0.0219464149785713,0.7481823473773677,0.0,12.0
6100.0,61.0,0.7481838297535155,0.0219464149785713,0.7481838297535155,0.0,12.0
6300.0,63.0,0.748183625353686,0.0219464149785713,0.748183625353686,0.0,12.0
6700.0,67.0,0.7481830891967574,0.0219464149785713,0.7481830891967574,0.0,12.0
6800.0,68.0,0.7481842051664527,0.0219464149785713,0.7481842051664527,0.0,12.0
6900.0,69.0,0.7481842094055695,0.0219464149785713,0.7481842094055695,0.0,12.0
7000.0,70.0,0.7481845570709288,0.0219464149785713,0.7481845570709288,0.0,12.0
7300.0,73.0,0.7481831267756963,0.0219464149785713,0.7481831267756963,0.0,12.0
7400.0,74.0,0.7481835077173971,0.0219464149785713,0.7481835077173971,0.0,12.0
7500.0,75.0,0.7481838006058938,0.0219464149785713,0.7481838006058938,0.0,12.0
7900.0,79.0,0.7481819225951212,0.0219464149785713,0.7481819225951212,0.0,12.0
8000.0,80.0,0.7481825619970113,0.0219464149785713,0.7481825619970113,0.0,12.0
8100.0,81.0,0.748182943183024,0.0219464149785713,0.748182943183024,0.0,12.0
8300.0,83.0,0.748183672254014,0.0219464149785713,0.748183672254014,0.0,12.0
8700.0,87.0,0.7481842739347176,0.0219464149785713,0.7481842739347176,0.0,12.0
8900.0,89.0,0.748183411058762,0.0216705438300819,0.748183411058762,0.0,12.0
9000.0,90.0,0.7481835097258919,0.0216705438300819,0.7481835097258919,0.0,12.0
9100.0,91.0,0.7481837134299996,0.0216705438300819,0.7481837134299996,0.0,12.0
9200.0,92.0,0.7481841677675336,0.0216705438300819,0.7481841677675336,0.0,12.0
9300.0,93.0,0.7481845223432485,0.0216705438300819,0.7481845223432485,0.0,12.0
9600.0,96.0,0.748183893648677,0.0216705438300819,0.748183893648677,0.0,12.0
9800.0,98.0,0.7481837726992951,0.0216705438300819,0.7481837726992951,0.0,12.0
10000.0,100.0,0.748184166477402,0.0216705438300819,0.748184166477402,0.0,12.0
10100.0,101.0,0.7507749447334652,0.0213673816114136,0.7507749447334652,0.0,12.0
10400.0,104.0,0.7572424330590855,0.0206935653342055,0.7572424330590855,0.0,12.0
10500.0,105.0,0.7572428384523153,0.0206935653342055,0.7572428384523153,0.0,12.0
10600.0,106.0,0.7616800969191071,0.0201823802683596,0.7616800969191071,0.0,12.0
10700.0,107.0,0.76261381424379,0.0199979441734795,0.76261381424379,0.0,12.0
11000.0,110.0,0.7626130822552623,0.0199979441734795,0.7626130822552623,0.0,12.0
11100.0,111.0,0.7626137360729388,0.0199979441734795,0.7626137360729388,0.0,12.0
11200.0,112.0,0.7626144973385365,0.0199979441734795,0.7626144973385365,0.0,12.0
11400.0,114.0,0.7626205340762633,0.0199979441734795,0.7626205340762633,0.0,12.0
11600.0,116.0,0.7632644824093933,0.0199230049396474,0.7632644824093933,0.0,12.0
12100.0,121.0,0.7632626271418381,0.0199230049396474,0.7632626271418381,0.0,12.0
12200.0,122.0,0.7632628431487954,0.0199230049396474,0.7632628431487954,0.0,12.0
12300.0,123.0,0.763263530652922,0.0199230049396474,0.763263530652922,0.0,12.0
12400.0,124.0,0.7632639979491862,0.0199230049396474,0.7632639979491862,0.0,12.0
12800.0,128.0,0.7632647447062904,0.0199230049396474,0.7632647447062904,0.0,12.0
13100.0,131.0,0.7632645370628519,0.0199230049396474,0.7632645370628519,0.0,12.0
13300.0,133.0,0.7632650685631804,0.0199230049396474,0.7632650685631804,0.0,12.0
13500.0,135.0,0.763264574918127,0.0199230049396474,0.763264574918127,0.0,12.0
13600.0,136.0,0.7638359216294809,0.0198631483475123,0.7638359216294809,0.0,12.0
13700.0,137.0,0.7638365953207416,0.0198631483475123,0.7638365953207416,0.0,12.0
13900.0,139.0,0.7638366149964629,0.0198631483475123,0.7638366149964629,0.0,12.0
14000.0,140.0,0.7645120313381744,0.0197472964685047,0.7645120313381744,0.0,12.0
14200.0,142.0,0.7645144619247971,0.0197469934716547,0.7645144619247971,0.0,12.0
14400.0,144.0,0.7645147202875894,0.0197469934716547,0.7645147202875894,0.0,12.0
14700.0,147.0,0.7645130879005766,0.0197469934716547,0.7645130879005766,0.0,12.0
14800.0,148.0,0.7645134701698726,0.0197469934716547,0.7645134701698726,0.0,12.0
15000.0,150.0,0.7645127535375342,0.0197469934716547,0.7645127535375342,0.0,12.0
15100.0,151.0,0.7645133257782991,0.0197469934716547,0.7645133257782991,0.0,12.0
15400.0,154.0,0.7645129416322307,0.0197469934716547,0.7645129416322307,0.0,12.0
15500.0,155.0,0.7647609684328217,0.0197046836324155,0.7647609684328217,0.0,12.0
15700.0,157.0,0.7647612812750405,0.0197046836324155,0.7647612812750405,0.0,12.0
15800.0,158.0,0.7647615501829682,0.0197046836324155,0.7647615501829682,0.0,12.0
16000.0,160.0,0.7647636603454,0.0197046836324155,0.7647636603454,0.0,12.0
16100.0,161.0,0.7647639646223694,0.0197046836324155,0.7647639646223694,0.0,12.0
16200.0,162.0,0.7647642584249577,0.0197046836324155,0.7647642584249577,0.0,12.0
16500.0,165.0,0.764762678086937,0.0197046836324155,0.764762678086937,0.0,12.0
16600.0,166.0,0.7647629952283505,0.0197046836324155,0.7647629952283505,0.0,12.0
16700.0,167.0,0.764760968237114,0.0196893034518703,0.764760968237114,0.0,12.0
16800.0,168.0,0.7647611014412361,0.0196893034518703,0.7647611014412361,0.0,12.0
16900.0,169.0,0.7647616181343796,0.0196893034518703,0.7647616181343796,0.0,12.0
17100.0,171.0,0.764761032063505,0.0196893034518703,0.764761032063505,0.0,12.0
17200.0,172.0,0.7647612691254602,0.0196893034518703,0.7647612691254602,0.0,12.0
17300.0,173.0,0.7647616445394811,0.0196893034518703,0.7647616445394811,0.0,12.0
17400.0,174.0,0.7647622796454728,0.0196893034518703,0.7647622796454728,0.0,12.0
17500.0,175.0,0.7647623751318371,0.0196893034518703,0.7647623751318371,0.0,12.0
17600.0,176.0,0.7647677967540385,0.0196893034518703,0.7647677967540385,0.0,12.0
17800.0,178.0,0.764769637543482,0.0196893034518703,0.764769637543482,0.0,12.0
17900.0,179.0,0.764770279642086,0.0196893034518703,0.764770279642086,0.0,12.0
18100.0,181.0,0.7647710124272287,0.0196893034518703,0.7647710124272287,0.0,12.0
18500.0,185.0,0.7647772759243726,0.0196893034518703,0.7647772759243726,0.0,12.0
18600.0,186.0,0.7647788272369035,0.0196893034518703,0.7647788272369035,0.0,12.0
18700.0,187.0,0.7647792465372459,0.0199196848980735,0.7647792465372459,0.0,12.0
18800.0,188.0,0.7647794604394308,0.0199196848980735,0.7647794604394308,0.0,12.0
19100.0,191.0,0.7647778391706554,0.0199196848980735,0.7647778391706554,0.0,12.0
19200.0,192.0,0.7647780246629466,0.0199196848980735,0.7647780246629466,0.0,12.0
19300.0,193.0,0.7647780936536573,0.0199196848980735,0.7647780936536573,0.0,12.0
19400.0,194.0,0.7647788907554806,0.0197054132955005,0.7647788907554806,0.0,12.0
19500.0,195.0,0.7650781191656757,0.0196706494883493,0.7650781191656757,0.0,12.0
19600.0,196.0,0.7650790486008012,0.0196706494883493,0.7650790486008012,0.0,12.0
19700.0,197.0,0.7650798139290006,0.0196706494883493,0.7650798139290006,0.0,12.0
19800.0,198.0,0.7650805351178488,0.0196706494883493,0.7650805351178488,0.0,12.0
19900.0,199.0,0.7650806619445053,0.0196706494883493,0.7650806619445053,0.0,12.0
100.0,1.0,0.4651554336953873,0.1243193291753343,0.4651554336953873,0.0,13.0
200.0,2.0,0.4693700468009621,0.1243193291753343,0.4693700468009621,0.0,13.0
300.0,3.0,0.7030675118775997,0.0501549191859874,0.7030675118775997,0.0,13.0
400.0,4.0,0.7042040801043771,0.0501549191859874,0.7042040801043771,0.0,13.0
500.0,5.0,0.7151493617010649,0.0420361378906308,0.7151493617010649,0.0,13.0
600.0,6.0,0.7535319850657396,0.0345422594762748,0.7535319850657396,0.0,13.0
700.0,7.0,0.7536215130554826,0.0345422594762748,0.7536215130554826,0.0,13.0
800.0,8.0,0.7728302211953463,0.0325881409919984,0.7728302211953463,0.0,13.0
900.0,9.0,0.7814668677015386,0.0264538361554566,0.7814668677015386,0.0,13.0
1000.0,10.0,0.7837409587241274,0.0249798812473327,0.7837409587241274,0.0,13.0
1100.0,11.0,0.7846449332316393,0.0243594907285475,0.7846449332316393,0.0,13.0
1200.0,12.0,0.7846895065424165,0.0243594907285475,0.7846895065424165,0.0,13.0
1300.0,13.0,0.7846966622033115,0.0243594907285475,0.7846966622033115,0.0,13.0
1400.0,14.0,0.7847031129567249,0.0243594907285475,0.7847031129567249,0.0,13.0
1500.0,15.0,0.7847081705019523,0.0243594907285475,0.7847081705019523,0.0,13.0
1600.0,16.0,0.7847199591010262,0.0243594907285475,0.7847199591010262,0.0,13.0
1700.0,17.0,0.7847297681620031,0.0243594907285475,0.7847297681620031,0.0,13.0
1800.0,18.0,0.7874954408126332,0.0240410119615037,0.7874954408126332,0.0,13.0
1900.0,19.0,0.8020081529374407,0.0240410119615037,0.8020081529374407,0.0,13.0
2000.0,20.0,0.8020104777997507,0.0240410119615037,0.8020104777997507,0.0,13.0
2100.0,21.0,0.8020120381238924,0.0240410119615037,0.8020120381238924,0.0,13.0
2200.0,22.0,0.802012454441819,0.0240410119615037,0.802012454441819,0.0,13.0
2300.0,23.0,0.8023437191141858,0.0240410119615037,0.8023437191141858,0.0,13.0
2400.0,24.0,0.8023502224758099,0.0235982118870727,0.8023502224758099,0.0,13.0
2500.0,25.0,0.8023508540441465,0.0235982118870727,0.8023508540441465,0.0,13.0
2600.0,26.0,0.8023570042811972,0.0233945746926831,0.8023570042811972,0.0,13.0
2700.0,27.0,0.8023721976756895,0.0215962596952595,0.8023721976756895,0.0,13.0
2800.0,28.0,0.8023733261123479,0.0215962596952595,0.8023733261123479,0.0,13.0
2900.0,29.0,0.8023735931432238,0.0215962596952595,0.8023735931432238,0.0,13.0
3000.0,30.0,0.8023762099540438,0.0215962596952595,0.8023762099540438,0.0,13.0
3400.0,34.0,0.8023761138232353,0.0215962596952595,0.8023761138232353,0.0,13.0
3500.0,35.0,0.8023771756420659,0.0215962596952595,0.8023771756420659,0.0,13.0
3600.0,36.0,0.8023798903684513,0.0215962596952595,0.8023798903684513,0.0,13.0
3800.0,38.0,0.8023799670607351,0.0215962596952595,0.8023799670607351,0.0,13.0
3900.0,39.0,0.8023811248707419,0.0214977511677173,0.8023811248707419,0.0,13.0
4000.0,40.0,0.8023821300179064,0.0214977511677173,0.8023821300179064,0.0,13.0
4100.0,41.0,0.8023822198783883,0.0214977511677173,0.8023822198783883,0.0,13.0
4200.0,42.0,0.8023826673805927,0.0214977511677173,0.8023826673805927,0.0,13.0
4300.0,43.0,0.8027446699015439,0.0214977511677173,0.8027446699015439,0.0,13.0
4400.0,44.0,0.802744879214469,0.0214977511677173,0.802744879214469,0.0,13.0
4500.0,45.0,0.8027442320261081,0.0214911672194009,0.8027442320261081,0.0,13.0
4600.0,46.0,0.802744804461855,0.0214911672194009,0.802744804461855,0.0,13.0
4700.0,47.0,0.8048215912930201,0.0212713445558913,0.8048215912930201,0.0,13.0
4800.0,48.0,0.8048225445642737,0.0212713445558913,0.8048225445642737,0.0,13.0
4900.0,49.0,0.8048231957639376,0.0212713445558913,0.8048231957639376,0.0,13.0
5000.0,50.0,0.8048234499263116,0.0212713445558913,0.8048234499263116,0.0,13.0
5300.0,53.0,0.804822436140339,0.0212713445558913,0.804822436140339,0.0,13.0
5400.0,54.0,0.8048227705406404,0.0212713445558913,0.8048227705406404,0.0,13.0
5500.0,55.0,0.8048228299531305,0.0212713224609654,0.8048228299531305,0.0,13.0
5700.0,57.0,0.8048229266629892,0.0212713224609654,0.8048229266629892,0.0,13.0
5800.0,58.0,0.8048353721738127,0.0212713224609654,0.8048353721738127,0.0,13.0
5900.0,59.0,0.8048359052858732,0.0212713224609654,0.8048359052858732,0.0,13.0
6000.0,60.0,0.8048447072909349,0.0212713224609654,0.8048447072909349,0.0,13.0
6100.0,61.0,0.8050174184757487,0.021201550081153,0.8050174184757487,0.0,13.0
6200.0,62.0,0.8050182947222797,0.021201550081153,0.8050182947222797,0.0,13.0
6300.0,63.0,0.8050199789208231,0.021201550081153,0.8050199789208231,0.0,13.0
6700.0,67.0,0.8050448170995715,0.021201550081153,0.8050448170995715,0.0,13.0
7000.0,70.0,0.8050455294367994,0.021201550081153,0.8050455294367994,0.0,13.0
7200.0,72.0,0.8068467945530907,0.0210225688708168,0.8068467945530907,0.0,13.0
7700.0,77.0,0.8068465430585878,0.0210225688708168,0.8068465430585878,0.0,13.0
7900.0,79.0,0.8068462965522308,0.0210225688708168,0.8068462965522308,0.0,13.0
8000.0,80.0,0.8068467792084284,0.0210225688708168,0.8068467792084284,0.0,13.0
8400.0,84.0,0.8081997320617953,0.0199820725212793,0.8081997320617953,0.0,13.0
8500.0,85.0,0.8081999569977686,0.0199820725212793,0.8081999569977686,0.0,13.0
8600.0,86.0,0.8088113752335354,0.0195535969808035,0.8088113752335354,0.0,13.0
8700.0,87.0,0.8088114018693674,0.019503774152154,0.8088114018693674,0.0,13.0
8800.0,88.0,0.8088121558269087,0.019503774152154,0.8088121558269087,0.0,13.0
9000.0,90.0,0.8088578645818214,0.019503774152154,0.8088578645818214,0.0,13.0
9100.0,91.0,0.80885883838739,0.019503774152154,0.80885883838739,0.0,13.0
9300.0,93.0,0.8088589595851372,0.0194987130687303,0.8088589595851372,0.0,13.0
9400.0,94.0,0.8088639003701081,0.0194987130687303,0.8088639003701081,0.0,13.0
9500.0,95.0,0.8088678447377872,0.0194987130687303,0.8088678447377872,0.0,13.0
9600.0,96.0,0.8089723739545521,0.0194832714361484,0.8089723739545521,0.0,13.0
9700.0,97.0,0.808973031887266,0.0194832714361484,0.808973031887266,0.0,13.0
9800.0,98.0,0.8089731915822922,0.0194832714361484,0.8089731915822922,0.0,13.0
10000.0,100.0,0.8089777454478391,0.0194825712619983,0.8089777454478391,0.0,13.0
10200.0,102.0,0.8089771991354305,0.0194825712619983,0.8089771991354305,0.0,13.0
10400.0,104.0,0.8090205533885714,0.0194825712619983,0.8090205533885714,0.0,13.0
10800.0,108.0,0.8090191750296886,0.0194825712619983,0.8090191750296886,0.0,13.0
10900.0,109.0,0.8090794808426821,0.0194123336725981,0.8090794808426821,0.0,13.0
11000.0,110.0,0.8090797555648682,0.0194123336725981,0.8090797555648682,0.0,13.0
11100.0,111.0,0.809108004712634,0.0193929994721445,0.809108004712634,0.0,13.0
11400.0,114.0,0.8091079285551371,0.0193929994721445,0.8091079285551371,0.0,13.0
11500.0,115.0,0.8091080484262414,0.0193929994721445,0.8091080484262414,0.0,13.0
11600.0,116.0,0.8091082239977948,0.0193929994721445,0.8091082239977948,0.0,13.0
11800.0,118.0,0.8091074389286428,0.0193929994721445,0.8091074389286428,0.0,13.0
12400.0,124.0,0.8091069476413936,0.0193929994721445,0.8091069476413936,0.0,13.0
12600.0,126.0,0.8091070222338675,0.0193929994721445,0.8091070222338675,0.0,13.0
12800.0,128.0,0.8091187097704321,0.0193929994721445,0.8091187097704321,0.0,13.0
12900.0,129.0,0.8091201344851549,0.019372344692806,0.8091201344851549,0.0,13.0
13000.0,130.0,0.8091204476517088,0.019372344692806,0.8091204476517088,0.0,13.0
13100.0,131.0,0.8091207613519311,0.019372344692806,0.8091207613519311,0.0,13.0
13300.0,133.0,0.8091206663914425,0.019372344692806,0.8091206663914425,0.0,13.0
13500.0,135.0,0.8091210940181978,0.019372344692806,0.8091210940181978,0.0,13.0
13800.0,138.0,0.8091205043468332,0.019372344692806,0.8091205043468332,0.0,13.0
14000.0,140.0,0.8091250595050431,0.0193380856406735,0.8091250595050431,0.0,13.0
14100.0,141.0,0.809132401569042,0.0193380856406735,0.809132401569042,0.0,13.0
14300.0,143.0,0.8091381778426935,0.0193380856406735,0.8091381778426935,0.0,13.0
14400.0,144.0,0.809233281385923,0.0193380856406735,0.809233281385923,0.0,13.0
14500.0,145.0,0.8092348899453626,0.0193380856406735,0.8092348899453626,0.0,13.0
14600.0,146.0,0.8092352447043528,0.0193380856406735,0.8092352447043528,0.0,13.0
14700.0,147.0,0.8092388262736792,0.0193308658532365,0.8092388262736792,0.0,13.0
14800.0,148.0,0.8092405670628069,0.0193308658532365,0.8092405670628069,0.0,13.0
15000.0,150.0,0.809256189698415,0.0193308658532365,0.809256189698415,0.0,13.0
15200.0,152.0,0.8092705761052993,0.0193308658532365,0.8092705761052993,0.0,13.0
15300.0,153.0,0.8096264056228916,0.0193227607577942,0.8096264056228916,0.0,13.0
15700.0,157.0,0.8096252671300527,0.0193227607577942,0.8096252671300527,0.0,13.0
15800.0,158.0,0.8096253366953907,0.0193227607577942,0.8096253366953907,0.0,13.0
16100.0,161.0,0.8096257829216181,0.0191922527790305,0.8096257829216181,0.0,13.0
16200.0,162.0,0.8096258414734001,0.0191922527790305,0.8096258414734001,0.0,13.0
16300.0,163.0,0.809625846900932,0.0191922527790305,0.809625846900932,0.0,13.0
16400.0,164.0,0.8096260760879168,0.0191922527790305,0.8096260760879168,0.0,13.0
16600.0,166.0,0.8096272720659948,0.0191922527790305,0.8096272720659948,0.0,13.0
16800.0,168.0,0.8096578905478423,0.0191922527790305,0.8096578905478423,0.0,13.0
16900.0,169.0,0.8096584224092533,0.0191922527790305,0.8096584224092533,0.0,13.0
17100.0,171.0,0.8096579060129913,0.0191922527790305,0.8096579060129913,0.0,13.0
17300.0,173.0,0.809660614887466,0.0191922527790305,0.809660614887466,0.0,13.0
17600.0,176.0,0.8096601289416839,0.0191922527790305,0.8096601289416839,0.0,13.0
17700.0,177.0,0.8096669765821266,0.0191922527790305,0.8096669765821266,0.0,13.0
17800.0,178.0,0.8184811267203276,0.0191922527790305,0.8184811267203276,0.0,13.0
17900.0,179.0,0.8184877866707624,0.0191922527790305,0.8184877866707624,0.0,13.0
18100.0,181.0,0.81849706696209,0.0191816247765256,0.81849706696209,0.0,13.0
18200.0,182.0,0.8186474984729178,0.0191730972467183,0.8186474984729178,0.0,13.0
18500.0,185.0,0.8186480235870084,0.0191730972467183,0.8186480235870084,0.0,13.0
18600.0,186.0,0.8218946023781033,0.0191730972467183,0.8218946023781033,0.0,13.0
18700.0,187.0,0.8218950124840643,0.0191730972467183,0.8218950124840643,0.0,13.0
18800.0,188.0,0.8223816968993708,0.0191730972467183,0.8223816968993708,0.0,13.0
19000.0,190.0,0.8223894391574119,0.0191730972467183,0.8223894391574119,0.0,13.0
19300.0,193.0,0.8223887820582526,0.0191730972467183,0.8223887820582526,0.0,13.0
19400.0,194.0,0.8223895979370549,0.0191730972467183,0.8223895979370549,0.0,13.0
19500.0,195.0,0.8223910376102423,0.0191730972467183,0.8223910376102423,0.0,13.0
19700.0,197.0,0.8223889250635773,0.0191730972467183,0.8223889250635773,0.0,13.0
19900.0,199.0,0.8223894658016262,0.0191730972467183,0.8223894658016262,0.0,13.0
20000.0,200.0,0.827385176364714,0.0191730972467183,0.827385176364714,0.0,13.0
100.0,1.0,0.4981028746061269,0.167108757544724,0.4981028746061269,0.0,14.0
200.0,2.0,0.5000412376969163,0.1358451797399825,0.5000412376969163,0.0,14.0
300.0,3.0,0.5091280428864673,0.1341871299263111,0.5091280428864673,0.0,14.0
400.0,4.0,0.6587052202982561,0.081176813127775,0.6587052202982561,0.0,14.0
500.0,5.0,0.6655033694394357,0.0699270325002268,0.6655033694394357,0.0,14.0
600.0,6.0,0.6708299118545306,0.068871519842179,0.6708299118545306,0.0,14.0
700.0,7.0,0.6797372961333342,0.0662442692522989,0.6797372961333342,0.0,14.0
800.0,8.0,0.7713953345557325,0.0217300578181996,0.7713953345557325,0.0,14.0
900.0,9.0,0.7716226909262516,0.0217300578181996,0.7716226909262516,0.0,14.0
1000.0,10.0,0.771758129941492,0.0217219982368838,0.771758129941492,0.0,14.0
1100.0,11.0,0.771802679435803,0.0216684536577188,0.771802679435803,0.0,14.0
1200.0,12.0,0.7718063137114634,0.0216684536577188,0.7718063137114634,0.0,14.0
1300.0,13.0,0.7718149501249469,0.0215007829986607,0.7718149501249469,0.0,14.0
1400.0,14.0,0.7718541825014084,0.0215007829986607,0.7718541825014084,0.0,14.0
1500.0,15.0,0.7721767110382387,0.0213614261664506,0.7721767110382387,0.0,14.0
1600.0,16.0,0.7724732514501848,0.0211509399482834,0.7724732514501848,0.0,14.0
1700.0,17.0,0.7724865962779544,0.0211509399482834,0.7724865962779544,0.0,14.0
1800.0,18.0,0.7724943862100032,0.0208293503383494,0.7724943862100032,0.0,14.0
1900.0,19.0,0.7725449212707448,0.0208293503383494,0.7725449212707448,0.0,14.0
2000.0,20.0,0.7725467323176126,0.0208293503383494,0.7725467323176126,0.0,14.0
2100.0,21.0,0.7725816292254,0.0208293503383494,0.7725816292254,0.0,14.0
2200.0,22.0,0.7725830222767984,0.0208293503383494,0.7725830222767984,0.0,14.0
2300.0,23.0,0.7725833635338147,0.0208293503383494,0.7725833635338147,0.0,14.0
2400.0,24.0,0.7725844944323801,0.0208293503383494,0.7725844944323801,0.0,14.0
2500.0,25.0,0.7725860890257022,0.0208293503383494,0.7725860890257022,0.0,14.0
2600.0,26.0,0.7726188548723159,0.0208293503383494,0.7726188548723159,0.0,14.0
2700.0,27.0,0.7726378828824474,0.0208223404048584,0.7726378828824474,0.0,14.0
2900.0,29.0,0.7726389217308414,0.0208223404048584,0.7726389217308414,0.0,14.0
3000.0,30.0,0.772684593619112,0.0208223404048584,0.772684593619112,0.0,14.0
3100.0,31.0,0.7731767402899578,0.0206923932466571,0.7731767402899578,0.0,14.0
3200.0,32.0,0.7731811736400074,0.0206087394753365,0.7731811736400074,0.0,14.0
3300.0,33.0,0.7732096764599984,0.0206087394753365,0.7732096764599984,0.0,14.0
3400.0,34.0,0.7732220208767949,0.0206087394753365,0.7732220208767949,0.0,14.0
3500.0,35.0,0.7732229165237504,0.0206087394753365,0.7732229165237504,0.0,14.0
3600.0,36.0,0.773390504718757,0.0206087394753365,0.773390504718757,0.0,14.0
3700.0,37.0,0.7902029866290321,0.0148893742761379,0.7902029866290321,0.0,14.0
3800.0,38.0,0.790206143369649,0.0148893742761379,0.790206143369649,0.0,14.0
3900.0,39.0,0.7902558707891005,0.0148538763125114,0.7902558707891005,0.0,14.0
4000.0,40.0,0.7993168999770741,0.0124911369502695,0.7993168999770741,0.0,14.0
4100.0,41.0,0.7993174398387207,0.0124911369502695,0.7993174398387207,0.0,14.0
4200.0,42.0,0.7993180091174109,0.0124911369502695,0.7993180091174109,0.0,14.0
4300.0,43.0,0.7993184368743482,0.0124911369502695,0.7993184368743482,0.0,14.0
4400.0,44.0,0.7993211315515817,0.012211500344007,0.7993211315515817,0.0,14.0
4600.0,46.0,0.7993409068039475,0.0121934109026665,0.7993409068039475,0.0,14.0
4700.0,47.0,0.7993411045253219,0.0121934109026665,0.7993411045253219,0.0,14.0
4800.0,48.0,0.79936801485524,0.0120513518229271,0.79936801485524,0.0,14.0
5200.0,52.0,0.7993672478035095,0.0120037537425699,0.7993672478035095,0.0,14.0
5400.0,54.0,0.7993675082380814,0.0120037537425699,0.7993675082380814,0.0,14.0
5500.0,55.0,0.799368122587013,0.0120037537425699,0.799368122587013,0.0,14.0
5600.0,56.0,0.7993696525316224,0.0119978856213237,0.7993696525316224,0.0,14.0
6000.0,60.0,0.7993728692667473,0.011840623404747,0.7993728692667473,0.0,14.0
6100.0,61.0,0.7993739360261424,0.011840623404747,0.7993739360261424,0.0,14.0
6200.0,62.0,0.7993743756175985,0.011840623404747,0.7993743756175985,0.0,14.0
6300.0,63.0,0.7993744660181543,0.0118384193606194,0.7993744660181543,0.0,14.0
6500.0,65.0,0.7993736399228788,0.0118384193606194,0.7993736399228788,0.0,14.0
6700.0,67.0,0.7993739000619747,0.0118384193606194,0.7993739000619747,0.0,14.0
7000.0,70.0,0.7993730573969972,0.0118384193606194,0.7993730573969972,0.0,14.0
7400.0,74.0,0.7993726631953224,0.0118384193606194,0.7993726631953224,0.0,14.0
7600.0,76.0,0.79937157314609,0.0118384193606194,0.79937157314609,0.0,14.0
7700.0,77.0,0.7993717328012426,0.0118384193606194,0.7993717328012426,0.0,14.0
7800.0,78.0,0.799373853121864,0.0118384193606194,0.799373853121864,0.0,14.0
8100.0,81.0,0.7993739475974656,0.011746504211247,0.7993739475974656,0.0,14.0
8200.0,82.0,0.79937522267251,0.011746504211247,0.79937522267251,0.0,14.0
8400.0,84.0,0.799375343791116,0.011746504211247,0.799375343791116,0.0,14.0
8500.0,85.0,0.7993756851393328,0.011746504211247,0.7993756851393328,0.0,14.0
8600.0,86.0,0.7994305592913316,0.011746504211247,0.7994305592913316,0.0,14.0
8800.0,88.0,0.7994306395840924,0.011746504211247,0.7994306395840924,0.0,14.0
9100.0,91.0,0.7994465286854193,0.011746504211247,0.7994465286854193,0.0,14.0
9200.0,92.0,0.7994466179800044,0.011746504211247,0.7994466179800044,0.0,14.0
9500.0,95.0,0.7994509273256549,0.011746504211247,0.7994509273256549,0.0,14.0
9600.0,96.0,0.7994510164842245,0.011746504211247,0.7994510164842245,0.0,14.0
9700.0,97.0,0.7994522845701928,0.0117371250195332,0.7994522845701928,0.0,14.0
9800.0,98.0,0.7994534353931241,0.0117371250195332,0.7994534353931241,0.0,14.0
9900.0,99.0,0.7994542162606031,0.0117371250195332,0.7994542162606031,0.0,14.0
10200.0,102.0,0.7994536380861397,0.0117371250195332,0.7994536380861397,0.0,14.0
10400.0,104.0,0.7994549943680607,0.0117371250195332,0.7994549943680607,0.0,14.0
10500.0,105.0,0.7994996845573551,0.0117371250195332,0.7994996845573551,0.0,14.0
10700.0,107.0,0.7994996147971642,0.0117371250195332,0.7994996147971642,0.0,14.0
10800.0,108.0,0.7994997310837301,0.0117371250195332,0.7994997310837301,0.0,14.0
10900.0,109.0,0.7995013737924251,0.0117371250195332,0.7995013737924251,0.0,14.0
11100.0,111.0,0.7995010630641877,0.0117512321126686,0.7995010630641877,0.0,14.0
11400.0,114.0,0.7994979758056541,0.0117512321126686,0.7994979758056541,0.0,14.0
11700.0,117.0,0.7994982548241855,0.0117512321126686,0.7994982548241855,0.0,14.0
11800.0,118.0,0.7994985775250102,0.0117512321126686,0.7994985775250102,0.0,14.0
11900.0,119.0,0.7995033580128699,0.0117354956170859,0.7995033580128699,0.0,14.0
12000.0,120.0,0.7995068674492003,0.0117354956170859,0.7995068674492003,0.0,14.0
12200.0,122.0,0.7995087330465892,0.0117512321126686,0.7995087330465892,0.0,14.0
12400.0,124.0,0.7995103156343213,0.0117512321126686,0.7995103156343213,0.0,14.0
12500.0,125.0,0.799510872440638,0.0117512321126686,0.799510872440638,0.0,14.0
12800.0,128.0,0.799510033492196,0.0117512321126686,0.799510033492196,0.0,14.0
13000.0,130.0,0.7995097762033934,0.01175014392259,0.7995097762033934,0.0,14.0
13100.0,131.0,0.7995118154784603,0.01175014392259,0.7995118154784603,0.0,14.0
13200.0,132.0,0.7995115889271884,0.0117418255650588,0.7995115889271884,0.0,14.0
13400.0,134.0,0.8017234496877097,0.0112805485751447,0.8017234496877097,0.0,14.0
13500.0,135.0,0.8017237811103778,0.0112805485751447,0.8017237811103778,0.0,14.0
13700.0,137.0,0.8017228385835181,0.0112805485751447,0.8017228385835181,0.0,14.0
13800.0,138.0,0.8017231383820779,0.0112805485751447,0.8017231383820779,0.0,14.0
13900.0,139.0,0.8017250284599354,0.0112805485751447,0.8017250284599354,0.0,14.0
14000.0,140.0,0.8017257241364228,0.0112805485751447,0.8017257241364228,0.0,14.0
14200.0,142.0,0.8017267040098107,0.0112805485751447,0.8017267040098107,0.0,14.0
14300.0,143.0,0.8017283160051974,0.0112805485751447,0.8017283160051974,0.0,14.0
14500.0,145.0,0.8017283592123498,0.0112805485751447,0.8017283592123498,0.0,14.0
14700.0,147.0,0.8017280746917564,0.0112805485751447,0.8017280746917564,0.0,14.0
14900.0,149.0,0.8017285581898508,0.0112805485751447,0.8017285581898508,0.0,14.0
15000.0,150.0,0.8017286026045419,0.0112805485751447,0.8017286026045419,0.0,14.0
15200.0,152.0,0.8017290871451375,0.0112805485751447,0.8017290871451375,0.0,14.0
15300.0,153.0,0.8017294922432942,0.0112805485751447,0.8017294922432942,0.0,14.0
15500.0,155.0,0.8017291964267261,0.0112805485751447,0.8017291964267261,0.0,14.0
15600.0,156.0,0.8017298213010158,0.0112805485751447,0.8017298213010158,0.0,14.0
15800.0,158.0,0.8017293996438353,0.0112805485751447,0.8017293996438353,0.0,14.0
16100.0,161.0,0.8017279769935389,0.0112805485751447,0.8017279769935389,0.0,14.0
16200.0,162.0,0.8017292751889373,0.0112805485751447,0.8017292751889373,0.0,14.0
16400.0,164.0,0.8017271378081154,0.0112805485751447,0.8017271378081154,0.0,14.0
16500.0,165.0,0.8017272631770836,0.0112805485751447,0.8017272631770836,0.0,14.0
16600.0,166.0,0.8017279451300335,0.0112805485751447,0.8017279451300335,0.0,14.0
16700.0,167.0,0.8017279578788531,0.0112805485751447,0.8017279578788531,0.0,14.0
16800.0,168.0,0.8017283293271669,0.0112805485751447,0.8017283293271669,0.0,14.0
17000.0,170.0,0.8017288175594912,0.0112805485751447,0.8017288175594912,0.0,14.0
17100.0,171.0,0.8017297990527084,0.0112805485751447,0.8017297990527084,0.0,14.0
17200.0,172.0,0.8017298942453163,0.0112805485751447,0.8017298942453163,0.0,14.0
17300.0,173.0,0.801730009180455,0.0112805485751447,0.801730009180455,0.0,14.0
17400.0,174.0,0.8017308330388675,0.0112805485751447,0.8017308330388675,0.0,14.0
17700.0,177.0,0.8017301892735094,0.0112805485751447,0.8017301892735094,0.0,14.0
17800.0,178.0,0.8017302324239799,0.0112805485751447,0.8017302324239799,0.0,14.0
18000.0,180.0,0.8017298310141359,0.0112805485751447,0.8017298310141359,0.0,14.0
18100.0,181.0,0.8017308619514416,0.0112805485751447,0.8017308619514416,0.0,14.0
18200.0,182.0,0.8017312903086597,0.0112805485751447,0.8017312903086597,0.0,14.0
18400.0,184.0,0.8017308676224261,0.0112805485751447,0.8017308676224261,0.0,14.0
18500.0,185.0,0.801731354592489,0.0112805485751447,0.801731354592489,0.0,14.0
18800.0,188.0,0.8017317237564752,0.0112805485751447,0.8017317237564752,0.0,14.0
19100.0,191.0,0.8017312136898141,0.0112805485751447,0.8017312136898141,0.0,14.0
19200.0,192.0,0.8017315808905328,0.0112805485751447,0.8017315808905328,0.0,14.0
19500.0,195.0,0.8017304899338529,0.0112767687638237,0.8017304899338529,0.0,14.0
19600.0,196.0,0.8017309160037084,0.0112767687638237,0.8017309160037084,0.0,14.0
19700.0,197.0,0.8017316042105028,0.0112767687638237,0.8017316042105028,0.0,14.0
100.0,1.0,0.2642437880598956,0.2169274424368844,0.2642437880598956,0.0,15.0
200.0,2.0,0.2740734951412155,0.2094179224705434,0.2740734951412155,0.0,15.0
300.0,3.0,0.2978494120440886,0.2091388496970843,0.2978494120440886,0.0,15.0
400.0,4.0,0.3044571735930458,0.2086966886161192,0.3044571735930458,0.0,15.0
500.0,5.0,0.3074821225196257,0.2086966886161192,0.3074821225196257,0.0,15.0
600.0,6.0,0.3108007768492745,0.2077306026662799,0.3108007768492745,0.0,15.0
700.0,7.0,0.3189201667826526,0.2046680442781577,0.3189201667826526,0.0,15.0
800.0,8.0,0.3217698623761118,0.2046637849445338,0.3217698623761118,0.0,15.0
900.0,9.0,0.3237617471591525,0.2010934150787701,0.3237617471591525,0.0,15.0
1000.0,10.0,0.3254646540458864,0.2000388436535886,0.3254646540458864,0.0,15.0
1100.0,11.0,0.3465577215851745,0.1938134102327835,0.3465577215851745,0.0,15.0
1200.0,12.0,0.3492976236455998,0.1929883096119956,0.3492976236455998,0.0,15.0
1300.0,13.0,0.3521178009257234,0.1929883096119956,0.3521178009257234,0.0,15.0
1400.0,14.0,0.458720312891035,0.1082104567639873,0.458720312891035,0.0,15.0
1500.0,15.0,0.4644915137895383,0.1074185368159154,0.4644915137895383,0.0,15.0
1600.0,16.0,0.4658459555635919,0.1074185368159154,0.4658459555635919,0.0,15.0
1700.0,17.0,0.5019421558057072,0.1074182923614327,0.5019421558057072,0.0,15.0
1800.0,18.0,0.5019665214965493,0.1074182923614327,0.5019665214965493,0.0,15.0
1900.0,19.0,0.5020618972648621,0.106055283401397,0.5020618972648621,0.0,15.0
2000.0,20.0,0.6250035625025518,0.0535587755442469,0.6250035625025518,0.0,15.0
2100.0,21.0,0.6250689185830237,0.0534269437451386,0.6250689185830237,0.0,15.0
2200.0,22.0,0.6250829729822963,0.0534269437451386,0.6250829729822963,0.0,15.0
2300.0,23.0,0.6253898406639617,0.0534269437451386,0.6253898406639617,0.0,15.0
2400.0,24.0,0.7274976882906801,0.0334076185572861,0.7274976882906801,0.0,15.0
2500.0,25.0,0.7275741757529589,0.033385918661295,0.7275741757529589,0.0,15.0
2600.0,26.0,0.7276719574050189,0.033385918661295,0.7276719574050189,0.0,15.0
2700.0,27.0,0.7453732964383952,0.0277510694150257,0.7453732964383952,0.0,15.0
2800.0,28.0,0.7453833435696117,0.0277510694150257,0.7453833435696117,0.0,15.0
2900.0,29.0,0.7453985994470439,0.0277483077933244,0.7453985994470439,0.0,15.0
3000.0,30.0,0.7454227340059535,0.0277483077933244,0.7454227340059535,0.0,15.0
3100.0,31.0,0.7454235803766215,0.0277483077933244,0.7454235803766215,0.0,15.0
3200.0,32.0,0.7454386469136368,0.0277483077933244,0.7454386469136368,0.0,15.0
3300.0,33.0,0.745526686603966,0.0277348588446834,0.745526686603966,0.0,15.0
3400.0,34.0,0.745546968099946,0.0277348588446834,0.745546968099946,0.0,15.0
3500.0,35.0,0.7479259044391072,0.0270782362819985,0.7479259044391072,0.0,15.0
3600.0,36.0,0.7479328583544672,0.0270782362819985,0.7479328583544672,0.0,15.0
3700.0,37.0,0.7662576620836459,0.0204942431983733,0.7662576620836459,0.0,15.0
3800.0,38.0,0.8108129786321417,0.0071050760918877,0.8108129786321417,0.0,15.0
3900.0,39.0,0.8108208163237847,0.0071050760918877,0.8108208163237847,0.0,15.0
4000.0,40.0,0.8108433607974541,0.0071050760918877,0.8108433607974541,0.0,15.0
4100.0,41.0,0.8137185889984786,0.00637761913466,0.8137185889984786,0.0,15.0
4200.0,42.0,0.81371894426319,0.00637761913466,0.81371894426319,0.0,15.0
4300.0,43.0,0.8152365595872695,0.0059940273507595,0.8152365595872695,0.0,15.0
4400.0,44.0,0.8152432825903547,0.0059940273507595,0.8152432825903547,0.0,15.0
4500.0,45.0,0.8152667481322877,0.0059940273507595,0.8152667481322877,0.0,15.0
4600.0,46.0,0.8153056008556213,0.0059940273507595,0.8153056008556213,0.0,15.0
4700.0,47.0,0.8153071776659321,0.0059940273507595,0.8153071776659321,0.0,15.0
4800.0,48.0,0.8153709401696061,0.0059940273507595,0.8153709401696061,0.0,15.0
5000.0,50.0,0.8153712016873822,0.0059940273507595,0.8153712016873822,0.0,15.0
5100.0,51.0,0.815400058988832,0.0059940273507595,0.815400058988832,0.0,15.0
5200.0,52.0,0.8154039657709488,0.0059940273507595,0.8154039657709488,0.0,15.0
5300.0,53.0,0.8154226047730656,0.0059940273507595,0.8154226047730656,0.0,15.0
5400.0,54.0,0.8154276010144662,0.0059940273507595,0.8154276010144662,0.0,15.0
5700.0,57.0,0.8154224763835753,0.0059749398377868,0.8154224763835753,0.0,15.0
5800.0,58.0,0.8154264647656361,0.0059749398377868,0.8154264647656361,0.0,15.0
6000.0,60.0,0.8154307031759632,0.0059749398377868,0.8154307031759632,0.0,15.0
6100.0,61.0,0.8154334521272142,0.0059726576648648,0.8154334521272142,0.0,15.0
6300.0,63.0,0.8154624281423075,0.0059726576648648,0.8154624281423075,0.0,15.0
6400.0,64.0,0.81546528213487,0.0059726576648648,0.81546528213487,0.0,15.0
6500.0,65.0,0.8422029657719213,0.0040628265933974,0.8422029657719213,0.0,15.0
6600.0,66.0,0.8422123480990832,0.0040628265933974,0.8422123480990832,0.0,15.0
6700.0,67.0,0.8422189370842822,0.0040628265933974,0.8422189370842822,0.0,15.0
6800.0,68.0,0.8422216264734109,0.0040628265933974,0.8422216264734109,0.0,15.0
6900.0,69.0,0.8422415468341639,0.0040101597603675,0.8422415468341639,0.0,15.0
7000.0,70.0,0.8447478056088632,0.0037367939403187,0.8447478056088632,0.0,15.0
7100.0,71.0,0.8447664044328119,0.0037367939403187,0.8447664044328119,0.0,15.0
7200.0,72.0,0.8447725810841434,0.0037367939403187,0.8447725810841434,0.0,15.0
7300.0,73.0,0.8534724541255989,0.003386902878294,0.8534724541255989,0.0,15.0
7500.0,75.0,0.853586175062062,0.0028602316424842,0.853586175062062,0.0,15.0
7700.0,77.0,0.8535851204273686,0.0028602316424842,0.8535851204273686,0.0,15.0
8000.0,80.0,0.8537455930325154,0.0028341396558192,0.8537455930325154,0.0,15.0
8100.0,81.0,0.8537489142132697,0.0028341396558192,0.8537489142132697,0.0,15.0
8200.0,82.0,0.854089441191502,0.0022893188091139,0.854089441191502,0.0,15.0
8300.0,83.0,0.8540900123842168,0.0022893188091139,0.8540900123842168,0.0,15.0
8400.0,84.0,0.8540924985676518,0.0022893188091139,0.8540924985676518,0.0,15.0
8600.0,86.0,0.8541886956092911,0.0022893188091139,0.8541886956092911,0.0,15.0
8700.0,87.0,0.8542978223965795,0.0020547361690302,0.8542978223965795,0.0,15.0
8800.0,88.0,0.8543298660966888,0.0020126566377754,0.8543298660966888,0.0,15.0
8900.0,89.0,0.8560458332575317,0.0020126566377754,0.8560458332575317,0.0,15.0
9000.0,90.0,0.8560519891492575,0.0020126566377754,0.8560519891492575,0.0,15.0
9200.0,92.0,0.8561450430628075,0.0015726112822007,0.8561450430628075,0.0,15.0
9300.0,93.0,0.8561457676820315,0.0015726112822007,0.8561457676820315,0.0,15.0
9500.0,95.0,0.8582214743920074,0.0014045654320587,0.8582214743920074,0.0,15.0
9700.0,97.0,0.8582232466516557,0.0014045654320587,0.8582232466516557,0.0,15.0
9800.0,98.0,0.858227973870346,0.0013983079192869,0.858227973870346,0.0,15.0
9900.0,99.0,0.8582863797047183,0.0013983079192869,0.8582863797047183,0.0,15.0
10000.0,100.0,0.8583363857566949,0.0013983079192869,0.8583363857566949,0.0,15.0
10100.0,101.0,0.8584040413400507,0.0012482251353764,0.8584040413400507,0.0,15.0
10300.0,103.0,0.8584316114517141,0.0012482251353764,0.8584316114517141,0.0,15.0
10400.0,104.0,0.8584353263692633,0.0012381286068297,0.8584353263692633,0.0,15.0
10500.0,105.0,0.8584367050585837,0.0012381286068297,0.8584367050585837,0.0,15.0
10800.0,108.0,0.8584451109195425,0.0012381286068297,0.8584451109195425,0.0,15.0
10900.0,109.0,0.8584594810360733,0.0012289071802303,0.8584594810360733,0.0,15.0
11000.0,110.0,0.858465043132564,0.0012289071802303,0.858465043132564,0.0,15.0
11100.0,111.0,0.8584654604946653,0.0012289071802303,0.8584654604946653,0.0,15.0
11200.0,112.0,0.8584718281965101,0.0012289071802303,0.8584718281965101,0.0,15.0
11300.0,113.0,0.8584845353988154,0.0012289071802303,0.8584845353988154,0.0,15.0
11700.0,117.0,0.8584763389279264,0.0012289071802303,0.8584763389279264,0.0,15.0
11900.0,119.0,0.8584620572725952,0.0012289071802303,0.8584620572725952,0.0,15.0
12000.0,120.0,0.858466756809121,0.0012289071802303,0.858466756809121,0.0,15.0
12100.0,121.0,0.8585106199469688,0.0012289071802303,0.8585106199469688,0.0,15.0
12300.0,123.0,0.8585132520917872,0.0012289071802303,0.8585132520917872,0.0,15.0
12400.0,124.0,0.8585197468105868,0.0012289071802303,0.8585197468105868,0.0,15.0
12800.0,128.0,0.8585023799010015,0.0012289071802303,0.8585023799010015,0.0,15.0
12900.0,129.0,0.8599994749823093,0.0010946966706595,0.8599994749823093,0.0,15.0
13000.0,130.0,0.8600030999465089,0.0010946966706595,0.8600030999465089,0.0,15.0
13400.0,134.0,0.8599995349934706,0.0010946966706595,0.8599995349934706,0.0,15.0
13500.0,135.0,0.8600048926828009,0.0010943215588435,0.8600048926828009,0.0,15.0
13700.0,137.0,0.8600054607005322,0.0010943215588435,0.8600054607005322,0.0,15.0
13800.0,138.0,0.860009471345328,0.0010943215588435,0.860009471345328,0.0,15.0
14000.0,140.0,0.8600327044258007,0.0010859971720339,0.8600327044258007,0.0,15.0
14100.0,141.0,0.8600648071619535,0.0010859971720339,0.8600648071619535,0.0,15.0
14200.0,142.0,0.8600816986963193,0.0010859971720339,0.8600816986963193,0.0,15.0
14400.0,144.0,0.8600868251658164,0.0010859971720339,0.8600868251658164,0.0,15.0
14500.0,145.0,0.8600916836560989,0.0010859971720339,0.8600916836560989,0.0,15.0
14600.0,146.0,0.8601198648339199,0.0010408483752327,0.8601198648339199,0.0,15.0
14700.0,147.0,0.8601221314680721,0.0010408483752327,0.8601221314680721,0.0,15.0
15100.0,151.0,0.8601069658151699,0.0010408483752327,0.8601069658151699,0.0,15.0
15200.0,152.0,0.860107389173758,0.0010408483752327,0.860107389173758,0.0,15.0
15300.0,153.0,0.8601126419136915,0.0010408483752327,0.8601126419136915,0.0,15.0
15400.0,154.0,0.8601238073596417,0.0010408483752327,0.8601238073596417,0.0,15.0
15500.0,155.0,0.8601247444813543,0.0010408483752327,0.8601247444813543,0.0,15.0
15600.0,156.0,0.860124854272248,0.0010408483752327,0.860124854272248,0.0,15.0
15700.0,157.0,0.8601269488417421,0.0010408483752327,0.8601269488417421,0.0,15.0
15800.0,158.0,0.8601285742778113,0.0010408483752327,0.8601285742778113,0.0,15.0
16100.0,161.0,0.8601251465080632,0.0010408483752327,0.8601251465080632,0.0,15.0
16300.0,163.0,0.8601203672493657,0.0010408483752327,0.8601203672493657,0.0,15.0
16500.0,165.0,0.8601331266974493,0.0010347362188282,0.8601331266974493,0.0,15.0
16600.0,166.0,0.8601349752033296,0.0010347362188282,0.8601349752033296,0.0,15.0
16800.0,168.0,0.8601349231735788,0.0010347362188282,0.8601349231735788,0.0,15.0
17000.0,170.0,0.8601385979239273,0.0010340296071158,0.8601385979239273,0.0,15.0
17200.0,172.0,0.8601409733111661,0.0010340296071158,0.8601409733111661,0.0,15.0
17300.0,173.0,0.8601466305180527,0.0009799149820602,0.8601466305180527,0.0,15.0
17400.0,174.0,0.8601535496340152,0.0009799149820602,0.8601535496340152,0.0,15.0
17700.0,177.0,0.8601368745745149,0.0009799149820602,0.8601368745745149,0.0,15.0
17800.0,178.0,0.8601397085319281,0.0009799149820602,0.8601397085319281,0.0,15.0
17900.0,179.0,0.8601492744882892,0.0009799149820602,0.8601492744882892,0.0,15.0
18000.0,180.0,0.8601501435386609,0.0009799149820602,0.8601501435386609,0.0,15.0
18200.0,182.0,0.860151141495536,0.0009799149820602,0.860151141495536,0.0,15.0
18300.0,183.0,0.8601521810822602,0.0009799149820602,0.8601521810822602,0.0,15.0
18400.0,184.0,0.8601555824341875,0.0009799149820602,0.8601555824341875,0.0,15.0
18500.0,185.0,0.8601644535869478,0.0009799149820602,0.8601644535869478,0.0,15.0
18600.0,186.0,0.8601768074037295,0.0009576824826514,0.8601768074037295,0.0,15.0
18700.0,187.0,0.8601797745037354,0.0009576824826514,0.8601797745037354,0.0,15.0
18900.0,189.0,0.8601775106563356,0.0009576824826514,0.8601775106563356,0.0,15.0
19100.0,191.0,0.8603058866601552,0.0007860118718223,0.8603058866601552,0.0,15.0
19200.0,192.0,0.8603106023422099,0.0007741471892083,0.8603106023422099,0.0,15.0
19300.0,193.0,0.8603587880613512,0.0007741471892083,0.8603587880613512,0.0,15.0
19500.0,195.0,0.8603561459362307,0.0007741471892083,0.8603561459362307,0.0,15.0
19600.0,196.0,0.8603581427930669,0.0007741471892083,0.8603581427930669,0.0,15.0
19800.0,198.0,0.8603609067341185,0.0007741471892083,0.8603609067341185,0.0,15.0
