eval,gen,hv,igd+,icmop,cv,run
100.0,1.0,0.2113782832327345,0.3110654742386625,0.2113782832327345,0.0,1.0
200.0,2.0,0.2166044958905106,0.3050917758209439,0.2166044958905106,0.0,1.0
300.0,3.0,0.2375030790580976,0.2560402255145428,0.2375030790580976,0.0,1.0
400.0,4.0,0.2543835724538312,0.2546137205591866,0.2543835724538312,0.0,1.0
500.0,5.0,0.284462172806085,0.2121091137850695,0.284462172806085,0.0,1.0
600.0,6.0,0.2890063325932873,0.2118589717551749,0.2890063325932873,0.0,1.0
700.0,7.0,0.3176199415034055,0.2110791639935122,0.3176199415034055,0.0,1.0
800.0,8.0,0.3334305059679959,0.2072212962687516,0.3334305059679959,0.0,1.0
900.0,9.0,0.3412723460462754,0.2065374089779733,0.3412723460462754,0.0,1.0
1000.0,10.0,0.3423704215969529,0.2026554348322322,0.3423704215969529,0.0,1.0
1100.0,11.0,0.3438066338186266,0.1983448411339155,0.3438066338186266,0.0,1.0
1200.0,12.0,0.3473125915037535,0.1963003765790416,0.3473125915037535,0.0,1.0
1300.0,13.0,0.348356450700629,0.1961999500246754,0.348356450700629,0.0,1.0
1400.0,14.0,0.3518763124727017,0.1961999500246754,0.3518763124727017,0.0,1.0
1500.0,15.0,0.3552687572042189,0.1955626673921877,0.3552687572042189,0.0,1.0
1600.0,16.0,0.3567846767017461,0.1955626673921877,0.3567846767017461,0.0,1.0
1700.0,17.0,0.3572011232258387,0.1955626673921877,0.3572011232258387,0.0,1.0
1800.0,18.0,0.3575904267760917,0.1954627547173153,0.3575904267760917,0.0,1.0
1900.0,19.0,0.3580698107668193,0.1954627547173153,0.3580698107668193,0.0,1.0
2000.0,20.0,0.3583595974097006,0.1954627547173153,0.3583595974097006,0.0,1.0
2100.0,21.0,0.361613582284938,0.1954133785111917,0.361613582284938,0.0,1.0
2200.0,22.0,0.3625707463812664,0.1954133785111917,0.3625707463812664,0.0,1.0
2300.0,23.0,0.3637831137177212,0.1951853212132717,0.3637831137177212,0.0,1.0
2400.0,24.0,0.3640109806401979,0.1945443846633234,0.3640109806401979,0.0,1.0
2500.0,25.0,0.3641444129869944,0.1945443846633234,0.3641444129869944,0.0,1.0
2600.0,26.0,0.3646846642296319,0.1938389301475402,0.3646846642296319,0.0,1.0
2700.0,27.0,0.3656271401484656,0.1938389301475402,0.3656271401484656,0.0,1.0
2800.0,28.0,0.366235369708459,0.1937702749637193,0.366235369708459,0.0,1.0
2900.0,29.0,0.3662825389457648,0.1937702749637193,0.3662825389457648,0.0,1.0
3000.0,30.0,0.3673104722780592,0.193780780595053,0.3673104722780592,0.0,1.0
3100.0,31.0,0.3684852354815011,0.1931998905919598,0.3684852354815011,0.0,1.0
3200.0,32.0,0.3687985392889053,0.1905977119403537,0.3687985392889053,0.0,1.0
3300.0,33.0,0.3691382577433861,0.1903359255450079,0.3691382577433861,0.0,1.0
3400.0,34.0,0.3691937561736191,0.1903359255450079,0.3691937561736191,0.0,1.0
3500.0,35.0,0.725752318942796,0.0363292670680675,0.725752318942796,0.0,1.0
3600.0,36.0,0.7918972579961725,0.0134989499600915,0.7918972579961725,0.0,1.0
3700.0,37.0,0.803983443027724,0.0091525672590174,0.803983443027724,0.0,1.0
3800.0,38.0,0.8040135221584123,0.0091517826845545,0.8040135221584123,0.0,1.0
3900.0,39.0,0.80570507847655,0.0087097794399142,0.80570507847655,0.0,1.0
4000.0,40.0,0.8087558683298784,0.0086000308558746,0.8087558683298784,0.0,1.0
4100.0,41.0,0.8089379410773715,0.0086000308558746,0.8089379410773715,0.0,1.0
4200.0,42.0,0.818840884414906,0.0059610638532815,0.818840884414906,0.0,1.0
4300.0,43.0,0.8191022530160625,0.0059610638532815,0.8191022530160625,0.0,1.0
4400.0,44.0,0.8191145202626463,0.0055337395550957,0.8191145202626463,0.0,1.0
4500.0,45.0,0.8191181654528399,0.0055337395550957,0.8191181654528399,0.0,1.0
4600.0,46.0,0.8192309973086535,0.0055337395550957,0.8192309973086535,0.0,1.0
4700.0,47.0,0.8192870912654105,0.0055337395550957,0.8192870912654105,0.0,1.0
4800.0,48.0,0.8192891395480681,0.0055337395550957,0.8192891395480681,0.0,1.0
4900.0,49.0,0.8192956108274269,0.0055084382183882,0.8192956108274269,0.0,1.0
5000.0,50.0,0.8193094236170085,0.0055084382183882,0.8193094236170085,0.0,1.0
5100.0,51.0,0.8193100091397152,0.0055084382183882,0.8193100091397152,0.0,1.0
5200.0,52.0,0.8193823423018811,0.0055084382183882,0.8193823423018811,0.0,1.0
5300.0,53.0,0.8193832014904423,0.0055084382183882,0.8193832014904423,0.0,1.0
5400.0,54.0,0.8198172317226016,0.0050656283589429,0.8198172317226016,0.0,1.0
5500.0,55.0,0.8198567811008681,0.0049708173435877,0.8198567811008681,0.0,1.0
5600.0,56.0,0.819858128536444,0.0049708173435877,0.819858128536444,0.0,1.0
5700.0,57.0,0.8198597992272825,0.0049708173435877,0.8198597992272825,0.0,1.0
5800.0,58.0,0.8198624851752101,0.0049708173435877,0.8198624851752101,0.0,1.0
5900.0,59.0,0.8198626298895771,0.0049708173435877,0.8198626298895771,0.0,1.0
6000.0,60.0,0.8198632032104545,0.0049708173435877,0.8198632032104545,0.0,1.0
6100.0,61.0,0.8198692879010453,0.0049708173435877,0.8198692879010453,0.0,1.0
6200.0,62.0,0.8199244882972935,0.0049708173435877,0.8199244882972935,0.0,1.0
6500.0,65.0,0.8199254837105807,0.0049708173435877,0.8199254837105807,0.0,1.0
6600.0,66.0,0.8199514285036532,0.0049708173435877,0.8199514285036532,0.0,1.0
6700.0,67.0,0.82013429862594,0.0049708173435877,0.82013429862594,0.0,1.0
6800.0,68.0,0.8201586020382624,0.0049708173435877,0.8201586020382624,0.0,1.0
6900.0,69.0,0.8201587929282923,0.0049708173435877,0.8201587929282923,0.0,1.0
7000.0,70.0,0.8201862991369295,0.0049708173435877,0.8201862991369295,0.0,1.0
7200.0,72.0,0.8201866348373562,0.0049708173435877,0.8201866348373562,0.0,1.0
7300.0,73.0,0.8202050570476921,0.0049708173435877,0.8202050570476921,0.0,1.0
7500.0,75.0,0.8202306247175677,0.0049708173435877,0.8202306247175677,0.0,1.0
7600.0,76.0,0.8227171959994233,0.0043199651876177,0.8227171959994233,0.0,1.0
7700.0,77.0,0.8227209085037239,0.0043199651876177,0.8227209085037239,0.0,1.0
7800.0,78.0,0.8227228615338591,0.0043199651876177,0.8227228615338591,0.0,1.0
8000.0,80.0,0.8227235951201018,0.0043199651876177,0.8227235951201018,0.0,1.0
8100.0,81.0,0.8227277581066793,0.0043199651876177,0.8227277581066793,0.0,1.0
8200.0,82.0,0.8227407836895845,0.0043199651876177,0.8227407836895845,0.0,1.0
8300.0,83.0,0.8228189299915439,0.0043199651876177,0.8228189299915439,0.0,1.0
8400.0,84.0,0.8228194688809028,0.0043188115721661,0.8228194688809028,0.0,1.0
8500.0,85.0,0.8228319074353442,0.0043188115721661,0.8228319074353442,0.0,1.0
8600.0,86.0,0.8228403115101586,0.0043188115721661,0.8228403115101586,0.0,1.0
8700.0,87.0,0.8228405868994559,0.0043188115721661,0.8228405868994559,0.0,1.0
8800.0,88.0,0.8228417916605324,0.0043188115721661,0.8228417916605324,0.0,1.0
8900.0,89.0,0.8228487042362276,0.0043188115721661,0.8228487042362276,0.0,1.0
9000.0,90.0,0.8228489566518742,0.0043188115721661,0.8228489566518742,0.0,1.0
9100.0,91.0,0.8228707401014066,0.0041048418657999,0.8228707401014066,0.0,1.0
9200.0,92.0,0.8228556766872446,0.0040974103184771,0.8228556766872446,0.0,1.0
9300.0,93.0,0.8228731894005549,0.0040974103184771,0.8228731894005549,0.0,1.0
9400.0,94.0,0.8228792080325954,0.0040974103184771,0.8228792080325954,0.0,1.0
9500.0,95.0,0.8228811087556609,0.0040974103184771,0.8228811087556609,0.0,1.0
9600.0,96.0,0.8228816940746421,0.0040974103184771,0.8228816940746421,0.0,1.0
9700.0,97.0,0.8228882624191386,0.0040974103184771,0.8228882624191386,0.0,1.0
9900.0,99.0,0.8228899144420685,0.0040974103184771,0.8228899144420685,0.0,1.0
10000.0,100.0,0.8229058381704879,0.0040974103184771,0.8229058381704879,0.0,1.0
10100.0,101.0,0.8229122722326571,0.0040974103184771,0.8229122722326571,0.0,1.0
10200.0,102.0,0.8229128953783013,0.0040974103184771,0.8229128953783013,0.0,1.0
10300.0,103.0,0.8229164638958798,0.0040974103184771,0.8229164638958798,0.0,1.0
10400.0,104.0,0.8230084756351919,0.0040974103184771,0.8230084756351919,0.0,1.0
10600.0,106.0,0.8229994766883019,0.0041158884102322,0.8229994766883019,0.0,1.0
10800.0,108.0,0.8230325023061623,0.0041158884102322,0.8230325023061623,0.0,1.0
10900.0,109.0,0.8230325575728598,0.0041158884102322,0.8230325575728598,0.0,1.0
11000.0,110.0,0.8230347492327668,0.0041158884102322,0.8230347492327668,0.0,1.0
11100.0,111.0,0.82303500712107,0.0041158884102322,0.82303500712107,0.0,1.0
11200.0,112.0,0.8230352675181649,0.0041158884102322,0.8230352675181649,0.0,1.0
11400.0,114.0,0.8230371580130142,0.0041158884102322,0.8230371580130142,0.0,1.0
11500.0,115.0,0.8230377958106551,0.0041158884102322,0.8230377958106551,0.0,1.0
11600.0,116.0,0.8230377958118031,0.0041158884102322,0.8230377958118031,0.0,1.0
11800.0,118.0,0.8247018750782741,0.0036649335095174,0.8247018750782741,0.0,1.0
12100.0,121.0,0.8247106841370498,0.0036649335095174,0.8247106841370498,0.0,1.0
12300.0,123.0,0.824710666913028,0.0036649335095174,0.824710666913028,0.0,1.0
12400.0,124.0,0.8247110628510397,0.0036649335095174,0.8247110628510397,0.0,1.0
12500.0,125.0,0.8247168876721354,0.0036649335095174,0.8247168876721354,0.0,1.0
12600.0,126.0,0.8247862655016888,0.0036649335095174,0.8247862655016888,0.0,1.0
12700.0,127.0,0.8247885287936816,0.0036397272246437,0.8247885287936816,0.0,1.0
12900.0,129.0,0.8247885487928702,0.0036397272246437,0.8247885487928702,0.0,1.0
13000.0,130.0,0.8247900609178483,0.0036397272246437,0.8247900609178483,0.0,1.0
13100.0,131.0,0.8247914653938143,0.0036397272246437,0.8247914653938143,0.0,1.0
13200.0,132.0,0.8247944317448814,0.0036397272246437,0.8247944317448814,0.0,1.0
13300.0,133.0,0.8247950591307511,0.0036397272246437,0.8247950591307511,0.0,1.0
13700.0,137.0,0.8247927884844956,0.0036397272246437,0.8247927884844956,0.0,1.0
13800.0,138.0,0.8247968632001325,0.0036397272246437,0.8247968632001325,0.0,1.0
13900.0,139.0,0.824799138086614,0.0036397272246437,0.824799138086614,0.0,1.0
14000.0,140.0,0.8248314172995322,0.0036397272246437,0.8248314172995322,0.0,1.0
14100.0,141.0,0.8248314919360611,0.0036397272246437,0.8248314919360611,0.0,1.0
14200.0,142.0,0.8248321253449568,0.0036397272246437,0.8248321253449568,0.0,1.0
14300.0,143.0,0.8248330106050081,0.0036397272246437,0.8248330106050081,0.0,1.0
14500.0,145.0,0.8248322607462816,0.0036397272246437,0.8248322607462816,0.0,1.0
14600.0,146.0,0.8248334438749223,0.0036397272246437,0.8248334438749223,0.0,1.0
14700.0,147.0,0.8248381113853162,0.0036397272246437,0.8248381113853162,0.0,1.0
14800.0,148.0,0.8248389940756694,0.0036397272246437,0.8248389940756694,0.0,1.0
14900.0,149.0,0.824838997435099,0.0036397272246437,0.824838997435099,0.0,1.0
15100.0,151.0,0.8248396387569953,0.0036397272246437,0.8248396387569953,0.0,1.0
15200.0,152.0,0.8248424100952838,0.0036397272246437,0.8248424100952838,0.0,1.0
15500.0,155.0,0.824839344982352,0.0036397272246437,0.824839344982352,0.0,1.0
15700.0,157.0,0.8248473479289415,0.0036397272246437,0.8248473479289415,0.0,1.0
15900.0,159.0,0.824849052331078,0.0036397272246437,0.824849052331078,0.0,1.0
16400.0,164.0,0.8248484879210017,0.0036397272246437,0.8248484879210017,0.0,1.0
16500.0,165.0,0.8248495973874226,0.0036397272246437,0.8248495973874226,0.0,1.0
16600.0,166.0,0.824851527794564,0.0036397272246437,0.824851527794564,0.0,1.0
16700.0,167.0,0.8248538426482083,0.0036397272246437,0.8248538426482083,0.0,1.0
16800.0,168.0,0.8248543430091403,0.0036397272246437,0.8248543430091403,0.0,1.0
17000.0,170.0,0.8248551796062314,0.0036397272246437,0.8248551796062314,0.0,1.0
17200.0,172.0,0.8248535500636078,0.0036397272246437,0.8248535500636078,0.0,1.0
17300.0,173.0,0.8248555967133611,0.0036397272246437,0.8248555967133611,0.0,1.0
17400.0,174.0,0.8248567249194828,0.0036397272246437,0.8248567249194828,0.0,1.0
18100.0,181.0,0.8248512132713658,0.0036397272246437,0.8248512132713658,0.0,1.0
18300.0,183.0,0.8248573459749284,0.0035933883591738,0.8248573459749284,0.0,1.0
18400.0,184.0,0.8248575223158771,0.0035933883591738,0.8248575223158771,0.0,1.0
18600.0,186.0,0.8248593847593091,0.0035933883591738,0.8248593847593091,0.0,1.0
18700.0,187.0,0.824872847076845,0.0035933883591738,0.824872847076845,0.0,1.0
18800.0,188.0,0.8248760914861905,0.0035933883591738,0.8248760914861905,0.0,1.0
19000.0,190.0,0.8248743898931802,0.0035933883591738,0.8248743898931802,0.0,1.0
19100.0,191.0,0.8248767582169196,0.0035933883591738,0.8248767582169196,0.0,1.0
19300.0,193.0,0.8248768117068197,0.0035933883591738,0.8248768117068197,0.0,1.0
19400.0,194.0,0.8248798690567392,0.0035933883591738,0.8248798690567392,0.0,1.0
19500.0,195.0,0.8248811120067006,0.0035933883591738,0.8248811120067006,0.0,1.0
19600.0,196.0,0.8248814466020522,0.0035933883591738,0.8248814466020522,0.0,1.0
19800.0,198.0,0.8248849574043232,0.0035933883591738,0.8248849574043232,0.0,1.0
20000.0,200.0,0.8248853954913392,0.0035933883591738,0.8248853954913392,0.0,1.0
100.0,1.0,0.2435779152679885,0.2482289994564256,0.2435779152679885,0.0,2.0
200.0,2.0,0.6022799174120513,0.116190789651365,0.6022799174120513,0.0,2.0
300.0,3.0,0.6033637813689277,0.0997661010531217,0.6033637813689277,0.0,2.0
400.0,4.0,0.6035822355036031,0.0907077936879646,0.6035822355036031,0.0,2.0
500.0,5.0,0.6079935153802796,0.0905421759912904,0.6079935153802796,0.0,2.0
600.0,6.0,0.6595646127333419,0.0742879187646629,0.6595646127333419,0.0,2.0
700.0,7.0,0.6814358547127745,0.0499882824357702,0.6814358547127745,0.0,2.0
800.0,8.0,0.6831457440929365,0.0499882824357702,0.6831457440929365,0.0,2.0
900.0,9.0,0.7047265751488686,0.0436353093796375,0.7047265751488686,0.0,2.0
1000.0,10.0,0.7047725058628247,0.0436353093796375,0.7047725058628247,0.0,2.0
1100.0,11.0,0.7137999270006712,0.0373395046704601,0.7137999270006712,0.0,2.0
1200.0,12.0,0.7345954969903075,0.0293583416945763,0.7345954969903075,0.0,2.0
1300.0,13.0,0.7976676514896731,0.0105134413934826,0.7976676514896731,0.0,2.0
1400.0,14.0,0.7981439945895713,0.0105134413934826,0.7981439945895713,0.0,2.0
1500.0,15.0,0.7981880517500719,0.010239978029279,0.7981880517500719,0.0,2.0
1600.0,16.0,0.7981951829787638,0.010239978029279,0.7981951829787638,0.0,2.0
1700.0,17.0,0.7982042045634885,0.010239978029279,0.7982042045634885,0.0,2.0
1800.0,18.0,0.7996862005461137,0.010239978029279,0.7996862005461137,0.0,2.0
1900.0,19.0,0.7997769510542211,0.0102364649509378,0.7997769510542211,0.0,2.0
2000.0,20.0,0.80042644610135,0.0095760837361751,0.80042644610135,0.0,2.0
2100.0,21.0,0.8004335401538802,0.009595552265786,0.8004335401538802,0.0,2.0
2200.0,22.0,0.8004343715769829,0.009595552265786,0.8004343715769829,0.0,2.0
2300.0,23.0,0.8004356997106671,0.009595552265786,0.8004356997106671,0.0,2.0
2400.0,24.0,0.8081803812249924,0.006939856856342,0.8081803812249924,0.0,2.0
2500.0,25.0,0.8083699656974117,0.006939856856342,0.8083699656974117,0.0,2.0
2600.0,26.0,0.8083830537965813,0.006939856856342,0.8083830537965813,0.0,2.0
2700.0,27.0,0.814824207601748,0.0053947125613999,0.814824207601748,0.0,2.0
2800.0,28.0,0.8149771581548017,0.0053947125613999,0.8149771581548017,0.0,2.0
2900.0,29.0,0.8149792117219411,0.0053947125613999,0.8149792117219411,0.0,2.0
3000.0,30.0,0.8150613936273106,0.0053947125613999,0.8150613936273106,0.0,2.0
3100.0,31.0,0.8151227292138076,0.0053947125613999,0.8151227292138076,0.0,2.0
3200.0,32.0,0.8159184527327096,0.0053850995283063,0.8159184527327096,0.0,2.0
3300.0,33.0,0.815928395806561,0.0053728903448062,0.815928395806561,0.0,2.0
3400.0,34.0,0.8159476528484808,0.0053728903448062,0.8159476528484808,0.0,2.0
3500.0,35.0,0.8160739120314765,0.0053728903448062,0.8160739120314765,0.0,2.0
3600.0,36.0,0.8160821864657896,0.0053728903448062,0.8160821864657896,0.0,2.0
3700.0,37.0,0.8160853377699817,0.0053728903448062,0.8160853377699817,0.0,2.0
3800.0,38.0,0.8161210748733475,0.0053728903448062,0.8161210748733475,0.0,2.0
4000.0,40.0,0.8161774070721124,0.0053728903448062,0.8161774070721124,0.0,2.0
4100.0,41.0,0.8161776153907602,0.0053728903448062,0.8161776153907602,0.0,2.0
4200.0,42.0,0.8161838076488283,0.0053728903448062,0.8161838076488283,0.0,2.0
4300.0,43.0,0.8161961240500362,0.0053728903448062,0.8161961240500362,0.0,2.0
4400.0,44.0,0.8161965684785115,0.0053728903448062,0.8161965684785115,0.0,2.0
4500.0,45.0,0.8162650874640842,0.005284456600973,0.8162650874640842,0.0,2.0
4700.0,47.0,0.8162710896604148,0.005284456600973,0.8162710896604148,0.0,2.0
4800.0,48.0,0.8162747435894315,0.005284456600973,0.8162747435894315,0.0,2.0
4900.0,49.0,0.8162769540185041,0.005284456600973,0.8162769540185041,0.0,2.0
5000.0,50.0,0.8162771638853581,0.005284456600973,0.8162771638853581,0.0,2.0
5100.0,51.0,0.8162819484081864,0.005284456600973,0.8162819484081864,0.0,2.0
5200.0,52.0,0.8162869805256665,0.0052823794895886,0.8162869805256665,0.0,2.0
5300.0,53.0,0.8163150117814683,0.0052823794895886,0.8163150117814683,0.0,2.0
5400.0,54.0,0.8163233093089604,0.0052697134544531,0.8163233093089604,0.0,2.0
5500.0,55.0,0.8163860548381027,0.0052604283106736,0.8163860548381027,0.0,2.0
5600.0,56.0,0.8175080556667744,0.0052601139137669,0.8175080556667744,0.0,2.0
5700.0,57.0,0.8175204464627569,0.0052601139137669,0.8175204464627569,0.0,2.0
5800.0,58.0,0.8175205550078333,0.0052601139137669,0.8175205550078333,0.0,2.0
6000.0,60.0,0.8175673535639296,0.0052472329066769,0.8175673535639296,0.0,2.0
6100.0,61.0,0.8175789893500703,0.0052472329066769,0.8175789893500703,0.0,2.0
6300.0,63.0,0.8176132257297445,0.0052472329066769,0.8176132257297445,0.0,2.0
6400.0,64.0,0.8176136309396076,0.0052472329066769,0.8176136309396076,0.0,2.0
6500.0,65.0,0.8176334272257255,0.0052472329066769,0.8176334272257255,0.0,2.0
6600.0,66.0,0.8178968394687282,0.0052472329066769,0.8178968394687282,0.0,2.0
6900.0,69.0,0.8179023693758287,0.0052472329066769,0.8179023693758287,0.0,2.0
7000.0,70.0,0.817910727562311,0.0052472329066769,0.817910727562311,0.0,2.0
7100.0,71.0,0.8180460919858604,0.0052472329066769,0.8180460919858604,0.0,2.0
7200.0,72.0,0.8180461197889735,0.0052472329066769,0.8180461197889735,0.0,2.0
7300.0,73.0,0.8180471561077248,0.0052472329066769,0.8180471561077248,0.0,2.0
7400.0,74.0,0.8180482240673065,0.0052472329066769,0.8180482240673065,0.0,2.0
7500.0,75.0,0.818052237910483,0.0052472329066769,0.818052237910483,0.0,2.0
7600.0,76.0,0.818115500312154,0.0052489387185854,0.818115500312154,0.0,2.0
7700.0,77.0,0.8181152097430596,0.0050886780805983,0.8181152097430596,0.0,2.0
7800.0,78.0,0.8181350876490969,0.0050886780805983,0.8181350876490969,0.0,2.0
7900.0,79.0,0.8181591030845387,0.0050886780805983,0.8181591030845387,0.0,2.0
8000.0,80.0,0.8181681610658047,0.0050886780805983,0.8181681610658047,0.0,2.0
8300.0,83.0,0.8181692535793729,0.0050886780805983,0.8181692535793729,0.0,2.0
8500.0,85.0,0.8181683996127882,0.0050886780805983,0.8181683996127882,0.0,2.0
8600.0,86.0,0.8181819401874179,0.0050886780805983,0.8181819401874179,0.0,2.0
8700.0,87.0,0.8181998305354933,0.0050886780805983,0.8181998305354933,0.0,2.0
8800.0,88.0,0.818200662205347,0.0050886780805983,0.818200662205347,0.0,2.0
8900.0,89.0,0.818201585633501,0.0050886780805983,0.818201585633501,0.0,2.0
9400.0,94.0,0.8181987142304586,0.0050886780805983,0.8181987142304586,0.0,2.0
9500.0,95.0,0.8182020431907321,0.0050886780805983,0.8182020431907321,0.0,2.0
9600.0,96.0,0.818202263113512,0.0050886780805983,0.818202263113512,0.0,2.0
9700.0,97.0,0.8182028259090258,0.0050886780805983,0.8182028259090258,0.0,2.0
9800.0,98.0,0.8182029301253185,0.0050886780805983,0.8182029301253185,0.0,2.0
9900.0,99.0,0.8182041880530095,0.0050886780805983,0.8182041880530095,0.0,2.0
10000.0,100.0,0.8182046262271151,0.0050886780805983,0.8182046262271151,0.0,2.0
10100.0,101.0,0.8182211724562464,0.0050886780805983,0.8182211724562464,0.0,2.0
10200.0,102.0,0.8182379589312393,0.0050886780805983,0.8182379589312393,0.0,2.0
10400.0,104.0,0.8182488238923435,0.0050886780805983,0.8182488238923435,0.0,2.0
10500.0,105.0,0.818258945409156,0.0050341109334984,0.818258945409156,0.0,2.0
10600.0,106.0,0.8182609004079002,0.0050304517630591,0.8182609004079002,0.0,2.0
10700.0,107.0,0.8182614857209213,0.0050304517630591,0.8182614857209213,0.0,2.0
10800.0,108.0,0.8182615543714471,0.0050304517630591,0.8182615543714471,0.0,2.0
10900.0,109.0,0.818265294838544,0.0050304517630591,0.818265294838544,0.0,2.0
11000.0,110.0,0.8182763086544168,0.0050304517630591,0.8182763086544168,0.0,2.0
11100.0,111.0,0.8182887920718535,0.0050304517630591,0.8182887920718535,0.0,2.0
11200.0,112.0,0.8182931751187283,0.0050304517630591,0.8182931751187283,0.0,2.0
11300.0,113.0,0.8191265373136346,0.0048300302866481,0.8191265373136346,0.0,2.0
11500.0,115.0,0.8191358898184492,0.0048300302866481,0.8191358898184492,0.0,2.0
11600.0,116.0,0.819141218354206,0.0048300302866481,0.819141218354206,0.0,2.0
11700.0,117.0,0.819143462607742,0.0048300302866481,0.819143462607742,0.0,2.0
11800.0,118.0,0.819144316255152,0.0048300302866481,0.819144316255152,0.0,2.0
11900.0,119.0,0.8191525923248116,0.0048300302866481,0.8191525923248116,0.0,2.0
12000.0,120.0,0.8191529690589275,0.0048300302866481,0.8191529690589275,0.0,2.0
12200.0,122.0,0.8191695093940733,0.0048300302866481,0.8191695093940733,0.0,2.0
12300.0,123.0,0.8191734151985949,0.0048300302866481,0.8191734151985949,0.0,2.0
12500.0,125.0,0.818332210494676,0.0050304517630591,0.818332210494676,0.0,2.0
12600.0,126.0,0.8183334332600457,0.0050304517630591,0.8183334332600457,0.0,2.0
12700.0,127.0,0.8183382898741101,0.0050304517630591,0.8183382898741101,0.0,2.0
12800.0,128.0,0.8183384196559238,0.0050304517630591,0.8183384196559238,0.0,2.0
12900.0,129.0,0.8183389909514454,0.0050304517630591,0.8183389909514454,0.0,2.0
13000.0,130.0,0.8183533985962487,0.0050304517630591,0.8183533985962487,0.0,2.0
13100.0,131.0,0.8183611869079471,0.0050304517630591,0.8183611869079471,0.0,2.0
13200.0,132.0,0.8183899841750119,0.0050304517630591,0.8183899841750119,0.0,2.0
13500.0,135.0,0.8184240588468407,0.0050304517630591,0.8184240588468407,0.0,2.0
13600.0,136.0,0.8184240595687035,0.0050304517630591,0.8184240595687035,0.0,2.0
13800.0,138.0,0.8184157356408176,0.0050304517630591,0.8184157356408176,0.0,2.0
13900.0,139.0,0.8184456478779496,0.0050304517630591,0.8184456478779496,0.0,2.0
14100.0,141.0,0.8184458048547969,0.0050288088456779,0.8184458048547969,0.0,2.0
14200.0,142.0,0.8184475360049861,0.0050288088456779,0.8184475360049861,0.0,2.0
14400.0,144.0,0.8184474551473382,0.0050288088456779,0.8184474551473382,0.0,2.0
14500.0,145.0,0.8184478627496478,0.0050288088456779,0.8184478627496478,0.0,2.0
14600.0,146.0,0.8184482415312273,0.0050288088456779,0.8184482415312273,0.0,2.0
14800.0,148.0,0.8184544461355235,0.0050288088456779,0.8184544461355235,0.0,2.0
14900.0,149.0,0.8184549920057425,0.0050288088456779,0.8184549920057425,0.0,2.0
15000.0,150.0,0.8184619063299241,0.0050288088456779,0.8184619063299241,0.0,2.0
15500.0,155.0,0.8186079609534322,0.0049971950918688,0.8186079609534322,0.0,2.0
15700.0,157.0,0.8186092280668764,0.0049917002004271,0.8186092280668764,0.0,2.0
15800.0,158.0,0.8186130194963162,0.0049853067655064,0.8186130194963162,0.0,2.0
15900.0,159.0,0.8186313393093184,0.0049853067655064,0.8186313393093184,0.0,2.0
16000.0,160.0,0.8186329566753596,0.0049853067655064,0.8186329566753596,0.0,2.0
16300.0,163.0,0.8186284057257217,0.0049853067655064,0.8186284057257217,0.0,2.0
16500.0,165.0,0.8186277440881157,0.0049853067655064,0.8186277440881157,0.0,2.0
16600.0,166.0,0.8186279057344642,0.0049853067655064,0.8186279057344642,0.0,2.0
17000.0,170.0,0.8186288557046687,0.0049853067655064,0.8186288557046687,0.0,2.0
17100.0,171.0,0.8186289893783569,0.0049853067655064,0.8186289893783569,0.0,2.0
17400.0,174.0,0.818629117018543,0.0049853067655064,0.818629117018543,0.0,2.0
17700.0,177.0,0.8186278814646278,0.0049853067655064,0.8186278814646278,0.0,2.0
17900.0,179.0,0.8186289971586629,0.0049853067655064,0.8186289971586629,0.0,2.0
18300.0,183.0,0.8186236752817005,0.0049853067655064,0.8186236752817005,0.0,2.0
18400.0,184.0,0.8186323758538213,0.0049853067655064,0.8186323758538213,0.0,2.0
18600.0,186.0,0.8186328112271214,0.0049853067655064,0.8186328112271214,0.0,2.0
18800.0,188.0,0.8186388092000039,0.0049853067655064,0.8186388092000039,0.0,2.0
18900.0,189.0,0.8186395986048686,0.0049853067655064,0.8186395986048686,0.0,2.0
19000.0,190.0,0.8186419988869739,0.0049853067655064,0.8186419988869739,0.0,2.0
19100.0,191.0,0.8186421859335292,0.0049853067655064,0.8186421859335292,0.0,2.0
19300.0,193.0,0.8186423675097153,0.0049851087589241,0.8186423675097153,0.0,2.0
19600.0,196.0,0.8186517961181138,0.0049851087589241,0.8186517961181138,0.0,2.0
19700.0,197.0,0.818651947341469,0.0049851087589241,0.818651947341469,0.0,2.0
19800.0,198.0,0.8186519891786188,0.0049851087589241,0.8186519891786188,0.0,2.0
20000.0,200.0,0.8186533809378312,0.0049851087589241,0.8186533809378312,0.0,2.0
100.0,1.0,0.6337414736684306,0.128747226679194,0.6337414736684306,0.0,3.0
200.0,2.0,0.6494796924797329,0.0807049432558265,0.6494796924797329,0.0,3.0
300.0,3.0,0.7237495048867626,0.0506972839156572,0.7237495048867626,0.0,3.0
400.0,4.0,0.7253469952696258,0.0497858671615957,0.7253469952696258,0.0,3.0
600.0,6.0,0.7514645018173813,0.0418420886087261,0.7514645018173813,0.0,3.0
700.0,7.0,0.751571534454283,0.0417898344831236,0.751571534454283,0.0,3.0
800.0,8.0,0.7590673409130548,0.0413442609221961,0.7590673409130548,0.0,3.0
900.0,9.0,0.7836020161058377,0.0270300770346426,0.7836020161058377,0.0,3.0
1000.0,10.0,0.8078089412661673,0.0221170756951661,0.8078089412661673,0.0,3.0
1100.0,11.0,0.8078592657961416,0.0221170756951661,0.8078592657961416,0.0,3.0
1200.0,12.0,0.807889572718891,0.0221170756951661,0.807889572718891,0.0,3.0
1300.0,13.0,0.8079172451426977,0.0221170756951661,0.8079172451426977,0.0,3.0
1400.0,14.0,0.8079264933818363,0.0221170756951661,0.8079264933818363,0.0,3.0
1500.0,15.0,0.8079368326118446,0.0221170756951661,0.8079368326118446,0.0,3.0
1600.0,16.0,0.8091029251715585,0.0188152945975947,0.8091029251715585,0.0,3.0
1700.0,17.0,0.8091092099154167,0.0188152945975947,0.8091092099154167,0.0,3.0
1800.0,18.0,0.81267343916206,0.0174083344827981,0.81267343916206,0.0,3.0
1900.0,19.0,0.8126775741213206,0.0174083344827981,0.8126775741213206,0.0,3.0
2000.0,20.0,0.8126808258332713,0.017260938442679,0.8126808258332713,0.0,3.0
2100.0,21.0,0.8126839426665928,0.017260938442679,0.8126839426665928,0.0,3.0
2200.0,22.0,0.8127104278161498,0.0156617634835761,0.8127104278161498,0.0,3.0
2300.0,23.0,0.8151976923486142,0.0135498979611556,0.8151976923486142,0.0,3.0
2400.0,24.0,0.8268123962358558,0.0125109491587981,0.8268123962358558,0.0,3.0
2500.0,25.0,0.826815987121335,0.0125109491587981,0.826815987121335,0.0,3.0
2600.0,26.0,0.8268162981542871,0.0125109491587981,0.8268162981542871,0.0,3.0
2700.0,27.0,0.8268175237954865,0.0125109491587981,0.8268175237954865,0.0,3.0
2800.0,28.0,0.8274472633891936,0.0115448434587822,0.8274472633891936,0.0,3.0
2900.0,29.0,0.8274497003750367,0.0115448434587822,0.8274497003750367,0.0,3.0
3000.0,30.0,0.827451158397132,0.0115448434587822,0.827451158397132,0.0,3.0
3100.0,31.0,0.8274513614658092,0.0115448434587822,0.8274513614658092,0.0,3.0
3200.0,32.0,0.8274523715611649,0.0114624272294571,0.8274523715611649,0.0,3.0
3300.0,33.0,0.8274528646625908,0.0114624272294571,0.8274528646625908,0.0,3.0
3400.0,34.0,0.8274531543002014,0.0114624272294571,0.8274531543002014,0.0,3.0
3500.0,35.0,0.8318531624826878,0.010821945123814,0.8318531624826878,0.0,3.0
3600.0,36.0,0.831854234480742,0.0106992336028421,0.831854234480742,0.0,3.0
3700.0,37.0,0.8318561085055001,0.0106992336028421,0.8318561085055001,0.0,3.0
3800.0,38.0,0.8318563807381428,0.0106992336028421,0.8318563807381428,0.0,3.0
4100.0,41.0,0.8318562509133391,0.0106992336028421,0.8318562509133391,0.0,3.0
4200.0,42.0,0.8318562512196236,0.0106992336028421,0.8318562512196236,0.0,3.0
4300.0,43.0,0.8318564817897636,0.0106992336028421,0.8318564817897636,0.0,3.0
4400.0,44.0,0.8318569185732784,0.0106992336028421,0.8318569185732784,0.0,3.0
4500.0,45.0,0.8318576764024916,0.0106992336028421,0.8318576764024916,0.0,3.0
4600.0,46.0,0.831857806364662,0.0106992336028421,0.831857806364662,0.0,3.0
4700.0,47.0,0.8318584641321868,0.0106992336028421,0.8318584641321868,0.0,3.0
4800.0,48.0,0.8318814133756443,0.0106513760632606,0.8318814133756443,0.0,3.0
4900.0,49.0,0.8318816678172777,0.0106513760632606,0.8318816678172777,0.0,3.0
5100.0,51.0,0.8320263025943885,0.0104595126739303,0.8320263025943885,0.0,3.0
5300.0,53.0,0.8320270742260417,0.0104595126739303,0.8320270742260417,0.0,3.0
5600.0,56.0,0.832027147570807,0.0105822241949022,0.832027147570807,0.0,3.0
5700.0,57.0,0.8320275320307805,0.0105822241949022,0.8320275320307805,0.0,3.0
5800.0,58.0,0.8320275883601934,0.0105822241949022,0.8320275883601934,0.0,3.0
5900.0,59.0,0.8320278079849015,0.0105822241949022,0.8320278079849015,0.0,3.0
6000.0,60.0,0.8320278354892977,0.0105822241949022,0.8320278354892977,0.0,3.0
6100.0,61.0,0.8320282815451456,0.0105822241949022,0.8320282815451456,0.0,3.0
6200.0,62.0,0.8320288362679035,0.0105822241949022,0.8320288362679035,0.0,3.0
6400.0,64.0,0.835290843525018,0.0103848317314868,0.835290843525018,0.0,3.0
6700.0,67.0,0.8361445381138237,0.0091887981258394,0.8361445381138237,0.0,3.0
6800.0,68.0,0.8361447245297161,0.0091887981258394,0.8361447245297161,0.0,3.0
6900.0,69.0,0.8361450539361541,0.0091887981258394,0.8361450539361541,0.0,3.0
7000.0,70.0,0.8361450802225849,0.0091887981258394,0.8361450802225849,0.0,3.0
7100.0,71.0,0.8361451349149366,0.0091887981258394,0.8361451349149366,0.0,3.0
7200.0,72.0,0.8361454249168788,0.0091887981258394,0.8361454249168788,0.0,3.0
7400.0,74.0,0.8361451543042978,0.0091887981258394,0.8361451543042978,0.0,3.0
7700.0,77.0,0.8361447667979349,0.0091887981258394,0.8361447667979349,0.0,3.0
7800.0,78.0,0.8404113869275953,0.0088664964402893,0.8404113869275953,0.0,3.0
7900.0,79.0,0.8404177878977677,0.0088664964402893,0.8404177878977677,0.0,3.0
8000.0,80.0,0.8404179365816363,0.0088664964402893,0.8404179365816363,0.0,3.0
8100.0,81.0,0.8404179838645868,0.0088664964402893,0.8404179838645868,0.0,3.0
8300.0,83.0,0.8404178915616808,0.0088664964402893,0.8404178915616808,0.0,3.0
8800.0,88.0,0.8404173562249811,0.0088664964402893,0.8404173562249811,0.0,3.0
8900.0,89.0,0.840417723540641,0.0088664964402893,0.840417723540641,0.0,3.0
9400.0,94.0,0.8404177472205425,0.0088664964402893,0.8404177472205425,0.0,3.0
9600.0,96.0,0.8404807706824059,0.0088664964402893,0.8404807706824059,0.0,3.0
9900.0,99.0,0.8404805085437563,0.0088664964402893,0.8404805085437563,0.0,3.0
10000.0,100.0,0.8404807616100207,0.0088664964402893,0.8404807616100207,0.0,3.0
10100.0,101.0,0.8404812017309724,0.0088664964402893,0.8404812017309724,0.0,3.0
10200.0,102.0,0.8415807805998182,0.0082686323830356,0.8415807805998182,0.0,3.0
10300.0,103.0,0.8415815587739576,0.0082686323830356,0.8415815587739576,0.0,3.0
10400.0,104.0,0.8415818136219076,0.0082686323830356,0.8415818136219076,0.0,3.0
10500.0,105.0,0.8417396596795901,0.0081237201568462,0.8417396596795901,0.0,3.0
10600.0,106.0,0.8417397769848348,0.0081237201568462,0.8417397769848348,0.0,3.0
10700.0,107.0,0.847519018847687,0.0073369419249733,0.847519018847687,0.0,3.0
11100.0,111.0,0.848687718845526,0.0070094155032097,0.848687718845526,0.0,3.0
11300.0,113.0,0.8486877839221805,0.0070094155032097,0.8486877839221805,0.0,3.0
11500.0,115.0,0.8486878337969392,0.0070094155032097,0.8486878337969392,0.0,3.0
11600.0,116.0,0.8486879264703053,0.0070094155032097,0.8486879264703053,0.0,3.0
11700.0,117.0,0.8486882850472742,0.0070094155032097,0.8486882850472742,0.0,3.0
11800.0,118.0,0.8486888349662245,0.0070094155032097,0.8486888349662245,0.0,3.0
11900.0,119.0,0.8486998264268033,0.0069752847815604,0.8486998264268033,0.0,3.0
12600.0,126.0,0.8486993280979155,0.0069752847815604,0.8486993280979155,0.0,3.0
12700.0,127.0,0.8486995154269215,0.0069752847815604,0.8486995154269215,0.0,3.0
12800.0,128.0,0.8486995209333168,0.0069752847815604,0.8486995209333168,0.0,3.0
13000.0,130.0,0.8486992898199471,0.0069752847815604,0.8486992898199471,0.0,3.0
13400.0,134.0,0.8486993320209105,0.0069752847815604,0.8486993320209105,0.0,3.0
13600.0,136.0,0.8486993485172222,0.0069752847815604,0.8486993485172222,0.0,3.0
13900.0,139.0,0.8486996408398552,0.0069752847815604,0.8486996408398552,0.0,3.0
14300.0,143.0,0.848699622309829,0.0069752847815604,0.848699622309829,0.0,3.0
14900.0,149.0,0.8486989014370523,0.0069752847815604,0.8486989014370523,0.0,3.0
15000.0,150.0,0.8486989226730587,0.0069752847815604,0.8486989226730587,0.0,3.0
15200.0,152.0,0.848698903622548,0.0069190048254294,0.848698903622548,0.0,3.0
15300.0,153.0,0.8487861451471252,0.0068251937793508,0.8487861451471252,0.0,3.0
15400.0,154.0,0.8487861769144616,0.0068251937793508,0.8487861769144616,0.0,3.0
15500.0,155.0,0.8487865816998156,0.0068697380309295,0.8487865816998156,0.0,3.0
15600.0,156.0,0.8495793254031183,0.0058495553551817,0.8495793254031183,0.0,3.0
16000.0,160.0,0.8495792839987056,0.0058495553551817,0.8495792839987056,0.0,3.0
16100.0,161.0,0.849614386425919,0.0058495553551817,0.849614386425919,0.0,3.0
16400.0,164.0,0.8496142450087014,0.0058495553551817,0.8496142450087014,0.0,3.0
16500.0,165.0,0.849614387425944,0.0058495553551817,0.849614387425944,0.0,3.0
16600.0,166.0,0.8496144633664404,0.0058495553551817,0.8496144633664404,0.0,3.0
16700.0,167.0,0.8496145424437226,0.0058495553551817,0.8496145424437226,0.0,3.0
16800.0,168.0,0.8496305429679096,0.0058337972400587,0.8496305429679096,0.0,3.0
16900.0,169.0,0.8496306928710079,0.0058337972400587,0.8496306928710079,0.0,3.0
17100.0,171.0,0.8496307104572709,0.0058337972400587,0.8496307104572709,0.0,3.0
17400.0,174.0,0.8496300861949776,0.0058337972400587,0.8496300861949776,0.0,3.0
17600.0,176.0,0.8496294451313258,0.0058337972400587,0.8496294451313258,0.0,3.0
17700.0,177.0,0.8496294633820958,0.0058337972400587,0.8496294633820958,0.0,3.0
17900.0,179.0,0.8496296246687886,0.0058337972400587,0.8496296246687886,0.0,3.0
18000.0,180.0,0.8496622220726032,0.0058022527816398,0.8496622220726032,0.0,3.0
18100.0,181.0,0.8496622915757072,0.0058022527816398,0.8496622915757072,0.0,3.0
18200.0,182.0,0.8496624871201219,0.0058022527816398,0.8496624871201219,0.0,3.0
18300.0,183.0,0.8496627660315563,0.0058022527816398,0.8496627660315563,0.0,3.0
18400.0,184.0,0.8496627986963518,0.0058022527816398,0.8496627986963518,0.0,3.0
18500.0,185.0,0.8496628536688566,0.0058022527816398,0.8496628536688566,0.0,3.0
18700.0,187.0,0.8496616970736933,0.0058022527816398,0.8496616970736933,0.0,3.0
19200.0,192.0,0.8496602305254365,0.0057494426114381,0.8496602305254365,0.0,3.0
19300.0,193.0,0.8496725989789119,0.0057494426114381,0.8496725989789119,0.0,3.0
19500.0,195.0,0.8504947380551273,0.0051732420533708,0.8504947380551273,0.0,3.0
19600.0,196.0,0.8504947588269065,0.0051732420533708,0.8504947588269065,0.0,3.0
19800.0,198.0,0.8504947561873316,0.0051732420533708,0.8504947561873316,0.0,3.0
20000.0,200.0,0.850494066907192,0.0051732420533708,0.850494066907192,0.0,3.0
100.0,1.0,0.7206277625857365,0.0790749239224393,0.7206277625857365,0.0,4.0
300.0,3.0,0.7453343880661121,0.0605745627712752,0.7453343880661121,0.0,4.0
400.0,4.0,0.7542735577505516,0.0546602490456956,0.7542735577505516,0.0,4.0
500.0,5.0,0.7638611586561748,0.0316063843687381,0.7638611586561748,0.0,4.0
600.0,6.0,0.7640367796489348,0.03149449630284,0.7640367796489348,0.0,4.0
700.0,7.0,0.7666887587774838,0.0278739018040871,0.7666887587774838,0.0,4.0
800.0,8.0,0.7862407544442783,0.0214449978557518,0.7862407544442783,0.0,4.0
900.0,9.0,0.7895342659522405,0.0204653816484726,0.7895342659522405,0.0,4.0
1000.0,10.0,0.806888070800784,0.0179755608786716,0.806888070800784,0.0,4.0
1100.0,11.0,0.8170888553988932,0.0131087195619643,0.8170888553988932,0.0,4.0
1200.0,12.0,0.8191142291689442,0.0118968152663601,0.8191142291689442,0.0,4.0
1300.0,13.0,0.8191191775200478,0.0118968152663601,0.8191191775200478,0.0,4.0
1400.0,14.0,0.819139444660853,0.0107018195896794,0.819139444660853,0.0,4.0
1500.0,15.0,0.8191443335525262,0.0107018195896794,0.8191443335525262,0.0,4.0
1600.0,16.0,0.8239913404017128,0.0107018195896794,0.8239913404017128,0.0,4.0
1700.0,17.0,0.823995116629847,0.0107018195896794,0.823995116629847,0.0,4.0
1800.0,18.0,0.8241680667911344,0.0104501367877068,0.8241680667911344,0.0,4.0
1900.0,19.0,0.8317436590988404,0.0099162161455639,0.8317436590988404,0.0,4.0
2000.0,20.0,0.8318584832018409,0.0099162161455639,0.8318584832018409,0.0,4.0
2100.0,21.0,0.831861808127161,0.0099162161455639,0.831861808127161,0.0,4.0
2200.0,22.0,0.8343343187753406,0.0098012513942408,0.8343343187753406,0.0,4.0
2300.0,23.0,0.8435650700213371,0.0037624382268435,0.8435650700213371,0.0,4.0
2400.0,24.0,0.843565691117316,0.0037624382268435,0.843565691117316,0.0,4.0
2600.0,26.0,0.8438249134460902,0.0037624382268435,0.8438249134460902,0.0,4.0
2700.0,27.0,0.8438750026422611,0.0037317506041244,0.8438750026422611,0.0,4.0
2800.0,28.0,0.8440833129955894,0.0035386300778859,0.8440833129955894,0.0,4.0
2900.0,29.0,0.8443392360998879,0.0035386300778859,0.8443392360998879,0.0,4.0
3000.0,30.0,0.8444541148661804,0.0034613441191279,0.8444541148661804,0.0,4.0
3100.0,31.0,0.8446163297641478,0.0031593639761701,0.8446163297641478,0.0,4.0
3200.0,32.0,0.8448763302334059,0.0026664969624252,0.8448763302334059,0.0,4.0
3300.0,33.0,0.844878752082522,0.0026663392191161,0.844878752082522,0.0,4.0
3400.0,34.0,0.8464710765579475,0.002564973149187,0.8464710765579475,0.0,4.0
3500.0,35.0,0.8464726933611141,0.002564973149187,0.8464726933611141,0.0,4.0
3600.0,36.0,0.846484948488462,0.002564973149187,0.846484948488462,0.0,4.0
3700.0,37.0,0.8468377907314267,0.002564973149187,0.8468377907314267,0.0,4.0
3800.0,38.0,0.8468531264129285,0.002564973149187,0.8468531264129285,0.0,4.0
3900.0,39.0,0.8468562059185296,0.002564973149187,0.8468562059185296,0.0,4.0
4000.0,40.0,0.8468567167553642,0.002564973149187,0.8468567167553642,0.0,4.0
4100.0,41.0,0.8470082964475825,0.002564973149187,0.8470082964475825,0.0,4.0
4200.0,42.0,0.8472136052313807,0.002564973149187,0.8472136052313807,0.0,4.0
4300.0,43.0,0.8472139710846637,0.002564973149187,0.8472139710846637,0.0,4.0
4400.0,44.0,0.8518715796870309,0.0022398749736788,0.8518715796870309,0.0,4.0
4500.0,45.0,0.8518750725868781,0.0022398749736788,0.8518750725868781,0.0,4.0
4600.0,46.0,0.8518755681296059,0.0022398749736788,0.8518755681296059,0.0,4.0
4700.0,47.0,0.8518808676495097,0.0022398749736788,0.8518808676495097,0.0,4.0
4800.0,48.0,0.8518809440656426,0.0022398749736788,0.8518809440656426,0.0,4.0
4900.0,49.0,0.8523682518948933,0.0022103688400922,0.8523682518948933,0.0,4.0
5000.0,50.0,0.8523988053248692,0.0022103688400922,0.8523988053248692,0.0,4.0
5100.0,51.0,0.8525524504847353,0.0022103688400922,0.8525524504847353,0.0,4.0
5200.0,52.0,0.8526936739488751,0.0022103688400922,0.8526936739488751,0.0,4.0
5300.0,53.0,0.8527177475440768,0.0021788415164653,0.8527177475440768,0.0,4.0
5400.0,54.0,0.8557319925219852,0.0019780391253766,0.8557319925219852,0.0,4.0
5500.0,55.0,0.8557323297985269,0.0019780391253766,0.8557323297985269,0.0,4.0
5600.0,56.0,0.8557386316376133,0.0019780391253766,0.8557386316376133,0.0,4.0
5700.0,57.0,0.8558763197347068,0.0014450689920249,0.8558763197347068,0.0,4.0
5800.0,58.0,0.8559284920169888,0.0014450689920249,0.8559284920169888,0.0,4.0
5900.0,59.0,0.8559427203384312,0.0014450689920249,0.8559427203384312,0.0,4.0
6000.0,60.0,0.855944037789997,0.0014450689920249,0.855944037789997,0.0,4.0
6200.0,62.0,0.8559713011246589,0.0014450689920249,0.8559713011246589,0.0,4.0
6300.0,63.0,0.855971439988091,0.0014450689920249,0.855971439988091,0.0,4.0
6400.0,64.0,0.8559827297396619,0.0014483531031008,0.8559827297396619,0.0,4.0
6500.0,65.0,0.8559971958438826,0.0014483531031008,0.8559971958438826,0.0,4.0
6600.0,66.0,0.856015620927327,0.0014483531031008,0.856015620927327,0.0,4.0
6700.0,67.0,0.8560172236617434,0.0014483531031008,0.8560172236617434,0.0,4.0
6800.0,68.0,0.8561245385881299,0.0013765451379023,0.8561245385881299,0.0,4.0
6900.0,69.0,0.8561457625893898,0.0012789590591013,0.8561457625893898,0.0,4.0
7000.0,70.0,0.8562372767280741,0.0012789590591013,0.8562372767280741,0.0,4.0
7100.0,71.0,0.8563377628595347,0.0012789590591013,0.8563377628595347,0.0,4.0
7200.0,72.0,0.8563393535634355,0.0012789590591013,0.8563393535634355,0.0,4.0
7300.0,73.0,0.85642801714009,0.0012789590591013,0.85642801714009,0.0,4.0
7400.0,74.0,0.8564863613791154,0.0012789590591013,0.8564863613791154,0.0,4.0
7500.0,75.0,0.8565139921602773,0.0012789590591013,0.8565139921602773,0.0,4.0
7600.0,76.0,0.8565299793276894,0.0012789590591013,0.8565299793276894,0.0,4.0
7700.0,77.0,0.8565302660883927,0.0016294897548368,0.8565302660883927,0.0,4.0
7800.0,78.0,0.8565349698613615,0.0016294897548368,0.8565349698613615,0.0,4.0
7900.0,79.0,0.8565474189332413,0.0016294897548368,0.8565474189332413,0.0,4.0
8100.0,81.0,0.856617812675583,0.0013599247277621,0.856617812675583,0.0,4.0
8200.0,82.0,0.8566319934703707,0.0013599247277621,0.8566319934703707,0.0,4.0
8300.0,83.0,0.8566350826380358,0.0013599247277621,0.8566350826380358,0.0,4.0
8400.0,84.0,0.8566453290338955,0.0013599247277621,0.8566453290338955,0.0,4.0
8500.0,85.0,0.8566461563431756,0.0013599247277621,0.8566461563431756,0.0,4.0
8700.0,87.0,0.856666331625141,0.0013599247277621,0.856666331625141,0.0,4.0
8800.0,88.0,0.8566686951921176,0.0013599247277621,0.8566686951921176,0.0,4.0
9000.0,90.0,0.8566687316859455,0.0013599247277621,0.8566687316859455,0.0,4.0
9100.0,91.0,0.8566687516728666,0.0013599247277621,0.8566687516728666,0.0,4.0
9200.0,92.0,0.8566698899026667,0.0013599247277621,0.8566698899026667,0.0,4.0
9300.0,93.0,0.8566733068982495,0.0013599247277621,0.8566733068982495,0.0,4.0
9400.0,94.0,0.8566735394306695,0.0013599247277621,0.8566735394306695,0.0,4.0
9500.0,95.0,0.8566736453820502,0.0013599247277621,0.8566736453820502,0.0,4.0
9600.0,96.0,0.8566792145354765,0.0013599247277621,0.8566792145354765,0.0,4.0
9700.0,97.0,0.8567315773438507,0.0013599247277621,0.8567315773438507,0.0,4.0
9900.0,99.0,0.8567333198402394,0.0013599247277621,0.8567333198402394,0.0,4.0
10000.0,100.0,0.8567385657810574,0.0013599247277621,0.8567385657810574,0.0,4.0
10100.0,101.0,0.8567582020699148,0.0013025399570038,0.8567582020699148,0.0,4.0
10200.0,102.0,0.856759053558096,0.0013025399570038,0.856759053558096,0.0,4.0
10300.0,103.0,0.8567593537847067,0.0013025399570038,0.8567593537847067,0.0,4.0
10400.0,104.0,0.8568074178305647,0.0013025399570038,0.8568074178305647,0.0,4.0
10500.0,105.0,0.8568075191356408,0.0013025399570038,0.8568075191356408,0.0,4.0
10600.0,106.0,0.8568081841907199,0.0013025399570038,0.8568081841907199,0.0,4.0
10800.0,108.0,0.8568084945309167,0.0013025399570038,0.8568084945309167,0.0,4.0
10900.0,109.0,0.8568110575766082,0.0013025399570038,0.8568110575766082,0.0,4.0
11000.0,110.0,0.8568184003466006,0.0013025399570038,0.8568184003466006,0.0,4.0
11100.0,111.0,0.8568470164642799,0.0013025399570038,0.8568470164642799,0.0,4.0
11200.0,112.0,0.8568474700089058,0.0013025399570038,0.8568474700089058,0.0,4.0
11300.0,113.0,0.8568553129354906,0.0013025399570038,0.8568553129354906,0.0,4.0
11400.0,114.0,0.8568575172177222,0.0013025399570038,0.8568575172177222,0.0,4.0
11500.0,115.0,0.8568623137620948,0.0013025399570038,0.8568623137620948,0.0,4.0
11700.0,117.0,0.8568631653303865,0.0013025399570038,0.8568631653303865,0.0,4.0
11800.0,118.0,0.8568638209264379,0.0013025399570038,0.8568638209264379,0.0,4.0
11900.0,119.0,0.8568659684629252,0.0013025399570038,0.8568659684629252,0.0,4.0
12100.0,121.0,0.8568826406678073,0.0013025399570038,0.8568826406678073,0.0,4.0
12300.0,123.0,0.8568847953646912,0.0013025399570038,0.8568847953646912,0.0,4.0
12400.0,124.0,0.8568899616428957,0.0013025399570038,0.8568899616428957,0.0,4.0
12500.0,125.0,0.856894313255721,0.0013025399570038,0.856894313255721,0.0,4.0
12600.0,126.0,0.8568950164670898,0.0013025399570038,0.8568950164670898,0.0,4.0
12900.0,129.0,0.8568973392891261,0.0013025399570038,0.8568973392891261,0.0,4.0
13000.0,130.0,0.8569094364778745,0.0013025399570038,0.8569094364778745,0.0,4.0
13300.0,133.0,0.8569119351931282,0.0013025399570038,0.8569119351931282,0.0,4.0
13400.0,134.0,0.856912299681024,0.0013025399570038,0.856912299681024,0.0,4.0
13600.0,136.0,0.8569125984953737,0.0013025399570038,0.8569125984953737,0.0,4.0
13700.0,137.0,0.8569141654732007,0.0013025399570038,0.8569141654732007,0.0,4.0
13800.0,138.0,0.8569557271566327,0.0013025399570038,0.8569557271566327,0.0,4.0
13900.0,139.0,0.8569559806393698,0.0013025399570038,0.8569559806393698,0.0,4.0
14000.0,140.0,0.8569664879980724,0.001296967574133,0.8569664879980724,0.0,4.0
14200.0,142.0,0.8569668450015179,0.001296967574133,0.8569668450015179,0.0,4.0
14400.0,144.0,0.8569668825031188,0.001296967574133,0.8569668825031188,0.0,4.0
14600.0,146.0,0.8569695127982601,0.001296967574133,0.8569695127982601,0.0,4.0
14700.0,147.0,0.8569897863468237,0.001296967574133,0.8569897863468237,0.0,4.0
14800.0,148.0,0.8569907411843188,0.001296967574133,0.8569907411843188,0.0,4.0
14900.0,149.0,0.8569937550860838,0.001296967574133,0.8569937550860838,0.0,4.0
15000.0,150.0,0.8569945049997068,0.0012939457173438,0.8569945049997068,0.0,4.0
15100.0,151.0,0.8570072848212497,0.0012939457173438,0.8570072848212497,0.0,4.0
15200.0,152.0,0.8570075624585735,0.0012939457173438,0.8570075624585735,0.0,4.0
15400.0,154.0,0.8570074337780085,0.0012939457173438,0.8570074337780085,0.0,4.0
15500.0,155.0,0.8570117190324406,0.0012939457173438,0.8570117190324406,0.0,4.0
16100.0,161.0,0.8570145015204403,0.0012939457173438,0.8570145015204403,0.0,4.0
16400.0,164.0,0.8570151668627226,0.0012939457173438,0.8570151668627226,0.0,4.0
16500.0,165.0,0.8570157550483921,0.0012939457173438,0.8570157550483921,0.0,4.0
16800.0,168.0,0.8570220797439567,0.0012939457173438,0.8570220797439567,0.0,4.0
17100.0,171.0,0.8570251612108096,0.0012286088216654,0.8570251612108096,0.0,4.0
17400.0,174.0,0.8570259268405379,0.0012286088216654,0.8570259268405379,0.0,4.0
17600.0,176.0,0.8570264124787096,0.0012286088216654,0.8570264124787096,0.0,4.0
17700.0,177.0,0.8570278722632956,0.0012286088216654,0.8570278722632956,0.0,4.0
17800.0,178.0,0.8570328276411262,0.0012286088216654,0.8570328276411262,0.0,4.0
17900.0,179.0,0.8570330266923495,0.0012286088216654,0.8570330266923495,0.0,4.0
18100.0,181.0,0.8570333912008314,0.0012286088216654,0.8570333912008314,0.0,4.0
18300.0,183.0,0.8570325639141088,0.0012286088216654,0.8570325639141088,0.0,4.0
18500.0,185.0,0.8570332212000739,0.0012286088216654,0.8570332212000739,0.0,4.0
18600.0,186.0,0.8570392517689889,0.0012286088216654,0.8570392517689889,0.0,4.0
19000.0,190.0,0.8570384049998881,0.0012286088216654,0.8570384049998881,0.0,4.0
19100.0,191.0,0.8570393912278438,0.0012286088216654,0.8570393912278438,0.0,4.0
19300.0,193.0,0.8570536899610186,0.0012286088216654,0.8570536899610186,0.0,4.0
19500.0,195.0,0.8570557677336634,0.0012286088216654,0.8570557677336634,0.0,4.0
19700.0,197.0,0.8570571331556511,0.0012286088216654,0.8570571331556511,0.0,4.0
19800.0,198.0,0.8570580141533608,0.0012286088216654,0.8570580141533608,0.0,4.0
100.0,1.0,0.4165723550188709,0.1595096595876077,0.4165723550188709,0.0,5.0
200.0,2.0,0.4833941323204767,0.1141761905380853,0.4833941323204767,0.0,5.0
300.0,3.0,0.579465529293761,0.0741968485029181,0.579465529293761,0.0,5.0
400.0,4.0,0.5804318896782255,0.0741968485029181,0.5804318896782255,0.0,5.0
500.0,5.0,0.6132236914662839,0.0629782577588567,0.6132236914662839,0.0,5.0
600.0,6.0,0.6375819952600565,0.0629782577588567,0.6375819952600565,0.0,5.0
700.0,7.0,0.6540421881944405,0.0577850788596019,0.6540421881944405,0.0,5.0
800.0,8.0,0.7698696930590225,0.0235600754335437,0.7698696930590225,0.0,5.0
900.0,9.0,0.7722073294852455,0.0235600754335437,0.7722073294852455,0.0,5.0
1000.0,10.0,0.7724559849932495,0.0234278480051143,0.7724559849932495,0.0,5.0
1100.0,11.0,0.7737764743063321,0.0208078577345808,0.7737764743063321,0.0,5.0
1200.0,12.0,0.7791644824940033,0.0194494615922101,0.7791644824940033,0.0,5.0
1300.0,13.0,0.7795300233741458,0.0180757543216477,0.7795300233741458,0.0,5.0
1400.0,14.0,0.7795506038547441,0.0180757543216477,0.7795506038547441,0.0,5.0
1500.0,15.0,0.7896049332207298,0.0178728206019894,0.7896049332207298,0.0,5.0
1600.0,16.0,0.7896924455573067,0.0178728206019894,0.7896924455573067,0.0,5.0
1700.0,17.0,0.7896986015893187,0.0178728206019894,0.7896986015893187,0.0,5.0
1800.0,18.0,0.7907219936533929,0.0178728206019894,0.7907219936533929,0.0,5.0
1900.0,19.0,0.7907305656216294,0.0178728206019894,0.7907305656216294,0.0,5.0
2000.0,20.0,0.790792657659065,0.0178728206019894,0.790792657659065,0.0,5.0
2100.0,21.0,0.8247507085960682,0.0178728206019894,0.8247507085960682,0.0,5.0
2200.0,22.0,0.8247520274053226,0.0178728206019894,0.8247520274053226,0.0,5.0
2300.0,23.0,0.8292765198762299,0.0174214984934776,0.8292765198762299,0.0,5.0
2400.0,24.0,0.8293716669009357,0.0174214984934776,0.8293716669009357,0.0,5.0
2500.0,25.0,0.8296013101358273,0.0171446321935534,0.8296013101358273,0.0,5.0
2600.0,26.0,0.8356308740194155,0.0155293324041653,0.8356308740194155,0.0,5.0
2700.0,27.0,0.8356316159546834,0.0155293324041653,0.8356316159546834,0.0,5.0
2800.0,28.0,0.835633432704035,0.0155293324041653,0.835633432704035,0.0,5.0
2900.0,29.0,0.8379999784690539,0.0145145264203479,0.8379999784690539,0.0,5.0
3000.0,30.0,0.8381655529045032,0.0145145264203479,0.8381655529045032,0.0,5.0
3100.0,31.0,0.8381696116241041,0.0145145264203479,0.8381696116241041,0.0,5.0
3200.0,32.0,0.838174119508943,0.0145145264203479,0.838174119508943,0.0,5.0
3300.0,33.0,0.8382523148134874,0.0145145264203479,0.8382523148134874,0.0,5.0
3400.0,34.0,0.838262231246207,0.0145145264203479,0.838262231246207,0.0,5.0
3500.0,35.0,0.838266820430647,0.0145145264203479,0.838266820430647,0.0,5.0
3700.0,37.0,0.8382735259908268,0.0145007492053972,0.8382735259908268,0.0,5.0
3800.0,38.0,0.8443639347524529,0.0104598927703051,0.8443639347524529,0.0,5.0
3900.0,39.0,0.8444473432099023,0.0104598927703051,0.8444473432099023,0.0,5.0
4000.0,40.0,0.8445202849693951,0.0104598927703051,0.8445202849693951,0.0,5.0
4100.0,41.0,0.8445503188868899,0.0104598927703051,0.8445503188868899,0.0,5.0
4200.0,42.0,0.8474945563147862,0.0091832310415211,0.8474945563147862,0.0,5.0
4300.0,43.0,0.8474965999723584,0.0091832310415211,0.8474965999723584,0.0,5.0
4400.0,44.0,0.8474966356474062,0.0091832310415211,0.8474966356474062,0.0,5.0
4500.0,45.0,0.8475500648621904,0.0091832310415211,0.8475500648621904,0.0,5.0
4600.0,46.0,0.8477030742331328,0.0089987036702233,0.8477030742331328,0.0,5.0
4700.0,47.0,0.8485438170654221,0.0084783920022897,0.8485438170654221,0.0,5.0
4800.0,48.0,0.8486117892786303,0.0084783920022897,0.8486117892786303,0.0,5.0
4900.0,49.0,0.8486132141154216,0.0084783920022897,0.8486132141154216,0.0,5.0
5000.0,50.0,0.848614242482217,0.0084783920022897,0.848614242482217,0.0,5.0
5100.0,51.0,0.8486145913881257,0.0084783920022897,0.8486145913881257,0.0,5.0
5200.0,52.0,0.8494483033813798,0.008420713733685,0.8494483033813798,0.0,5.0
5300.0,53.0,0.8494605857028634,0.008420713733685,0.8494605857028634,0.0,5.0
5400.0,54.0,0.849460650382939,0.008420713733685,0.849460650382939,0.0,5.0
5500.0,55.0,0.8524559794727934,0.0065796966921197,0.8524559794727934,0.0,5.0
5600.0,56.0,0.852487555218452,0.0065796966921197,0.852487555218452,0.0,5.0
5700.0,57.0,0.8524877173762951,0.0065796966921197,0.8524877173762951,0.0,5.0
5800.0,58.0,0.8525306973101633,0.0065796966921197,0.8525306973101633,0.0,5.0
5900.0,59.0,0.8525327789672739,0.0065796966921197,0.8525327789672739,0.0,5.0
6100.0,61.0,0.8525344160838374,0.0065796966921197,0.8525344160838374,0.0,5.0
6200.0,62.0,0.8525420455796768,0.0059833270740219,0.8525420455796768,0.0,5.0
6400.0,64.0,0.8525659459387539,0.0059234322037205,0.8525659459387539,0.0,5.0
6500.0,65.0,0.8525659580837014,0.0059234322037205,0.8525659580837014,0.0,5.0
6600.0,66.0,0.8525797410660669,0.0059234322037205,0.8525797410660669,0.0,5.0
6700.0,67.0,0.8534454827206396,0.0047180335581891,0.8534454827206396,0.0,5.0
6800.0,68.0,0.8534585825435973,0.0047120533772248,0.8534585825435973,0.0,5.0
7000.0,70.0,0.8537735491036643,0.0043139615669447,0.8537735491036643,0.0,5.0
7100.0,71.0,0.8537778778412185,0.0043139615669447,0.8537778778412185,0.0,5.0
7200.0,72.0,0.8538016982589401,0.0043139615669447,0.8538016982589401,0.0,5.0
7500.0,75.0,0.8554521206705114,0.0034219119889802,0.8554521206705114,0.0,5.0
7900.0,79.0,0.8554546443421805,0.0034219119889802,0.8554546443421805,0.0,5.0
8000.0,80.0,0.8554763254031026,0.0034219119889802,0.8554763254031026,0.0,5.0
8100.0,81.0,0.855482969378206,0.0034219119889802,0.855482969378206,0.0,5.0
8200.0,82.0,0.8554843239893575,0.0034219119889802,0.8554843239893575,0.0,5.0
8300.0,83.0,0.8554843442477736,0.0034219119889802,0.8554843442477736,0.0,5.0
8400.0,84.0,0.8558233886347678,0.0033713312232133,0.8558233886347678,0.0,5.0
8500.0,85.0,0.8558257860485109,0.0033887762989768,0.8558257860485109,0.0,5.0
8600.0,86.0,0.8567736850950527,0.0033212425213781,0.8567736850950527,0.0,5.0
8800.0,88.0,0.8568067248188516,0.0033063227547353,0.8568067248188516,0.0,5.0
9000.0,90.0,0.8568180693961464,0.0033063227547353,0.8568180693961464,0.0,5.0
9100.0,91.0,0.8568189480952676,0.0033063227547353,0.8568189480952676,0.0,5.0
9400.0,94.0,0.8568192784976375,0.0033063227547353,0.8568192784976375,0.0,5.0
9600.0,96.0,0.8568180978303414,0.0033063227547353,0.8568180978303414,0.0,5.0
9800.0,98.0,0.8568262825427888,0.0033063227547353,0.8568262825427888,0.0,5.0
9900.0,99.0,0.8568354732319522,0.0033063227547353,0.8568354732319522,0.0,5.0
10000.0,100.0,0.856846002926753,0.0033063227547353,0.856846002926753,0.0,5.0
10200.0,102.0,0.8568470254539697,0.0033063227547353,0.8568470254539697,0.0,5.0
10400.0,104.0,0.8568479230234306,0.0033063227547353,0.8568479230234306,0.0,5.0
10500.0,105.0,0.8583225623279924,0.0028039296405749,0.8583225623279924,0.0,5.0
10600.0,106.0,0.8583229481919074,0.0028039296405749,0.8583229481919074,0.0,5.0
10700.0,107.0,0.8583313281007424,0.0028039296405749,0.8583313281007424,0.0,5.0
10900.0,109.0,0.858321731388047,0.0028039296405749,0.858321731388047,0.0,5.0
11100.0,111.0,0.8583280444849822,0.0028039296405749,0.8583280444849822,0.0,5.0
11300.0,113.0,0.8583307245152266,0.0028039296405749,0.8583307245152266,0.0,5.0
11400.0,114.0,0.8583351397492519,0.0028039296405749,0.8583351397492519,0.0,5.0
11500.0,115.0,0.8583457017489212,0.0028039296405749,0.8583457017489212,0.0,5.0
11600.0,116.0,0.8583495368942651,0.0028039296405749,0.8583495368942651,0.0,5.0
12100.0,121.0,0.8585089553212183,0.0020137116749358,0.8585089553212183,0.0,5.0
12400.0,124.0,0.8585082689819202,0.0020137116749358,0.8585082689819202,0.0,5.0
12500.0,125.0,0.8585091392682268,0.0020137116749358,0.8585091392682268,0.0,5.0
12600.0,126.0,0.8585126125739985,0.0020137116749358,0.8585126125739985,0.0,5.0
12700.0,127.0,0.8585145232005329,0.0020137116749358,0.8585145232005329,0.0,5.0
12800.0,128.0,0.8585149434621735,0.0020137116749358,0.8585149434621735,0.0,5.0
12900.0,129.0,0.8585149960305861,0.0020137116749358,0.8585149960305861,0.0,5.0
13200.0,132.0,0.8585369517495233,0.0020152343464293,0.8585369517495233,0.0,5.0
13400.0,134.0,0.8585356039575732,0.0020152343464293,0.8585356039575732,0.0,5.0
13500.0,135.0,0.8585369033630311,0.0020152343464293,0.8585369033630311,0.0,5.0
13600.0,136.0,0.85853793428955,0.0020152343464293,0.85853793428955,0.0,5.0
13700.0,137.0,0.8585410910366682,0.0020152343464293,0.8585410910366682,0.0,5.0
13800.0,138.0,0.8585416817339833,0.0020152343464293,0.8585416817339833,0.0,5.0
13900.0,139.0,0.8586554257673027,0.0020152343464293,0.8586554257673027,0.0,5.0
14000.0,140.0,0.8586583565831638,0.0020152343464293,0.8586583565831638,0.0,5.0
14100.0,141.0,0.8586585969893857,0.0020152343464293,0.8586585969893857,0.0,5.0
14200.0,142.0,0.8586606061656209,0.0020152343464293,0.8586606061656209,0.0,5.0
14300.0,143.0,0.8586612354127726,0.0020152343464293,0.8586612354127726,0.0,5.0
14500.0,145.0,0.8586615766776645,0.0020152343464293,0.8586615766776645,0.0,5.0
14700.0,147.0,0.8586636344744986,0.0020152343464293,0.8586636344744986,0.0,5.0
14800.0,148.0,0.8586665099142464,0.0020152343464293,0.8586665099142464,0.0,5.0
14900.0,149.0,0.8586682568256668,0.0020152343464293,0.8586682568256668,0.0,5.0
15000.0,150.0,0.8587835029052582,0.0020152343464293,0.8587835029052582,0.0,5.0
15300.0,153.0,0.8588064434870055,0.0019678922476911,0.8588064434870055,0.0,5.0
15600.0,156.0,0.8588616136265705,0.0019678922476911,0.8588616136265705,0.0,5.0
15700.0,157.0,0.8588888276851184,0.0019648206376211,0.8588888276851184,0.0,5.0
16000.0,160.0,0.8588861211189788,0.0019648206376211,0.8588861211189788,0.0,5.0
16100.0,161.0,0.8588863555641584,0.0019648206376211,0.8588863555641584,0.0,5.0
16400.0,164.0,0.8588815535080999,0.0019648206376211,0.8588815535080999,0.0,5.0
16700.0,167.0,0.8588966334302458,0.0019648206376211,0.8588966334302458,0.0,5.0
16800.0,168.0,0.8588978737298469,0.0019648206376211,0.8588978737298469,0.0,5.0
17000.0,170.0,0.8588974910937273,0.0019638748960161,0.8588974910937273,0.0,5.0
17100.0,171.0,0.8590667010437547,0.0019518615600777,0.8590667010437547,0.0,5.0
17200.0,172.0,0.8591415807448338,0.0019518615600777,0.8591415807448338,0.0,5.0
17300.0,173.0,0.8591428794025544,0.0019518615600777,0.8591428794025544,0.0,5.0
17400.0,174.0,0.8591445591393199,0.0019518615600777,0.8591445591393199,0.0,5.0
17500.0,175.0,0.8591477336076502,0.0019518615600777,0.8591477336076502,0.0,5.0
17600.0,176.0,0.8591479266960226,0.0019518615600777,0.8591479266960226,0.0,5.0
17700.0,177.0,0.8591520713070697,0.0019453147818339,0.8591520713070697,0.0,5.0
17900.0,179.0,0.8591539292860945,0.0019453147818339,0.8591539292860945,0.0,5.0
18200.0,182.0,0.8591621458794558,0.0019453147818339,0.8591621458794558,0.0,5.0
18300.0,183.0,0.8591785219152377,0.0019453147818339,0.8591785219152377,0.0,5.0
18400.0,184.0,0.8591891736974512,0.0019453147818339,0.8591891736974512,0.0,5.0
18500.0,185.0,0.8591923684493755,0.0019453147818339,0.8591923684493755,0.0,5.0
19000.0,190.0,0.8591972463518469,0.0019524518257086,0.8591972463518469,0.0,5.0
19200.0,192.0,0.8591942968918805,0.0019522852891612,0.8591942968918805,0.0,5.0
19300.0,193.0,0.8591970061945453,0.0019522852891612,0.8591970061945453,0.0,5.0
19800.0,198.0,0.8591946024080731,0.0019522852891612,0.8591946024080731,0.0,5.0
19900.0,199.0,0.8591952463206648,0.0019522852891612,0.8591952463206648,0.0,5.0
20000.0,200.0,0.8591965062982566,0.0019522852891612,0.8591965062982566,0.0,5.0
100.0,1.0,0.7003972880652575,0.1596586236119114,0.7003972880652575,0.0,6.0
200.0,2.0,0.8064982505899724,0.0575343949684686,0.8064982505899724,0.0,6.0
600.0,6.0,0.8072090900371247,0.0448617953400351,0.8072090900371247,0.0,6.0
700.0,7.0,0.8378940680636698,0.0367457832042599,0.8378940680636698,0.0,6.0
800.0,8.0,0.8381788643653455,0.0111049646159818,0.8381788643653455,0.0,6.0
900.0,9.0,0.8386283263796326,0.0111049646159818,0.8386283263796326,0.0,6.0
1000.0,10.0,0.8388684370397593,0.0111049646159818,0.8388684370397593,0.0,6.0
1100.0,11.0,0.8390505932825465,0.0111005952427149,0.8390505932825465,0.0,6.0
1200.0,12.0,0.8404669853351209,0.0097311106592829,0.8404669853351209,0.0,6.0
1300.0,13.0,0.8409411768014938,0.0080659370828443,0.8409411768014938,0.0,6.0
1400.0,14.0,0.840968184667314,0.0080659370828443,0.840968184667314,0.0,6.0
1500.0,15.0,0.8410283728304422,0.0080659370828443,0.8410283728304422,0.0,6.0
1600.0,16.0,0.8458027939499119,0.0078290714814516,0.8458027939499119,0.0,6.0
1700.0,17.0,0.8458449906420302,0.0068752084492918,0.8458449906420302,0.0,6.0
1800.0,18.0,0.8458649517547829,0.0068752084492918,0.8458649517547829,0.0,6.0
1900.0,19.0,0.8458721057480845,0.0068752084492918,0.8458721057480845,0.0,6.0
2000.0,20.0,0.8462809038591375,0.0064268515472014,0.8462809038591375,0.0,6.0
2100.0,21.0,0.8462863176759198,0.0064268515472014,0.8462863176759198,0.0,6.0
2200.0,22.0,0.8462885404729713,0.0064268515472014,0.8462885404729713,0.0,6.0
2300.0,23.0,0.8462910326866006,0.0064268515472014,0.8462910326866006,0.0,6.0
2400.0,24.0,0.8462914398404585,0.0064268515472014,0.8462914398404585,0.0,6.0
2500.0,25.0,0.8462986512048487,0.0064268515472014,0.8462986512048487,0.0,6.0
2600.0,26.0,0.8462994817851794,0.0064268515472014,0.8462994817851794,0.0,6.0
2700.0,27.0,0.8463005250173147,0.0064268515472014,0.8463005250173147,0.0,6.0
2800.0,28.0,0.8463030458129862,0.0064268515472014,0.8463030458129862,0.0,6.0
2900.0,29.0,0.8463034560573206,0.0064268515472014,0.8463034560573206,0.0,6.0
3000.0,30.0,0.8463048413100359,0.0064268515472014,0.8463048413100359,0.0,6.0
3100.0,31.0,0.8463054000919893,0.0064268515472014,0.8463054000919893,0.0,6.0
3200.0,32.0,0.8469306290411946,0.0058506191604329,0.8469306290411946,0.0,6.0
3300.0,33.0,0.8470923479942113,0.005713283566059,0.8470923479942113,0.0,6.0
3400.0,34.0,0.8470929339521669,0.005713283566059,0.8470929339521669,0.0,6.0
3600.0,36.0,0.8470945533028368,0.005713283566059,0.8470945533028368,0.0,6.0
3700.0,37.0,0.8470956585632485,0.005713283566059,0.8470956585632485,0.0,6.0
3900.0,39.0,0.8470957639723813,0.005713283566059,0.8470957639723813,0.0,6.0
4100.0,41.0,0.8470961209572136,0.005713283566059,0.8470961209572136,0.0,6.0
4300.0,43.0,0.8470961021961193,0.005713283566059,0.8470961021961193,0.0,6.0
4400.0,44.0,0.8477537688191744,0.0055858558950289,0.8477537688191744,0.0,6.0
4600.0,46.0,0.848422191694081,0.0055458534769452,0.848422191694081,0.0,6.0
4700.0,47.0,0.8484230248844176,0.0055458534769452,0.8484230248844176,0.0,6.0
4900.0,49.0,0.8484235085963179,0.0055458534769452,0.8484235085963179,0.0,6.0
5000.0,50.0,0.8484262607389326,0.0055458534769452,0.8484262607389326,0.0,6.0
5200.0,52.0,0.84842594785612,0.0055458534769452,0.84842594785612,0.0,6.0
5300.0,53.0,0.8484273092946245,0.0055458534769452,0.8484273092946245,0.0,6.0
5400.0,54.0,0.8484273441266947,0.0055458534769452,0.8484273441266947,0.0,6.0
5500.0,55.0,0.8484274141475117,0.0055458534769452,0.8484274141475117,0.0,6.0
5700.0,57.0,0.848427142551185,0.0055458534769452,0.848427142551185,0.0,6.0
5800.0,58.0,0.8484272092614769,0.0055458534769452,0.8484272092614769,0.0,6.0
6000.0,60.0,0.8484273765594894,0.0055458534769452,0.8484273765594894,0.0,6.0
6100.0,61.0,0.8484275377788094,0.0055458534769452,0.8484275377788094,0.0,6.0
6200.0,62.0,0.848438684791494,0.0055432770355447,0.848438684791494,0.0,6.0
6400.0,64.0,0.8484386425420707,0.0055432770355447,0.8484386425420707,0.0,6.0
6500.0,65.0,0.848438651757655,0.0055432770355447,0.848438651757655,0.0,6.0
6600.0,66.0,0.8484386720488872,0.0055432770355447,0.8484386720488872,0.0,6.0
6800.0,68.0,0.8484385777771158,0.0055432770355447,0.8484385777771158,0.0,6.0
6900.0,69.0,0.848438625871442,0.0055432770355447,0.848438625871442,0.0,6.0
7100.0,71.0,0.848438579668135,0.0055432770355447,0.848438579668135,0.0,6.0
7400.0,74.0,0.8484384876736325,0.0055432770355447,0.8484384876736325,0.0,6.0
7600.0,76.0,0.8484564731346217,0.0055432770355447,0.8484564731346217,0.0,6.0
7700.0,77.0,0.8484568487204125,0.0055432770355447,0.8484568487204125,0.0,6.0
7800.0,78.0,0.848457588078643,0.0055432770355447,0.848457588078643,0.0,6.0
7900.0,79.0,0.8484579155597445,0.0055432770355447,0.8484579155597445,0.0,6.0
8100.0,81.0,0.8484585629422546,0.0055432770355447,0.8484585629422546,0.0,6.0
8200.0,82.0,0.8484586698301646,0.0055432770355447,0.8484586698301646,0.0,6.0
8400.0,84.0,0.8485690968439521,0.005499625408433,0.8485690968439521,0.0,6.0
8500.0,85.0,0.8485694528458334,0.005499625408433,0.8485694528458334,0.0,6.0
8600.0,86.0,0.8485698189308108,0.005499625408433,0.8485698189308108,0.0,6.0
8700.0,87.0,0.8485699435753322,0.005499625408433,0.8485699435753322,0.0,6.0
8800.0,88.0,0.8485700721624972,0.005499625408433,0.8485700721624972,0.0,6.0
9000.0,90.0,0.8485741369235189,0.0054893557005503,0.8485741369235189,0.0,6.0
9200.0,92.0,0.8485738365117628,0.0054893557005503,0.8485738365117628,0.0,6.0
9500.0,95.0,0.8485738745402268,0.0054893557005503,0.8485738745402268,0.0,6.0
9600.0,96.0,0.8485742779147446,0.0054893557005503,0.8485742779147446,0.0,6.0
9800.0,98.0,0.8485742058673167,0.0054893557005503,0.8485742058673167,0.0,6.0
10100.0,101.0,0.8486019205465967,0.0054153958479275,0.8486019205465967,0.0,6.0
10200.0,102.0,0.8486132608166295,0.0054153958479275,0.8486132608166295,0.0,6.0
10300.0,103.0,0.848613522074922,0.0054153958479275,0.848613522074922,0.0,6.0
10400.0,104.0,0.8486139772337455,0.0054153958479275,0.8486139772337455,0.0,6.0
10500.0,105.0,0.8486140383694915,0.0054153958479275,0.8486140383694915,0.0,6.0
10600.0,106.0,0.8486140923597009,0.0054153958479275,0.8486140923597009,0.0,6.0
10700.0,107.0,0.8486141832967675,0.0054153958479275,0.8486141832967675,0.0,6.0
10800.0,108.0,0.8491670826149574,0.0052466295845872,0.8491670826149574,0.0,6.0
10900.0,109.0,0.8494870936111706,0.0051803948366206,0.8494870936111706,0.0,6.0
11000.0,110.0,0.8494872488566709,0.0051803948366206,0.8494872488566709,0.0,6.0
11100.0,111.0,0.8494873522318283,0.0051803948366206,0.8494873522318283,0.0,6.0
11200.0,112.0,0.849487849542751,0.0051787760358002,0.849487849542751,0.0,6.0
11300.0,113.0,0.8494879232264994,0.0051787760358002,0.8494879232264994,0.0,6.0
11600.0,116.0,0.849489317725299,0.0051787760358002,0.849489317725299,0.0,6.0
12000.0,120.0,0.8494895365493564,0.0051787760358002,0.8494895365493564,0.0,6.0
12300.0,123.0,0.849488563219587,0.0051787760358002,0.849488563219587,0.0,6.0
12700.0,127.0,0.8494886112485833,0.0051787760358002,0.8494886112485833,0.0,6.0
12800.0,128.0,0.8494886245981091,0.0051787760358002,0.8494886245981091,0.0,6.0
12900.0,129.0,0.8494886847755634,0.0051787760358002,0.8494886847755634,0.0,6.0
13100.0,131.0,0.849488617596988,0.0051787760358002,0.849488617596988,0.0,6.0
13400.0,134.0,0.8494885060889322,0.0051787760358002,0.8494885060889322,0.0,6.0
13700.0,137.0,0.8494916973216405,0.0051704243312458,0.8494916973216405,0.0,6.0
13900.0,139.0,0.8494915779306417,0.0051704243312458,0.8494915779306417,0.0,6.0
14000.0,140.0,0.8496214265283055,0.0051552898807119,0.8496214265283055,0.0,6.0
14100.0,141.0,0.8496214836709634,0.0051552898807119,0.8496214836709634,0.0,6.0
14200.0,142.0,0.8496216137431187,0.0051552898807119,0.8496216137431187,0.0,6.0
14500.0,145.0,0.8496218954373087,0.0051552898807119,0.8496218954373087,0.0,6.0
14600.0,146.0,0.8496220042580697,0.0051552898807119,0.8496220042580697,0.0,6.0
14700.0,147.0,0.8496220662799405,0.0051552898807119,0.8496220662799405,0.0,6.0
14900.0,149.0,0.8496220751963585,0.0051552898807119,0.8496220751963585,0.0,6.0
15000.0,150.0,0.8496237214089916,0.0051552898807119,0.8496237214089916,0.0,6.0
15100.0,151.0,0.849623780179662,0.0051552898807119,0.849623780179662,0.0,6.0
15200.0,152.0,0.8496238952870212,0.0051552898807119,0.8496238952870212,0.0,6.0
15300.0,153.0,0.849623944976495,0.0051552898807119,0.849623944976495,0.0,6.0
15400.0,154.0,0.8496254048905459,0.0051552898807119,0.8496254048905459,0.0,6.0
15800.0,158.0,0.8496245413702069,0.0051552898807119,0.8496245413702069,0.0,6.0
15900.0,159.0,0.8496248336537938,0.0051552898807119,0.8496248336537938,0.0,6.0
16100.0,161.0,0.8496630521629234,0.0050783508262501,0.8496630521629234,0.0,6.0
16200.0,162.0,0.8496636445671268,0.0050783508262501,0.8496636445671268,0.0,6.0
16500.0,165.0,0.8496632887322039,0.0050783508262501,0.8496632887322039,0.0,6.0
16600.0,166.0,0.8496633388520779,0.0050783508262501,0.8496633388520779,0.0,6.0
16700.0,167.0,0.8496633880668879,0.0050783508262501,0.8496633880668879,0.0,6.0
16900.0,169.0,0.8496634773415044,0.0050783508262501,0.8496634773415044,0.0,6.0
17000.0,170.0,0.8496635922478964,0.0050783508262501,0.8496635922478964,0.0,6.0
17300.0,173.0,0.8496902517790573,0.0050063681437281,0.8496902517790573,0.0,6.0
17400.0,174.0,0.8496909319973657,0.0050063681437281,0.8496909319973657,0.0,6.0
17600.0,176.0,0.8496910094598777,0.0050063681437281,0.8496910094598777,0.0,6.0
17700.0,177.0,0.849691029761375,0.0050063681437281,0.849691029761375,0.0,6.0
17800.0,178.0,0.8496914063143697,0.0050063681437281,0.8496914063143697,0.0,6.0
17900.0,179.0,0.8496920451878075,0.0050063681437281,0.8496920451878075,0.0,6.0
18000.0,180.0,0.8496922141175232,0.0050063681437281,0.8496922141175232,0.0,6.0
18400.0,184.0,0.8496915744898196,0.0050063681437281,0.8496915744898196,0.0,6.0
18500.0,185.0,0.8496921940687026,0.0050063681437281,0.8496921940687026,0.0,6.0
18600.0,186.0,0.8496923030501241,0.0050063681437281,0.8496923030501241,0.0,6.0
18700.0,187.0,0.8496926833210333,0.0050063681437281,0.8496926833210333,0.0,6.0
18800.0,188.0,0.8496926918159539,0.0050063681437281,0.8496926918159539,0.0,6.0
18900.0,189.0,0.8496929105586148,0.0050063681437281,0.8496929105586148,0.0,6.0
19200.0,192.0,0.8496927428866379,0.0050063681437281,0.8496927428866379,0.0,6.0
19400.0,194.0,0.8496926312360293,0.0050063681437281,0.8496926312360293,0.0,6.0
19500.0,195.0,0.8496928504783017,0.0050063681437281,0.8496928504783017,0.0,6.0
19600.0,196.0,0.8496929824612024,0.0050063681437281,0.8496929824612024,0.0,6.0
19700.0,197.0,0.8496931019295891,0.0050063681437281,0.8496931019295891,0.0,6.0
20000.0,200.0,0.849693030932769,0.0050063681437281,0.849693030932769,0.0,6.0
100.0,1.0,0.5424807994056087,0.1931040950908908,0.5424807994056087,0.0,7.0
200.0,2.0,0.5726518745420854,0.1792274627479888,0.5726518745420854,0.0,7.0
300.0,3.0,0.6101384760184038,0.0773568931195611,0.6101384760184038,0.0,7.0
400.0,4.0,0.6118285356715487,0.0773568931195611,0.6118285356715487,0.0,7.0
500.0,5.0,0.7103182818598285,0.0427954868195604,0.7103182818598285,0.0,7.0
600.0,6.0,0.7233927230547023,0.029808770398061,0.7233927230547023,0.0,7.0
700.0,7.0,0.7238608549652134,0.029808770398061,0.7238608549652134,0.0,7.0
800.0,8.0,0.7575150625780104,0.0250724063541771,0.7575150625780104,0.0,7.0
900.0,9.0,0.7618539638859761,0.0232831155246534,0.7618539638859761,0.0,7.0
1000.0,10.0,0.7654718140987994,0.0204110331714665,0.7654718140987994,0.0,7.0
1100.0,11.0,0.7663996695479006,0.0204110331714665,0.7663996695479006,0.0,7.0
1200.0,12.0,0.7678696510973002,0.0188893640738996,0.7678696510973002,0.0,7.0
1300.0,13.0,0.7863615137054265,0.0176790220894683,0.7863615137054265,0.0,7.0
1400.0,14.0,0.7874049925965653,0.0176790220894683,0.7874049925965653,0.0,7.0
1500.0,15.0,0.787607611990336,0.0176790220894683,0.787607611990336,0.0,7.0
1600.0,16.0,0.7881427912136196,0.0176468125703425,0.7881427912136196,0.0,7.0
1700.0,17.0,0.7882619869490356,0.0176468125703425,0.7882619869490356,0.0,7.0
1800.0,18.0,0.8001922738086327,0.0176468125703425,0.8001922738086327,0.0,7.0
1900.0,19.0,0.8002107450704127,0.0176468125703425,0.8002107450704127,0.0,7.0
2000.0,20.0,0.8002680255142939,0.0176447475919726,0.8002680255142939,0.0,7.0
2100.0,21.0,0.8003766147694011,0.0176447475919726,0.8003766147694011,0.0,7.0
2200.0,22.0,0.8004109875496388,0.0176447475919726,0.8004109875496388,0.0,7.0
2300.0,23.0,0.8016494631742022,0.0175207147820112,0.8016494631742022,0.0,7.0
2400.0,24.0,0.8016552808424074,0.0175207147820112,0.8016552808424074,0.0,7.0
2500.0,25.0,0.8017076516374916,0.0174475253732883,0.8017076516374916,0.0,7.0
2600.0,26.0,0.8020302878950899,0.0159880077577522,0.8020302878950899,0.0,7.0
2700.0,27.0,0.8020401399715839,0.0159880077577522,0.8020401399715839,0.0,7.0
2800.0,28.0,0.8020726634267075,0.0159880077577522,0.8020726634267075,0.0,7.0
2900.0,29.0,0.8121277161677432,0.0159880077577522,0.8121277161677432,0.0,7.0
3000.0,30.0,0.8121294978782813,0.0159880077577522,0.8121294978782813,0.0,7.0
3100.0,31.0,0.8121331670648513,0.0159880077577522,0.8121331670648513,0.0,7.0
3200.0,32.0,0.8121445347732479,0.0159880077577522,0.8121445347732479,0.0,7.0
3300.0,33.0,0.8122084325389052,0.0159880077577522,0.8122084325389052,0.0,7.0
3400.0,34.0,0.8122113843320123,0.0159880077577522,0.8122113843320123,0.0,7.0
3500.0,35.0,0.8122126395893354,0.0159880077577522,0.8122126395893354,0.0,7.0
3600.0,36.0,0.8122201195831585,0.0159880077577522,0.8122201195831585,0.0,7.0
3700.0,37.0,0.8122257438050472,0.0159880077577522,0.8122257438050472,0.0,7.0
3800.0,38.0,0.8122266650370279,0.0159880077577522,0.8122266650370279,0.0,7.0
3900.0,39.0,0.812366438975489,0.0159656805214952,0.812366438975489,0.0,7.0
4000.0,40.0,0.8124634516890431,0.0158890035749082,0.8124634516890431,0.0,7.0
4100.0,41.0,0.8124639154215738,0.0158890035749082,0.8124639154215738,0.0,7.0
4200.0,42.0,0.8124668428312545,0.0158890035749082,0.8124668428312545,0.0,7.0
4300.0,43.0,0.8124682412812233,0.0158890035749082,0.8124682412812233,0.0,7.0
4600.0,46.0,0.8125611884439619,0.0158890035749082,0.8125611884439619,0.0,7.0
4700.0,47.0,0.8125644517096061,0.0158890035749082,0.8125644517096061,0.0,7.0
4800.0,48.0,0.8126172062676124,0.0158890035749082,0.8126172062676124,0.0,7.0
4900.0,49.0,0.8126256426513331,0.015894440389098,0.8126256426513331,0.0,7.0
5000.0,50.0,0.8126272162637435,0.015894440389098,0.8126272162637435,0.0,7.0
5100.0,51.0,0.8126300470222702,0.015894440389098,0.8126300470222702,0.0,7.0
5200.0,52.0,0.8126431248099812,0.015894440389098,0.8126431248099812,0.0,7.0
5300.0,53.0,0.8126446926132035,0.015894440389098,0.8126446926132035,0.0,7.0
5400.0,54.0,0.8126518448241198,0.015894440389098,0.8126518448241198,0.0,7.0
5500.0,55.0,0.8126531918106554,0.015894440389098,0.8126531918106554,0.0,7.0
5600.0,56.0,0.812671741323598,0.015894440389098,0.812671741323598,0.0,7.0
5700.0,57.0,0.8126972375119248,0.015894440389098,0.8126972375119248,0.0,7.0
5800.0,58.0,0.8127086439710017,0.015894440389098,0.8127086439710017,0.0,7.0
5900.0,59.0,0.8127220082390525,0.015894440389098,0.8127220082390525,0.0,7.0
6000.0,60.0,0.8127354421430343,0.015894440389098,0.8127354421430343,0.0,7.0
6100.0,61.0,0.8127374048927526,0.015894440389098,0.8127374048927526,0.0,7.0
6300.0,63.0,0.8127535913348075,0.015894440389098,0.8127535913348075,0.0,7.0
6400.0,64.0,0.812757295598843,0.015894440389098,0.812757295598843,0.0,7.0
6600.0,66.0,0.8127572229661414,0.0162750783880223,0.8127572229661414,0.0,7.0
7000.0,70.0,0.8127957365047808,0.016201477763463,0.8127957365047808,0.0,7.0
7200.0,72.0,0.8128096097821992,0.0161890295922275,0.8128096097821992,0.0,7.0
7300.0,73.0,0.8128098084109406,0.0161890295922275,0.8128098084109406,0.0,7.0
7400.0,74.0,0.812810891853509,0.0162529324891086,0.812810891853509,0.0,7.0
7500.0,75.0,0.8128117162862786,0.0162529324891086,0.8128117162862786,0.0,7.0
7600.0,76.0,0.8128172522859021,0.0162529324891086,0.8128172522859021,0.0,7.0
7700.0,77.0,0.8128232985468914,0.0162529324891086,0.8128232985468914,0.0,7.0
7800.0,78.0,0.8128233212293591,0.0162529324891086,0.8128233212293591,0.0,7.0
7900.0,79.0,0.8128359676075756,0.0162529324891086,0.8128359676075756,0.0,7.0
8200.0,82.0,0.8128579780670664,0.0162653806603441,0.8128579780670664,0.0,7.0
8300.0,83.0,0.812860858074465,0.0162653806603441,0.812860858074465,0.0,7.0
8400.0,84.0,0.8128614993531926,0.0162653806603441,0.8128614993531926,0.0,7.0
8700.0,87.0,0.8128623347156809,0.0162653806603441,0.8128623347156809,0.0,7.0
8900.0,89.0,0.812863893247874,0.0162653806603441,0.812863893247874,0.0,7.0
9200.0,92.0,0.8128744669717708,0.0162653806603441,0.8128744669717708,0.0,7.0
9300.0,93.0,0.8130410979894126,0.0162653806603441,0.8130410979894126,0.0,7.0
9400.0,94.0,0.8130494172809248,0.0162653806603441,0.8130494172809248,0.0,7.0
9600.0,96.0,0.8130487680122788,0.0162653806603441,0.8130487680122788,0.0,7.0
9700.0,97.0,0.8130488833014774,0.0162653806603441,0.8130488833014774,0.0,7.0
9800.0,98.0,0.8130491501281577,0.0162653806603441,0.8130491501281577,0.0,7.0
9900.0,99.0,0.81304934882843,0.0162653806603441,0.81304934882843,0.0,7.0
10000.0,100.0,0.813049947183002,0.0162653806603441,0.813049947183002,0.0,7.0
10100.0,101.0,0.8130504289869289,0.0162653806603441,0.8130504289869289,0.0,7.0
10200.0,102.0,0.813052725962726,0.0162563095001311,0.813052725962726,0.0,7.0
10400.0,104.0,0.8130537967705155,0.0162563095001311,0.8130537967705155,0.0,7.0
10500.0,105.0,0.8130802760899231,0.0162563095001311,0.8130802760899231,0.0,7.0
10600.0,106.0,0.8130840625840916,0.0162563095001311,0.8130840625840916,0.0,7.0
10700.0,107.0,0.8130884119730946,0.0162563095001311,0.8130884119730946,0.0,7.0
10900.0,109.0,0.8131065158952465,0.0162563095001311,0.8131065158952465,0.0,7.0
11100.0,111.0,0.8131138683887464,0.0162563095001311,0.8131138683887464,0.0,7.0
11200.0,112.0,0.813115078543439,0.0162563095001311,0.813115078543439,0.0,7.0
11300.0,113.0,0.8131256606929961,0.0162563095001311,0.8131256606929961,0.0,7.0
11500.0,115.0,0.8131279837405528,0.0162563095001311,0.8131279837405528,0.0,7.0
11600.0,116.0,0.8131613366146807,0.0161379778648401,0.8131613366146807,0.0,7.0
11700.0,117.0,0.8131678440956084,0.0161379778648401,0.8131678440956084,0.0,7.0
11800.0,118.0,0.8131697397609,0.0161379778648401,0.8131697397609,0.0,7.0
11900.0,119.0,0.813174904875035,0.0161346272320689,0.813174904875035,0.0,7.0
12000.0,120.0,0.8131749521262551,0.0161346272320689,0.8131749521262551,0.0,7.0
12100.0,121.0,0.813177628310173,0.0161346272320689,0.813177628310173,0.0,7.0
12200.0,122.0,0.8138321447763217,0.0156543885649524,0.8138321447763217,0.0,7.0
12300.0,123.0,0.8138349421952651,0.0156543885649524,0.8138349421952651,0.0,7.0
12500.0,125.0,0.8138392182483786,0.0156543885649524,0.8138392182483786,0.0,7.0
12800.0,128.0,0.8138331345633685,0.0156543885649524,0.8138331345633685,0.0,7.0
12900.0,129.0,0.8138448683700186,0.0156543885649524,0.8138448683700186,0.0,7.0
13100.0,131.0,0.8138447768994481,0.0156543885649524,0.8138447768994481,0.0,7.0
13200.0,132.0,0.8138748499703037,0.0156543885649524,0.8138748499703037,0.0,7.0
13300.0,133.0,0.8138750331039429,0.0156543885649524,0.8138750331039429,0.0,7.0
13400.0,134.0,0.8138757309958521,0.0156543885649524,0.8138757309958521,0.0,7.0
13600.0,136.0,0.8138862064452677,0.0156543885649524,0.8138862064452677,0.0,7.0
13700.0,137.0,0.8138887646516877,0.0156543885649524,0.8138887646516877,0.0,7.0
13900.0,139.0,0.8138913284595982,0.0156543885649524,0.8138913284595982,0.0,7.0
14000.0,140.0,0.8139219758256782,0.0156543885649524,0.8139219758256782,0.0,7.0
14100.0,141.0,0.8139224111889468,0.0156543885649524,0.8139224111889468,0.0,7.0
14200.0,142.0,0.8139234144514099,0.0156543885649524,0.8139234144514099,0.0,7.0
14300.0,143.0,0.8139252946886771,0.0156543885649524,0.8139252946886771,0.0,7.0
14400.0,144.0,0.8139303597172525,0.0156543801681643,0.8139303597172525,0.0,7.0
14600.0,146.0,0.8139334563773098,0.0156543801681643,0.8139334563773098,0.0,7.0
14900.0,149.0,0.8139335203227458,0.0156543801681643,0.8139335203227458,0.0,7.0
15200.0,152.0,0.813935070483522,0.0156620927948798,0.813935070483522,0.0,7.0
15400.0,154.0,0.8139374403184679,0.0156620927948798,0.8139374403184679,0.0,7.0
15600.0,156.0,0.8139413531262462,0.0156620927948798,0.8139413531262462,0.0,7.0
15900.0,159.0,0.8139373431690837,0.0156620927948798,0.8139373431690837,0.0,7.0
16000.0,160.0,0.8139373617601633,0.0156620927948798,0.8139373617601633,0.0,7.0
16100.0,161.0,0.8139394960782654,0.0156620927948798,0.8139394960782654,0.0,7.0
16300.0,163.0,0.8139390605558932,0.0156620927948798,0.8139390605558932,0.0,7.0
16700.0,167.0,0.8139389608234653,0.0156620927948798,0.8139389608234653,0.0,7.0
16900.0,169.0,0.8139395393359081,0.0156620927948798,0.8139395393359081,0.0,7.0
17000.0,170.0,0.8139469675948124,0.0156620927948798,0.8139469675948124,0.0,7.0
17300.0,173.0,0.8139466053151236,0.0156620927948798,0.8139466053151236,0.0,7.0
17400.0,174.0,0.8139485207181388,0.0156620927948798,0.8139485207181388,0.0,7.0
17900.0,179.0,0.8139543747845893,0.0156620927948798,0.8139543747845893,0.0,7.0
18000.0,180.0,0.8139565123777553,0.0156620927948798,0.8139565123777553,0.0,7.0
18300.0,183.0,0.8172513732787281,0.0154254706445921,0.8172513732787281,0.0,7.0
19000.0,190.0,0.8170460204980837,0.0154254706445921,0.8170460204980837,0.0,7.0
19200.0,192.0,0.817068053145989,0.0154254706445921,0.817068053145989,0.0,7.0
19300.0,193.0,0.8170691244846571,0.0154254706445921,0.8170691244846571,0.0,7.0
19600.0,196.0,0.8177664907445958,0.0153761909186122,0.8177664907445958,0.0,7.0
19700.0,197.0,0.8177800298891774,0.0153761909186122,0.8177800298891774,0.0,7.0
19900.0,199.0,0.8180970180157803,0.0153761909186122,0.8180970180157803,0.0,7.0
20000.0,200.0,0.8180975493152896,0.0153761909186122,0.8180975493152896,0.0,7.0
100.0,1.0,0.5741996204508578,0.1336558708239085,0.5741996204508578,0.0,8.0
200.0,2.0,0.6345594820648132,0.1134737738182952,0.6345594820648132,0.0,8.0
300.0,3.0,0.7568800517411977,0.0768777158969473,0.7568800517411977,0.0,8.0
500.0,5.0,0.7587232759846052,0.0440196378314488,0.7587232759846052,0.0,8.0
600.0,6.0,0.7592250751937157,0.0314322244645762,0.7592250751937157,0.0,8.0
700.0,7.0,0.8074287296928719,0.0234928769190483,0.8074287296928719,0.0,8.0
800.0,8.0,0.8214048946244927,0.0178454828576139,0.8214048946244927,0.0,8.0
900.0,9.0,0.821438266216482,0.0173036071432828,0.821438266216482,0.0,8.0
1000.0,10.0,0.8287243697792821,0.016569485088301,0.8287243697792821,0.0,8.0
1100.0,11.0,0.8317944885497781,0.0153781619978454,0.8317944885497781,0.0,8.0
1200.0,12.0,0.8330508930479258,0.0151769191494307,0.8330508930479258,0.0,8.0
1300.0,13.0,0.8330709708903569,0.0151769191494307,0.8330709708903569,0.0,8.0
1400.0,14.0,0.8353994381980144,0.0142836743886784,0.8353994381980144,0.0,8.0
1500.0,15.0,0.8358774421767156,0.0142375086354067,0.8358774421767156,0.0,8.0
1600.0,16.0,0.8358860307045549,0.0142375086354067,0.8358860307045549,0.0,8.0
1700.0,17.0,0.8358983311124797,0.0142375086354067,0.8358983311124797,0.0,8.0
1800.0,18.0,0.8359015959095508,0.0142375086354067,0.8359015959095508,0.0,8.0
1900.0,19.0,0.8360991130715035,0.0140463460585429,0.8360991130715035,0.0,8.0
2000.0,20.0,0.8361043452852648,0.0136765784716704,0.8361043452852648,0.0,8.0
2200.0,22.0,0.8387338293161508,0.0131116199194213,0.8387338293161508,0.0,8.0
2300.0,23.0,0.83873767957675,0.0127864277655447,0.83873767957675,0.0,8.0
2400.0,24.0,0.8387399330859064,0.0127864277655447,0.8387399330859064,0.0,8.0
2500.0,25.0,0.8387405765043339,0.0127864277655447,0.8387405765043339,0.0,8.0
2600.0,26.0,0.8387414950128572,0.0127864277655447,0.8387414950128572,0.0,8.0
2700.0,27.0,0.8387417810535975,0.0127864277655447,0.8387417810535975,0.0,8.0
2800.0,28.0,0.8387427668613053,0.0127864277655447,0.8387427668613053,0.0,8.0
2900.0,29.0,0.8387431303359181,0.0127864277655447,0.8387431303359181,0.0,8.0
3000.0,30.0,0.8387437657366192,0.0127864277655447,0.8387437657366192,0.0,8.0
3200.0,32.0,0.8387441871389886,0.0127864277655447,0.8387441871389886,0.0,8.0
3300.0,33.0,0.8387442850904077,0.0127864277655447,0.8387442850904077,0.0,8.0
3500.0,35.0,0.8387445592324289,0.0127864277655447,0.8387445592324289,0.0,8.0
3600.0,36.0,0.8387448191523604,0.0127864277655447,0.8387448191523604,0.0,8.0
3700.0,37.0,0.8387453823344653,0.0127864277655447,0.8387453823344653,0.0,8.0
3900.0,39.0,0.8387451842556278,0.0127864277655447,0.8387451842556278,0.0,8.0
4000.0,40.0,0.8417058142555685,0.0109813438115585,0.8417058142555685,0.0,8.0
4100.0,41.0,0.8417058775428736,0.0109813438115585,0.8417058775428736,0.0,8.0
4300.0,43.0,0.8417061937050436,0.0109813438115585,0.8417061937050436,0.0,8.0
4400.0,44.0,0.8417062605231228,0.0109813438115585,0.8417062605231228,0.0,8.0
4500.0,45.0,0.84215727131451,0.0108096816691564,0.84215727131451,0.0,8.0
4600.0,46.0,0.8421573221742831,0.0108096816691564,0.8421573221742831,0.0,8.0
4700.0,47.0,0.8421573872381902,0.0108096816691564,0.8421573872381902,0.0,8.0
4800.0,48.0,0.8421575277675852,0.0108096816691564,0.8421575277675852,0.0,8.0
4900.0,49.0,0.8457823467482362,0.0084682627601796,0.8457823467482362,0.0,8.0
5100.0,51.0,0.8457821443208173,0.0084682627601796,0.8457821443208173,0.0,8.0
5200.0,52.0,0.8461956319806545,0.007919957341169,0.8461956319806545,0.0,8.0
5500.0,55.0,0.8461956273234357,0.007919957341169,0.8461956273234357,0.0,8.0
5600.0,56.0,0.8461956929551238,0.007919957341169,0.8461956929551238,0.0,8.0
5700.0,57.0,0.8461960994214087,0.007919957341169,0.8461960994214087,0.0,8.0
5800.0,58.0,0.8461966062933027,0.007919957341169,0.8461966062933027,0.0,8.0
5900.0,59.0,0.8461966286244764,0.007919957341169,0.8461966286244764,0.0,8.0
6000.0,60.0,0.8461987540551779,0.007919957341169,0.8461987540551779,0.0,8.0
6100.0,61.0,0.8461990605751679,0.007919957341169,0.8461990605751679,0.0,8.0
6200.0,62.0,0.8462502074376926,0.007919957341169,0.8462502074376926,0.0,8.0
6400.0,64.0,0.8462506258782347,0.007919957341169,0.8462506258782347,0.0,8.0
6500.0,65.0,0.8462507914160212,0.007919957341169,0.8462507914160212,0.0,8.0
6600.0,66.0,0.8462510593971081,0.007919957341169,0.8462510593971081,0.0,8.0
6700.0,67.0,0.8462677533784758,0.007919957341169,0.8462677533784758,0.0,8.0
6900.0,69.0,0.8464080285931352,0.007724449556176,0.8464080285931352,0.0,8.0
7000.0,70.0,0.8464083484362738,0.007724449556176,0.8464083484362738,0.0,8.0
7100.0,71.0,0.8486816977581803,0.0060059759223063,0.8486816977581803,0.0,8.0
7200.0,72.0,0.8486818506702616,0.0060059759223063,0.8486818506702616,0.0,8.0
7300.0,73.0,0.8486819984001829,0.0060059759223063,0.8486819984001829,0.0,8.0
7400.0,74.0,0.8486820167769351,0.0060059759223063,0.8486820167769351,0.0,8.0
7500.0,75.0,0.8486823142941771,0.0060059759223063,0.8486823142941771,0.0,8.0
7600.0,76.0,0.8486827880773534,0.0060059759223063,0.8486827880773534,0.0,8.0
7700.0,77.0,0.848683492579865,0.0060059759223063,0.848683492579865,0.0,8.0
7800.0,78.0,0.8486836369259007,0.0060059759223063,0.8486836369259007,0.0,8.0
8000.0,80.0,0.8486835247053623,0.0060059759223063,0.8486835247053623,0.0,8.0
8100.0,81.0,0.8486835690198571,0.0060059759223063,0.8486835690198571,0.0,8.0
8200.0,82.0,0.8486836888937833,0.0060059759223063,0.8486836888937833,0.0,8.0
8300.0,83.0,0.848689376272542,0.0060059759223063,0.848689376272542,0.0,8.0
8700.0,87.0,0.8486897023837022,0.0060059759223063,0.8486897023837022,0.0,8.0
9100.0,91.0,0.8486941623253771,0.0060059759223063,0.8486941623253771,0.0,8.0
9200.0,92.0,0.8486941841312914,0.0060059759223063,0.8486941841312914,0.0,8.0
9500.0,95.0,0.8486940641735369,0.0060059759223063,0.8486940641735369,0.0,8.0
9600.0,96.0,0.8486943278383975,0.0060059759223063,0.8486943278383975,0.0,8.0
9700.0,97.0,0.8486955401124908,0.0057909114170899,0.8486955401124908,0.0,8.0
9900.0,99.0,0.8486950540150641,0.0057468087947994,0.8486950540150641,0.0,8.0
10000.0,100.0,0.8500502690001728,0.0051636687959957,0.8500502690001728,0.0,8.0
10100.0,101.0,0.8500503167615834,0.0051636687959957,0.8500503167615834,0.0,8.0
10200.0,102.0,0.8500503727601726,0.0051636687959957,0.8500503727601726,0.0,8.0
10400.0,104.0,0.8500506128838138,0.0051636687959957,0.8500506128838138,0.0,8.0
10800.0,108.0,0.8500501149101786,0.0051636687959957,0.8500501149101786,0.0,8.0
11500.0,115.0,0.8500492639291485,0.0051636687959957,0.8500492639291485,0.0,8.0
11600.0,116.0,0.8500496110649438,0.0051636687959957,0.8500496110649438,0.0,8.0
11700.0,117.0,0.850056380081676,0.0051636687959957,0.850056380081676,0.0,8.0
12000.0,120.0,0.8500557708310501,0.0051636687959957,0.8500557708310501,0.0,8.0
12100.0,121.0,0.8500560643049905,0.0051636687959957,0.8500560643049905,0.0,8.0
12200.0,122.0,0.850110098861303,0.0051466434805289,0.850110098861303,0.0,8.0
12800.0,128.0,0.8501095099728464,0.0051466434805289,0.8501095099728464,0.0,8.0
12900.0,129.0,0.8501372475694934,0.0051466434805289,0.8501372475694934,0.0,8.0
13000.0,130.0,0.8501877321961715,0.0050478677665909,0.8501877321961715,0.0,8.0
13100.0,131.0,0.8501882171980534,0.0050478677665909,0.8501882171980534,0.0,8.0
13200.0,132.0,0.8501884382261035,0.0050478677665909,0.8501884382261035,0.0,8.0
13300.0,133.0,0.8502696399502859,0.0050383555406624,0.8502696399502859,0.0,8.0
13500.0,135.0,0.8502700182713554,0.0050383555406624,0.8502700182713554,0.0,8.0
13600.0,136.0,0.850269612788881,0.0050357196825199,0.850269612788881,0.0,8.0
13700.0,137.0,0.8502773345338472,0.0050357196825199,0.8502773345338472,0.0,8.0
13800.0,138.0,0.8507719387995297,0.0049781965270538,0.8507719387995297,0.0,8.0
14100.0,141.0,0.8507716607632992,0.0049781965270538,0.8507716607632992,0.0,8.0
14200.0,142.0,0.850771989685392,0.0049781965270538,0.850771989685392,0.0,8.0
14300.0,143.0,0.8507720126487223,0.0049781965270538,0.8507720126487223,0.0,8.0
14400.0,144.0,0.8507722392827053,0.0049781965270538,0.8507722392827053,0.0,8.0
14500.0,145.0,0.8507743229054748,0.0049744023106333,0.8507743229054748,0.0,8.0
14600.0,146.0,0.8507744346000647,0.0049744023106333,0.8507744346000647,0.0,8.0
14700.0,147.0,0.8508045695812948,0.0049708859077164,0.8508045695812948,0.0,8.0
14900.0,149.0,0.8508047175036727,0.0049708859077164,0.8508047175036727,0.0,8.0
15000.0,150.0,0.8508084382862348,0.0049708859077164,0.8508084382862348,0.0,8.0
15200.0,152.0,0.8508085849878175,0.0049708859077164,0.8508085849878175,0.0,8.0
15300.0,153.0,0.8508085876848036,0.0049708859077164,0.8508085876848036,0.0,8.0
15400.0,154.0,0.85080872215783,0.0049708859077164,0.85080872215783,0.0,8.0
15700.0,157.0,0.8508086869961518,0.0049708859077164,0.8508086869961518,0.0,8.0
15900.0,159.0,0.8508079789529392,0.0049708859077164,0.8508079789529392,0.0,8.0
16200.0,162.0,0.8508081291436905,0.0049708859077164,0.8508081291436905,0.0,8.0
16600.0,166.0,0.8509472651929098,0.0049058120740358,0.8509472651929098,0.0,8.0
16800.0,168.0,0.8509477047379647,0.0049058120740358,0.8509477047379647,0.0,8.0
16900.0,169.0,0.851293332140382,0.0047570023224245,0.851293332140382,0.0,8.0
17000.0,170.0,0.8512934296136844,0.0047570023224245,0.8512934296136844,0.0,8.0
17100.0,171.0,0.851298126476878,0.0047473930299437,0.851298126476878,0.0,8.0
17200.0,172.0,0.8512982131762294,0.0047473930299437,0.8512982131762294,0.0,8.0
17300.0,173.0,0.8512985254793839,0.0047473930299437,0.8512985254793839,0.0,8.0
17400.0,174.0,0.8512986249762202,0.0047473930299437,0.8512986249762202,0.0,8.0
17600.0,176.0,0.8512985240860498,0.0047473930299437,0.8512985240860498,0.0,8.0
17700.0,177.0,0.8512985657675852,0.0047473930299437,0.8512985657675852,0.0,8.0
17800.0,178.0,0.8512986565962478,0.0047473930299437,0.8512986565962478,0.0,8.0
17900.0,179.0,0.8512987643369381,0.0047473930299437,0.8512987643369381,0.0,8.0
18200.0,182.0,0.8512985779590883,0.0047473930299437,0.8512985779590883,0.0,8.0
18400.0,184.0,0.8512985829320547,0.0047473930299437,0.8512985829320547,0.0,8.0
18500.0,185.0,0.8512985832989306,0.0047473930299437,0.8512985832989306,0.0,8.0
18900.0,189.0,0.8512974225063346,0.0048396405085209,0.8512974225063346,0.0,8.0
19000.0,190.0,0.8512975128602576,0.0048396405085209,0.8512975128602576,0.0,8.0
19300.0,193.0,0.8512974824015024,0.0048396405085209,0.8512974824015024,0.0,8.0
19500.0,195.0,0.8512972979443397,0.0048396405085209,0.8512972979443397,0.0,8.0
19600.0,196.0,0.8512977561000439,0.0048396405085209,0.8512977561000439,0.0,8.0
19900.0,199.0,0.8512977273870995,0.0048396405085209,0.8512977273870995,0.0,8.0
100.0,1.0,0.6935747106240427,0.0366299118636074,0.6935747106240427,0.0,9.0
200.0,2.0,0.7092544158585987,0.0331623634834014,0.7092544158585987,0.0,9.0
300.0,3.0,0.7221151530130206,0.0331623634834014,0.7221151530130206,0.0,9.0
400.0,4.0,0.7223165601868972,0.0331623634834014,0.7223165601868972,0.0,9.0
500.0,5.0,0.7970656577850092,0.0292666811330322,0.7970656577850092,0.0,9.0
600.0,6.0,0.7988376798829819,0.0284538644528185,0.7988376798829819,0.0,9.0
700.0,7.0,0.8073200818602877,0.0244142996364273,0.8073200818602877,0.0,9.0
800.0,8.0,0.8100848684261437,0.0227253639164914,0.8100848684261437,0.0,9.0
900.0,9.0,0.8110937520292422,0.0203492462432329,0.8110937520292422,0.0,9.0
1000.0,10.0,0.8119254545220662,0.0196011341040992,0.8119254545220662,0.0,9.0
1100.0,11.0,0.8123739289931885,0.0190679613470616,0.8123739289931885,0.0,9.0
1200.0,12.0,0.8131430426384009,0.0181457853044613,0.8131430426384009,0.0,9.0
1300.0,13.0,0.8136270531882293,0.0181457853044613,0.8136270531882293,0.0,9.0
1400.0,14.0,0.8138735565821116,0.0181457853044613,0.8138735565821116,0.0,9.0
1500.0,15.0,0.8142602416915352,0.0181457853044613,0.8142602416915352,0.0,9.0
1600.0,16.0,0.8142781024330529,0.0180073115791459,0.8142781024330529,0.0,9.0
1700.0,17.0,0.8142960252541998,0.0179827133640067,0.8142960252541998,0.0,9.0
1800.0,18.0,0.8142989687317665,0.0179827133640067,0.8142989687317665,0.0,9.0
1900.0,19.0,0.8158371762844909,0.0174746799948223,0.8158371762844909,0.0,9.0
2000.0,20.0,0.8158578416321547,0.0174746799948223,0.8158578416321547,0.0,9.0
2100.0,21.0,0.8160360019305741,0.0174746799948223,0.8160360019305741,0.0,9.0
2200.0,22.0,0.8160365497858281,0.0174746799948223,0.8160365497858281,0.0,9.0
2300.0,23.0,0.8163662430995507,0.0174746799948223,0.8163662430995507,0.0,9.0
2400.0,24.0,0.8529902027920577,0.0047845972443752,0.8529902027920577,0.0,9.0
2500.0,25.0,0.8529916146827458,0.0047845972443752,0.8529916146827458,0.0,9.0
2600.0,26.0,0.8530521101525015,0.0047845972443752,0.8530521101525015,0.0,9.0
2700.0,27.0,0.853053587208876,0.0047845972443752,0.853053587208876,0.0,9.0
2800.0,28.0,0.8532024973005109,0.0047188590724453,0.8532024973005109,0.0,9.0
2900.0,29.0,0.8532038212268381,0.0047188590724453,0.8532038212268381,0.0,9.0
3000.0,30.0,0.8533569108237953,0.0046263177521519,0.8533569108237953,0.0,9.0
3100.0,31.0,0.8534441182711766,0.0043887461074587,0.8534441182711766,0.0,9.0
3200.0,32.0,0.8534562621842151,0.0043887461074587,0.8534562621842151,0.0,9.0
3300.0,33.0,0.8534820287237034,0.0043749115695517,0.8534820287237034,0.0,9.0
3400.0,34.0,0.854155291340664,0.004218723455695,0.854155291340664,0.0,9.0
3500.0,35.0,0.8544553512979429,0.0039560141368827,0.8544553512979429,0.0,9.0
3600.0,36.0,0.8546600903544748,0.0039560141368827,0.8546600903544748,0.0,9.0
3700.0,37.0,0.8547015196154489,0.0039560141368827,0.8547015196154489,0.0,9.0
3800.0,38.0,0.854992001089536,0.0039560141368827,0.854992001089536,0.0,9.0
3900.0,39.0,0.8549996971804134,0.0038214028177366,0.8549996971804134,0.0,9.0
4000.0,40.0,0.8553812479498352,0.0038214028177366,0.8553812479498352,0.0,9.0
4100.0,41.0,0.8555558119964616,0.0037956306675275,0.8555558119964616,0.0,9.0
4200.0,42.0,0.8555753169792507,0.0037956306675275,0.8555753169792507,0.0,9.0
4300.0,43.0,0.8556111758288103,0.0037956306675275,0.8556111758288103,0.0,9.0
4400.0,44.0,0.8558670435516282,0.0035911476009728,0.8558670435516282,0.0,9.0
4500.0,45.0,0.8558681361944346,0.0035911476009728,0.8558681361944346,0.0,9.0
4600.0,46.0,0.8559332246253929,0.0035911476009728,0.8559332246253929,0.0,9.0
4700.0,47.0,0.8559368180746041,0.0035911476009728,0.8559368180746041,0.0,9.0
4800.0,48.0,0.8559432902708111,0.0034894656407504,0.8559432902708111,0.0,9.0
4900.0,49.0,0.8559967632455519,0.0034894656407504,0.8559967632455519,0.0,9.0
5000.0,50.0,0.8562534624121931,0.0033610810286995,0.8562534624121931,0.0,9.0
5100.0,51.0,0.8562554256777293,0.0033610810286995,0.8562554256777293,0.0,9.0
5200.0,52.0,0.8562914471107161,0.0033580440032524,0.8562914471107161,0.0,9.0
5300.0,53.0,0.8562949533450465,0.0033580440032524,0.8562949533450465,0.0,9.0
5400.0,54.0,0.8564027868233529,0.0030117255297227,0.8564027868233529,0.0,9.0
5600.0,56.0,0.8564127501170905,0.0030117255297227,0.8564127501170905,0.0,9.0
5800.0,58.0,0.8564325201037195,0.0030106382333521,0.8564325201037195,0.0,9.0
5900.0,59.0,0.8564719491759879,0.0029671263791046,0.8564719491759879,0.0,9.0
6000.0,60.0,0.8564719542765316,0.0029671263791046,0.8564719542765316,0.0,9.0
6100.0,61.0,0.8564719996787905,0.0029671263791046,0.8564719996787905,0.0,9.0
6200.0,62.0,0.8564929855004677,0.0029671263791046,0.8564929855004677,0.0,9.0
6300.0,63.0,0.8565391834531472,0.0029671263791046,0.8565391834531472,0.0,9.0
6400.0,64.0,0.8565738500147453,0.0029574211018071,0.8565738500147453,0.0,9.0
6500.0,65.0,0.8565774649303013,0.0029574211018071,0.8565774649303013,0.0,9.0
6600.0,66.0,0.8565805660559694,0.0029574211018071,0.8565805660559694,0.0,9.0
6700.0,67.0,0.8565833827803738,0.002917515385962,0.8565833827803738,0.0,9.0
6800.0,68.0,0.8565854694113814,0.002917515385962,0.8565854694113814,0.0,9.0
6900.0,69.0,0.8566479351735397,0.0028649592130672,0.8566479351735397,0.0,9.0
7000.0,70.0,0.8566693945267747,0.0028468317802119,0.8566693945267747,0.0,9.0
7100.0,71.0,0.8567016847762491,0.0028468317802119,0.8567016847762491,0.0,9.0
7200.0,72.0,0.8567033383849165,0.0028468317802119,0.8567033383849165,0.0,9.0
7300.0,73.0,0.8567034290398559,0.0028468317802119,0.8567034290398559,0.0,9.0
7400.0,74.0,0.8567056897317814,0.0028468317802119,0.8567056897317814,0.0,9.0
7500.0,75.0,0.8567212136099532,0.0028468317802119,0.8567212136099532,0.0,9.0
7600.0,76.0,0.856722647511937,0.0028468317802119,0.856722647511937,0.0,9.0
7900.0,79.0,0.8567226201885665,0.0028468198348674,0.8567226201885665,0.0,9.0
8000.0,80.0,0.856723852679949,0.0028468198348674,0.856723852679949,0.0,9.0
8100.0,81.0,0.8567360504839298,0.0028468198348674,0.8567360504839298,0.0,9.0
8200.0,82.0,0.8567373192088168,0.0028468198348674,0.8567373192088168,0.0,9.0
8300.0,83.0,0.8567509325675509,0.0028468198348674,0.8567509325675509,0.0,9.0
8400.0,84.0,0.8567530648764375,0.0028468198348674,0.8567530648764375,0.0,9.0
8600.0,86.0,0.8568019205291839,0.0028468198348674,0.8568019205291839,0.0,9.0
8700.0,87.0,0.8568024804260852,0.0028468198348674,0.8568024804260852,0.0,9.0
8800.0,88.0,0.8568065328527774,0.0028468198348674,0.8568065328527774,0.0,9.0
8900.0,89.0,0.8568276996684626,0.0028266227813099,0.8568276996684626,0.0,9.0
9000.0,90.0,0.8568282809900644,0.0028266227813099,0.8568282809900644,0.0,9.0
9100.0,91.0,0.8568447231385536,0.0028266227813099,0.8568447231385536,0.0,9.0
9200.0,92.0,0.8568594309221645,0.0028266227813099,0.8568594309221645,0.0,9.0
9400.0,94.0,0.8581579537125233,0.0012458124200811,0.8581579537125233,0.0,9.0
9700.0,97.0,0.8581573008369516,0.0012458124200811,0.8581573008369516,0.0,9.0
9800.0,98.0,0.858158478026118,0.0012458124200811,0.858158478026118,0.0,9.0
9900.0,99.0,0.8581915001896115,0.0012458124200811,0.8581915001896115,0.0,9.0
10300.0,103.0,0.858194060470358,0.0012426408120534,0.858194060470358,0.0,9.0
10400.0,104.0,0.8581973528525603,0.0012426408120534,0.8581973528525603,0.0,9.0
10500.0,105.0,0.8582034285041414,0.0012426408120534,0.8582034285041414,0.0,9.0
10600.0,106.0,0.858205744717941,0.0012426408120534,0.858205744717941,0.0,9.0
10700.0,107.0,0.8582090806036758,0.0012426408120534,0.8582090806036758,0.0,9.0
11000.0,110.0,0.8582151320362873,0.0012426408120534,0.8582151320362873,0.0,9.0
11100.0,111.0,0.85821816414106,0.0012426408120534,0.85821816414106,0.0,9.0
11200.0,112.0,0.8582189650252593,0.0012426408120534,0.8582189650252593,0.0,9.0
11400.0,114.0,0.858221365247169,0.0012426408120534,0.858221365247169,0.0,9.0
11600.0,116.0,0.8584789323007592,0.0011191833472179,0.8584789323007592,0.0,9.0
11700.0,117.0,0.8584888996136324,0.0011191833472179,0.8584888996136324,0.0,9.0
11800.0,118.0,0.8584984901917714,0.0011191833472179,0.8584984901917714,0.0,9.0
11900.0,119.0,0.8585123663672329,0.0011191833472179,0.8585123663672329,0.0,9.0
12000.0,120.0,0.8585169660352446,0.0010648723080767,0.8585169660352446,0.0,9.0
12100.0,121.0,0.858518299316567,0.0010648723080767,0.858518299316567,0.0,9.0
12200.0,122.0,0.8585210987716319,0.0010648723080767,0.8585210987716319,0.0,9.0
12300.0,123.0,0.8585234804156099,0.0010648723080767,0.8585234804156099,0.0,9.0
12500.0,125.0,0.8585628002582602,0.0010648723080767,0.8585628002582602,0.0,9.0
12600.0,126.0,0.8585654631176091,0.0010648723080767,0.8585654631176091,0.0,9.0
12700.0,127.0,0.8587112282093708,0.0010648723080767,0.8587112282093708,0.0,9.0
13100.0,131.0,0.8587085446260986,0.0010648723080767,0.8587085446260986,0.0,9.0
13300.0,133.0,0.8587117570918318,0.0010648723080767,0.8587117570918318,0.0,9.0
13400.0,134.0,0.8587273399159987,0.0010648723080767,0.8587273399159987,0.0,9.0
13500.0,135.0,0.8587514013812615,0.0010363920490208,0.8587514013812615,0.0,9.0
13600.0,136.0,0.8587521728844046,0.0010363920490208,0.8587521728844046,0.0,9.0
13700.0,137.0,0.8587526149216766,0.0010363920490208,0.8587526149216766,0.0,9.0
13800.0,138.0,0.8587529302130803,0.0010363920490208,0.8587529302130803,0.0,9.0
14200.0,142.0,0.8587541394026913,0.0010357386823199,0.8587541394026913,0.0,9.0
14300.0,143.0,0.8587549741796632,0.0010357386823199,0.8587549741796632,0.0,9.0
14400.0,144.0,0.8587655192884934,0.0010357386823199,0.8587655192884934,0.0,9.0
14500.0,145.0,0.8592628707857362,0.000996400432771,0.8592628707857362,0.0,9.0
14600.0,146.0,0.8592669755785448,0.000996400432771,0.8592669755785448,0.0,9.0
14800.0,148.0,0.8595111802980113,0.0009790530220171,0.8595111802980113,0.0,9.0
15000.0,150.0,0.8600203535839365,0.0008304401507851,0.8600203535839365,0.0,9.0
15200.0,152.0,0.8600189194308938,0.0008304401507851,0.8600189194308938,0.0,9.0
15300.0,153.0,0.8600248213972517,0.0008304401507851,0.8600248213972517,0.0,9.0
15400.0,154.0,0.8600862389467413,0.0008304401507851,0.8600862389467413,0.0,9.0
15500.0,155.0,0.8600865404543762,0.0008304401507851,0.8600865404543762,0.0,9.0
15600.0,156.0,0.8600865764256113,0.0008304401507851,0.8600865764256113,0.0,9.0
15700.0,157.0,0.8600870197972827,0.0008304401507851,0.8600870197972827,0.0,9.0
15800.0,158.0,0.860088619486096,0.0008304401507851,0.860088619486096,0.0,9.0
16000.0,160.0,0.8600898287176846,0.0008304401507851,0.8600898287176846,0.0,9.0
16200.0,162.0,0.8600917424471839,0.0008304401507851,0.8600917424471839,0.0,9.0
16300.0,163.0,0.8602208122037144,0.0008304401507851,0.8602208122037144,0.0,9.0
16400.0,164.0,0.8602232553146207,0.0008304401507851,0.8602232553146207,0.0,9.0
16500.0,165.0,0.8602242654163804,0.0008304401507851,0.8602242654163804,0.0,9.0
16800.0,168.0,0.8602237719131298,0.0008304401507851,0.8602237719131298,0.0,9.0
17000.0,170.0,0.8602394004173061,0.0008304401507851,0.8602394004173061,0.0,9.0
17100.0,171.0,0.860239770620208,0.0008304401507851,0.860239770620208,0.0,9.0
17200.0,172.0,0.8602398829467278,0.0008304401507851,0.8602398829467278,0.0,9.0
17300.0,173.0,0.8602402158203448,0.0008304401507851,0.8602402158203448,0.0,9.0
17500.0,175.0,0.8602389308974155,0.0008304401507851,0.8602389308974155,0.0,9.0
17600.0,176.0,0.8602399401625423,0.0008301126649799,0.8602399401625423,0.0,9.0
17700.0,177.0,0.8603679043893578,0.0006948105384182,0.8603679043893578,0.0,9.0
17800.0,178.0,0.8603681386136092,0.0006948105384182,0.8603681386136092,0.0,9.0
17900.0,179.0,0.8603718305903181,0.0006948105384182,0.8603718305903181,0.0,9.0
18000.0,180.0,0.8603720060965482,0.0006948105384182,0.8603720060965482,0.0,9.0
18100.0,181.0,0.8603733393296792,0.0006948105384182,0.8603733393296792,0.0,9.0
18300.0,183.0,0.8603858572796965,0.0006948105384182,0.8603858572796965,0.0,9.0
18700.0,187.0,0.8603881682725597,0.0006948105384182,0.8603881682725597,0.0,9.0
18900.0,189.0,0.860388554884496,0.0006948105384182,0.860388554884496,0.0,9.0
19000.0,190.0,0.8603903353341753,0.0006948105384182,0.8603903353341753,0.0,9.0
19100.0,191.0,0.860391521306896,0.0006948105384182,0.860391521306896,0.0,9.0
19200.0,192.0,0.8603924907278706,0.0008266499799588,0.8603924907278706,0.0,9.0
19600.0,196.0,0.8604064662447636,0.0008266499799588,0.8604064662447636,0.0,9.0
19700.0,197.0,0.860408148205516,0.0008266499799588,0.860408148205516,0.0,9.0
19900.0,199.0,0.8604111967735808,0.0008266499799588,0.8604111967735808,0.0,9.0
20000.0,200.0,0.8604206625503884,0.0008266499799588,0.8604206625503884,0.0,9.0
100.0,1.0,0.5225595141399622,0.238303304142485,0.5225595141399622,0.0,10.0
200.0,2.0,0.522970218420871,0.2377552149513504,0.522970218420871,0.0,10.0
300.0,3.0,0.5280502567521641,0.236945176817218,0.5280502567521641,0.0,10.0
500.0,5.0,0.5457785228629476,0.1466132418452572,0.5457785228629476,0.0,10.0
600.0,6.0,0.5458379250894349,0.1466132418452572,0.5458379250894349,0.0,10.0
700.0,7.0,0.562061107464043,0.1201191722606641,0.562061107464043,0.0,10.0
800.0,8.0,0.5664307388151231,0.1091225165680498,0.5664307388151231,0.0,10.0
900.0,9.0,0.6664115314500654,0.0597878642798104,0.6664115314500654,0.0,10.0
1000.0,10.0,0.6832349508483919,0.0561256448929436,0.6832349508483919,0.0,10.0
1100.0,11.0,0.7170797459196572,0.0442984781293686,0.7170797459196572,0.0,10.0
1200.0,12.0,0.7172891278023074,0.0381493681386269,0.7172891278023074,0.0,10.0
1300.0,13.0,0.7175325541502457,0.0337230116964433,0.7175325541502457,0.0,10.0
1400.0,14.0,0.717651320489939,0.0290957531813185,0.717651320489939,0.0,10.0
1500.0,15.0,0.7177413759758196,0.0290957531813185,0.7177413759758196,0.0,10.0
1600.0,16.0,0.7177500375099964,0.0290957531813185,0.7177500375099964,0.0,10.0
1700.0,17.0,0.7177647922612761,0.0272721449477167,0.7177647922612761,0.0,10.0
1800.0,18.0,0.7177764821858015,0.0272721449477167,0.7177764821858015,0.0,10.0
1900.0,19.0,0.7177799577214964,0.0272721449477167,0.7177799577214964,0.0,10.0
2000.0,20.0,0.7428323285187355,0.0247772475386803,0.7428323285187355,0.0,10.0
2100.0,21.0,0.7480920114506848,0.0242293269904993,0.7480920114506848,0.0,10.0
2200.0,22.0,0.748094222055679,0.0242293269904993,0.748094222055679,0.0,10.0
2300.0,23.0,0.7480992475270206,0.0242293269904993,0.7480992475270206,0.0,10.0
2400.0,24.0,0.7481047324035532,0.0242293269904993,0.7481047324035532,0.0,10.0
2500.0,25.0,0.7481056207204269,0.0240524545895078,0.7481056207204269,0.0,10.0
2600.0,26.0,0.7481073535306699,0.0240524545895078,0.7481073535306699,0.0,10.0
2700.0,27.0,0.7481077738588192,0.0240524545895078,0.7481077738588192,0.0,10.0
2800.0,28.0,0.7522668132164042,0.0228548870473489,0.7522668132164042,0.0,10.0
2900.0,29.0,0.7522674955961433,0.0228548870473489,0.7522674955961433,0.0,10.0
3000.0,30.0,0.7562876086113174,0.0217431778506541,0.7562876086113174,0.0,10.0
3100.0,31.0,0.7562878157066742,0.0217431778506541,0.7562878157066742,0.0,10.0
3200.0,32.0,0.7563938168389048,0.0217431778506541,0.7563938168389048,0.0,10.0
3400.0,34.0,0.7563951187640746,0.0217431778506541,0.7563951187640746,0.0,10.0
3500.0,35.0,0.7563974920607219,0.0217431778506541,0.7563974920607219,0.0,10.0
3800.0,38.0,0.7600703793933042,0.0210804539740172,0.7600703793933042,0.0,10.0
4000.0,40.0,0.7600722698597374,0.0210804539740172,0.7600722698597374,0.0,10.0
4100.0,41.0,0.760072378511076,0.0210804539740172,0.760072378511076,0.0,10.0
4200.0,42.0,0.7600727260922835,0.0210804539740172,0.7600727260922835,0.0,10.0
4300.0,43.0,0.7600729300330324,0.0210804539740172,0.7600729300330324,0.0,10.0
4400.0,44.0,0.7600747739388497,0.0210804539740172,0.7600747739388497,0.0,10.0
4500.0,45.0,0.7600752624518786,0.0210804539740172,0.7600752624518786,0.0,10.0
4900.0,49.0,0.7601870274315378,0.0210804539740172,0.7601870274315378,0.0,10.0
5000.0,50.0,0.7602381356050024,0.0210804539740172,0.7602381356050024,0.0,10.0
5100.0,51.0,0.7619622533056132,0.020670122283122,0.7619622533056132,0.0,10.0
5200.0,52.0,0.7619623072558133,0.020670122283122,0.7619623072558133,0.0,10.0
5300.0,53.0,0.7619625728528735,0.020670122283122,0.7619625728528735,0.0,10.0
5500.0,55.0,0.76196263253958,0.020670122283122,0.76196263253958,0.0,10.0
5600.0,56.0,0.7619628763611531,0.020670122283122,0.7619628763611531,0.0,10.0
5700.0,57.0,0.7619628993661324,0.020670122283122,0.7619628993661324,0.0,10.0
5800.0,58.0,0.7619638543010594,0.0203590805547299,0.7619638543010594,0.0,10.0
6000.0,60.0,0.7619638377545274,0.0203590805547299,0.7619638377545274,0.0,10.0
6100.0,61.0,0.762153742526246,0.0203590805547299,0.762153742526246,0.0,10.0
6200.0,62.0,0.7622589078783962,0.0203549274144588,0.7622589078783962,0.0,10.0
6400.0,64.0,0.7622591405632715,0.0203549274144588,0.7622591405632715,0.0,10.0
6500.0,65.0,0.7622596426128332,0.0203549274144588,0.7622596426128332,0.0,10.0
6600.0,66.0,0.7622619705813855,0.0203549274144588,0.7622619705813855,0.0,10.0
6800.0,68.0,0.7637293738016483,0.0202668586404683,0.7637293738016483,0.0,10.0
6900.0,69.0,0.7637302673683803,0.0202668586404683,0.7637302673683803,0.0,10.0
7000.0,70.0,0.7637303404786064,0.0202668586404683,0.7637303404786064,0.0,10.0
7100.0,71.0,0.7637306291882343,0.0202668586404683,0.7637306291882343,0.0,10.0
7200.0,72.0,0.7656030490567922,0.0199062827672874,0.7656030490567922,0.0,10.0
7300.0,73.0,0.7656038773344378,0.0199062827672874,0.7656038773344378,0.0,10.0
7600.0,76.0,0.7656035992330652,0.0199062827672874,0.7656035992330652,0.0,10.0
7700.0,77.0,0.7656036046652802,0.0199062827672874,0.7656036046652802,0.0,10.0
7900.0,79.0,0.7656032719112971,0.0199062827672874,0.7656032719112971,0.0,10.0
8000.0,80.0,0.765790145655451,0.0198909839716069,0.765790145655451,0.0,10.0
8300.0,83.0,0.7657904379568937,0.0198909839716069,0.7657904379568937,0.0,10.0
8400.0,84.0,0.765790469527269,0.0198909839716069,0.765790469527269,0.0,10.0
8500.0,85.0,0.7657912998172343,0.0198909839716069,0.7657912998172343,0.0,10.0
8700.0,87.0,0.7657912402196089,0.0198909839716069,0.7657912402196089,0.0,10.0
8800.0,88.0,0.7657917926126894,0.0198909839716069,0.7657917926126894,0.0,10.0
8900.0,89.0,0.7657918220463181,0.0198909839716069,0.7657918220463181,0.0,10.0
9000.0,90.0,0.7657925152550699,0.0198909839716069,0.7657925152550699,0.0,10.0
9100.0,91.0,0.7657925835955484,0.0198909839716069,0.7657925835955484,0.0,10.0
9200.0,92.0,0.7658678228171548,0.0198407557713611,0.7658678228171548,0.0,10.0
9400.0,94.0,0.7658676446344012,0.0198407557713611,0.7658676446344012,0.0,10.0
9500.0,95.0,0.765897192358247,0.0198407557713611,0.765897192358247,0.0,10.0
9700.0,97.0,0.7658981000839453,0.0198407557713611,0.7658981000839453,0.0,10.0
9900.0,99.0,0.765898228320882,0.0198407557713611,0.765898228320882,0.0,10.0
10000.0,100.0,0.7658983699331049,0.0198407557713611,0.7658983699331049,0.0,10.0
10100.0,101.0,0.7658993399345665,0.0198407557713611,0.7658993399345665,0.0,10.0
10200.0,102.0,0.765899354536371,0.0198407557713611,0.765899354536371,0.0,10.0
10400.0,104.0,0.765908736396338,0.0198025891550921,0.765908736396338,0.0,10.0
10600.0,106.0,0.7663662398736273,0.0196710595243872,0.7663662398736273,0.0,10.0
10700.0,107.0,0.7663665596239777,0.0196710595243872,0.7663665596239777,0.0,10.0
10900.0,109.0,0.7663666079620131,0.0196710595243872,0.7663666079620131,0.0,10.0
11000.0,110.0,0.7663666082084846,0.0196710595243872,0.7663666082084846,0.0,10.0
11300.0,113.0,0.7665264359635491,0.0196710595243872,0.7665264359635491,0.0,10.0
11400.0,114.0,0.7665270420903327,0.0195650614711844,0.7665270420903327,0.0,10.0
11600.0,116.0,0.7665271227861061,0.0195650614711844,0.7665271227861061,0.0,10.0
11800.0,118.0,0.7665268903310635,0.0195650614711844,0.7665268903310635,0.0,10.0
11900.0,119.0,0.767276446184338,0.0192410783976076,0.767276446184338,0.0,10.0
12000.0,120.0,0.7672765377664709,0.0192410783976076,0.7672765377664709,0.0,10.0
12200.0,122.0,0.7672763412261174,0.0192410783976076,0.7672763412261174,0.0,10.0
12300.0,123.0,0.7674173495445888,0.0192007238288763,0.7674173495445888,0.0,10.0
12400.0,124.0,0.7674177054738522,0.0192007238288763,0.7674177054738522,0.0,10.0
12600.0,126.0,0.7674175268981812,0.0192007238288763,0.7674175268981812,0.0,10.0
12700.0,127.0,0.7674177575148957,0.0192007238288763,0.7674177575148957,0.0,10.0
12800.0,128.0,0.7674178416091207,0.0192007238288763,0.7674178416091207,0.0,10.0
12900.0,129.0,0.7674179180948375,0.0192007238288763,0.7674179180948375,0.0,10.0
13100.0,131.0,0.7674179340068636,0.0192007238288763,0.7674179340068636,0.0,10.0
13600.0,136.0,0.7674174663996886,0.0192007238288763,0.7674174663996886,0.0,10.0
13900.0,139.0,0.7674172354605941,0.0192007238288763,0.7674172354605941,0.0,10.0
14300.0,143.0,0.767416896236673,0.0192007238288763,0.767416896236673,0.0,10.0
14400.0,144.0,0.7674170913955679,0.0192007238288763,0.7674170913955679,0.0,10.0
14500.0,145.0,0.7674172039123235,0.0192007238288763,0.7674172039123235,0.0,10.0
14800.0,148.0,0.7674190343893108,0.0192007238288763,0.7674190343893108,0.0,10.0
15200.0,152.0,0.7674327997756484,0.0192007238288763,0.7674327997756484,0.0,10.0
15300.0,153.0,0.7674329194096638,0.0192007238288763,0.7674329194096638,0.0,10.0
15400.0,154.0,0.7674432411207451,0.0192007238288763,0.7674432411207451,0.0,10.0
15600.0,156.0,0.7675156581165962,0.0192007238288763,0.7675156581165962,0.0,10.0
15700.0,157.0,0.7675156876193086,0.0192007238288763,0.7675156876193086,0.0,10.0
15800.0,158.0,0.7675259463860403,0.0192007238288763,0.7675259463860403,0.0,10.0
15900.0,159.0,0.7675263466517026,0.0192007238288763,0.7675263466517026,0.0,10.0
16000.0,160.0,0.7675595004073757,0.0192007238288763,0.7675595004073757,0.0,10.0
16100.0,161.0,0.767578207922239,0.0192007238288763,0.767578207922239,0.0,10.0
16500.0,165.0,0.7675781340246671,0.0192007238288763,0.7675781340246671,0.0,10.0
16600.0,166.0,0.7675782353604573,0.0192007238288763,0.7675782353604573,0.0,10.0
16900.0,169.0,0.7675775068760673,0.0192007238288763,0.7675775068760673,0.0,10.0
17000.0,170.0,0.7675775857719558,0.0192007238288763,0.7675775857719558,0.0,10.0
17200.0,172.0,0.7675776745133942,0.0192007238288763,0.7675776745133942,0.0,10.0
17500.0,175.0,0.7675778789744973,0.0192007238288763,0.7675778789744973,0.0,10.0
17600.0,176.0,0.7676022382245821,0.0192007238288763,0.7676022382245821,0.0,10.0
17700.0,177.0,0.7676100503769636,0.0192007238288763,0.7676100503769636,0.0,10.0
17800.0,178.0,0.7676100562957849,0.0192007238288763,0.7676100562957849,0.0,10.0
18000.0,180.0,0.7676134834839888,0.0192007238288763,0.7676134834839888,0.0,10.0
18400.0,184.0,0.7676125782996739,0.0192007238288763,0.7676125782996739,0.0,10.0
18500.0,185.0,0.767612695874048,0.0192007238288763,0.767612695874048,0.0,10.0
18700.0,187.0,0.7676125716568623,0.0192007238288763,0.7676125716568623,0.0,10.0
18800.0,188.0,0.7676143848992091,0.0192007238288763,0.7676143848992091,0.0,10.0
18900.0,189.0,0.7676145528332807,0.0192007238288763,0.7676145528332807,0.0,10.0
19000.0,190.0,0.7676149699941387,0.0192007238288763,0.7676149699941387,0.0,10.0
19100.0,191.0,0.7676156178204412,0.0192007238288763,0.7676156178204412,0.0,10.0
19300.0,193.0,0.7676155287078865,0.0192007238288763,0.7676155287078865,0.0,10.0
19600.0,196.0,0.767615489931327,0.0192007238288763,0.767615489931327,0.0,10.0
19700.0,197.0,0.767616280948257,0.0192007238288763,0.767616280948257,0.0,10.0
20000.0,200.0,0.7676158007408617,0.0192007238288763,0.7676158007408617,0.0,10.0
100.0,1.0,0.7274119162473811,0.0945900265160291,0.7274119162473811,0.0,11.0
300.0,3.0,0.7391070542736985,0.0887332621455333,0.7391070542736985,0.0,11.0
400.0,4.0,0.7404929025323409,0.0876514099887078,0.7404929025323409,0.0,11.0
500.0,5.0,0.7428098129109008,0.0863409838921897,0.7428098129109008,0.0,11.0
600.0,6.0,0.7571768369407671,0.0263388799896028,0.7571768369407671,0.0,11.0
700.0,7.0,0.7656060776017621,0.023350275961448,0.7656060776017621,0.0,11.0
800.0,8.0,0.7690930810316879,0.023350275961448,0.7690930810316879,0.0,11.0
900.0,9.0,0.7813214556756761,0.0216090681783183,0.7813214556756761,0.0,11.0
1000.0,10.0,0.7817359678763469,0.0216090681783183,0.7817359678763469,0.0,11.0
1100.0,11.0,0.7835322350150079,0.0187948316299952,0.7835322350150079,0.0,11.0
1200.0,12.0,0.7843716750094395,0.0187948316299952,0.7843716750094395,0.0,11.0
1300.0,13.0,0.7848014258147319,0.0187948316299952,0.7848014258147319,0.0,11.0
1400.0,14.0,0.7895636268936963,0.0183034981344963,0.7895636268936963,0.0,11.0
1500.0,15.0,0.7970960124855372,0.0177822308544789,0.7970960124855372,0.0,11.0
1600.0,16.0,0.7971598194007127,0.0177822308544789,0.7971598194007127,0.0,11.0
1700.0,17.0,0.7972172162450711,0.0177822308544789,0.7972172162450711,0.0,11.0
1800.0,18.0,0.7972866318291784,0.0177822308544789,0.7972866318291784,0.0,11.0
1900.0,19.0,0.7975224984394187,0.0176780030119767,0.7975224984394187,0.0,11.0
2000.0,20.0,0.7975401332016181,0.0176780030119767,0.7975401332016181,0.0,11.0
2100.0,21.0,0.7976288817431265,0.0176342594455611,0.7976288817431265,0.0,11.0
2200.0,22.0,0.7976336533861076,0.0176342594455611,0.7976336533861076,0.0,11.0
2300.0,23.0,0.7976436657668213,0.0176342594455611,0.7976436657668213,0.0,11.0
2400.0,24.0,0.7977183718480712,0.0176342594455611,0.7977183718480712,0.0,11.0
2500.0,25.0,0.7977213835285123,0.0176342594455611,0.7977213835285123,0.0,11.0
2600.0,26.0,0.8086252079454708,0.0168517125959274,0.8086252079454708,0.0,11.0
2700.0,27.0,0.808668034645967,0.0168517125959274,0.808668034645967,0.0,11.0
2800.0,28.0,0.8086747823097095,0.0168517125959274,0.8086747823097095,0.0,11.0
2900.0,29.0,0.8089474034316068,0.0168517125959274,0.8089474034316068,0.0,11.0
3000.0,30.0,0.8090429568244075,0.0164481232514457,0.8090429568244075,0.0,11.0
3100.0,31.0,0.809044885027166,0.0164481232514457,0.809044885027166,0.0,11.0
3300.0,33.0,0.8090627915855255,0.0164481232514457,0.8090627915855255,0.0,11.0
3400.0,34.0,0.8090631680628075,0.0164481232514457,0.8090631680628075,0.0,11.0
3500.0,35.0,0.809063852895764,0.0164481232514457,0.809063852895764,0.0,11.0
3600.0,36.0,0.80906428885991,0.0164481232514457,0.80906428885991,0.0,11.0
3700.0,37.0,0.8090647446261346,0.0167436083327748,0.8090647446261346,0.0,11.0
3800.0,38.0,0.809081830170105,0.0167436083327748,0.809081830170105,0.0,11.0
3900.0,39.0,0.8090835711863843,0.0167436083327748,0.8090835711863843,0.0,11.0
4000.0,40.0,0.8091277653673659,0.0167436083327748,0.8091277653673659,0.0,11.0
4200.0,42.0,0.8091286705965222,0.0167436083327748,0.8091286705965222,0.0,11.0
4300.0,43.0,0.8091423384979384,0.0167436083327748,0.8091423384979384,0.0,11.0
4400.0,44.0,0.8091732637532826,0.0168088824783005,0.8091732637532826,0.0,11.0
4500.0,45.0,0.8093466367669401,0.0168088824783005,0.8093466367669401,0.0,11.0
4600.0,46.0,0.8093466951701876,0.0168088824783005,0.8093466951701876,0.0,11.0
4700.0,47.0,0.809347077640863,0.0168083447345694,0.809347077640863,0.0,11.0
4800.0,48.0,0.8093647934959768,0.0168083447345694,0.8093647934959768,0.0,11.0
4900.0,49.0,0.8094293452343662,0.0160450991632839,0.8094293452343662,0.0,11.0
5000.0,50.0,0.8095531822208774,0.0160450991632839,0.8095531822208774,0.0,11.0
5100.0,51.0,0.8095748943568903,0.0160450991632839,0.8095748943568903,0.0,11.0
5200.0,52.0,0.8095774688659726,0.0160450991632839,0.8095774688659726,0.0,11.0
5300.0,53.0,0.8096914338520524,0.0159924637056472,0.8096914338520524,0.0,11.0
5400.0,54.0,0.8096943255233807,0.0159924637056472,0.8096943255233807,0.0,11.0
5500.0,55.0,0.8096968487332652,0.0159924637056472,0.8096968487332652,0.0,11.0
5600.0,56.0,0.8097252419515091,0.0159917895227843,0.8097252419515091,0.0,11.0
5700.0,57.0,0.8097308069417122,0.0159917895227843,0.8097308069417122,0.0,11.0
5900.0,59.0,0.8096525780620779,0.0159917895227843,0.8096525780620779,0.0,11.0
6000.0,60.0,0.8096692197346516,0.0159862346299232,0.8096692197346516,0.0,11.0
6200.0,62.0,0.8096807866008691,0.0159862346299232,0.8096807866008691,0.0,11.0
6300.0,63.0,0.8116132637780866,0.0158508517368547,0.8116132637780866,0.0,11.0
6400.0,64.0,0.8116133923437971,0.0158508517368547,0.8116133923437971,0.0,11.0
6500.0,65.0,0.8116205986094999,0.0158508517368547,0.8116205986094999,0.0,11.0
6600.0,66.0,0.8116672566756933,0.0157898722870956,0.8116672566756933,0.0,11.0
6700.0,67.0,0.8116694889625485,0.0157898722870956,0.8116694889625485,0.0,11.0
7000.0,70.0,0.8120749882444419,0.0157898722870956,0.8120749882444419,0.0,11.0
7100.0,71.0,0.8121902158397097,0.0157898722870956,0.8121902158397097,0.0,11.0
7200.0,72.0,0.8122451483505008,0.0157108563988883,0.8122451483505008,0.0,11.0
7300.0,73.0,0.8126060129949239,0.0157108563988883,0.8126060129949239,0.0,11.0
7500.0,75.0,0.8130009841819602,0.015683207240521,0.8130009841819602,0.0,11.0
7600.0,76.0,0.8130018219055563,0.015683207240521,0.8130018219055563,0.0,11.0
7700.0,77.0,0.8136770893573999,0.0156363484352187,0.8136770893573999,0.0,11.0
7900.0,79.0,0.8136780631233561,0.0156363484352187,0.8136780631233561,0.0,11.0
8100.0,81.0,0.8136883887925417,0.0156363484352187,0.8136883887925417,0.0,11.0
8200.0,82.0,0.813690222851086,0.0156363484352187,0.813690222851086,0.0,11.0
8300.0,83.0,0.8137231574944342,0.0156363484352187,0.8137231574944342,0.0,11.0
8400.0,84.0,0.8138862327053182,0.0156363484352187,0.8138862327053182,0.0,11.0
8600.0,86.0,0.8137333065547919,0.0156363484352187,0.8137333065547919,0.0,11.0
8800.0,88.0,0.8137335046826286,0.0156363484352187,0.8137335046826286,0.0,11.0
9000.0,90.0,0.8137543307539891,0.0155975001308344,0.8137543307539891,0.0,11.0
9100.0,91.0,0.813764907573682,0.0155975001308344,0.813764907573682,0.0,11.0
9200.0,92.0,0.8137652013407934,0.0155975001308344,0.8137652013407934,0.0,11.0
9500.0,95.0,0.8137656578218064,0.0155975001308344,0.8137656578218064,0.0,11.0
9600.0,96.0,0.8137675040036947,0.0155975001308344,0.8137675040036947,0.0,11.0
9700.0,97.0,0.8137699723620193,0.0155975001308344,0.8137699723620193,0.0,11.0
9900.0,99.0,0.8137744152806771,0.0155975001308344,0.8137744152806771,0.0,11.0
10000.0,100.0,0.8137745169603298,0.0155975001308344,0.8137745169603298,0.0,11.0
10100.0,101.0,0.8137861308930444,0.0155975001308344,0.8137861308930444,0.0,11.0
10200.0,102.0,0.8137875593165512,0.0155975001308344,0.8137875593165512,0.0,11.0
10400.0,104.0,0.8137797957245879,0.0155975001308344,0.8137797957245879,0.0,11.0
10500.0,105.0,0.8137799093429133,0.0155975001308344,0.8137799093429133,0.0,11.0
10600.0,106.0,0.8137841087438619,0.0155975001308344,0.8137841087438619,0.0,11.0
10700.0,107.0,0.8137853026678872,0.0155975001308344,0.8137853026678872,0.0,11.0
10800.0,108.0,0.8139148902052229,0.0155975001308344,0.8139148902052229,0.0,11.0
11100.0,111.0,0.8140438107150053,0.015269249211156,0.8140438107150053,0.0,11.0
11200.0,112.0,0.8140440460748138,0.015269249211156,0.8140440460748138,0.0,11.0
11400.0,114.0,0.8140443847445069,0.015269249211156,0.8140443847445069,0.0,11.0
11600.0,116.0,0.814043046939869,0.015269249211156,0.814043046939869,0.0,11.0
11800.0,118.0,0.8140416737468625,0.0152685341738458,0.8140416737468625,0.0,11.0
11900.0,119.0,0.8140590132515897,0.0152498410725894,0.8140590132515897,0.0,11.0
12000.0,120.0,0.8140590598147496,0.0152498410725894,0.8140590598147496,0.0,11.0
12200.0,122.0,0.8140604994604679,0.0152498410725894,0.8140604994604679,0.0,11.0
12300.0,123.0,0.8142630435480358,0.0152359031074883,0.8142630435480358,0.0,11.0
12400.0,124.0,0.81426374288539,0.0152359031074883,0.81426374288539,0.0,11.0
12500.0,125.0,0.8142609814458673,0.0152358993215214,0.8142609814458673,0.0,11.0
12600.0,126.0,0.8142653478125383,0.0152358993215214,0.8142653478125383,0.0,11.0
13000.0,130.0,0.8142749918562512,0.0152358993215214,0.8142749918562512,0.0,11.0
13200.0,132.0,0.8142762838940544,0.0152372445110944,0.8142762838940544,0.0,11.0
13600.0,136.0,0.8143317177895039,0.0151953318886264,0.8143317177895039,0.0,11.0
13700.0,137.0,0.8143319211178008,0.0151953318886264,0.8143319211178008,0.0,11.0
14000.0,140.0,0.8143345703822932,0.0151953318886264,0.8143345703822932,0.0,11.0
14300.0,143.0,0.8167186626943778,0.0151953318886264,0.8167186626943778,0.0,11.0
14400.0,144.0,0.8167223727167346,0.0151953318886264,0.8167223727167346,0.0,11.0
14500.0,145.0,0.8167252027280014,0.0151953318886264,0.8167252027280014,0.0,11.0
14700.0,147.0,0.8167256466463756,0.0151953318886264,0.8167256466463756,0.0,11.0
15000.0,150.0,0.8167352161910976,0.0151953318886264,0.8167352161910976,0.0,11.0
15300.0,153.0,0.8167346445710245,0.0151953318886264,0.8167346445710245,0.0,11.0
15400.0,154.0,0.8167347440824341,0.0151953318886264,0.8167347440824341,0.0,11.0
15500.0,155.0,0.8167396500080865,0.0151953318886264,0.8167396500080865,0.0,11.0
15600.0,156.0,0.8277756733184002,0.0151953318886264,0.8277756733184002,0.0,11.0
15700.0,157.0,0.8277759398743931,0.0151953318886264,0.8277759398743931,0.0,11.0
16000.0,160.0,0.827770878425843,0.0151953318886264,0.827770878425843,0.0,11.0
16100.0,161.0,0.8361043639807669,0.0130509310889269,0.8361043639807669,0.0,11.0
16200.0,162.0,0.8361055186994406,0.0130509310889269,0.8361055186994406,0.0,11.0
16300.0,163.0,0.8361073937434954,0.0130509310889269,0.8361073937434954,0.0,11.0
16600.0,166.0,0.8363695045421112,0.0129480816552552,0.8363695045421112,0.0,11.0
16700.0,167.0,0.8419822609659555,0.0104743466195753,0.8419822609659555,0.0,11.0
17300.0,173.0,0.8419831658709845,0.0104743466195753,0.8419831658709845,0.0,11.0
17400.0,174.0,0.8419843691339132,0.0104743466195753,0.8419843691339132,0.0,11.0
17500.0,175.0,0.8496160288228218,0.0056749394017109,0.8496160288228218,0.0,11.0
17600.0,176.0,0.8496166258748705,0.0056749394017109,0.8496166258748705,0.0,11.0
17700.0,177.0,0.8496173278565586,0.0056749394017109,0.8496173278565586,0.0,11.0
17800.0,178.0,0.8496354611410382,0.0056749394017109,0.8496354611410382,0.0,11.0
17900.0,179.0,0.8531324239230783,0.0030892635147734,0.8531324239230783,0.0,11.0
18000.0,180.0,0.8537171172690197,0.0027082710452248,0.8537171172690197,0.0,11.0
18200.0,182.0,0.853716310307896,0.0027082710452248,0.853716310307896,0.0,11.0
18300.0,183.0,0.8544339359477378,0.0023976236199574,0.8544339359477378,0.0,11.0
18400.0,184.0,0.854588135789788,0.0021896968069502,0.854588135789788,0.0,11.0
18500.0,185.0,0.8545958194944492,0.0021896968069502,0.8545958194944492,0.0,11.0
18800.0,188.0,0.8549964627146784,0.0017420960930284,0.8549964627146784,0.0,11.0
18900.0,189.0,0.8550085445402819,0.0017420960930284,0.8550085445402819,0.0,11.0
19000.0,190.0,0.8550087079868134,0.0017420960930284,0.8550087079868134,0.0,11.0
19200.0,192.0,0.8550095688339943,0.0017420960930284,0.8550095688339943,0.0,11.0
19300.0,193.0,0.8550102483987528,0.0017420960930284,0.8550102483987528,0.0,11.0
19400.0,194.0,0.8550121084572397,0.0017420960930284,0.8550121084572397,0.0,11.0
19500.0,195.0,0.8550125058133237,0.0017420960930284,0.8550125058133237,0.0,11.0
19700.0,197.0,0.8550253193341025,0.0017420960930284,0.8550253193341025,0.0,11.0
19900.0,199.0,0.8550240045882292,0.0017423740004747,0.8550240045882292,0.0,11.0
20000.0,200.0,0.8550241645115096,0.0017423740004747,0.8550241645115096,0.0,11.0
100.0,1.0,0.5728483187800703,0.0896676537583433,0.5728483187800703,0.0,12.0
200.0,2.0,0.7544464526864745,0.0396015320287306,0.7544464526864745,0.0,12.0
300.0,3.0,0.7951629264925054,0.0308119558243123,0.7951629264925054,0.0,12.0
400.0,4.0,0.7967521947373807,0.0308119558243123,0.7967521947373807,0.0,12.0
500.0,5.0,0.7968589550929677,0.0252048318912273,0.7968589550929677,0.0,12.0
600.0,6.0,0.7996219841768349,0.0232567347072421,0.7996219841768349,0.0,12.0
700.0,7.0,0.8171743883894341,0.0232567347072421,0.8171743883894341,0.0,12.0
800.0,8.0,0.8414709202596069,0.0121026119662132,0.8414709202596069,0.0,12.0
900.0,9.0,0.8416084161916781,0.0121026119662132,0.8416084161916781,0.0,12.0
1000.0,10.0,0.8416152828818809,0.0121026119662132,0.8416152828818809,0.0,12.0
1100.0,11.0,0.8416466963618392,0.0121026119662132,0.8416466963618392,0.0,12.0
1200.0,12.0,0.8416552253950824,0.0121026119662132,0.8416552253950824,0.0,12.0
1300.0,13.0,0.8416688759833616,0.0115800090444299,0.8416688759833616,0.0,12.0
1400.0,14.0,0.8416701334063408,0.0115800090444299,0.8416701334063408,0.0,12.0
1500.0,15.0,0.8416798023591087,0.0115800090444299,0.8416798023591087,0.0,12.0
1600.0,16.0,0.8416819074531775,0.0115800090444299,0.8416819074531775,0.0,12.0
1700.0,17.0,0.8416827556185499,0.0115800090444299,0.8416827556185499,0.0,12.0
1900.0,19.0,0.8416892444244791,0.0115800090444299,0.8416892444244791,0.0,12.0
2000.0,20.0,0.8416936150884657,0.0115800090444299,0.8416936150884657,0.0,12.0
2100.0,21.0,0.8416946689402566,0.0115800090444299,0.8416946689402566,0.0,12.0
2200.0,22.0,0.8417073035302821,0.0107623365064855,0.8417073035302821,0.0,12.0
2300.0,23.0,0.8417077986018568,0.0107623365064855,0.8417077986018568,0.0,12.0
2400.0,24.0,0.8417087571282381,0.0104298265159843,0.8417087571282381,0.0,12.0
2500.0,25.0,0.8417088289758957,0.0104298265159843,0.8417088289758957,0.0,12.0
2600.0,26.0,0.8417090607533728,0.0104298265159843,0.8417090607533728,0.0,12.0
2700.0,27.0,0.8417094778542276,0.0104298265159843,0.8417094778542276,0.0,12.0
2800.0,28.0,0.8417095866319556,0.0104298265159843,0.8417095866319556,0.0,12.0
2900.0,29.0,0.841840038360862,0.0102224835590198,0.841840038360862,0.0,12.0
3000.0,30.0,0.8418420591038334,0.0102224835590198,0.8418420591038334,0.0,12.0
3100.0,31.0,0.8418434036376365,0.0102224835590198,0.8418434036376365,0.0,12.0
3200.0,32.0,0.8418443306089609,0.0102224835590198,0.8418443306089609,0.0,12.0
3300.0,33.0,0.8418458289486285,0.0102224835590198,0.8418458289486285,0.0,12.0
3400.0,34.0,0.8421277611475732,0.0092792436048173,0.8421277611475732,0.0,12.0
3500.0,35.0,0.8421281559288277,0.0092792436048173,0.8421281559288277,0.0,12.0
3600.0,36.0,0.8421282921219001,0.0092792436048173,0.8421282921219001,0.0,12.0
3800.0,38.0,0.8421264010918535,0.0092792436048173,0.8421264010918535,0.0,12.0
3900.0,39.0,0.8421265928573722,0.0092792436048173,0.8421265928573722,0.0,12.0
4100.0,41.0,0.842126755259481,0.0092792436048173,0.842126755259481,0.0,12.0
4200.0,42.0,0.8433172353148968,0.0088029030621972,0.8433172353148968,0.0,12.0
4500.0,45.0,0.8433173716764888,0.0088029030621972,0.8433173716764888,0.0,12.0
4700.0,47.0,0.8433176165649192,0.0088029030621972,0.8433176165649192,0.0,12.0
4800.0,48.0,0.8433180407328345,0.0088029030621972,0.8433180407328345,0.0,12.0
5300.0,53.0,0.8433168751935679,0.0088029030621972,0.8433168751935679,0.0,12.0
5400.0,54.0,0.8433177182688232,0.0088029030621972,0.8433177182688232,0.0,12.0
5600.0,56.0,0.8433177249576937,0.0088029030621972,0.8433177249576937,0.0,12.0
5700.0,57.0,0.8433190228396655,0.0088029030621972,0.8433190228396655,0.0,12.0
5800.0,58.0,0.8433191416000426,0.0088029030621972,0.8433191416000426,0.0,12.0
5900.0,59.0,0.8433195023636572,0.0088029030621972,0.8433195023636572,0.0,12.0
6000.0,60.0,0.8433209034384359,0.0088029030621972,0.8433209034384359,0.0,12.0
6400.0,64.0,0.8434607117592238,0.0086385299084456,0.8434607117592238,0.0,12.0
6600.0,66.0,0.8434607257611351,0.0086385299084456,0.8434607257611351,0.0,12.0
6900.0,69.0,0.8434598117338996,0.0086385299084456,0.8434598117338996,0.0,12.0
7100.0,71.0,0.8434598247753818,0.0086385299084456,0.8434598247753818,0.0,12.0
7300.0,73.0,0.8434606458965669,0.0086385299084456,0.8434606458965669,0.0,12.0
7400.0,74.0,0.8434607673297096,0.0086385299084456,0.8434607673297096,0.0,12.0
7500.0,75.0,0.8434610077095579,0.0086385299084456,0.8434610077095579,0.0,12.0
7600.0,76.0,0.8434610162047569,0.0086385299084456,0.8434610162047569,0.0,12.0
7800.0,78.0,0.8434610314932266,0.0086385299084456,0.8434610314932266,0.0,12.0
8100.0,81.0,0.8434608983784335,0.0086385299084456,0.8434608983784335,0.0,12.0
8200.0,82.0,0.8434618769412214,0.0086385299084456,0.8434618769412214,0.0,12.0
8300.0,83.0,0.8434619996050011,0.0086385299084456,0.8434619996050011,0.0,12.0
8500.0,85.0,0.8434618361117409,0.0086385299084456,0.8434618361117409,0.0,12.0
8700.0,87.0,0.8445396567122716,0.0079534924837679,0.8445396567122716,0.0,12.0
8900.0,89.0,0.8445394292470962,0.0079534924837679,0.8445394292470962,0.0,12.0
9000.0,90.0,0.8445399902993534,0.0079352187082444,0.8445399902993534,0.0,12.0
9100.0,91.0,0.8445402151221488,0.0079352187082444,0.8445402151221488,0.0,12.0
9400.0,94.0,0.8445396390797758,0.0079352187082444,0.8445396390797758,0.0,12.0
9700.0,97.0,0.8445428779533084,0.0079352187082444,0.8445428779533084,0.0,12.0
9900.0,99.0,0.8449986116009753,0.007550755728346,0.8449986116009753,0.0,12.0
10100.0,101.0,0.8449985993383693,0.007550755728346,0.8449985993383693,0.0,12.0
10200.0,102.0,0.844998917692798,0.007550755728346,0.844998917692798,0.0,12.0
10300.0,103.0,0.8449998799866136,0.007550755728346,0.8449998799866136,0.0,12.0
10500.0,105.0,0.8449998978372889,0.007550755728346,0.8449998978372889,0.0,12.0
10800.0,108.0,0.8449996160773214,0.007550755728346,0.8449996160773214,0.0,12.0
10900.0,109.0,0.8450014832363838,0.007550755728346,0.8450014832363838,0.0,12.0
11000.0,110.0,0.8450023055967751,0.007550755728346,0.8450023055967751,0.0,12.0
11200.0,112.0,0.845738329727265,0.0064793443682352,0.845738329727265,0.0,12.0
11300.0,113.0,0.8457386738869328,0.0064793443682352,0.8457386738869328,0.0,12.0
11400.0,114.0,0.8457388170324668,0.0064793443682352,0.8457388170324668,0.0,12.0
11800.0,118.0,0.8457384170394947,0.0064793443682352,0.8457384170394947,0.0,12.0
12000.0,120.0,0.845738136326939,0.0064793443682352,0.845738136326939,0.0,12.0
12100.0,121.0,0.8458770798586068,0.006274162023431,0.8458770798586068,0.0,12.0
12200.0,122.0,0.846569248537059,0.0054343081401776,0.846569248537059,0.0,12.0
12400.0,124.0,0.8465692926389043,0.0054343081401776,0.8465692926389043,0.0,12.0
12500.0,125.0,0.8465693730660168,0.0054343081401776,0.8465693730660168,0.0,12.0
12600.0,126.0,0.8465694854881775,0.0054343081401776,0.8465694854881775,0.0,12.0
13000.0,130.0,0.8465694494249455,0.0054343081401776,0.8465694494249455,0.0,12.0
13100.0,131.0,0.8465694846632915,0.0054343081401776,0.8465694846632915,0.0,12.0
13300.0,133.0,0.8465692769570017,0.0054343081401776,0.8465692769570017,0.0,12.0
13400.0,134.0,0.846569295926026,0.0054343081401776,0.846569295926026,0.0,12.0
13500.0,135.0,0.8465865090982013,0.0054189140540712,0.8465865090982013,0.0,12.0
13600.0,136.0,0.8465865126694614,0.0054189140540712,0.8465865126694614,0.0,12.0
13700.0,137.0,0.8465868304335781,0.0054189140540712,0.8465868304335781,0.0,12.0
13900.0,139.0,0.8465870477502115,0.0054189140540712,0.8465870477502115,0.0,12.0
14000.0,140.0,0.8465870867654448,0.0054189140540712,0.8465870867654448,0.0,12.0
14100.0,141.0,0.8465872855658151,0.0054189140540712,0.8465872855658151,0.0,12.0
14200.0,142.0,0.8465874885554772,0.0054189140540712,0.8465874885554772,0.0,12.0
14300.0,143.0,0.8466303854730594,0.0053812543677643,0.8466303854730594,0.0,12.0
14500.0,145.0,0.8466306359310296,0.0053812543677643,0.8466306359310296,0.0,12.0
14600.0,146.0,0.8466306649368581,0.0053812543677643,0.8466306649368581,0.0,12.0
14800.0,148.0,0.8474554491760147,0.0052080200161863,0.8474554491760147,0.0,12.0
15000.0,150.0,0.8474553359792788,0.0052080200161863,0.8474553359792788,0.0,12.0
15100.0,151.0,0.8474553399639486,0.0052080200161863,0.8474553399639486,0.0,12.0
15200.0,152.0,0.8474555047954812,0.0052080200161863,0.8474555047954812,0.0,12.0
15400.0,154.0,0.8474554304074194,0.0052080200161863,0.8474554304074194,0.0,12.0
15500.0,155.0,0.8476608974253894,0.005104109548241,0.8476608974253894,0.0,12.0
15600.0,156.0,0.8476609854710019,0.005104109548241,0.8476609854710019,0.0,12.0
15800.0,158.0,0.847660722050457,0.005104109548241,0.847660722050457,0.0,12.0
15900.0,159.0,0.8476612048485088,0.005104109548241,0.8476612048485088,0.0,12.0
16500.0,165.0,0.8476605167833967,0.005104109548241,0.8476605167833967,0.0,12.0
16700.0,167.0,0.847660375334258,0.005104109548241,0.847660375334258,0.0,12.0
16900.0,169.0,0.847660546060794,0.005104109548241,0.847660546060794,0.0,12.0
17000.0,170.0,0.8476607233451741,0.005104109548241,0.8476607233451741,0.0,12.0
17300.0,173.0,0.8476609049226498,0.005104109548241,0.8476609049226498,0.0,12.0
17400.0,174.0,0.8476610898435725,0.005104109548241,0.8476610898435725,0.0,12.0
17500.0,175.0,0.847661227654251,0.005104109548241,0.847661227654251,0.0,12.0
17600.0,176.0,0.8476614581063204,0.005104109548241,0.8476614581063204,0.0,12.0
17900.0,179.0,0.8476610849918769,0.005104109548241,0.8476610849918769,0.0,12.0
18000.0,180.0,0.8476614261273028,0.005104109548241,0.8476614261273028,0.0,12.0
18200.0,182.0,0.8480233546909808,0.0050583639847225,0.8480233546909808,0.0,12.0
18300.0,183.0,0.8480234676799201,0.0050583639847225,0.8480234676799201,0.0,12.0
18400.0,184.0,0.8480236188679375,0.0050583639847225,0.8480236188679375,0.0,12.0
18600.0,186.0,0.8480235427824304,0.0050583639847225,0.8480235427824304,0.0,12.0
18900.0,189.0,0.8480234390175504,0.0050583639847225,0.8480234390175504,0.0,12.0
19000.0,190.0,0.8480240758482697,0.0050583639847225,0.8480240758482697,0.0,12.0
19100.0,191.0,0.8480241465613432,0.0050583639847225,0.8480241465613432,0.0,12.0
19600.0,196.0,0.8480228910683593,0.0050583639847225,0.8480228910683593,0.0,12.0
19700.0,197.0,0.848023624145778,0.0050583639847225,0.848023624145778,0.0,12.0
20000.0,200.0,0.8480234373809731,0.0050583639847225,0.8480234373809731,0.0,12.0
100.0,1.0,0.559558598896094,0.1062031917456626,0.559558598896094,0.0,13.0
200.0,2.0,0.6314110083788935,0.0829498842768458,0.6314110083788935,0.0,13.0
300.0,3.0,0.6474541110210273,0.0758139682468248,0.6474541110210273,0.0,13.0
400.0,4.0,0.6500939997219121,0.0743830263361136,0.6500939997219121,0.0,13.0
500.0,5.0,0.6504054435227825,0.0682907006337426,0.6504054435227825,0.0,13.0
600.0,6.0,0.65059114199795,0.0589990065850658,0.65059114199795,0.0,13.0
700.0,7.0,0.721066109582911,0.0375843367070415,0.721066109582911,0.0,13.0
800.0,8.0,0.7717481708184203,0.0191036300883514,0.7717481708184203,0.0,13.0
900.0,9.0,0.7752598176878581,0.0191036300883514,0.7752598176878581,0.0,13.0
1000.0,10.0,0.7757981877329192,0.0188891601282976,0.7757981877329192,0.0,13.0
1100.0,11.0,0.7760237517642345,0.0188891601282976,0.7760237517642345,0.0,13.0
1200.0,12.0,0.777022328017475,0.0188891601282976,0.777022328017475,0.0,13.0
1300.0,13.0,0.7777487585164126,0.0188891601282976,0.7777487585164126,0.0,13.0
1400.0,14.0,0.777786252179301,0.0188891601282976,0.777786252179301,0.0,13.0
1500.0,15.0,0.7784944492279016,0.0188891601282976,0.7784944492279016,0.0,13.0
1600.0,16.0,0.7786774670600571,0.0188891601282976,0.7786774670600571,0.0,13.0
1700.0,17.0,0.7786800184246389,0.0188891601282976,0.7786800184246389,0.0,13.0
1800.0,18.0,0.7786817087187237,0.0188891601282976,0.7786817087187237,0.0,13.0
1900.0,19.0,0.7787001600589951,0.0178844999847008,0.7787001600589951,0.0,13.0
2000.0,20.0,0.7797315339089063,0.0178844999847008,0.7797315339089063,0.0,13.0
2100.0,21.0,0.7797456666402943,0.0178844999847008,0.7797456666402943,0.0,13.0
2200.0,22.0,0.7797512958790389,0.017509614935943,0.7797512958790389,0.0,13.0
2300.0,23.0,0.7797518670593149,0.017509614935943,0.7797518670593149,0.0,13.0
2400.0,24.0,0.7797931578536946,0.017509614935943,0.7797931578536946,0.0,13.0
2500.0,25.0,0.7798380986770213,0.017509614935943,0.7798380986770213,0.0,13.0
2700.0,27.0,0.7799825488374597,0.017509614935943,0.7799825488374597,0.0,13.0
2800.0,28.0,0.7801668826546425,0.0172709676041876,0.7801668826546425,0.0,13.0
2900.0,29.0,0.7801920701455856,0.0172709676041876,0.7801920701455856,0.0,13.0
3000.0,30.0,0.7808789298290758,0.0172709676041876,0.7808789298290758,0.0,13.0
3100.0,31.0,0.7808887818471273,0.0172709676041876,0.7808887818471273,0.0,13.0
3200.0,32.0,0.7808890722131855,0.0172709676041876,0.7808890722131855,0.0,13.0
3300.0,33.0,0.7809751186275069,0.0172709676041876,0.7809751186275069,0.0,13.0
3400.0,34.0,0.7809756729828546,0.0172709676041876,0.7809756729828546,0.0,13.0
3700.0,37.0,0.7809767814620314,0.0172709676041876,0.7809767814620314,0.0,13.0
3800.0,38.0,0.8145150941382125,0.0067744677395232,0.8145150941382125,0.0,13.0
3900.0,39.0,0.8145158571775523,0.0067744677395232,0.8145158571775523,0.0,13.0
4000.0,40.0,0.814516114221547,0.0067744677395232,0.814516114221547,0.0,13.0
4100.0,41.0,0.8145163613878124,0.0067744677395232,0.8145163613878124,0.0,13.0
4200.0,42.0,0.8146274121887251,0.0067744677395232,0.8146274121887251,0.0,13.0
4300.0,43.0,0.8147859509161118,0.0067744677395232,0.8147859509161118,0.0,13.0
4400.0,44.0,0.8147861047210929,0.0067744677395232,0.8147861047210929,0.0,13.0
4600.0,46.0,0.8147865183396054,0.0067744677395232,0.8147865183396054,0.0,13.0
4700.0,47.0,0.8147921233400589,0.0065411877492263,0.8147921233400589,0.0,13.0
4800.0,48.0,0.8147922202087963,0.0065411877492263,0.8147922202087963,0.0,13.0
4900.0,49.0,0.8148202741636984,0.0067711769846527,0.8148202741636984,0.0,13.0
5000.0,50.0,0.8148293468223609,0.0067711769846527,0.8148293468223609,0.0,13.0
5100.0,51.0,0.8148426072915622,0.0067711769846527,0.8148426072915622,0.0,13.0
5200.0,52.0,0.8148537647341266,0.0067711769846527,0.8148537647341266,0.0,13.0
5300.0,53.0,0.8148571193521835,0.0067711769846527,0.8148571193521835,0.0,13.0
5400.0,54.0,0.8148629167126503,0.0067540788586108,0.8148629167126503,0.0,13.0
5500.0,55.0,0.8150195547823457,0.0067540788586108,0.8150195547823457,0.0,13.0
5800.0,58.0,0.8151348273145503,0.0067540788586108,0.8151348273145503,0.0,13.0
5900.0,59.0,0.8151362004211181,0.0067540788586108,0.8151362004211181,0.0,13.0
6000.0,60.0,0.8151857244737146,0.0067540788586108,0.8151857244737146,0.0,13.0
6100.0,61.0,0.8151987501153569,0.006315825887652,0.8151987501153569,0.0,13.0
6200.0,62.0,0.8155923145331612,0.006315825887652,0.8155923145331612,0.0,13.0
6300.0,63.0,0.8155925280749442,0.006315825887652,0.8155925280749442,0.0,13.0
6400.0,64.0,0.8155967345511956,0.0061474562262357,0.8155967345511956,0.0,13.0
6500.0,65.0,0.8155976139058767,0.0061474562262357,0.8155976139058767,0.0,13.0
6600.0,66.0,0.815598398800122,0.0061467952909037,0.815598398800122,0.0,13.0
6700.0,67.0,0.8156425073045459,0.0060784984037029,0.8156425073045459,0.0,13.0
6900.0,69.0,0.8156419789575405,0.0060784984037029,0.8156419789575405,0.0,13.0
7000.0,70.0,0.815643198956855,0.0060784984037029,0.815643198956855,0.0,13.0
7100.0,71.0,0.8158382629103247,0.0060784984037029,0.8158382629103247,0.0,13.0
7200.0,72.0,0.8158394204557501,0.0060784984037029,0.8158394204557501,0.0,13.0
7300.0,73.0,0.8158889362825881,0.0060784984037029,0.8158889362825881,0.0,13.0
7400.0,74.0,0.815889202407027,0.0060784984037029,0.815889202407027,0.0,13.0
7500.0,75.0,0.8158897461233937,0.0060784984037029,0.8158897461233937,0.0,13.0
7800.0,78.0,0.8158968218286663,0.0060784984037029,0.8158968218286663,0.0,13.0
8000.0,80.0,0.8158966006684901,0.0060784984037029,0.8158966006684901,0.0,13.0
8100.0,81.0,0.8159048459159319,0.0060784984037029,0.8159048459159319,0.0,13.0
8300.0,83.0,0.8159159500477312,0.0060784984037029,0.8159159500477312,0.0,13.0
8400.0,84.0,0.8159179011928848,0.0060784984037029,0.8159179011928848,0.0,13.0
8500.0,85.0,0.8160376461787807,0.0060784984037029,0.8160376461787807,0.0,13.0
8600.0,86.0,0.8160396671930248,0.0060784984037029,0.8160396671930248,0.0,13.0
8800.0,88.0,0.8160522121030471,0.0060784984037029,0.8160522121030471,0.0,13.0
8900.0,89.0,0.8160560797167603,0.0060784984037029,0.8160560797167603,0.0,13.0
9000.0,90.0,0.816056475948971,0.0060784984037029,0.816056475948971,0.0,13.0
9100.0,91.0,0.8160633694740592,0.0060784984037029,0.8160633694740592,0.0,13.0
9200.0,92.0,0.816070059748517,0.0060784984037029,0.816070059748517,0.0,13.0
9300.0,93.0,0.8160700856079993,0.0060784984037029,0.8160700856079993,0.0,13.0
9400.0,94.0,0.81607281498247,0.0060784984037029,0.81607281498247,0.0,13.0
9500.0,95.0,0.8160782379258568,0.0060784984037029,0.8160782379258568,0.0,13.0
9600.0,96.0,0.8160819997213828,0.0060784984037029,0.8160819997213828,0.0,13.0
9700.0,97.0,0.8161022586550499,0.0060784984037029,0.8161022586550499,0.0,13.0
9900.0,99.0,0.8160857128744504,0.0060784984037029,0.8160857128744504,0.0,13.0
10000.0,100.0,0.8160907758801451,0.0060784984037029,0.8160907758801451,0.0,13.0
10100.0,101.0,0.8160943771456878,0.0060755956178657,0.8160943771456878,0.0,13.0
10200.0,102.0,0.8160944285039814,0.0060755956178657,0.8160944285039814,0.0,13.0
10300.0,103.0,0.816094495128576,0.0060755956178657,0.816094495128576,0.0,13.0
10600.0,106.0,0.8160928624961543,0.0063280671940812,0.8160928624961543,0.0,13.0
10700.0,107.0,0.816093380860085,0.0063280671940812,0.816093380860085,0.0,13.0
10800.0,108.0,0.8161399715957054,0.0063280671940812,0.8161399715957054,0.0,13.0
11000.0,110.0,0.8161425268660052,0.0063280671940812,0.8161425268660052,0.0,13.0
11100.0,111.0,0.8161437842432864,0.0063280671940812,0.8161437842432864,0.0,13.0
11300.0,113.0,0.8161610808841726,0.0063280671940812,0.8161610808841726,0.0,13.0
11400.0,114.0,0.8161615798563706,0.0063280671940812,0.8161615798563706,0.0,13.0
11500.0,115.0,0.8161765799942498,0.0063280671940812,0.8161765799942498,0.0,13.0
11600.0,116.0,0.8161793640685014,0.0063280671940812,0.8161793640685014,0.0,13.0
11700.0,117.0,0.8161809599040768,0.0063280671940812,0.8161809599040768,0.0,13.0
11800.0,118.0,0.81618536749578,0.0063277756846026,0.81618536749578,0.0,13.0
12200.0,122.0,0.8161748287257482,0.0063267789695305,0.8161748287257482,0.0,13.0
12300.0,123.0,0.8161775071704213,0.0063267789695305,0.8161775071704213,0.0,13.0
12400.0,124.0,0.8161831456167397,0.0063267789695305,0.8161831456167397,0.0,13.0
12500.0,125.0,0.8161831536989198,0.0063267789695305,0.8161831536989198,0.0,13.0
12600.0,126.0,0.8161871379085933,0.0063267789695305,0.8161871379085933,0.0,13.0
12700.0,127.0,0.8162130965633225,0.0063267789695305,0.8162130965633225,0.0,13.0
12900.0,129.0,0.8162182883125131,0.0063267789695305,0.8162182883125131,0.0,13.0
13100.0,131.0,0.8162186384063778,0.0063267789695305,0.8162186384063778,0.0,13.0
13200.0,132.0,0.8162211513388539,0.0063267789695305,0.8162211513388539,0.0,13.0
13400.0,134.0,0.8162222824750198,0.0063267789695305,0.8162222824750198,0.0,13.0
13700.0,137.0,0.8162927148113226,0.0063267789695305,0.8162927148113226,0.0,13.0
14000.0,140.0,0.8163064056871578,0.0063267789695305,0.8163064056871578,0.0,13.0
14100.0,141.0,0.8163114265756997,0.0063267789695305,0.8163114265756997,0.0,13.0
14200.0,142.0,0.8163208150527785,0.0063257149739203,0.8163208150527785,0.0,13.0
14300.0,143.0,0.8163215504156623,0.0063257149739203,0.8163215504156623,0.0,13.0
14700.0,147.0,0.8163477334119049,0.0063257149739203,0.8163477334119049,0.0,13.0
14800.0,148.0,0.816352286867404,0.0063257149739203,0.816352286867404,0.0,13.0
14900.0,149.0,0.817700540466949,0.0059047598669628,0.817700540466949,0.0,13.0
15000.0,150.0,0.8177013316567486,0.0059047598669628,0.8177013316567486,0.0,13.0
15100.0,151.0,0.8177037229946923,0.0059047598669628,0.8177037229946923,0.0,13.0
15300.0,153.0,0.8177106073218742,0.0059047598669628,0.8177106073218742,0.0,13.0
15400.0,154.0,0.817724921145009,0.0059047598669628,0.817724921145009,0.0,13.0
15500.0,155.0,0.817736222932877,0.0059047598669628,0.817736222932877,0.0,13.0
15700.0,157.0,0.8177368209170964,0.0059047598669628,0.8177368209170964,0.0,13.0
15800.0,158.0,0.8177379474869602,0.0059047598669628,0.8177379474869602,0.0,13.0
15900.0,159.0,0.8177385445870349,0.0059047598669628,0.8177385445870349,0.0,13.0
16000.0,160.0,0.8177390639823099,0.0059047598669628,0.8177390639823099,0.0,13.0
16100.0,161.0,0.8177397249767305,0.0059047598669628,0.8177397249767305,0.0,13.0
16200.0,162.0,0.8177399597112219,0.0062588631376337,0.8177399597112219,0.0,13.0
16400.0,164.0,0.8177395721461076,0.0062588631376337,0.8177395721461076,0.0,13.0
16500.0,165.0,0.8177404938448866,0.0062588631376337,0.8177404938448866,0.0,13.0
16700.0,167.0,0.8177348855950726,0.0062588631376337,0.8177348855950726,0.0,13.0
16800.0,168.0,0.8177349982910112,0.0062588631376337,0.8177349982910112,0.0,13.0
16900.0,169.0,0.8178083062029545,0.0062408292991387,0.8178083062029545,0.0,13.0
17100.0,171.0,0.8178089290788599,0.0062408292991387,0.8178089290788599,0.0,13.0
17200.0,172.0,0.8178092659036617,0.0062408292991387,0.8178092659036617,0.0,13.0
17300.0,173.0,0.8178092733261378,0.0062408292991387,0.8178092733261378,0.0,13.0
17400.0,174.0,0.8178149501811011,0.0062408292991387,0.8178149501811011,0.0,13.0
17600.0,176.0,0.8178160271694457,0.0062408292991387,0.8178160271694457,0.0,13.0
17800.0,178.0,0.8178182957887932,0.0062408292991387,0.8178182957887932,0.0,13.0
17900.0,179.0,0.8178211537854735,0.0062408292991387,0.8178211537854735,0.0,13.0
18000.0,180.0,0.8178213318697428,0.0062408292991387,0.8178213318697428,0.0,13.0
18400.0,184.0,0.8178161720929813,0.0062408292991387,0.8178161720929813,0.0,13.0
18500.0,185.0,0.8178177700110553,0.0062408292991387,0.8178177700110553,0.0,13.0
18700.0,187.0,0.8178176961910679,0.0062408292991387,0.8178176961910679,0.0,13.0
18800.0,188.0,0.8178197210759671,0.0062408292991387,0.8178197210759671,0.0,13.0
18900.0,189.0,0.8178200173169372,0.0060822589675382,0.8178200173169372,0.0,13.0
19000.0,190.0,0.8178202715144596,0.0060822589675382,0.8178202715144596,0.0,13.0
19100.0,191.0,0.8178207662619915,0.0060822589675382,0.8178207662619915,0.0,13.0
19200.0,192.0,0.8178208844376227,0.0060822589675382,0.8178208844376227,0.0,13.0
19300.0,193.0,0.8178212443467168,0.0060822589675382,0.8178212443467168,0.0,13.0
19500.0,195.0,0.8178270053537442,0.0054192899352927,0.8178270053537442,0.0,13.0
19700.0,197.0,0.8182830760722257,0.005320383669601,0.8182830760722257,0.0,13.0
19800.0,198.0,0.8182841980743396,0.005320383669601,0.8182841980743396,0.0,13.0
19900.0,199.0,0.818289621342272,0.005320383669601,0.818289621342272,0.0,13.0
100.0,1.0,0.621209373912784,0.142868403969133,0.621209373912784,0.0,14.0
200.0,2.0,0.7058994254569759,0.1036735808454757,0.7058994254569759,0.0,14.0
300.0,3.0,0.7820095310507725,0.0844853744019991,0.7820095310507725,0.0,14.0
400.0,4.0,0.7833544405119909,0.0503803681583783,0.7833544405119909,0.0,14.0
500.0,5.0,0.7927480707173313,0.0401810356256612,0.7927480707173313,0.0,14.0
600.0,6.0,0.8049007022184451,0.0373761995221247,0.8049007022184451,0.0,14.0
700.0,7.0,0.8300258292551944,0.0292140433289831,0.8300258292551944,0.0,14.0
800.0,8.0,0.8308696224513283,0.0292140433289831,0.8308696224513283,0.0,14.0
900.0,9.0,0.8312408543469471,0.0203773565875571,0.8312408543469471,0.0,14.0
1000.0,10.0,0.832296908387382,0.0196337121160508,0.832296908387382,0.0,14.0
1100.0,11.0,0.8411598180295441,0.0114067355779481,0.8411598180295441,0.0,14.0
1200.0,12.0,0.8412711396331748,0.0114067355779481,0.8412711396331748,0.0,14.0
1300.0,13.0,0.8414034287404293,0.008847772786849,0.8414034287404293,0.0,14.0
1400.0,14.0,0.8422810382059267,0.0072425963160235,0.8422810382059267,0.0,14.0
1500.0,15.0,0.8426005217474223,0.0065981547589928,0.8426005217474223,0.0,14.0
1600.0,16.0,0.8429735115083642,0.0062620794042989,0.8429735115083642,0.0,14.0
1700.0,17.0,0.8430126729013018,0.0062620794042989,0.8430126729013018,0.0,14.0
1800.0,18.0,0.8431869872538956,0.0060895274889357,0.8431869872538956,0.0,14.0
1900.0,19.0,0.8431920927211648,0.0060895274889357,0.8431920927211648,0.0,14.0
2000.0,20.0,0.8433610495659071,0.0060895274889357,0.8433610495659071,0.0,14.0
2100.0,21.0,0.8433771275515195,0.0060895274889357,0.8433771275515195,0.0,14.0
2200.0,22.0,0.8436034862037527,0.0060895274889357,0.8436034862037527,0.0,14.0
2300.0,23.0,0.8442488609901257,0.0060895274889357,0.8442488609901257,0.0,14.0
2400.0,24.0,0.8442572330772486,0.0060895274889357,0.8442572330772486,0.0,14.0
2500.0,25.0,0.8443422814312449,0.0060895274889357,0.8443422814312449,0.0,14.0
2600.0,26.0,0.844343185905828,0.0060895274889357,0.844343185905828,0.0,14.0
2700.0,27.0,0.8443596402586302,0.0060895274889357,0.8443596402586302,0.0,14.0
2800.0,28.0,0.8443996707066681,0.0060895274889357,0.8443996707066681,0.0,14.0
2900.0,29.0,0.8444404779999188,0.0060271072370315,0.8444404779999188,0.0,14.0
3000.0,30.0,0.8444625821219663,0.006027102890824,0.8444625821219663,0.0,14.0
3100.0,31.0,0.8444707043551934,0.006027102890824,0.8444707043551934,0.0,14.0
3200.0,32.0,0.8445477084782602,0.006027102890824,0.8445477084782602,0.0,14.0
3300.0,33.0,0.8451984805308895,0.0058572654907855,0.8451984805308895,0.0,14.0
3400.0,34.0,0.8452055494524355,0.0058572654907855,0.8452055494524355,0.0,14.0
3500.0,35.0,0.8452068727549681,0.0058572654907855,0.8452068727549681,0.0,14.0
3600.0,36.0,0.8452484558130585,0.0050294203389155,0.8452484558130585,0.0,14.0
3700.0,37.0,0.8452499349416361,0.0050294203389155,0.8452499349416361,0.0,14.0
3800.0,38.0,0.8452700409619023,0.0050294203389155,0.8452700409619023,0.0,14.0
3900.0,39.0,0.8452887398305763,0.0050294203389155,0.8452887398305763,0.0,14.0
4000.0,40.0,0.8478901645333968,0.0044063634364843,0.8478901645333968,0.0,14.0
4100.0,41.0,0.8478968375127083,0.0034861210408437,0.8478968375127083,0.0,14.0
4300.0,43.0,0.8479075664396842,0.0034861210408437,0.8479075664396842,0.0,14.0
4400.0,44.0,0.8479527158498872,0.0034177469851275,0.8479527158498872,0.0,14.0
4500.0,45.0,0.8479527803802935,0.0034177469851275,0.8479527803802935,0.0,14.0
4600.0,46.0,0.847962838825411,0.0034177469851275,0.847962838825411,0.0,14.0
4700.0,47.0,0.8479950719591854,0.0034177469851275,0.8479950719591854,0.0,14.0
4800.0,48.0,0.8480063855060261,0.0033972556069421,0.8480063855060261,0.0,14.0
4900.0,49.0,0.8480299988294815,0.0033972556069421,0.8480299988294815,0.0,14.0
5000.0,50.0,0.8480301768571533,0.0033972556069421,0.8480301768571533,0.0,14.0
5100.0,51.0,0.8480306591792172,0.0033972556069421,0.8480306591792172,0.0,14.0
5300.0,53.0,0.8480309478022061,0.0033972556069421,0.8480309478022061,0.0,14.0
5400.0,54.0,0.8480329776661822,0.0033972556069421,0.8480329776661822,0.0,14.0
5500.0,55.0,0.8480426412128657,0.0033972556069421,0.8480426412128657,0.0,14.0
5600.0,56.0,0.8481233332235353,0.0033876644527799,0.8481233332235353,0.0,14.0
5800.0,58.0,0.8481230437346408,0.0033876644527799,0.8481230437346408,0.0,14.0
6000.0,60.0,0.8481421220133258,0.0033876644527799,0.8481421220133258,0.0,14.0
6100.0,61.0,0.8481508471895045,0.0033213018697082,0.8481508471895045,0.0,14.0
6200.0,62.0,0.8481513223217394,0.0033213018697082,0.8481513223217394,0.0,14.0
6300.0,63.0,0.8482927240521869,0.0033213018697082,0.8482927240521869,0.0,14.0
6400.0,64.0,0.8482955606329826,0.0033213018697082,0.8482955606329826,0.0,14.0
6500.0,65.0,0.8484112111508049,0.0032079471463242,0.8484112111508049,0.0,14.0
6600.0,66.0,0.8484259556627107,0.0032079471463242,0.8484259556627107,0.0,14.0
6800.0,68.0,0.8484298662158108,0.0032079471463242,0.8484298662158108,0.0,14.0
6900.0,69.0,0.8484525485149482,0.0031603364331865,0.8484525485149482,0.0,14.0
7000.0,70.0,0.8484650636825977,0.0031603364331865,0.8484650636825977,0.0,14.0
7100.0,71.0,0.8484731329647236,0.0031603364331865,0.8484731329647236,0.0,14.0
7200.0,72.0,0.8484737480150011,0.0031603364331865,0.8484737480150011,0.0,14.0
7300.0,73.0,0.8484849412074353,0.0031603364331865,0.8484849412074353,0.0,14.0
7400.0,74.0,0.8484856558999938,0.0031603364331865,0.8484856558999938,0.0,14.0
7500.0,75.0,0.8484889822326955,0.0031603364331865,0.8484889822326955,0.0,14.0
7600.0,76.0,0.8484922177321592,0.0031603364331865,0.8484922177321592,0.0,14.0
7700.0,77.0,0.8485093124145516,0.0031603364331865,0.8485093124145516,0.0,14.0
7900.0,79.0,0.8485047879058157,0.0027407498398071,0.8485047879058157,0.0,14.0
8000.0,80.0,0.8485072992526579,0.0027407498398071,0.8485072992526579,0.0,14.0
8100.0,81.0,0.8485250170832664,0.002724765033437,0.8485250170832664,0.0,14.0
8200.0,82.0,0.8485400829952303,0.002724765033437,0.8485400829952303,0.0,14.0
8300.0,83.0,0.8485638732751536,0.002724765033437,0.8485638732751536,0.0,14.0
8400.0,84.0,0.8485642099246755,0.002724765033437,0.8485642099246755,0.0,14.0
8600.0,86.0,0.8485601572291541,0.0026154038597454,0.8485601572291541,0.0,14.0
8700.0,87.0,0.8486012737268507,0.0025881503549356,0.8486012737268507,0.0,14.0
8800.0,88.0,0.8486029750971893,0.0025881503549356,0.8486029750971893,0.0,14.0
9200.0,92.0,0.8494028050329689,0.0034073674800764,0.8494028050329689,0.0,14.0
9300.0,93.0,0.8494142940734888,0.0034073674800764,0.8494142940734888,0.0,14.0
9500.0,95.0,0.8494219192367871,0.0034073674800764,0.8494219192367871,0.0,14.0
9600.0,96.0,0.8494362717148171,0.0034073674800764,0.8494362717148171,0.0,14.0
9700.0,97.0,0.8505770107254607,0.0033278714454478,0.8505770107254607,0.0,14.0
9800.0,98.0,0.8507483827201786,0.0033158770928738,0.8507483827201786,0.0,14.0
9900.0,99.0,0.8507494101399953,0.0033158770928738,0.8507494101399953,0.0,14.0
10100.0,101.0,0.850841879087417,0.0033158770928738,0.850841879087417,0.0,14.0
10200.0,102.0,0.8508428690862919,0.0033158770928738,0.8508428690862919,0.0,14.0
10300.0,103.0,0.8518356838364992,0.0033158770928738,0.8518356838364992,0.0,14.0
10400.0,104.0,0.8518591182326632,0.0033158770928738,0.8518591182326632,0.0,14.0
10500.0,105.0,0.8519698926291869,0.003215317013557,0.8519698926291869,0.0,14.0
10700.0,107.0,0.8519663229282135,0.003215317013557,0.8519663229282135,0.0,14.0
10800.0,108.0,0.8541869782616048,0.0030578852142702,0.8541869782616048,0.0,14.0
11100.0,111.0,0.8541867249109328,0.0030578852142702,0.8541867249109328,0.0,14.0
11200.0,112.0,0.8541888658596972,0.0030578852142702,0.8541888658596972,0.0,14.0
11300.0,113.0,0.8541943353212301,0.0025344885230758,0.8541943353212301,0.0,14.0
11400.0,114.0,0.8550436607785147,0.0022771753312303,0.8550436607785147,0.0,14.0
11500.0,115.0,0.8550566466382271,0.0022771753312303,0.8550566466382271,0.0,14.0
11600.0,116.0,0.855068099975968,0.0022771753312303,0.855068099975968,0.0,14.0
11700.0,117.0,0.8557213578028534,0.0021489743306511,0.8557213578028534,0.0,14.0
11800.0,118.0,0.8557235623130663,0.0021489743306511,0.8557235623130663,0.0,14.0
11900.0,119.0,0.855725138767681,0.0021489743306511,0.855725138767681,0.0,14.0
12100.0,121.0,0.8557274621799699,0.0021499466694914,0.8557274621799699,0.0,14.0
12200.0,122.0,0.8566990158960192,0.0019627462702861,0.8566990158960192,0.0,14.0
12400.0,124.0,0.8567063268978756,0.0019627462702861,0.8567063268978756,0.0,14.0
12500.0,125.0,0.8567089905144387,0.0019627462702861,0.8567089905144387,0.0,14.0
12600.0,126.0,0.8567127261691972,0.0019627462702861,0.8567127261691972,0.0,14.0
12700.0,127.0,0.8567133767461188,0.0019627462702861,0.8567133767461188,0.0,14.0
12900.0,129.0,0.8567113752920187,0.0019627462702861,0.8567113752920187,0.0,14.0
13000.0,130.0,0.8567141582713682,0.0019627462702861,0.8567141582713682,0.0,14.0
13100.0,131.0,0.8567148907573527,0.0019627462702861,0.8567148907573527,0.0,14.0
13200.0,132.0,0.8567154120746359,0.0019627462702861,0.8567154120746359,0.0,14.0
13300.0,133.0,0.8567160600048337,0.0019627462702861,0.8567160600048337,0.0,14.0
13400.0,134.0,0.8567165477128355,0.0019627462702861,0.8567165477128355,0.0,14.0
13500.0,135.0,0.8567175196763933,0.0019627462702861,0.8567175196763933,0.0,14.0
13600.0,136.0,0.8567610992727378,0.0019009837019212,0.8567610992727378,0.0,14.0
13800.0,138.0,0.856770440766174,0.0019009837019212,0.856770440766174,0.0,14.0
14000.0,140.0,0.8567733894379271,0.0019009837019212,0.8567733894379271,0.0,14.0
14200.0,142.0,0.8573080266847518,0.0017964349459878,0.8573080266847518,0.0,14.0
14300.0,143.0,0.8573092624942157,0.0017485544368885,0.8573092624942157,0.0,14.0
14400.0,144.0,0.8573077342689218,0.0013567321554057,0.8573077342689218,0.0,14.0
14500.0,145.0,0.8573084189147056,0.0020504465881667,0.8573084189147056,0.0,14.0
14600.0,146.0,0.8573135685445489,0.0020504465881667,0.8573135685445489,0.0,14.0
14700.0,147.0,0.8573207286899492,0.0020504465881667,0.8573207286899492,0.0,14.0
14800.0,148.0,0.8573222543375452,0.0020504465881667,0.8573222543375452,0.0,14.0
15000.0,150.0,0.8573222299836829,0.0020504465881667,0.8573222299836829,0.0,14.0
15100.0,151.0,0.8573255296530419,0.0020504465881667,0.8573255296530419,0.0,14.0
15300.0,153.0,0.8573156671382899,0.0018562005383116,0.8573156671382899,0.0,14.0
15400.0,154.0,0.8573161242018216,0.0018562005383116,0.8573161242018216,0.0,14.0
15500.0,155.0,0.8573161857916869,0.0018562005383116,0.8573161857916869,0.0,14.0
15600.0,156.0,0.8573188852287862,0.0018562005383116,0.8573188852287862,0.0,14.0
15800.0,158.0,0.8573230696931335,0.0018562005383116,0.8573230696931335,0.0,14.0
15900.0,159.0,0.8573312223948223,0.0018562005383116,0.8573312223948223,0.0,14.0
16000.0,160.0,0.8573312931813621,0.0018562005383116,0.8573312931813621,0.0,14.0
16100.0,161.0,0.8573324927319323,0.0018562005383116,0.8573324927319323,0.0,14.0
16200.0,162.0,0.8573338220558774,0.0018562005383116,0.8573338220558774,0.0,14.0
16300.0,163.0,0.8573353581700349,0.0018562005383116,0.8573353581700349,0.0,14.0
16400.0,164.0,0.8573353583762736,0.0018562005383116,0.8573353583762736,0.0,14.0
16500.0,165.0,0.8573376897626246,0.0018562005383116,0.8573376897626246,0.0,14.0
16600.0,166.0,0.8573390326325969,0.0018562005383116,0.8573390326325969,0.0,14.0
16900.0,169.0,0.8573310549590194,0.0018562005383116,0.8573310549590194,0.0,14.0
17000.0,170.0,0.8573381059539049,0.0018562005383116,0.8573381059539049,0.0,14.0
17200.0,172.0,0.857337838921546,0.0018562005383116,0.857337838921546,0.0,14.0
17300.0,173.0,0.8573394424824227,0.0018562005383116,0.8573394424824227,0.0,14.0
17400.0,174.0,0.8573399841166625,0.0018562005383116,0.8573399841166625,0.0,14.0
17500.0,175.0,0.8573402567142419,0.0018562005383116,0.8573402567142419,0.0,14.0
17700.0,177.0,0.8573423477839968,0.0018562005383116,0.8573423477839968,0.0,14.0
17800.0,178.0,0.8573423695747826,0.0018562005383116,0.8573423695747826,0.0,14.0
17900.0,179.0,0.8573452137379151,0.0018562005383116,0.8573452137379151,0.0,14.0
18100.0,181.0,0.8584429195596186,0.0017782929977178,0.8584429195596186,0.0,14.0
18200.0,182.0,0.858447522110397,0.0017739444421174,0.858447522110397,0.0,14.0
18300.0,183.0,0.8584542497787859,0.0017739444421174,0.8584542497787859,0.0,14.0
18400.0,184.0,0.858455029013014,0.0017739444421174,0.858455029013014,0.0,14.0
18700.0,187.0,0.8584516334137924,0.0017739444421174,0.8584516334137924,0.0,14.0
18900.0,189.0,0.8588674795738992,0.0016931893658007,0.8588674795738992,0.0,14.0
19100.0,191.0,0.8588688179708157,0.0016931893658007,0.8588688179708157,0.0,14.0
19200.0,192.0,0.8588689171627641,0.0016931893658007,0.8588689171627641,0.0,14.0
19400.0,194.0,0.8588657282399702,0.0016931893658007,0.8588657282399702,0.0,14.0
19500.0,195.0,0.8590665115324854,0.0016788724863882,0.8590665115324854,0.0,14.0
19700.0,197.0,0.8590668999352506,0.0016788724863882,0.8590668999352506,0.0,14.0
20000.0,200.0,0.8590670830733812,0.0016782122913701,0.8590670830733812,0.0,14.0
100.0,1.0,0.5498474610529082,0.1589052348683724,0.5498474610529082,0.0,15.0
300.0,3.0,0.5506279352158189,0.1585761349612271,0.5506279352158189,0.0,15.0
500.0,5.0,0.6811795585993025,0.0475418502344178,0.6811795585993025,0.0,15.0
600.0,6.0,0.7311655063059284,0.0325640844855541,0.7311655063059284,0.0,15.0
700.0,7.0,0.734679621928961,0.0317976875053392,0.734679621928961,0.0,15.0
800.0,8.0,0.7373930805354857,0.0306466636923818,0.7373930805354857,0.0,15.0
900.0,9.0,0.7590494072261043,0.0237682883260823,0.7590494072261043,0.0,15.0
1000.0,10.0,0.7591337658782266,0.0237682883260823,0.7591337658782266,0.0,15.0
1100.0,11.0,0.7653800186531942,0.0219626523679948,0.7653800186531942,0.0,15.0
1200.0,12.0,0.7895587788937497,0.0148456676768855,0.7895587788937497,0.0,15.0
1300.0,13.0,0.7897852157090909,0.0148456676768855,0.7897852157090909,0.0,15.0
1400.0,14.0,0.7898252177990104,0.0148456676768855,0.7898252177990104,0.0,15.0
1500.0,15.0,0.7898870459130886,0.0148456676768855,0.7898870459130886,0.0,15.0
1600.0,16.0,0.7899210056517931,0.0148456676768855,0.7899210056517931,0.0,15.0
1700.0,17.0,0.7983594207970396,0.0131366484103973,0.7983594207970396,0.0,15.0
1800.0,18.0,0.7983725251742988,0.0131366484103973,0.7983725251742988,0.0,15.0
1900.0,19.0,0.7983790010939092,0.0131366484103973,0.7983790010939092,0.0,15.0
2000.0,20.0,0.7983854257053741,0.0131366484103973,0.7983854257053741,0.0,15.0
2100.0,21.0,0.798392618438218,0.0131366484103973,0.798392618438218,0.0,15.0
2200.0,22.0,0.7984012149030398,0.0131366484103973,0.7984012149030398,0.0,15.0
2300.0,23.0,0.7984020855186358,0.0131366484103973,0.7984020855186358,0.0,15.0
2400.0,24.0,0.7984034423344105,0.0131366484103973,0.7984034423344105,0.0,15.0
2500.0,25.0,0.7984042912651249,0.0131366484103973,0.7984042912651249,0.0,15.0
2600.0,26.0,0.7984087612113311,0.0131366484103973,0.7984087612113311,0.0,15.0
2700.0,27.0,0.7984117017058793,0.0131366484103973,0.7984117017058793,0.0,15.0
2800.0,28.0,0.7984126386010624,0.0131366484103973,0.7984126386010624,0.0,15.0
2900.0,29.0,0.7984140478757169,0.0131366484103973,0.7984140478757169,0.0,15.0
3000.0,30.0,0.7984150722760635,0.0131366484103973,0.7984150722760635,0.0,15.0
3100.0,31.0,0.79841675326411,0.0131366484103973,0.79841675326411,0.0,15.0
3200.0,32.0,0.7984197329149401,0.0125506119498972,0.7984197329149401,0.0,15.0
3300.0,33.0,0.7984205346258578,0.0125506119498972,0.7984205346258578,0.0,15.0
3400.0,34.0,0.7984207999693259,0.0125506119498972,0.7984207999693259,0.0,15.0
3500.0,35.0,0.7984217602220248,0.0125506119498972,0.7984217602220248,0.0,15.0
3600.0,36.0,0.7984218624606529,0.0125506119498972,0.7984218624606529,0.0,15.0
3800.0,38.0,0.7984218932668219,0.0125506119498972,0.7984218932668219,0.0,15.0
4000.0,40.0,0.7984218667949647,0.0125506119498972,0.7984218667949647,0.0,15.0
4100.0,41.0,0.7984220614378973,0.0125506119498972,0.7984220614378973,0.0,15.0
4200.0,42.0,0.798423064556022,0.0125506119498972,0.798423064556022,0.0,15.0
4300.0,43.0,0.8003939889165684,0.0119404294918658,0.8003939889165684,0.0,15.0
4400.0,44.0,0.8003945099074504,0.0119395450494555,0.8003945099074504,0.0,15.0
4700.0,47.0,0.8013489590385183,0.0116789911034742,0.8013489590385183,0.0,15.0
4800.0,48.0,0.801349864207506,0.0116789911034742,0.801349864207506,0.0,15.0
5500.0,55.0,0.8013493262718048,0.0116789911034742,0.8013493262718048,0.0,15.0
5700.0,57.0,0.8013495739155819,0.0116789911034742,0.8013495739155819,0.0,15.0
5800.0,58.0,0.8022024246634845,0.0114967026603987,0.8022024246634845,0.0,15.0
5900.0,59.0,0.8022025697974238,0.0114967026603987,0.8022025697974238,0.0,15.0
6000.0,60.0,0.8022027411927476,0.0114967026603987,0.8022027411927476,0.0,15.0
6100.0,61.0,0.8022028694812342,0.0114967026603987,0.8022028694812342,0.0,15.0
6400.0,64.0,0.8022034262686929,0.0114967026603987,0.8022034262686929,0.0,15.0
6500.0,65.0,0.8022035943001182,0.0114967026603987,0.8022035943001182,0.0,15.0
6900.0,69.0,0.8022032662877303,0.0114967026603987,0.8022032662877303,0.0,15.0
7000.0,70.0,0.8022032933897341,0.0114967026603987,0.8022032933897341,0.0,15.0
7100.0,71.0,0.8022199311148412,0.0114967026603987,0.8022199311148412,0.0,15.0
7300.0,73.0,0.8022204081448085,0.0114967026603987,0.8022204081448085,0.0,15.0
7600.0,76.0,0.8022205022217311,0.0114967026603987,0.8022205022217311,0.0,15.0
7800.0,78.0,0.8024540346657236,0.0114300148920828,0.8024540346657236,0.0,15.0
8100.0,81.0,0.8024722348144434,0.0114300148920828,0.8024722348144434,0.0,15.0
8200.0,82.0,0.8024723146569934,0.0114300148920828,0.8024723146569934,0.0,15.0
8400.0,84.0,0.8024723844852623,0.0114300148920828,0.8024723844852623,0.0,15.0
8500.0,85.0,0.8024728683636895,0.0114300148920828,0.8024728683636895,0.0,15.0
8600.0,86.0,0.8024732188899457,0.0113708333622484,0.8024732188899457,0.0,15.0
8700.0,87.0,0.8026350680243542,0.011244020683047,0.8026350680243542,0.0,15.0
8900.0,89.0,0.8026351263669923,0.011244020683047,0.8026351263669923,0.0,15.0
9000.0,90.0,0.8026362935869591,0.011244020683047,0.8026362935869591,0.0,15.0
9100.0,91.0,0.8026363465753542,0.011244020683047,0.8026363465753542,0.0,15.0
9200.0,92.0,0.8026366276291267,0.011244020683047,0.8026366276291267,0.0,15.0
9300.0,93.0,0.8026367530526918,0.011244020683047,0.8026367530526918,0.0,15.0
9600.0,96.0,0.8026367177286634,0.011244020683047,0.8026367177286634,0.0,15.0
10000.0,100.0,0.8026369192199428,0.011244020683047,0.8026369192199428,0.0,15.0
10200.0,102.0,0.8026392826043249,0.011244020683047,0.8026392826043249,0.0,15.0
10300.0,103.0,0.8064448149623719,0.0104276829632254,0.8064448149623719,0.0,15.0
10400.0,104.0,0.8064451153082001,0.0104276829632254,0.8064451153082001,0.0,15.0
10900.0,109.0,0.8064442776759781,0.0104276829632254,0.8064442776759781,0.0,15.0
11100.0,111.0,0.8064441996643184,0.0104276829632254,0.8064441996643184,0.0,15.0
11200.0,112.0,0.8065280995866724,0.010414147230124,0.8065280995866724,0.0,15.0
11500.0,115.0,0.8065275071268017,0.010414147230124,0.8065275071268017,0.0,15.0
11700.0,117.0,0.8065277377618582,0.010414147230124,0.8065277377618582,0.0,15.0
11900.0,119.0,0.8065278725522934,0.010414147230124,0.8065278725522934,0.0,15.0
12000.0,120.0,0.8065281332788197,0.010414147230124,0.8065281332788197,0.0,15.0
12100.0,121.0,0.8065282221950925,0.0104136777843077,0.8065282221950925,0.0,15.0
12200.0,122.0,0.8065282588950495,0.0104136777843077,0.8065282588950495,0.0,15.0
12300.0,123.0,0.806528283253206,0.0104136777843077,0.806528283253206,0.0,15.0
12400.0,124.0,0.806529336871801,0.0104136777843077,0.806529336871801,0.0,15.0
12600.0,126.0,0.8065295362423338,0.0104136777843077,0.8065295362423338,0.0,15.0
12700.0,127.0,0.8065297392662283,0.0104136777843077,0.8065297392662283,0.0,15.0
12800.0,128.0,0.8065297480089818,0.0104136777843077,0.8065297480089818,0.0,15.0
13100.0,131.0,0.8065295871089546,0.0104136777843077,0.8065295871089546,0.0,15.0
13400.0,134.0,0.8065291007174094,0.0104136777843077,0.8065291007174094,0.0,15.0
13700.0,137.0,0.8065289688412229,0.0104136777843077,0.8065289688412229,0.0,15.0
14100.0,141.0,0.8065288200276992,0.0104136777843077,0.8065288200276992,0.0,15.0
14200.0,142.0,0.8065292056453272,0.0104136777843077,0.8065292056453272,0.0,15.0
14300.0,143.0,0.8065292075046323,0.0104136777843077,0.8065292075046323,0.0,15.0
14400.0,144.0,0.806529267500714,0.0104136777843077,0.806529267500714,0.0,15.0
14600.0,146.0,0.806528854160413,0.0104136777843077,0.806528854160413,0.0,15.0
14800.0,148.0,0.8065288159794479,0.0104136777843077,0.8065288159794479,0.0,15.0
14900.0,149.0,0.8065296777462982,0.0104136777843077,0.8065296777462982,0.0,15.0
15000.0,150.0,0.8065301765684112,0.0104136777843077,0.8065301765684112,0.0,15.0
15200.0,152.0,0.8068376022489376,0.0103504337470269,0.8068376022489376,0.0,15.0
15300.0,153.0,0.8068376325065848,0.0103504337470269,0.8068376325065848,0.0,15.0
15700.0,157.0,0.8068530835681674,0.0103504337470269,0.8068530835681674,0.0,15.0
16100.0,161.0,0.8068526362766456,0.0103504337470269,0.8068526362766456,0.0,15.0
16200.0,162.0,0.806852918959498,0.0103504337470269,0.806852918959498,0.0,15.0
16300.0,163.0,0.8068530746732613,0.0103504337470269,0.8068530746732613,0.0,15.0
16600.0,166.0,0.806852776741762,0.0103504337470269,0.806852776741762,0.0,15.0
16700.0,167.0,0.8068529523862469,0.0103504337470269,0.8068529523862469,0.0,15.0
16800.0,168.0,0.8068530455430345,0.0103504337470269,0.8068530455430345,0.0,15.0
16900.0,169.0,0.8068532453018631,0.0103504337470269,0.8068532453018631,0.0,15.0
17100.0,171.0,0.8068531709292677,0.0103504337470269,0.8068531709292677,0.0,15.0
17500.0,175.0,0.8068527668285518,0.0103504337470269,0.8068527668285518,0.0,15.0
17600.0,176.0,0.8068528944730727,0.0103504337470269,0.8068528944730727,0.0,15.0
17700.0,177.0,0.8068531230522207,0.0103504337470269,0.8068531230522207,0.0,15.0
18000.0,180.0,0.8068533463081055,0.0103504337470269,0.8068533463081055,0.0,15.0
18100.0,181.0,0.8068535157091298,0.0103504337470269,0.8068535157091298,0.0,15.0
18200.0,182.0,0.8068540052674296,0.0103504337470269,0.8068540052674296,0.0,15.0
18600.0,186.0,0.8068540494452261,0.0103504337470269,0.8068540494452261,0.0,15.0
18700.0,187.0,0.8069064157864066,0.0103397314758556,0.8069064157864066,0.0,15.0
18800.0,188.0,0.8069064464047503,0.0103397314758556,0.8069064464047503,0.0,15.0
18900.0,189.0,0.8069065080189701,0.0103397314758556,0.8069065080189701,0.0,15.0
19000.0,190.0,0.8069065353174009,0.0103397314758556,0.8069065353174009,0.0,15.0
19200.0,192.0,0.8069062650661104,0.0103397314758556,0.8069062650661104,0.0,15.0
19500.0,195.0,0.8069060368853455,0.0103397314758556,0.8069060368853455,0.0,15.0
19600.0,196.0,0.8069062512385012,0.0103397314758556,0.8069062512385012,0.0,15.0
19800.0,198.0,0.8069056994824302,0.0103397314758556,0.8069056994824302,0.0,15.0
20000.0,200.0,0.8069052963942998,0.0103397314758556,0.8069052963942998,0.0,15.0
