eval,gen,hv,igd+,icmop,cv,run
100.0,1.0,0.0,,-1.865783106600457,0.8657831066004573,1.0
400.0,4.0,0.0,,-1.8403836146634007,0.8403836146634007,1.0
500.0,5.0,0.0,,-1.8288205535228692,0.8288205535228694,1.0
600.0,6.0,0.0,,-1.7743781501846954,0.7743781501846954,1.0
800.0,8.0,0.0,,-1.7620742834140375,0.7620742834140377,1.0
900.0,9.0,0.0,,-1.7282446942443024,0.7282446942443024,1.0
1000.0,10.0,0.0,,-1.659696191438012,0.659696191438012,1.0
1100.0,11.0,0.0,,-1.6236068638272907,0.6236068638272907,1.0
1200.0,12.0,0.0,,-1.614894316441372,0.614894316441372,1.0
1300.0,13.0,0.0,,-1.607984379852899,0.607984379852899,1.0
1400.0,14.0,0.0,,-1.54108041260244,0.54108041260244,1.0
1600.0,16.0,0.0,,-1.49547363575589,0.49547363575589,1.0
1700.0,17.0,0.0,,-1.4954055981610832,0.4954055981610832,1.0
1800.0,18.0,0.0,,-1.4872276250130514,0.4872276250130514,1.0
1900.0,19.0,0.0,,-1.4536308238538769,0.4536308238538766,1.0
2000.0,20.0,0.0,,-1.4349185708084076,0.4349185708084075,1.0
2100.0,21.0,0.0,,-1.4329793580768202,0.4329793580768202,1.0
2200.0,22.0,0.0,,-1.4071140541466725,0.4071140541466724,1.0
2300.0,23.0,0.0,,-1.3971519661229126,0.3971519661229126,1.0
2400.0,24.0,0.0,,-1.332198571942644,0.3321985719426439,1.0
2500.0,25.0,0.0,,-1.3272868446840662,0.3272868446840662,1.0
2700.0,27.0,0.0,,-1.3194481296685163,0.3194481296685163,1.0
2800.0,28.0,0.0,,-1.31042697462663,0.3104269746266299,1.0
2900.0,29.0,0.0,,-1.3048053396467976,0.3048053396467975,1.0
3000.0,30.0,0.0,,-1.258055255555183,0.2580552555551829,1.0
3200.0,32.0,0.0,,-1.247399665362171,0.247399665362171,1.0
3400.0,34.0,0.0,,-1.2403987602696671,0.2403987602696671,1.0
3500.0,35.0,0.0,,-1.2228335377905075,0.2228335377905075,1.0
3600.0,36.0,0.0,,-1.2203059605024125,0.2203059605024124,1.0
3800.0,38.0,0.0,,-1.2150237770035717,0.2150237770035716,1.0
3900.0,39.0,0.0,,-1.208026691972904,0.2080266919729041,1.0
4000.0,40.0,0.0,,-1.200085922243996,0.2000859222439961,1.0
4100.0,41.0,0.0,,-1.195715950638213,0.1957159506382129,1.0
4300.0,43.0,0.0,,-1.191965150679514,0.1919651506795139,1.0
4500.0,45.0,0.0,,-1.188196353663111,0.188196353663111,1.0
4600.0,46.0,0.0,,-1.1871656459865074,0.1871656459865074,1.0
4700.0,47.0,0.0,,-1.1856563729727625,0.1856563729727625,1.0
4900.0,49.0,0.0,,-1.1828303179491038,0.1828303179491037,1.0
5900.0,59.0,0.0,,-1.1823817883062826,0.1823817883062826,1.0
6100.0,61.0,0.0,,-1.1820480831945588,0.1820480831945587,1.0
6300.0,63.0,0.0,,-1.181639413765451,0.1816394137654506,1.0
6500.0,65.0,0.0,,-1.1815764805200035,0.1815764805200035,1.0
6600.0,66.0,0.0,,-1.1814985381558276,0.1814985381558276,1.0
6700.0,67.0,0.0,,-1.1808640271645732,0.1808640271645731,1.0
6900.0,69.0,0.0,,-1.180839109519727,0.180839109519727,1.0
7400.0,74.0,0.0,,-1.180751731995081,0.1807517319950811,1.0
7600.0,76.0,0.0,,-1.1807515169598144,0.1807515169598144,1.0
7700.0,77.0,0.0,,-1.1806946052935423,0.1806946052935425,1.0
7800.0,78.0,0.0,,-1.18021148578556,0.1802114857855601,1.0
7900.0,79.0,0.0,,-1.1801355311721269,0.1801355311721266,1.0
8200.0,82.0,0.0,,-1.1798741826472383,0.1798741826472385,1.0
8300.0,83.0,0.0,,-1.1798023250630352,0.1798023250630351,1.0
8500.0,85.0,0.0,,-1.1797528446733132,0.1797528446733132,1.0
8700.0,87.0,0.0,,-1.1793944724958745,0.1793944724958744,1.0
9100.0,91.0,0.0,,-1.1790887196523208,0.1790887196523207,1.0
9200.0,92.0,0.0,,-1.1790865664661117,0.1790865664661116,1.0
9300.0,93.0,0.0,,-1.1789380824372937,0.1789380824372934,1.0
9500.0,95.0,0.0,,-1.17893619193508,0.17893619193508,1.0
9600.0,96.0,0.0,,-1.1789359000506527,0.1789359000506527,1.0
10000.0,100.0,0.0,,-1.1789341333114125,0.1789341333114125,1.0
10700.0,107.0,0.0,,-1.178933858045179,0.1789338580451789,1.0
11000.0,110.0,0.0,,-1.1789338318880458,0.1789338318880458,1.0
11300.0,113.0,0.0,,-1.178933829266403,0.1789338292664031,1.0
11700.0,117.0,0.0,,-1.1789077447663223,0.1789077447663223,1.0
12000.0,120.0,0.0,,-1.1789075462436278,0.1789075462436278,1.0
12100.0,121.0,0.0,,-1.1788992174262414,0.1788992174262413,1.0
12200.0,122.0,0.0,,-1.1788834518504616,0.1788834518504616,1.0
12300.0,123.0,0.0,,-1.1788714827054974,0.1788714827054973,1.0
12700.0,127.0,0.0,,-1.178867359726912,0.1788673597269121,1.0
12800.0,128.0,0.0,,-1.178863223853309,0.178863223853309,1.0
13100.0,131.0,0.0,,-1.1788632220890702,0.1788632220890702,1.0
13200.0,132.0,0.0,,-1.1788612586659375,0.1788612586659375,1.0
13500.0,135.0,0.0,,-1.178859882244324,0.1788598822443241,1.0
13600.0,136.0,0.0,,-1.178859832823633,0.178859832823633,1.0
13700.0,137.0,0.0,,-1.1788595814530116,0.1788595814530116,1.0
13800.0,138.0,0.0,,-1.1788594907585468,0.1788594907585468,1.0
13900.0,139.0,0.0,,-1.178859356813649,0.1788593568136489,1.0
14300.0,143.0,0.0,,-1.1788264583971442,0.1788264583971441,1.0
14400.0,144.0,0.0,,-1.1788171324710048,0.1788171324710048,1.0
14500.0,145.0,0.0,,-1.178811693241457,0.1788116932414569,1.0
14700.0,147.0,0.0,,-1.17874592963298,0.17874592963298,1.0
14800.0,148.0,0.0,,-1.178628408859837,0.1786284088598373,1.0
15400.0,154.0,0.0,,-1.1786283201475916,0.1786283201475915,1.0
15500.0,155.0,0.0,,-1.1786016733239515,0.1786016733239515,1.0
15700.0,157.0,0.0,,-1.1785947582340486,0.1785947582340485,1.0
15800.0,158.0,0.0,,-1.1785939540743755,0.1785939540743757,1.0
16000.0,160.0,0.0,,-1.178541972565065,0.178541972565065,1.0
16200.0,162.0,0.0,,-1.1785371339157322,0.1785371339157322,1.0
16400.0,164.0,0.0,,-1.1785324529479844,0.1785324529479843,1.0
16700.0,167.0,0.0,,-1.1785323405193175,0.1785323405193175,1.0
16800.0,168.0,0.0,,-1.1785310921096608,0.1785310921096607,1.0
16900.0,169.0,0.0,,-1.1784970677430484,0.1784970677430484,1.0
17100.0,171.0,0.0,,-1.1784969029101566,0.1784969029101566,1.0
17300.0,173.0,0.0,,-1.1784959607143957,0.1784959607143956,1.0
17500.0,175.0,0.0,,-1.1784959606887782,0.1784959606887781,1.0
17600.0,176.0,0.0,,-1.178495870779768,0.1784958707797679,1.0
17800.0,178.0,0.0,,-1.178495870560361,0.1784958705603609,1.0
17900.0,179.0,0.0,,-1.1784958651469954,0.1784958651469954,1.0
18100.0,181.0,0.0,,-1.178495864460012,0.1784958644600121,1.0
18300.0,183.0,0.0,,-1.1784516280189208,0.1784516280189207,1.0
18500.0,185.0,0.0,,-1.1784317473418409,0.1784317473418408,1.0
18700.0,187.0,0.0,,-1.178431533803496,0.178431533803496,1.0
18800.0,188.0,0.0,,-1.1783182472903315,0.1783182472903315,1.0
19000.0,190.0,0.0,,-1.1782995329095272,0.1782995329095271,1.0
19300.0,193.0,0.0,,-1.1778338815208234,0.1778338815208233,1.0
19700.0,197.0,0.0,,-1.1773983254224356,0.1773983254224356,1.0
20300.0,203.0,0.0,,-1.1773757831213392,0.1773757831213391,1.0
20400.0,204.0,0.0,,-1.1772661600133258,0.1772661600133258,1.0
20500.0,205.0,0.0,,-1.1772658339102398,0.1772658339102397,1.0
20700.0,207.0,0.0,,-1.1528538442725331,0.1528538442725333,1.0
21100.0,211.0,0.0,,-1.1528149824754148,0.1528149824754148,1.0
21300.0,213.0,0.0,,-1.152701548390008,0.152701548390008,1.0
21500.0,215.0,0.0,,-1.1526537740677223,0.1526537740677225,1.0
21900.0,219.0,0.0,,-1.152651878030254,0.1526518780302539,1.0
22300.0,223.0,0.0,,-1.1526469306746858,0.1526469306746858,1.0
22400.0,224.0,0.0,,-1.1526467640565186,0.1526467640565185,1.0
22800.0,228.0,0.0,,-1.152496752585741,0.152496752585741,1.0
23000.0,230.0,0.0,,-1.1524943956228673,0.1524943956228672,1.0
23300.0,233.0,0.0,,-1.1524576864190352,0.1524576864190352,1.0
23400.0,234.0,0.0,,-1.152444933942973,0.1524449339429729,1.0
23600.0,236.0,0.0,,-1.152444177682364,0.1524441776823639,1.0
23700.0,237.0,0.0,,-1.1524438634923613,0.1524438634923612,1.0
23900.0,239.0,0.0,,-1.1524436395836075,0.1524436395836077,1.0
24000.0,240.0,0.0,,-1.152432177495814,0.1524321774958139,1.0
24200.0,242.0,0.0,,-1.1524004965815755,0.1524004965815755,1.0
25000.0,250.0,0.0,,-1.1524004791946405,0.1524004791946405,1.0
25100.0,251.0,0.0,,-1.1523960961722053,0.1523960961722053,1.0
25500.0,255.0,0.0,,-1.1523540180355052,0.1523540180355052,1.0
25800.0,258.0,0.0,,-1.152261779119635,0.152261779119635,1.0
26000.0,260.0,0.0,,-1.152261424202465,0.1522614242024649,1.0
26100.0,261.0,0.0,,-1.1522532445594518,0.1522532445594517,1.0
26300.0,263.0,0.0,,-1.1522524973310648,0.1522524973310648,1.0
26400.0,264.0,0.0,,-1.15224775389064,0.1522477538906399,1.0
26500.0,265.0,0.0,,-1.1521766856757965,0.1521766856757964,1.0
27500.0,275.0,0.0,,-1.1521761607880725,0.1521761607880725,1.0
27800.0,278.0,0.0,,-1.1520530279180456,0.1520530279180456,1.0
27900.0,279.0,0.0,,-1.1520525922734393,0.1520525922734392,1.0
28000.0,280.0,0.0,,-1.1520404730558231,0.1520404730558231,1.0
28100.0,281.0,0.0,,-1.1518454550882244,0.1518454550882244,1.0
28400.0,284.0,0.0,,-1.1509215533099162,0.1509215533099162,1.0
28500.0,285.0,0.0,,-1.1496794746784254,0.1496794746784253,1.0
28600.0,286.0,0.0,,-1.1417912456347314,0.1417912456347314,1.0
28700.0,287.0,0.0,,-1.1398532352501525,0.1398532352501524,1.0
28900.0,289.0,0.0,,-1.139743481435331,0.1397434814353311,1.0
29000.0,290.0,0.0,,-1.1324481200316234,0.1324481200316234,1.0
29100.0,291.0,0.0,,-1.1237078747481724,0.1237078747481723,1.0
29300.0,293.0,0.0,,-1.121755711951293,0.121755711951293,1.0
29400.0,294.0,0.0,,-1.119555319827719,0.119555319827719,1.0
29500.0,295.0,0.0,,-1.1152170765529423,0.1152170765529423,1.0
29600.0,296.0,0.0,,-1.115179588576353,0.1151795885763529,1.0
29800.0,298.0,0.0,,-1.1070704892891294,0.1070704892891294,1.0
30100.0,301.0,0.0,,-1.1053419670935771,0.1053419670935771,1.0
30300.0,303.0,0.0,,-1.102516942138912,0.102516942138912,1.0
30600.0,306.0,0.0,,-1.1024263453872445,0.1024263453872442,1.0
30800.0,308.0,0.0,,-1.1023479307655084,0.1023479307655084,1.0
31000.0,310.0,0.0,,-1.1022142549432483,0.1022142549432483,1.0
31500.0,315.0,0.0,,-1.102214081371699,0.1022140813716989,1.0
31600.0,316.0,0.0,,-1.1022030479111036,0.1022030479111035,1.0
31900.0,319.0,0.0,,-1.102198871456664,0.1021988714566639,1.0
32000.0,320.0,0.0,,-1.1021988405550789,0.1021988405550786,1.0
32100.0,321.0,0.0,,-1.102196479293866,0.1021964792938661,1.0
32500.0,325.0,0.0,,-1.1021964025302766,0.1021964025302766,1.0
32600.0,326.0,0.0,,-1.102080308910343,0.102080308910343,1.0
33100.0,331.0,0.0,,-1.1020769104504218,0.1020769104504217,1.0
33400.0,334.0,0.0,,-1.1020673867146606,0.1020673867146606,1.0
33700.0,337.0,0.0,,-1.1020666895426214,0.1020666895426214,1.0
33800.0,338.0,0.0,,-1.1020660313900583,0.1020660313900585,1.0
33900.0,339.0,0.0,,-1.102064385406773,0.1020643854067733,1.0
34000.0,340.0,0.0,,-1.1020623985603206,0.1020623985603206,1.0
34100.0,341.0,0.0,,-1.1020619354232448,0.1020619354232448,1.0
34200.0,342.0,0.0,,-1.1020458198843617,0.1020458198843616,1.0
34400.0,344.0,0.0,,-1.1020456782767287,0.1020456782767287,1.0
34500.0,345.0,0.0,,-1.1017969961360614,0.1017969961360614,1.0
34700.0,347.0,0.0,,-1.1015080278874654,0.1015080278874653,1.0
35600.0,356.0,0.0,,-1.1014033635739349,0.1014033635739348,1.0
35800.0,358.0,0.0,,-1.1012602536657092,0.1012602536657092,1.0
35900.0,359.0,0.0,,-1.101153532866856,0.101153532866856,1.0
36000.0,360.0,0.0,,-1.1010794097004135,0.1010794097004137,1.0
36200.0,362.0,0.0,,-1.101076814891176,0.101076814891176,1.0
36500.0,365.0,0.0,,-1.1010766531780845,0.1010766531780844,1.0
36700.0,367.0,0.0,,-1.1010765415608312,0.1010765415608312,1.0
36900.0,369.0,0.0,,-1.1010765251342385,0.1010765251342382,1.0
37000.0,370.0,0.0,,-1.1010765219001803,0.1010765219001803,1.0
37100.0,371.0,0.0,,-1.1010764521558438,0.1010764521558438,1.0
37300.0,373.0,0.0,,-1.1010751933733127,0.1010751933733127,1.0
37600.0,376.0,0.0,,-1.101074850901751,0.1010748509017509,1.0
37700.0,377.0,0.0,,-1.1010744730929312,0.1010744730929311,1.0
37800.0,378.0,0.0,,-1.1010740199682751,0.1010740199682751,1.0
37900.0,379.0,0.0,,-1.1010739683446056,0.1010739683446055,1.0
38000.0,380.0,0.0,,-1.1010439673537662,0.1010439673537662,1.0
38600.0,386.0,0.0,,-1.1010438920541556,0.1010438920541556,1.0
38700.0,387.0,0.0,,-1.101040838293924,0.1010408382939238,1.0
38900.0,389.0,0.0,,-1.101037095640189,0.1010370956401889,1.0
39300.0,393.0,0.0,,-1.1010365088144496,0.1010365088144495,1.0
39400.0,394.0,0.0,,-1.1010359961968723,0.1010359961968723,1.0
39500.0,395.0,0.0,,-1.1010359074612763,0.1010359074612763,1.0
39600.0,396.0,0.0,,-1.10103455886589,0.10103455886589,1.0
39800.0,398.0,0.0,,-1.101033791874946,0.1010337918749459,1.0
39900.0,399.0,0.0,,-1.1010337495803637,0.1010337495803634,1.0
40000.0,400.0,0.0,,-1.101033748991236,0.101033748991236,1.0
40100.0,401.0,0.0,,-1.101033736954441,0.1010337369544409,1.0
40300.0,403.0,0.0,,-1.1009952601358144,0.1009952601358143,1.0
40500.0,405.0,0.0,,-1.100981735984641,0.100981735984641,1.0
40700.0,407.0,0.0,,-1.1009792984343696,0.1009792984343695,1.0
40800.0,408.0,0.0,,-1.1009422433176188,0.1009422433176188,1.0
40900.0,409.0,0.0,,-1.1009418956274188,0.1009418956274188,1.0
41000.0,410.0,0.0,,-1.1009407906743487,0.1009407906743486,1.0
41100.0,411.0,0.0,,-1.1009146998848682,0.1009146998848682,1.0
41200.0,412.0,0.0,,-1.1009146435987212,0.1009146435987211,1.0
41300.0,413.0,0.0,,-1.1008993406581589,0.1008993406581588,1.0
41400.0,414.0,0.0,,-1.100886194429321,0.1008861944293209,1.0
41500.0,415.0,0.0,,-1.1008852795762265,0.1008852795762265,1.0
41600.0,416.0,0.0,,-1.1008462410260242,0.1008462410260242,1.0
42100.0,421.0,0.0,,-1.1008460797068955,0.1008460797068955,1.0
42200.0,422.0,0.0,,-1.100845118402998,0.1008451184029979,1.0
42800.0,428.0,0.0,,-1.1008441087038134,0.1008441087038134,1.0
43500.0,435.0,0.0,,-1.1008440788217866,0.1008440788217865,1.0
43600.0,436.0,0.0,,-1.100844039108959,0.1008440391089589,1.0
43700.0,437.0,0.0,,-1.1008439833676322,0.1008439833676322,1.0
44000.0,440.0,0.0,,-1.1008439829466172,0.1008439829466172,1.0
44100.0,441.0,0.0,,-1.1008439795014486,0.1008439795014486,1.0
44400.0,444.0,0.0,,-1.100843975544073,0.1008439755440733,1.0
44500.0,445.0,0.0,,-1.1008439656530011,0.1008439656530011,1.0
44900.0,449.0,0.0,,-1.100843964384859,0.1008439643848593,1.0
45100.0,451.0,0.0,,-1.1008439636598817,0.1008439636598816,1.0
45400.0,454.0,0.0,,-1.1008439629209883,0.1008439629209885,1.0
45500.0,455.0,0.0,,-1.1008439628575235,0.1008439628575235,1.0
45600.0,456.0,0.0,,-1.1008439624868784,0.1008439624868784,1.0
45800.0,458.0,0.0,,-1.1008439624357813,0.1008439624357813,1.0
46000.0,460.0,0.0,,-1.1008439624330282,0.1008439624330281,1.0
46100.0,461.0,0.0,,-1.1008439624327782,0.1008439624327781,1.0
46200.0,462.0,0.0,,-1.1008439624308692,0.1008439624308692,1.0
46400.0,464.0,0.0,,-1.1006821754078293,0.1006821754078293,1.0
46600.0,466.0,0.0,,-1.100682156563123,0.100682156563123,1.0
46800.0,468.0,0.0,,-1.100681699517531,0.100681699517531,1.0
47200.0,472.0,0.0,,-1.1005301398570952,0.1005301398570952,1.0
47700.0,477.0,0.0,,-1.100412164815389,0.100412164815389,1.0
47800.0,478.0,0.0,,-1.1003921618129635,0.1003921618129635,1.0
48000.0,480.0,0.0,,-1.1003548641231262,0.1003548641231262,1.0
48100.0,481.0,0.0,,-1.100126713776134,0.1001267137761339,1.0
48300.0,483.0,0.0,,-1.1000292620067575,0.1000292620067575,1.0
48400.0,484.0,0.0,,-1.0999645903543074,0.0999645903543073,1.0
48600.0,486.0,0.0,,-1.099958680202817,0.0999586802028169,1.0
48700.0,487.0,0.0,,-1.0999578491491115,0.0999578491491115,1.0
48900.0,489.0,0.0,,-1.0999577986168856,0.0999577986168855,1.0
49100.0,491.0,0.0,,-1.0999559642947463,0.0999559642947462,1.0
49300.0,493.0,0.0,,-1.0999553497182766,0.0999553497182765,1.0
49400.0,494.0,0.0,,-1.099955144765061,0.099955144765061,1.0
49500.0,495.0,0.0,,-1.0999551158972949,0.0999551158972948,1.0
49700.0,497.0,0.0,,-1.0999538433562643,0.0999538433562643,1.0
49900.0,499.0,0.0,,-1.0999532789982092,0.0999532789982091,1.0
50100.0,501.0,0.0,,-1.099911915774337,0.0999119157743368,1.0
50400.0,504.0,0.0,,-1.0998940356167597,0.0998940356167596,1.0
50500.0,505.0,0.0,,-1.0998533302547444,0.0998533302547444,1.0
50600.0,506.0,0.0,,-1.0998532781015118,0.0998532781015117,1.0
50700.0,507.0,0.0,,-1.0998514324600204,0.0998514324600203,1.0
51000.0,510.0,0.0,,-1.0998458113827343,0.0998458113827343,1.0
51600.0,516.0,0.0,,-1.09984561034686,0.0998456103468601,1.0
51700.0,517.0,0.0,,-1.0998455442044124,0.0998455442044123,1.0
51900.0,519.0,0.0,,-1.0998454355343563,0.0998454355343563,1.0
52000.0,520.0,0.0,,-1.099845422143996,0.0998454221439959,1.0
52100.0,521.0,0.0,,-1.0998452960960474,0.0998452960960474,1.0
52500.0,525.0,0.0,,-1.0998149936871318,0.0998149936871317,1.0
52700.0,527.0,0.0,,-1.097745841977945,0.0977458419779446,1.0
52900.0,529.0,0.0,,-1.0976759649637045,0.0976759649637044,1.0
53100.0,531.0,0.0,,-1.097600508478495,0.097600508478495,1.0
53400.0,534.0,0.0,,-1.0975749625087765,0.0975749625087765,1.0
53500.0,535.0,0.0,,-1.0975160090024616,0.0975160090024616,1.0
53600.0,536.0,0.0,,-1.0975011894738065,0.0975011894738064,1.0
53700.0,537.0,0.0,,-1.0974818813954446,0.0974818813954445,1.0
53800.0,538.0,0.0,,-1.097434084599184,0.0974340845991839,1.0
53900.0,539.0,0.0,,-1.0973993601635494,0.0973993601635494,1.0
54000.0,540.0,0.0,,-1.097393810079145,0.0973938100791449,1.0
54400.0,544.0,0.0,,-1.0973868961870996,0.0973868961870996,1.0
54500.0,545.0,0.0,,-1.0973819531568327,0.0973819531568327,1.0
54600.0,546.0,0.0,,-1.0973763726337211,0.0973763726337213,1.0
54900.0,549.0,0.0,,-1.0973760937778951,0.0973760937778951,1.0
55100.0,551.0,0.0,,-1.097376079754739,0.0973760797547389,1.0
55300.0,553.0,0.0,,-1.0973760699887645,0.0973760699887644,1.0
55400.0,554.0,0.0,,-1.0973760670004726,0.0973760670004726,1.0
55500.0,555.0,0.0,,-1.0973751543188472,0.0973751543188472,1.0
55600.0,556.0,0.0,,-1.0973748830432524,0.0973748830432523,1.0
56100.0,561.0,0.0,,-1.097374875355767,0.097374875355767,1.0
56400.0,564.0,0.0,,-1.0973748666571626,0.0973748666571625,1.0
56500.0,565.0,0.0,,-1.0973748665219234,0.0973748665219234,1.0
56800.0,568.0,0.0,,-1.0973748230588491,0.0973748230588491,1.0
57000.0,570.0,0.0,,-1.09737476454263,0.0973747645426299,1.0
57100.0,571.0,0.0,,-1.0973747078146934,0.0973747078146933,1.0
57500.0,575.0,0.0,,-1.0973747076421918,0.0973747076421918,1.0
57600.0,576.0,0.0,,-1.0973747058214531,0.0973747058214531,1.0
57700.0,577.0,0.0,,-1.0973747021122573,0.0973747021122573,1.0
58200.0,582.0,0.0,,-1.0973747019381754,0.0973747019381754,1.0
58500.0,585.0,0.0,,-1.0973747017454285,0.0973747017454285,1.0
58700.0,587.0,0.0,,-1.0973666393851076,0.0973666393851075,1.0
59000.0,590.0,0.0,,-1.0973666152984782,0.0973666152984782,1.0
59100.0,591.0,0.0,,-1.097366202026662,0.0973662020266621,1.0
59500.0,595.0,0.0,,-1.0973658364569197,0.0973658364569196,1.0
59700.0,597.0,0.0,,-1.0973658356393965,0.0973658356393964,1.0
59800.0,598.0,0.0,,-1.0973656993414862,0.0973656993414862,1.0
59900.0,599.0,0.0,,-1.0973656070228572,0.0973656070228572,1.0
60000.0,600.0,0.0,,-1.0973654932887176,0.0973654932887175,1.0
60100.0,601.0,0.0,,-1.097365444214253,0.097365444214253,1.0
60200.0,602.0,0.0,,-1.0973654075720232,0.0973654075720231,1.0
60300.0,603.0,0.0,,-1.0973654036799363,0.0973654036799365,1.0
60400.0,604.0,0.0,,-1.0973653890500743,0.0973653890500743,1.0
60700.0,607.0,0.0,,-1.0973653734303204,0.0973653734303203,1.0
60800.0,608.0,0.0,,-1.097365370983651,0.097365370983651,1.0
60900.0,609.0,0.0,,-1.0973653680870612,0.0973653680870612,1.0
61100.0,611.0,0.0,,-1.0973653679374984,0.0973653679374983,1.0
61200.0,612.0,0.0,,-1.0973653677861193,0.0973653677861192,1.0
61500.0,615.0,0.0,,-1.0973372986353036,0.0973372986353036,1.0
61700.0,617.0,0.0,,-1.097337106806429,0.097337106806429,1.0
61800.0,618.0,0.0,,-1.0973370888005956,0.0973370888005955,1.0
62000.0,620.0,0.0,,-1.0973367593534813,0.0973367593534813,1.0
62200.0,622.0,0.0,,-1.0973355814420789,0.0973355814420788,1.0
62300.0,623.0,0.0,,-1.0973355809475585,0.0973355809475584,1.0
62600.0,626.0,0.0,,-1.097335064999826,0.0973350649998261,1.0
62700.0,627.0,0.0,,-1.097334306439924,0.0973343064399239,1.0
62800.0,628.0,0.0,,-1.0973335372661883,0.0973335372661883,1.0
62900.0,629.0,0.0,,-1.097333243166872,0.0973332431668718,1.0
63000.0,630.0,0.0,,-1.097286324139123,0.097286324139123,1.0
63300.0,633.0,0.0,,-1.0972847040984688,0.0972847040984687,1.0
63400.0,634.0,0.0,,-1.097280883048941,0.0972808830489408,1.0
63600.0,636.0,0.0,,-1.0972749630962189,0.0972749630962188,1.0
63700.0,637.0,0.0,,-1.0972733931470309,0.0972733931470308,1.0
63800.0,638.0,0.0,,-1.0972603996385932,0.0972603996385932,1.0
63900.0,639.0,0.0,,-1.097238769179447,0.0972387691794469,1.0
64000.0,640.0,0.0,,-1.097238612076255,0.0972386120762549,1.0
64100.0,641.0,0.0,,-1.0972303410457425,0.0972303410457424,1.0
64300.0,643.0,0.0,,-1.0972292709695517,0.0972292709695514,1.0
64400.0,644.0,0.0,,-1.0972245465487254,0.0972245465487253,1.0
64500.0,645.0,0.0,,-1.0972242494349318,0.0972242494349318,1.0
64600.0,646.0,0.0,,-1.097218253473754,0.097218253473754,1.0
64700.0,647.0,0.0,,-1.0972153099152109,0.0972153099152108,1.0
64900.0,649.0,0.0,,-1.0972142018463245,0.0972142018463244,1.0
65100.0,651.0,0.0,,-1.097212929797155,0.0972129297971546,1.0
65200.0,652.0,0.0,,-1.0972109713372775,0.0972109713372777,1.0
65400.0,654.0,0.0,,-1.0972106280365552,0.0972106280365552,1.0
65500.0,655.0,0.0,,-1.0972102428586386,0.0972102428586385,1.0
65600.0,656.0,0.0,,-1.0849226204081284,0.0849226204081283,1.0
65900.0,659.0,0.0,,-1.0799290464369622,0.0799290464369621,1.0
66100.0,661.0,0.0,,-1.0799150645161006,0.0799150645161006,1.0
66200.0,662.0,0.0,,-1.0752165074796969,0.0752165074796966,1.0
66300.0,663.0,0.0,,-1.0728310749301735,0.0728310749301734,1.0
66500.0,665.0,0.0,,-1.072002075955099,0.072002075955099,1.0
66700.0,667.0,0.0,,-1.0719970776897108,0.0719970776897107,1.0
67000.0,670.0,0.0,,-1.0717129871226658,0.0717129871226658,1.0
67300.0,673.0,0.0,,-1.071646996290231,0.071646996290231,1.0
67500.0,675.0,0.0,,-1.0716065731939697,0.0716065731939694,1.0
67700.0,677.0,0.0,,-1.0716017787415073,0.0716017787415073,1.0
68000.0,680.0,0.0,,-1.0716017018815542,0.0716017018815542,1.0
68200.0,682.0,0.0,,-1.0716011421604694,0.0716011421604694,1.0
68300.0,683.0,0.0,,-1.0716010012820962,0.0716010012820962,1.0
68400.0,684.0,0.0,,-1.0716009933162378,0.0716009933162378,1.0
68600.0,686.0,0.0,,-1.0716008489962845,0.0716008489962842,1.0
68700.0,687.0,0.0,,-1.0716007508151904,0.0716007508151903,1.0
68800.0,688.0,0.0,,-1.0716007187014056,0.0716007187014056,1.0
68900.0,689.0,0.0,,-1.0716007094616098,0.0716007094616097,1.0
69000.0,690.0,0.0,,-1.071600562186558,0.0716005621865578,1.0
69100.0,691.0,0.0,,-1.0716005615987771,0.0716005615987771,1.0
69500.0,695.0,0.0,,-1.0716005409144524,0.0716005409144524,1.0
69700.0,697.0,0.0,,-1.0716005359914706,0.0716005359914706,1.0
70100.0,701.0,0.0,,-1.0716005355619955,0.0716005355619955,1.0
70200.0,702.0,0.0,,-1.0716005355619835,0.0716005355619835,1.0
70300.0,703.0,0.0,,-1.0716005342402748,0.0716005342402748,1.0
70600.0,706.0,0.0,,-1.071600533388982,0.0716005333889819,1.0
70800.0,708.0,0.0,,-1.0716005331967875,0.0716005331967875,1.0
70900.0,709.0,0.0,,-1.0716005331040743,0.0716005331040743,1.0
71300.0,713.0,0.0,,-1.0715369362831595,0.0715369362831594,1.0
71500.0,715.0,0.0,,-1.0715364486335208,0.0715364486335208,1.0
71800.0,718.0,0.0,,-1.0715363413919876,0.0715363413919876,1.0
71900.0,719.0,0.0,,-1.0715247312270606,0.0715247312270606,1.0
72000.0,720.0,0.0,,-1.0714973388735458,0.0714973388735458,1.0
72300.0,723.0,0.0,,-1.07148780483104,0.0714878048310401,1.0
72600.0,726.0,0.0,,-1.0714860034374405,0.0714860034374402,1.0
72700.0,727.0,0.0,,-1.0714858546463488,0.0714858546463488,1.0
72900.0,729.0,0.0,,-1.0714199544098348,0.0714199544098348,1.0
73000.0,730.0,0.0,,-1.0714066523207406,0.0714066523207406,1.0
73200.0,732.0,0.0,,-1.071399167316094,0.0713991673160938,1.0
73400.0,734.0,0.0,,-1.0713956654967112,0.0713956654967111,1.0
73500.0,735.0,0.0,,-1.0713956029474276,0.0713956029474276,1.0
73600.0,736.0,0.0,,-1.0713633426596136,0.0713633426596136,1.0
73800.0,738.0,0.0,,-1.0713129375700152,0.0713129375700152,1.0
74200.0,742.0,0.0,,-1.0712953765599826,0.0712953765599826,1.0
74300.0,743.0,0.0,,-1.0712935739855638,0.0712935739855638,1.0
74400.0,744.0,0.0,,-1.071064635724813,0.071064635724813,1.0
74600.0,746.0,0.0,,-1.0710208744575065,0.0710208744575064,1.0
74700.0,747.0,0.0,,-1.071000937920495,0.071000937920495,1.0
75000.0,750.0,0.0,,-1.0710001932952224,0.0710001932952224,1.0
75100.0,751.0,0.0,,-1.0710000143589469,0.0710000143589468,1.0
75800.0,758.0,0.0,,-1.0709999806583466,0.0709999806583465,1.0
75900.0,759.0,0.0,,-1.0709998970614734,0.0709998970614733,1.0
76000.0,760.0,0.0,,-1.0709900036638256,0.0709900036638255,1.0
76200.0,762.0,0.0,,-1.070989997432615,0.0709899974326149,1.0
76300.0,763.0,0.0,,-1.070976712797863,0.0709767127978633,1.0
76700.0,767.0,0.0,,-1.070976617332085,0.0709766173320849,1.0
76900.0,769.0,0.0,,-1.0709759749182444,0.0709759749182443,1.0
77400.0,774.0,0.0,,-1.0709758377994751,0.0709758377994751,1.0
77600.0,776.0,0.0,,-1.0709758020718518,0.0709758020718518,1.0
77800.0,778.0,0.0,,-1.070975774274748,0.0709757742747481,1.0
78200.0,782.0,0.0,,-1.0709757737517702,0.0709757737517702,1.0
78800.0,788.0,0.0,,-1.0709757733759844,0.0709757733759843,1.0
78900.0,789.0,0.0,,-1.0709757733201928,0.0709757733201927,1.0
79300.0,793.0,0.0,,-1.0709757733173375,0.0709757733173377,1.0
79500.0,795.0,0.0,,-1.0709757733021852,0.0709757733021851,1.0
79700.0,797.0,0.0,,-1.0709757733021217,0.0709757733021216,1.0
79900.0,799.0,0.0,,-1.0709757732972118,0.0709757732972118,1.0
80100.0,801.0,0.0,,-1.0709757732946397,0.0709757732946396,1.0
80300.0,803.0,0.0,,-1.0709757732941327,0.0709757732941327,1.0
80400.0,804.0,0.0,,-1.0709757732919991,0.0709757732919993,1.0
80500.0,805.0,0.0,,-1.07097577329175,0.0709757732917499,1.0
80600.0,806.0,0.0,,-1.0709757732915852,0.0709757732915852,1.0
80800.0,808.0,0.0,,-1.070975773291462,0.0709757732914619,1.0
80900.0,809.0,0.0,,-1.0709119646218186,0.0709119646218185,1.0
81300.0,813.0,0.0,,-1.070904756817822,0.070904756817822,1.0
81700.0,817.0,0.0,,-1.0708679304163369,0.0708679304163368,1.0
82200.0,822.0,0.0,,-1.070865105586231,0.070865105586231,1.0
82300.0,823.0,0.0,,-1.0708592464434543,0.0708592464434545,1.0
82400.0,824.0,0.0,,-1.0708591988600498,0.0708591988600497,1.0
82500.0,825.0,0.0,,-1.0708565470594729,0.0708565470594728,1.0
82600.0,826.0,0.0,,-1.0708564459729455,0.0708564459729457,1.0
82900.0,829.0,0.0,,-1.070855674820411,0.070855674820411,1.0
83100.0,831.0,0.0,,-1.070854687789912,0.0708546877899118,1.0
83400.0,834.0,0.0,,-1.0708545399740548,0.0708545399740547,1.0
83500.0,835.0,0.0,,-1.0708545361947217,0.0708545361947214,1.0
83700.0,837.0,0.0,,-1.0708431232256168,0.0708431232256168,1.0
83800.0,838.0,0.0,,-1.0708319924866856,0.0708319924866855,1.0
84300.0,843.0,0.0,,-1.07070801832368,0.0707080183236801,1.0
84900.0,849.0,0.0,,-1.0707065942279208,0.0707065942279208,1.0
85000.0,850.0,0.0,,-1.0707058609670623,0.0707058609670623,1.0
85200.0,852.0,0.0,,-1.0707027213301816,0.0707027213301816,1.0
85700.0,857.0,0.0,,-1.070682310904595,0.070682310904595,1.0
86100.0,861.0,0.0,,-1.0706789515656825,0.0706789515656824,1.0
86200.0,862.0,0.0,,-1.0706766403957777,0.0706766403957774,1.0
86300.0,863.0,0.0,,-1.0706764222085556,0.0706764222085556,1.0
86400.0,864.0,0.0,,-1.0706742733181152,0.0706742733181151,1.0
86600.0,866.0,0.0,,-1.0706709456293588,0.0706709456293588,1.0
86900.0,869.0,0.0,,-1.0706498849890147,0.0706498849890147,1.0
87100.0,871.0,0.0,,-1.0706316249845054,0.0706316249845053,1.0
87300.0,873.0,0.0,,-1.0706231124583985,0.0706231124583984,1.0
87600.0,876.0,0.0,,-1.0706206772899738,0.0706206772899737,1.0
87800.0,878.0,0.0,,-1.0706202718404478,0.0706202718404478,1.0
87900.0,879.0,0.0,,-1.0706108128092722,0.0706108128092721,1.0
88200.0,882.0,0.0,,-1.0706108118133069,0.0706108118133068,1.0
88300.0,883.0,0.0,,-1.070610689453008,0.0706106894530078,1.0
88400.0,884.0,0.0,,-1.0705558610483568,0.0705558610483567,1.0
88600.0,886.0,0.0,,-1.0705543667310655,0.0705543667310657,1.0
89000.0,890.0,0.0,,-1.0705442552892177,0.0705442552892174,1.0
89100.0,891.0,0.0,,-1.0705399158597788,0.0705399158597788,1.0
89200.0,892.0,0.0,,-1.070535884080141,0.0705358840801413,1.0
89400.0,894.0,0.0,,-1.070535614627386,0.0705356146273858,1.0
89500.0,895.0,0.0,,-1.0705343283159048,0.0705343283159047,1.0
89700.0,897.0,0.0,,-1.070534268681688,0.0705342686816878,1.0
89900.0,899.0,0.0,,-1.0705330331196332,0.0705330331196332,1.0
90000.0,900.0,0.0,,-1.0705120453472532,0.0705120453472532,1.0
90300.0,903.0,0.0,,-1.070486079720422,0.070486079720422,1.0
90600.0,906.0,0.0,,-1.0704858233165575,0.0704858233165577,1.0
90700.0,907.0,0.0,,-1.070485210528526,0.0704852105285258,1.0
90900.0,909.0,0.0,,-1.070484821105176,0.070484821105176,1.0
91200.0,912.0,0.0,,-1.0704844296826626,0.0704844296826625,1.0
91400.0,914.0,0.0,,-1.0704840785083007,0.0704840785083007,1.0
91500.0,915.0,0.0,,-1.0704840729579252,0.0704840729579252,1.0
91700.0,917.0,0.0,,-1.070483871294421,0.0704838712944206,1.0
91800.0,918.0,0.0,,-1.0704838364723908,0.0704838364723907,1.0
92200.0,922.0,0.0,,-1.0704838269721146,0.0704838269721146,1.0
92600.0,926.0,0.0,,-1.070483826712482,0.0704838267124818,1.0
92700.0,927.0,0.0,,-1.0704838267122792,0.0704838267122791,1.0
92800.0,928.0,0.0,,-1.0704838264315404,0.0704838264315403,1.0
93400.0,934.0,0.0,,-1.0704838264252678,0.0704838264252678,1.0
93600.0,936.0,0.0,,-1.0704838264017411,0.0704838264017413,1.0
93700.0,937.0,0.0,,-1.0704838260768337,0.0704838260768336,1.0
93800.0,938.0,0.0,,-1.070446156481314,0.0704461564813139,1.0
93900.0,939.0,0.0,,-1.0704443327312534,0.0704443327312533,1.0
94000.0,940.0,0.0,,-1.0704249417245284,0.0704249417245284,1.0
94200.0,942.0,0.0,,-1.070424501312084,0.0704245013120838,1.0
94500.0,945.0,0.0,,-1.0704238502769667,0.0704238502769667,1.0
94700.0,947.0,0.0,,-1.0704238348846815,0.0704238348846817,1.0
94800.0,948.0,0.0,,-1.0704236776021483,0.0704236776021483,1.0
95000.0,950.0,0.0,,-1.0704219787345903,0.0704219787345903,1.0
95200.0,952.0,0.0,,-1.0704208053064086,0.0704208053064086,1.0
95300.0,953.0,0.0,,-1.0704206397697316,0.0704206397697315,1.0
95400.0,954.0,0.0,,-1.070404714246913,0.070404714246913,1.0
95600.0,956.0,0.0,,-1.070404137262269,0.070404137262269,1.0
95700.0,957.0,0.0,,-1.070402249876513,0.0704022498765128,1.0
95900.0,959.0,0.0,,-1.0704017182561167,0.0704017182561167,1.0
96000.0,960.0,0.0,,-1.070395131364297,0.0703951313642969,1.0
96100.0,961.0,0.0,,-1.0703932615802787,0.0703932615802787,1.0
96200.0,962.0,0.0,,-1.0670949403643435,0.0670949403643434,1.0
96700.0,967.0,0.0,,-1.0668738851888957,0.0668738851888954,1.0
96800.0,968.0,0.0,,-1.066453657113702,0.0664536571137019,1.0
97000.0,970.0,0.0,,-1.0634403605978158,0.0634403605978157,1.0
97100.0,971.0,0.0,,-1.062851013914998,0.062851013914998,1.0
97200.0,972.0,0.0,,-1.061079215516666,0.0610792155166659,1.0
97500.0,975.0,0.0,,-1.061076971570609,0.0610769715706089,1.0
97700.0,977.0,0.0,,-1.0610709231762694,0.0610709231762693,1.0
97800.0,978.0,0.0,,-1.0607510886292348,0.0607510886292348,1.0
98400.0,984.0,0.0,,-1.0607508149080511,0.0607508149080511,1.0
98600.0,986.0,0.0,,-1.0607496833895762,0.0607496833895762,1.0
99000.0,990.0,0.0,,-1.0607485445023404,0.0607485445023403,1.0
99200.0,992.0,0.0,,-1.0607470141200896,0.0607470141200896,1.0
99300.0,993.0,0.0,,-1.06074619691745,0.06074619691745,1.0
99400.0,994.0,0.0,,-1.0607457268693852,0.0607457268693851,1.0
99500.0,995.0,0.0,,-1.0607453024098132,0.0607453024098132,1.0
99800.0,998.0,0.0,,-1.058891206476994,0.0588912064769939,1.0
100000.0,1000.0,0.0,,-1.0586871644108635,0.0586871644108635,1.0
100400.0,1004.0,0.0,,-1.0586842425428202,0.0586842425428202,1.0
100500.0,1005.0,0.0,,-1.058574195074796,0.058574195074796,1.0
100700.0,1007.0,0.0,,-1.0585462317023109,0.0585462317023108,1.0
100900.0,1009.0,0.0,,-1.0583567517711951,0.0583567517711951,1.0
101100.0,1011.0,0.0,,-1.0583511193266015,0.0583511193266015,1.0
101300.0,1013.0,0.0,,-1.0583509075732245,0.0583509075732244,1.0
101400.0,1014.0,0.0,,-1.058326519161752,0.0583265191617519,1.0
101500.0,1015.0,0.0,,-1.0582588229219785,0.0582588229219782,1.0
101600.0,1016.0,0.0,,-1.0582524344519673,0.0582524344519672,1.0
101700.0,1017.0,0.0,,-1.058247024895506,0.058247024895506,1.0
101800.0,1018.0,0.0,,-1.0582439949199205,0.0582439949199204,1.0
102000.0,1020.0,0.0,,-1.0582428132020951,0.0582428132020951,1.0
102100.0,1021.0,0.0,,-1.0582425377104574,0.0582425377104574,1.0
102400.0,1024.0,0.0,,-1.058242381643559,0.0582423816435593,1.0
102600.0,1026.0,0.0,,-1.058241928151703,0.058241928151703,1.0
102800.0,1028.0,0.0,,-1.0582416116821014,0.0582416116821014,1.0
102900.0,1029.0,0.0,,-1.0582416073983305,0.0582416073983305,1.0
103000.0,1030.0,0.0,,-1.0582411180958755,0.0582411180958755,1.0
103300.0,1033.0,0.0,,-1.0582409485212465,0.0582409485212465,1.0
103400.0,1034.0,0.0,,-1.0582409067039094,0.0582409067039093,1.0
103900.0,1039.0,0.0,,-1.058240897520794,0.0582408975207939,1.0
104000.0,1040.0,0.0,,-1.0582408973465531,0.0582408973465531,1.0
104300.0,1043.0,0.0,,-1.0582408970146164,0.0582408970146164,1.0
104500.0,1045.0,0.0,,-1.0581774893227505,0.0581774893227504,1.0
104900.0,1049.0,0.0,,-1.0581761848161773,0.0581761848161772,1.0
105000.0,1050.0,0.0,,-1.0581761375899823,0.0581761375899825,1.0
105300.0,1053.0,0.0,,-1.0581579407882928,0.0581579407882928,1.0
105500.0,1055.0,0.0,,-1.0581193519342578,0.0581193519342577,1.0
105800.0,1058.0,0.0,,-1.0581171277470955,0.0581171277470955,1.0
105900.0,1059.0,0.0,,-1.0581094707041383,0.0581094707041385,1.0
106100.0,1061.0,0.0,,-1.0580925348675243,0.0580925348675243,1.0
106300.0,1063.0,0.0,,-1.058091897710384,0.0580918977103841,1.0
106400.0,1064.0,0.0,,-1.058088198267778,0.0580881982677781,1.0
106600.0,1066.0,0.0,,-1.0580873453419026,0.0580873453419026,1.0
106700.0,1067.0,0.0,,-1.0580863719712654,0.0580863719712654,1.0
106800.0,1068.0,0.0,,-1.0580860711799789,0.0580860711799788,1.0
106900.0,1069.0,0.0,,-1.058085192368571,0.058085192368571,1.0
107200.0,1072.0,0.0,,-1.0580851487876608,0.0580851487876608,1.0
107400.0,1074.0,0.0,,-1.058085072778293,0.0580850727782928,1.0
107500.0,1075.0,0.0,,-1.058084924265008,0.0580849242650078,1.0
107600.0,1076.0,0.0,,-1.0580847823658104,0.0580847823658103,1.0
107700.0,1077.0,0.0,,-1.0580847757119447,0.0580847757119447,1.0
108000.0,1080.0,0.0,,-1.0580847746998054,0.0580847746998054,1.0
108400.0,1084.0,0.0,,-1.058084764099862,0.058084764099862,1.0
108600.0,1086.0,0.0,,-1.0580847634157484,0.0580847634157484,1.0
109200.0,1092.0,0.0,,-1.0580847602160646,0.0580847602160645,1.0
109800.0,1098.0,0.0,,-1.0580847602136527,0.0580847602136527,1.0
110200.0,1102.0,0.0,,-1.0580847596174443,0.0580847596174443,1.0
110300.0,1103.0,0.0,,-1.0580847594609148,0.0580847594609148,1.0
110400.0,1104.0,0.0,,-1.058084759289625,0.0580847592896249,1.0
110800.0,1108.0,0.0,,-1.058084759265229,0.0580847592652289,1.0
111100.0,1111.0,0.0,,-1.0580847592516225,0.0580847592516222,1.0
111600.0,1116.0,0.0,,-1.0580847592491416,0.0580847592491415,1.0
112000.0,1120.0,0.0,,-1.0580847592479017,0.0580847592479014,1.0
112300.0,1123.0,0.0,,-1.0580847592453964,0.0580847592453963,1.0
113100.0,1131.0,0.0,,-1.0580785725328965,0.0580785725328962,1.0
113900.0,1139.0,0.0,,-1.05807476732177,0.05807476732177,1.0
114000.0,1140.0,0.0,,-1.0580634220675058,0.0580634220675058,1.0
114300.0,1143.0,0.0,,-1.058054458982195,0.0580544589821949,1.0
114400.0,1144.0,0.0,,-1.0580541342009526,0.0580541342009526,1.0
114500.0,1145.0,0.0,,-1.0578479151106697,0.0578479151106696,1.0
114700.0,1147.0,0.0,,-1.0578479012851405,0.0578479012851402,1.0
114900.0,1149.0,0.0,,-1.0578452946523362,0.0578452946523362,1.0
115200.0,1152.0,0.0,,-1.0578452868531791,0.0578452868531791,1.0
115300.0,1153.0,0.0,,-1.057844050498589,0.0578440504985893,1.0
115400.0,1154.0,0.0,,-1.0578413527888455,0.0578413527888457,1.0
115500.0,1155.0,0.0,,-1.0578311058915948,0.0578311058915947,1.0
115600.0,1156.0,0.0,,-1.0578264846037713,0.0578264846037712,1.0
115800.0,1158.0,0.0,,-1.0578179282290578,0.0578179282290578,1.0
116000.0,1160.0,0.0,,-1.0578171898125754,0.0578171898125754,1.0
116100.0,1161.0,0.0,,-1.057800400993946,0.0578004009939461,1.0
116400.0,1164.0,0.0,,-1.0577975884923354,0.0577975884923354,1.0
116700.0,1167.0,0.0,,-1.0577975860986644,0.0577975860986643,1.0
116800.0,1168.0,0.0,,-1.0577975235551031,0.0577975235551031,1.0
116900.0,1169.0,0.0,,-1.0577972444168895,0.0577972444168894,1.0
117000.0,1170.0,0.0,,-1.0577963370802246,0.0577963370802245,1.0
117100.0,1171.0,0.0,,-1.0577961806454534,0.0577961806454534,1.0
117300.0,1173.0,0.0,,-1.0577906054334774,0.0577906054334773,1.0
117400.0,1174.0,0.0,,-1.057790575445018,0.057790575445018,1.0
117500.0,1175.0,0.0,,-1.0577905666729652,0.0577905666729652,1.0
117600.0,1176.0,0.0,,-1.0577851534940266,0.0577851534940265,1.0
117800.0,1178.0,0.0,,-1.0577850218396845,0.0577850218396842,1.0
117900.0,1179.0,0.0,,-1.0577850050145807,0.0577850050145807,1.0
118100.0,1181.0,0.0,,-1.0577848816371551,0.0577848816371551,1.0
118200.0,1182.0,0.0,,-1.0577847317811409,0.0577847317811408,1.0
118700.0,1187.0,0.0,,-1.0577846332417178,0.0577846332417177,1.0
118800.0,1188.0,0.0,,-1.0577835410873822,0.0577835410873821,1.0
118900.0,1189.0,0.0,,-1.0577835408798568,0.0577835408798568,1.0
119000.0,1190.0,0.0,,-1.0577834356917415,0.0577834356917414,1.0
119100.0,1191.0,0.0,,-1.0577834107126078,0.0577834107126078,1.0
119200.0,1192.0,0.0,,-1.0577830326466315,0.0577830326466315,1.0
119500.0,1195.0,0.0,,-1.057782917836488,0.0577829178364879,1.0
119600.0,1196.0,0.0,,-1.0577829036551845,0.0577829036551844,1.0
120100.0,1201.0,0.0,,-1.0577828821701312,0.0577828821701311,1.0
120200.0,1202.0,0.0,,-1.05778288213894,0.0577828821389398,1.0
120400.0,1204.0,0.0,,-1.0577828518636965,0.0577828518636964,1.0
120500.0,1205.0,0.0,,-1.0577613007449909,0.0577613007449908,1.0
120600.0,1206.0,0.0,,-1.05776130074499,0.0577613007449899,1.0
120800.0,1208.0,0.0,,-1.0577612783651764,0.0577612783651764,1.0
121100.0,1211.0,0.0,,-1.0577611548027728,0.0577611548027727,1.0
121300.0,1213.0,0.0,,-1.0577319735535504,0.0577319735535504,1.0
121600.0,1216.0,0.0,,-1.057731528549234,0.0577315285492339,1.0
121700.0,1217.0,0.0,,-1.057731440029539,0.057731440029539,1.0
121800.0,1218.0,0.0,,-1.0577314397925668,0.0577314397925667,1.0
121900.0,1219.0,0.0,,-1.0577303829895657,0.0577303829895654,1.0
122100.0,1221.0,0.0,,-1.0577262272076684,0.0577262272076684,1.0
122400.0,1224.0,0.0,,-1.057726224456732,0.057726224456732,1.0
122800.0,1228.0,0.0,,-1.0577260767152044,0.0577260767152043,1.0
123100.0,1231.0,0.0,,-1.057726043902868,0.0577260439028679,1.0
123300.0,1233.0,0.0,,-1.0577260005225595,0.0577260005225594,1.0
123400.0,1234.0,0.0,,-1.0577259967192514,0.0577259967192513,1.0
123500.0,1235.0,0.0,,-1.0577259965413193,0.0577259965413192,1.0
123600.0,1236.0,0.0,,-1.057695501221525,0.057695501221525,1.0
123900.0,1239.0,0.0,,-1.057695489463715,0.0576954894637149,1.0
124100.0,1241.0,0.0,,-1.0576908229195678,0.0576908229195678,1.0
124400.0,1244.0,0.0,,-1.057683860195776,0.057683860195776,1.0
124600.0,1246.0,0.0,,-1.0576838385449034,0.0576838385449034,1.0
124700.0,1247.0,0.0,,-1.0576810240105448,0.0576810240105447,1.0
124800.0,1248.0,0.0,,-1.0575666006130076,0.0575666006130075,1.0
124900.0,1249.0,0.0,,-1.0575666000390191,0.0575666000390191,1.0
125000.0,1250.0,0.0,,-1.057560353074288,0.0575603530742878,1.0
125100.0,1251.0,0.0,,-1.0575041437043966,0.0575041437043966,1.0
125400.0,1254.0,0.0,,-1.0574951781637272,0.0574951781637271,1.0
125500.0,1255.0,0.0,,-1.05748782783615,0.0574878278361501,1.0
126500.0,1265.0,0.0,,-1.0574877370641556,0.0574877370641555,1.0
126700.0,1267.0,0.0,,-1.0574436676991363,0.0574436676991363,1.0
127000.0,1270.0,0.0,,-1.057319569351289,0.0573195693512889,1.0
127100.0,1271.0,0.0,,-1.0573176418866943,0.0573176418866943,1.0
127200.0,1272.0,0.0,,-1.057309971100188,0.057309971100188,1.0
127400.0,1274.0,0.0,,-1.057303711917222,0.0573037119172219,1.0
127600.0,1276.0,0.0,,-1.0573037072399436,0.0573037072399436,1.0
127700.0,1277.0,0.0,,-1.0572948076887758,0.0572948076887758,1.0
128200.0,1282.0,0.0,,-1.0572947705824285,0.0572947705824284,1.0
128300.0,1283.0,0.0,,-1.0572722322048616,0.0572722322048615,1.0
128400.0,1284.0,0.0,,-1.0572721327578711,0.0572721327578711,1.0
128500.0,1285.0,0.0,,-1.0572714849732363,0.0572714849732365,1.0
128700.0,1287.0,0.0,,-1.057270356830553,0.057270356830553,1.0
128800.0,1288.0,0.0,,-1.057269903172849,0.0572699031728489,1.0
129000.0,1290.0,0.0,,-1.0572695281748308,0.0572695281748307,1.0
129100.0,1291.0,0.0,,-1.0572688944887327,0.0572688944887327,1.0
129200.0,1292.0,0.0,,-1.0572688130292276,0.0572688130292275,1.0
129300.0,1293.0,0.0,,-1.0572674493419127,0.0572674493419127,1.0
129500.0,1295.0,0.0,,-1.0572628884583906,0.0572628884583905,1.0
129700.0,1297.0,0.0,,-1.0572394446551967,0.0572394446551967,1.0
130000.0,1300.0,0.0,,-1.0572374033604013,0.0572374033604012,1.0
130100.0,1301.0,0.0,,-1.0572154103110716,0.0572154103110715,1.0
130200.0,1302.0,0.0,,-1.0572138532081394,0.0572138532081394,1.0
130300.0,1303.0,0.0,,-1.057196239699817,0.0571962396998166,1.0
130400.0,1304.0,0.0,,-1.0571670082861346,0.0571670082861346,1.0
130800.0,1308.0,0.0,,-1.057129563536579,0.0571295635365789,1.0
131200.0,1312.0,0.0,,-1.0571043485427696,0.0571043485427695,1.0
131400.0,1314.0,0.0,,-1.057101488539696,0.0571014885396961,1.0
131600.0,1316.0,0.0,,-1.0570999067552476,0.0570999067552475,1.0
131900.0,1319.0,0.0,,-1.057099874501226,0.0570998745012258,1.0
132300.0,1323.0,0.0,,-1.057099816788811,0.057099816788811,1.0
132400.0,1324.0,0.0,,-1.0570998154439382,0.0570998154439381,1.0
132500.0,1325.0,0.0,,-1.0570997919774936,0.0570997919774936,1.0
132700.0,1327.0,0.0,,-1.0570997804837503,0.0570997804837503,1.0
132800.0,1328.0,0.0,,-1.05709977249474,0.0570997724947399,1.0
132900.0,1329.0,0.0,,-1.057099771206748,0.057099771206748,1.0
133000.0,1330.0,0.0,,-1.057099769445783,0.0570997694457833,1.0
133100.0,1331.0,0.0,,-1.057097769490131,0.0570977694901306,1.0
133300.0,1333.0,0.0,,-1.0570977694827983,0.0570977694827985,1.0
133400.0,1334.0,0.0,,-1.0570977600927514,0.0570977600927513,1.0
133500.0,1335.0,0.0,,-1.0570977106687274,0.0570977106687273,1.0
133600.0,1336.0,0.0,,-1.0570976023973997,0.0570976023973994,1.0
134400.0,1344.0,0.0,,-1.0570975981282864,0.0570975981282864,1.0
134500.0,1345.0,0.0,,-1.0570975869507655,0.0570975869507655,1.0
134900.0,1349.0,0.0,,-1.0570975854055649,0.0570975854055648,1.0
135000.0,1350.0,0.0,,-1.0570975853326434,0.0570975853326434,1.0
135100.0,1351.0,0.0,,-1.0570975839818442,0.0570975839818441,1.0
135300.0,1353.0,0.0,,-1.057097577913418,0.0570975779134179,1.0
135400.0,1354.0,0.0,,-1.0570975778964022,0.0570975778964022,1.0
135600.0,1356.0,0.0,,-1.057097577498494,0.0570975774984938,1.0
135700.0,1357.0,0.0,,-1.0570975772916262,0.0570975772916262,1.0
135800.0,1358.0,0.0,,-1.05709757696476,0.0570975769647601,1.0
135900.0,1359.0,0.0,,-1.057097576876175,0.057097576876175,1.0
136000.0,1360.0,0.0,,-1.0570975765657842,0.0570975765657841,1.0
136200.0,1362.0,0.0,,-1.0570975765554842,0.0570975765554842,1.0
136300.0,1363.0,0.0,,-1.0570975763594563,0.0570975763594563,1.0
136400.0,1364.0,0.0,,-1.0570975751942069,0.0570975751942066,1.0
136500.0,1365.0,0.0,,-1.057097575157248,0.057097575157248,1.0
136700.0,1367.0,0.0,,-1.0570975750249445,0.0570975750249445,1.0
136800.0,1368.0,0.0,,-1.057097574913601,0.0570975749136009,1.0
136900.0,1369.0,0.0,,-1.0570975741460789,0.0570975741460788,1.0
137200.0,1372.0,0.0,,-1.0570975731613368,0.0570975731613367,1.0
137600.0,1376.0,0.0,,-1.05709757284381,0.0570975728438101,1.0
137700.0,1377.0,0.0,,-1.057097572838519,0.057097572838519,1.0
137800.0,1378.0,0.0,,-1.0570975728348864,0.0570975728348863,1.0
138100.0,1381.0,0.0,,-1.0570975728140397,0.0570975728140397,1.0
138300.0,1383.0,0.0,,-1.0570975728120453,0.0570975728120453,1.0
138600.0,1386.0,0.0,,-1.0570975728112102,0.0570975728112101,1.0
139200.0,1392.0,0.0,,-1.057097572811081,0.0570975728110809,1.0
140500.0,1405.0,0.0,,-1.0570975728110807,0.0570975728110807,1.0
140800.0,1408.0,0.0,,-1.0570975728110767,0.0570975728110767,1.0
141000.0,1410.0,0.0,,-1.057072508758077,0.057072508758077,1.0
141400.0,1414.0,0.0,,-1.0570725085671306,0.0570725085671306,1.0
141500.0,1415.0,0.0,,-1.0570713915656005,0.0570713915656004,1.0
141700.0,1417.0,0.0,,-1.057071087989023,0.057071087989023,1.0
142100.0,1421.0,0.0,,-1.0570710790028848,0.0570710790028847,1.0
142200.0,1422.0,0.0,,-1.0570710461420088,0.0570710461420087,1.0
142400.0,1424.0,0.0,,-1.0570680100707393,0.0570680100707392,1.0
142500.0,1425.0,0.0,,-1.0570678770087127,0.0570678770087127,1.0
142700.0,1427.0,0.0,,-1.0570678275352252,0.0570678275352252,1.0
142800.0,1428.0,0.0,,-1.0570675796610445,0.0570675796610442,1.0
143300.0,1433.0,0.0,,-1.0570675791972313,0.0570675791972312,1.0
143600.0,1436.0,0.0,,-1.0570675777278238,0.0570675777278237,1.0
143800.0,1438.0,0.0,,-1.0570675686008513,0.0570675686008512,1.0
144000.0,1440.0,0.0,,-1.0570675666550735,0.0570675666550737,1.0
144300.0,1443.0,0.0,,-1.0570675656694122,0.0570675656694121,1.0
144400.0,1444.0,0.0,,-1.057067565503245,0.0570675655032451,1.0
144500.0,1445.0,0.0,,-1.05706756544729,0.0570675654472898,1.0
144600.0,1446.0,0.0,,-1.0570675654465351,0.0570675654465351,1.0
144700.0,1447.0,0.0,,-1.05706756441937,0.0570675644193698,1.0
144800.0,1448.0,0.0,,-1.0570675644184513,0.0570675644184512,1.0
145000.0,1450.0,0.0,,-1.0570675643675584,0.0570675643675584,1.0
145200.0,1452.0,0.0,,-1.0570675643675518,0.0570675643675517,1.0
145400.0,1454.0,0.0,,-1.057067564332682,0.0570675643326821,1.0
145700.0,1457.0,0.0,,-1.0570049020982606,0.0570049020982605,1.0
145800.0,1458.0,0.0,,-1.0570049020602974,0.0570049020602974,1.0
146000.0,1460.0,0.0,,-1.0570041377761057,0.0570041377761056,1.0
146200.0,1462.0,0.0,,-1.0570035546009893,0.0570035546009892,1.0
146400.0,1464.0,0.0,,-1.0570034982784284,0.0570034982784284,1.0
146600.0,1466.0,0.0,,-1.0570034832805726,0.0570034832805725,1.0
146700.0,1467.0,0.0,,-1.0570034795109888,0.0570034795109888,1.0
146800.0,1468.0,0.0,,-1.056947086884096,0.056947086884096,1.0
147400.0,1474.0,0.0,,-1.0569403378719682,0.0569403378719681,1.0
147600.0,1476.0,0.0,,-1.056927194696759,0.0569271946967593,1.0
147800.0,1478.0,0.0,,-1.0569237100880349,0.0569237100880346,1.0
148000.0,1480.0,0.0,,-1.0569236603023984,0.0569236603023983,1.0
148300.0,1483.0,0.0,,-1.0569232333108232,0.0569232333108231,1.0
148600.0,1486.0,0.0,,-1.0568867390794068,0.0568867390794067,1.0
148700.0,1487.0,0.0,,-1.0568418551092966,0.0568418551092966,1.0
149000.0,1490.0,0.0,,-1.056841814293635,0.0568418142936353,1.0
149200.0,1492.0,0.0,,-1.0568410161091368,0.0568410161091368,1.0
149300.0,1493.0,0.0,,-1.0568388207353383,0.0568388207353385,1.0
149400.0,1494.0,0.0,,-1.05683580052248,0.05683580052248,1.0
149600.0,1496.0,0.0,,-1.0568345678074806,0.0568345678074806,1.0
150000.0,1500.0,0.0,,-1.0568324474063249,0.0568324474063248,1.0
150100.0,1501.0,0.0,,-1.0568323300530835,0.0568323300530837,1.0
150600.0,1506.0,0.0,,-1.0568322677076094,0.0568322677076094,1.0
150700.0,1507.0,0.0,,-1.0568321525007092,0.0568321525007091,1.0
150900.0,1509.0,0.0,,-1.0568320888355949,0.0568320888355946,1.0
151000.0,1510.0,0.0,,-1.0568320635729922,0.0568320635729922,1.0
151100.0,1511.0,0.0,,-1.0568320079626443,0.0568320079626443,1.0
151200.0,1512.0,0.0,,-1.0568319829265715,0.0568319829265715,1.0
151300.0,1513.0,0.0,,-1.0560106517596568,0.0560106517596568,1.0
151700.0,1517.0,0.0,,-1.0560106408546013,0.0560106408546012,1.0
151900.0,1519.0,0.0,,-1.056009158734314,0.0560091587343141,1.0
152200.0,1522.0,0.0,,-1.055983289374387,0.055983289374387,1.0
152400.0,1524.0,0.0,,-1.0559727685469549,0.0559727685469546,1.0
152700.0,1527.0,0.0,,-1.0559727108184078,0.0559727108184078,1.0
153000.0,1530.0,0.0,,-1.055972590972971,0.0559725909729709,1.0
153100.0,1531.0,0.0,,-1.0559722754814085,0.0559722754814084,1.0
153200.0,1532.0,0.0,,-1.0559232200989088,0.0559232200989088,1.0
153400.0,1534.0,0.0,,-1.055923212389412,0.055923212389412,1.0
153500.0,1535.0,0.0,,-1.0559222231047694,0.0559222231047693,1.0
153600.0,1536.0,0.0,,-1.0559157958504146,0.0559157958504146,1.0
153800.0,1538.0,0.0,,-1.0559156924042532,0.0559156924042532,1.0
153900.0,1539.0,0.0,,-1.0559133716374955,0.0559133716374955,1.0
154000.0,1540.0,0.0,,-1.0559132743431607,0.0559132743431607,1.0
154200.0,1542.0,0.0,,-1.0558858579410026,0.0558858579410026,1.0
154300.0,1543.0,0.0,,-1.0558844055709964,0.0558844055709963,1.0
154600.0,1546.0,0.0,,-1.055880186018144,0.0558801860181439,1.0
154800.0,1548.0,0.0,,-1.0558801111278429,0.0558801111278428,1.0
154900.0,1549.0,0.0,,-1.0558775972674372,0.0558775972674372,1.0
155000.0,1550.0,0.0,,-1.0558770952710042,0.0558770952710041,1.0
155100.0,1551.0,0.0,,-1.055848744872057,0.055848744872057,1.0
155500.0,1555.0,0.0,,-1.0558304400765397,0.0558304400765394,1.0
155700.0,1557.0,0.0,,-1.0558141003221546,0.0558141003221546,1.0
155800.0,1558.0,0.0,,-1.0558137603670943,0.0558137603670945,1.0
155900.0,1559.0,0.0,,-1.0556117055636427,0.0556117055636427,1.0
156500.0,1565.0,0.0,,-1.0556090091499108,0.0556090091499108,1.0
156700.0,1567.0,0.0,,-1.055607839689939,0.0556078396899391,1.0
156900.0,1569.0,0.0,,-1.055570235725977,0.055570235725977,1.0
157400.0,1574.0,0.0,,-1.055535348461376,0.055535348461376,1.0
157500.0,1575.0,0.0,,-1.055531870641918,0.0555318706419181,1.0
157800.0,1578.0,0.0,,-1.0555154901062067,0.0555154901062067,1.0
157900.0,1579.0,0.0,,-1.0555140710328133,0.0555140710328132,1.0
158000.0,1580.0,0.0,,-1.055509516552016,0.0555095165520158,1.0
158200.0,1582.0,0.0,,-1.0555090583403346,0.0555090583403345,1.0
158300.0,1583.0,0.0,,-1.0555089911818958,0.0555089911818957,1.0
158400.0,1584.0,0.0,,-1.055508709452416,0.055508709452416,1.0
158500.0,1585.0,0.0,,-1.0555087075263108,0.0555087075263107,1.0
158600.0,1586.0,0.0,,-1.0555086835961989,0.0555086835961988,1.0
158700.0,1587.0,0.0,,-1.0554593687293494,0.0554593687293494,1.0
158900.0,1589.0,0.0,,-1.055450811957746,0.0554508119577461,1.0
159300.0,1593.0,0.0,,-1.055447145681618,0.0554471456816179,1.0
159400.0,1594.0,0.0,,-1.055447111121427,0.0554471111214269,1.0
159500.0,1595.0,0.0,,-1.0554465830747086,0.0554465830747086,1.0
159700.0,1597.0,0.0,,-1.055438422233351,0.055438422233351,1.0
159800.0,1598.0,0.0,,-1.055434499842225,0.0554344998422249,1.0
159900.0,1599.0,0.0,,-1.055434361818992,0.0554343618189918,1.0
160000.0,1600.0,0.0,,-1.0554336074353132,0.0554336074353132,1.0
160100.0,1601.0,0.0,,-1.0554293983914405,0.0554293983914404,1.0
160300.0,1603.0,0.0,,-1.055429304978497,0.055429304978497,1.0
160500.0,1605.0,0.0,,-1.0554291055611056,0.0554291055611055,1.0
160600.0,1606.0,0.0,,-1.0554280698723235,0.0554280698723235,1.0
160700.0,1607.0,0.0,,-1.0554192154191655,0.0554192154191655,1.0
160800.0,1608.0,0.0,,-1.055407560951253,0.0554075609512529,1.0
161000.0,1610.0,0.0,,-1.0553852421514809,0.0553852421514808,1.0
161100.0,1611.0,0.0,,-1.0553814835919677,0.0553814835919677,1.0
161200.0,1612.0,0.0,,-1.055380661902403,0.055380661902403,1.0
161400.0,1614.0,0.0,,-1.0553649319208878,0.0553649319208877,1.0
161700.0,1617.0,0.0,,-1.0553648803051263,0.0553648803051263,1.0
161800.0,1618.0,0.0,,-1.0553632554732026,0.0553632554732026,1.0
162000.0,1620.0,0.0,,-1.055361944540087,0.055361944540087,1.0
162100.0,1621.0,0.0,,-1.0553613315230206,0.0553613315230205,1.0
162200.0,1622.0,0.0,,-1.055361326691568,0.055361326691568,1.0
162500.0,1625.0,0.0,,-1.0553405990887408,0.0553405990887407,1.0
163000.0,1630.0,0.0,,-1.0553356000925551,0.0553356000925551,1.0
163200.0,1632.0,0.0,,-1.0553278618146236,0.0553278618146235,1.0
163300.0,1633.0,0.0,,-1.0552963164725102,0.0552963164725102,1.0
163400.0,1634.0,0.0,,-1.0552955442516532,0.0552955442516531,1.0
163500.0,1635.0,0.0,,-1.0552954891968716,0.0552954891968715,1.0
163600.0,1636.0,0.0,,-1.0552953555439055,0.0552953555439057,1.0
164300.0,1643.0,0.0,,-1.0376042817461548,0.0376042817461548,1.0
164500.0,1645.0,0.0,,-1.0355488362345655,0.0355488362345655,1.0
164700.0,1647.0,0.0,,-1.0354570044419975,0.0354570044419977,1.0
164800.0,1648.0,0.0,,-1.035427778332498,0.0354277783324981,1.0
164900.0,1649.0,0.0,,-1.0307543921870486,0.0307543921870485,1.0
165000.0,1650.0,0.0,,-1.0307044568647594,0.0307044568647594,1.0
165400.0,1654.0,0.0,,-1.027512987400077,0.027512987400077,1.0
169300.0,1693.0,0.0,,-1.0247334849224543,0.0247334849224545,1.0
169500.0,1695.0,0.0,,-1.024091234489103,0.0240912344891031,1.0
169600.0,1696.0,0.0,,-1.0240662776391438,0.0240662776391438,1.0
169800.0,1698.0,0.0,,-1.0196999825898352,0.0196999825898351,1.0
170000.0,1700.0,0.0,,-1.019636721606037,0.0196367216060366,1.0
170100.0,1701.0,0.0,,-1.0192598092149443,0.0192598092149445,1.0
170300.0,1703.0,0.0,,-1.0191107863350053,0.0191107863350052,1.0
170900.0,1709.0,0.0,,-1.01892313644953,0.0189231364495299,1.0
171000.0,1710.0,0.0,,-1.018913914442168,0.0189139144421679,1.0
171100.0,1711.0,0.0,,-1.0187098478079444,0.0187098478079443,1.0
171300.0,1713.0,0.0,,-1.0187086475357736,0.0187086475357736,1.0
171400.0,1714.0,0.0,,-1.018591092504439,0.018591092504439,1.0
171500.0,1715.0,0.0,,-1.0185124216757389,0.0185124216757388,1.0
171600.0,1716.0,0.0,,-1.0184961453973551,0.0184961453973553,1.0
171800.0,1718.0,0.0,,-1.018419744534277,0.018419744534277,1.0
172200.0,1722.0,0.0,,-1.0183918941316896,0.0183918941316896,1.0
172300.0,1723.0,0.0,,-1.0183329937834782,0.0183329937834781,1.0
172500.0,1725.0,0.0,,-1.0183324967559688,0.0183324967559688,1.0
172700.0,1727.0,0.0,,-1.018330836030139,0.018330836030139,1.0
172800.0,1728.0,0.0,,-1.0183299864522368,0.0183299864522368,1.0
173000.0,1730.0,0.0,,-1.018327145413178,0.0183271454131781,1.0
173300.0,1733.0,0.0,,-1.0183271357800514,0.0183271357800514,1.0
173400.0,1734.0,0.0,,-1.0183269444599392,0.0183269444599392,1.0
173600.0,1736.0,0.0,,-1.018326894625303,0.018326894625303,1.0
173700.0,1737.0,0.0,,-1.0182689670583684,0.0182689670583684,1.0
174000.0,1740.0,0.0,,-1.0182688538530649,0.0182688538530648,1.0
174300.0,1743.0,0.0,,-1.018268151898506,0.0182681518985059,1.0
174400.0,1744.0,0.0,,-1.0181728353653872,0.0181728353653871,1.0
174700.0,1747.0,0.0,,-1.018169337958255,0.018169337958255,1.0
174800.0,1748.0,0.0,,-1.018165625416653,0.0181656254166526,1.0
174900.0,1749.0,0.0,,-1.0181639294241311,0.0181639294241311,1.0
175000.0,1750.0,0.0,,-1.0181632286194575,0.0181632286194575,1.0
175300.0,1753.0,0.0,,-1.0181630474994154,0.0181630474994154,1.0
175500.0,1755.0,0.0,,-1.0181628668750606,0.0181628668750606,1.0
175600.0,1756.0,0.0,,-1.0181627046478792,0.0181627046478791,1.0
175700.0,1757.0,0.0,,-1.0181624391946396,0.0181624391946395,1.0
175800.0,1758.0,0.0,,-1.018110701374381,0.018110701374381,1.0
175900.0,1759.0,0.0,,-1.0180966662957538,0.0180966662957537,1.0
176000.0,1760.0,0.0,,-1.0180851337783,0.0180851337783001,1.0
176100.0,1761.0,0.0,,-1.0180851038149614,0.0180851038149614,1.0
176200.0,1762.0,0.0,,-1.018063118020922,0.018063118020922,1.0
176400.0,1764.0,0.0,,-1.018056974705021,0.0180569747050209,1.0
176600.0,1766.0,0.0,,-1.01801783500849,0.0180178350084898,1.0
176900.0,1769.0,0.0,,-1.0180155545164735,0.0180155545164737,1.0
177000.0,1770.0,0.0,,-1.0180049229243873,0.0180049229243872,1.0
177100.0,1771.0,0.0,,-1.0179983668303645,0.0179983668303642,1.0
177200.0,1772.0,0.0,,-1.0179966730161587,0.0179966730161587,1.0
177300.0,1773.0,0.0,,-1.0179925020953031,0.0179925020953033,1.0
177500.0,1775.0,0.0,,-1.0179921050434126,0.0179921050434126,1.0
177700.0,1777.0,0.0,,-1.0179909974430754,0.0179909974430754,1.0
177800.0,1778.0,0.0,,-1.0179908631662993,0.0179908631662992,1.0
178000.0,1780.0,0.0,,-1.0179904282152457,0.0179904282152456,1.0
178100.0,1781.0,0.0,,-1.0179880345209067,0.0179880345209066,1.0
178200.0,1782.0,0.0,,-1.0179869250545082,0.0179869250545081,1.0
178300.0,1783.0,0.0,,-1.0179847995880382,0.0179847995880382,1.0
178400.0,1784.0,0.0,,-1.017984310501546,0.017984310501546,1.0
178700.0,1787.0,0.0,,-1.0179839748939794,0.0179839748939794,1.0
178800.0,1788.0,0.0,,-1.0179459965441544,0.0179459965441544,1.0
179200.0,1792.0,0.0,,-1.0179371391048588,0.0179371391048588,1.0
179400.0,1794.0,0.0,,-1.017935571621338,0.0179355716213378,1.0
179500.0,1795.0,0.0,,-1.017932821976795,0.0179328219767949,1.0
179600.0,1796.0,0.0,,-1.017929435320459,0.0179294353204593,1.0
179700.0,1797.0,0.0,,-1.0179236189180134,0.0179236189180134,1.0
179800.0,1798.0,0.0,,-1.0179203067926257,0.0179203067926254,1.0
179900.0,1799.0,0.0,,-1.0179189525997412,0.0179189525997411,1.0
180000.0,1800.0,0.0,,-1.0179175126889428,0.0179175126889428,1.0
180100.0,1801.0,0.0,,-1.017905759589263,0.0179057595892631,1.0
180200.0,1802.0,0.0,,-1.017904483354016,0.017904483354016,1.0
180400.0,1804.0,0.0,,-1.017900726155645,0.0179007261556449,1.0
180700.0,1807.0,0.0,,-1.0179006339939345,0.0179006339939342,1.0
180800.0,1808.0,0.0,,-1.0178995822971768,0.0178995822971768,1.0
180900.0,1809.0,0.0,,-1.0178994385043263,0.0178994385043265,1.0
181000.0,1810.0,0.0,,-1.0178987356731446,0.0178987356731445,1.0
181400.0,1814.0,0.0,,-1.017898116169372,0.017898116169372,1.0
181500.0,1815.0,0.0,,-1.0178978735478716,0.0178978735478716,1.0
181800.0,1818.0,0.0,,-1.017897792656734,0.017897792656734,1.0
182000.0,1820.0,0.0,,-1.0178974580942044,0.0178974580942044,1.0
182100.0,1821.0,0.0,,-1.0178974552832272,0.0178974552832271,1.0
182200.0,1822.0,0.0,,-1.0178973291521594,0.0178973291521593,1.0
182400.0,1824.0,0.0,,-1.0178973132507867,0.0178973132507866,1.0
182500.0,1825.0,0.0,,-1.0178973052520512,0.0178973052520512,1.0
182700.0,1827.0,0.0,,-1.0178972853635553,0.0178972853635552,1.0
182800.0,1828.0,0.0,,-1.0178972781479187,0.0178972781479187,1.0
183000.0,1830.0,0.0,,-1.017897254419736,0.0178972544197359,1.0
183300.0,1833.0,0.0,,-1.017854243820146,0.0178542438201458,1.0
183500.0,1835.0,0.0,,-1.0178542022734995,0.0178542022734995,1.0
183600.0,1836.0,0.0,,-1.0178506378142755,0.0178506378142755,1.0
183800.0,1838.0,0.0,,-1.0178506062431811,0.0178506062431811,1.0
183900.0,1839.0,0.0,,-1.0178503208811025,0.0178503208811025,1.0
184000.0,1840.0,0.0,,-1.0178243200479522,0.0178243200479522,1.0
184100.0,1841.0,0.0,,-1.017824316412479,0.0178243164124789,1.0
184200.0,1842.0,0.0,,-1.0178238820369294,0.0178238820369294,1.0
184300.0,1843.0,0.0,,-1.0178047658108824,0.0178047658108824,1.0
184500.0,1845.0,0.0,,-1.0178002456342956,0.0178002456342956,1.0
184700.0,1847.0,0.0,,-1.017799827724002,0.0177998277240019,1.0
184800.0,1848.0,0.0,,-1.0177978661332734,0.0177978661332733,1.0
185000.0,1850.0,0.0,,-1.0177957722339468,0.0177957722339467,1.0
185200.0,1852.0,0.0,,-1.01778413448244,0.01778413448244,1.0
185300.0,1853.0,0.0,,-1.0177839353994893,0.0177839353994893,1.0
185600.0,1856.0,0.0,,-1.017782367131535,0.0177823671315349,1.0
185700.0,1857.0,0.0,,-1.0177802693090452,0.0177802693090451,1.0
185800.0,1858.0,0.0,,-1.0177408030863118,0.0177408030863117,1.0
185900.0,1859.0,0.0,,-1.017740756985355,0.0177407569853549,1.0
186100.0,1861.0,0.0,,-1.0177367114218057,0.0177367114218056,1.0
186600.0,1866.0,0.0,,-1.0177362844765117,0.0177362844765116,1.0
186900.0,1869.0,0.0,,-1.0177341148509815,0.0177341148509815,1.0
187100.0,1871.0,0.0,,-1.0177340256954943,0.0177340256954943,1.0
187200.0,1872.0,0.0,,-1.0177337208854231,0.0177337208854231,1.0
187400.0,1874.0,0.0,,-1.0177152226318549,0.0177152226318548,1.0
187800.0,1878.0,0.0,,-1.0177072119026915,0.0177072119026915,1.0
188000.0,1880.0,0.0,,-1.0177059399541972,0.0177059399541972,1.0
188100.0,1881.0,0.0,,-1.0177058590048584,0.0177058590048584,1.0
188200.0,1882.0,0.0,,-1.0177049528961175,0.0177049528961175,1.0
188300.0,1883.0,0.0,,-1.0177044994009143,0.0177044994009143,1.0
188400.0,1884.0,0.0,,-1.017704463971094,0.0177044639710939,1.0
188600.0,1886.0,0.0,,-1.0177043665952927,0.0177043665952927,1.0
188700.0,1887.0,0.0,,-1.0177042897938984,0.0177042897938983,1.0
188800.0,1888.0,0.0,,-1.0176805338971795,0.0176805338971794,1.0
188900.0,1889.0,0.0,,-1.0176803708042694,0.0176803708042694,1.0
189000.0,1890.0,0.0,,-1.0176792709176234,0.0176792709176234,1.0
189400.0,1894.0,0.0,,-1.0176785792800027,0.0176785792800027,1.0
189500.0,1895.0,0.0,,-1.0176785584471777,0.0176785584471776,1.0
189600.0,1896.0,0.0,,-1.0176777476750534,0.0176777476750533,1.0
189900.0,1899.0,0.0,,-1.0176772394661564,0.0176772394661564,1.0
190000.0,1900.0,0.0,,-1.017676630667529,0.0176766306675288,1.0
190400.0,1904.0,0.0,,-1.0176766305266145,0.0176766305266142,1.0
190700.0,1907.0,0.0,,-1.01767662044419,0.01767662044419,1.0
190800.0,1908.0,0.0,,-1.0176764057910896,0.0176764057910896,1.0
191200.0,1912.0,0.0,,-1.0176753818231952,0.0176753818231951,1.0
191300.0,1913.0,0.0,,-1.0176753147173487,0.0176753147173487,1.0
191600.0,1916.0,0.0,,-1.0176752745430415,0.0176752745430417,1.0
191700.0,1917.0,0.0,,-1.0176752556717008,0.0176752556717008,1.0
191900.0,1919.0,0.0,,-1.0176752113566008,0.0176752113566007,1.0
192000.0,1920.0,0.0,,-1.0176665042627198,0.0176665042627197,1.0
192100.0,1921.0,0.0,,-1.01766626980884,0.0176662698088398,1.0
192600.0,1926.0,0.0,,-1.0176657129115108,0.0176657129115107,1.0
192700.0,1927.0,0.0,,-1.0176645958615065,0.0176645958615064,1.0
192800.0,1928.0,0.0,,-1.017664252400908,0.017664252400908,1.0
192900.0,1929.0,0.0,,-1.0176641740345749,0.0176641740345746,1.0
193100.0,1931.0,0.0,,-1.017653326624366,0.0176533266243659,1.0
193200.0,1932.0,0.0,,-1.0176531733360756,0.0176531733360756,1.0
193300.0,1933.0,0.0,,-1.0176507127129564,0.0176507127129563,1.0
193400.0,1934.0,0.0,,-1.0176502354275796,0.0176502354275795,1.0
193500.0,1935.0,0.0,,-1.017650234451802,0.0176502344518021,1.0
193600.0,1936.0,0.0,,-1.0176497272999407,0.0176497272999407,1.0
193700.0,1937.0,0.0,,-1.0176496850917345,0.0176496850917344,1.0
193800.0,1938.0,0.0,,-1.0176495218259858,0.0176495218259857,1.0
193900.0,1939.0,0.0,,-1.017648864523313,0.017648864523313,1.0
194100.0,1941.0,0.0,,-1.0176481692707804,0.0176481692707803,1.0
194200.0,1942.0,0.0,,-1.017647803426659,0.0176478034266589,1.0
194300.0,1943.0,0.0,,-1.0176470757586356,0.0176470757586355,1.0
194400.0,1944.0,0.0,,-1.017646427915387,0.0176464279153869,1.0
194600.0,1946.0,0.0,,-1.0176461731602626,0.0176461731602626,1.0
194700.0,1947.0,0.0,,-1.01764614245093,0.0176461424509299,1.0
194800.0,1948.0,0.0,,-1.0176461142667634,0.0176461142667634,1.0
194900.0,1949.0,0.0,,-1.0176460515705292,0.0176460515705292,1.0
195200.0,1952.0,0.0,,-1.0176460253081263,0.0176460253081263,1.0
195400.0,1954.0,0.0,,-1.017645968895599,0.0176459688955989,1.0
195500.0,1955.0,0.0,,-1.017645740308962,0.017645740308962,1.0
195600.0,1956.0,0.0,,-1.0176455657159422,0.0176455657159422,1.0
195700.0,1957.0,0.0,,-1.0176455652537866,0.0176455652537865,1.0
195800.0,1958.0,0.0,,-1.0176455260929211,0.0176455260929211,1.0
196300.0,1963.0,0.0,,-1.017645523386657,0.017645523386657,1.0
196400.0,1964.0,0.0,,-1.0176455223073162,0.0176455223073161,1.0
196500.0,1965.0,0.0,,-1.0176455186201154,0.0176455186201154,1.0
196600.0,1966.0,0.0,,-1.017645508579879,0.017645508579879,1.0
196800.0,1968.0,0.0,,-1.0176455053900375,0.0176455053900377,1.0
196900.0,1969.0,0.0,,-1.0176454942793545,0.0176454942793544,1.0
197000.0,1970.0,0.0,,-1.0176235320157194,0.0176235320157194,1.0
197200.0,1972.0,0.0,,-1.0176215163706137,0.0176215163706137,1.0
197500.0,1975.0,0.0,,-1.0176211506918464,0.0176211506918464,1.0
197600.0,1976.0,0.0,,-1.0175968318313495,0.0175968318313497,1.0
197700.0,1977.0,0.0,,-1.017594483636609,0.017594483636609,1.0
197900.0,1979.0,0.0,,-1.0175828042804425,0.0175828042804424,1.0
198600.0,1986.0,0.0,,-1.0175822000117658,0.0175822000117658,1.0
198700.0,1987.0,0.0,,-1.0175821278584918,0.0175821278584917,1.0
198900.0,1989.0,0.0,,-1.0175821237232254,0.0175821237232254,1.0
199200.0,1992.0,0.0,,-1.017582121201576,0.017582121201576,1.0
199400.0,1994.0,0.0,,-1.0175820765040349,0.0175820765040348,1.0
199500.0,1995.0,0.0,,-1.0175820717657855,0.0175820717657857,1.0
199800.0,1998.0,0.0,,-1.017582019173157,0.017582019173157,1.0
199900.0,1999.0,0.0,,-1.0175820084295042,0.0175820084295041,1.0
200200.0,2002.0,0.0,,-1.0175816368062551,0.0175816368062551,1.0
200300.0,2003.0,0.0,,-1.017581578060677,0.0175815780606769,1.0
200400.0,2004.0,0.0,,-1.0175815415401257,0.0175815415401254,1.0
200600.0,2006.0,0.0,,-1.0175812771250736,0.0175812771250736,1.0
200800.0,2008.0,0.0,,-1.0175796357060631,0.0175796357060631,1.0
202100.0,2021.0,0.0,,-1.0175796348778603,0.0175796348778602,1.0
202500.0,2025.0,0.0,,-1.0175796190890871,0.0175796190890871,1.0
202600.0,2026.0,0.0,,-1.01757961226768,0.0175796122676799,1.0
202700.0,2027.0,0.0,,-1.017579592953796,0.0175795929537958,1.0
202800.0,2028.0,0.0,,-1.0175795924083364,0.0175795924083363,1.0
203300.0,2033.0,0.0,,-1.0175795916132535,0.0175795916132535,1.0
203400.0,2034.0,0.0,,-1.0175795898594542,0.0175795898594541,1.0
203700.0,2037.0,0.0,,-1.0175795897115307,0.0175795897115307,1.0
203800.0,2038.0,0.0,,-1.0175795883100522,0.0175795883100522,1.0
203900.0,2039.0,0.0,,-1.0175793349912896,0.0175793349912896,1.0
204100.0,2041.0,0.0,,-1.0175771893427934,0.0175771893427933,1.0
204800.0,2048.0,0.0,,-1.0175771893297212,0.0175771893297211,1.0
204900.0,2049.0,0.0,,-1.017576923810029,0.0175769238100289,1.0
205000.0,2050.0,0.0,,-1.017576907143831,0.0175769071438309,1.0
205100.0,2051.0,0.0,,-1.0175769070076208,0.0175769070076208,1.0
205400.0,2054.0,0.0,,-1.0175768914380452,0.0175768914380451,1.0
205600.0,2056.0,0.0,,-1.0175768902607056,0.0175768902607056,1.0
205700.0,2057.0,0.0,,-1.017576888641404,0.017576888641404,1.0
206000.0,2060.0,0.0,,-1.0175764248542247,0.0175764248542247,1.0
206200.0,2062.0,0.0,,-1.0175764007682817,0.0175764007682814,1.0
206600.0,2066.0,0.0,,-1.0175764005154508,0.0175764005154508,1.0
206700.0,2067.0,0.0,,-1.0175763973981875,0.0175763973981875,1.0
206900.0,2069.0,0.0,,-1.0175763971487686,0.0175763971487685,1.0
207000.0,2070.0,0.0,,-1.0175763963878086,0.0175763963878086,1.0
207200.0,2072.0,0.0,,-1.017576395976978,0.0175763959769781,1.0
207500.0,2075.0,0.0,,-1.0175763957508124,0.0175763957508123,1.0
207700.0,2077.0,0.0,,-1.0175763956221808,0.0175763956221808,1.0
208000.0,2080.0,0.0,,-1.017576395573326,0.0175763955733259,1.0
208100.0,2081.0,0.0,,-1.017576395488989,0.0175763954889889,1.0
208200.0,2082.0,0.0,,-1.0175763954332406,0.0175763954332406,1.0
208300.0,2083.0,0.0,,-1.017576395329394,0.0175763953293939,1.0
208400.0,2084.0,0.0,,-1.0175763953165011,0.0175763953165013,1.0
208500.0,2085.0,0.0,,-1.0175763953152,0.0175763953151999,1.0
208700.0,2087.0,0.0,,-1.0175763000991416,0.0175763000991415,1.0
209100.0,2091.0,0.0,,-1.0175763000778206,0.0175763000778206,1.0
209200.0,2092.0,0.0,,-1.0175763000551787,0.0175763000551787,1.0
209300.0,2093.0,0.0,,-1.0175762987379466,0.0175762987379466,1.0
209400.0,2094.0,0.0,,-1.0175762932120844,0.0175762932120844,1.0
209600.0,2096.0,0.0,,-1.0175762932002743,0.0175762932002745,1.0
209800.0,2098.0,0.0,,-1.0175762931987655,0.0175762931987655,1.0
209900.0,2099.0,0.0,,-1.0175762897238856,0.0175762897238855,1.0
210100.0,2101.0,0.0,,-1.01757628972006,0.0175762897200599,1.0
210200.0,2102.0,0.0,,-1.0175762897200578,0.0175762897200577,1.0
210300.0,2103.0,0.0,,-1.0175762897193943,0.0175762897193942,1.0
210400.0,2104.0,0.0,,-1.0175762897128766,0.0175762897128766,1.0
210500.0,2105.0,0.0,,-1.017576287046234,0.0175762870462339,1.0
210700.0,2107.0,0.0,,-1.0175762868458058,0.0175762868458058,1.0
210800.0,2108.0,0.0,,-1.0175762868441467,0.0175762868441466,1.0
210900.0,2109.0,0.0,,-1.0175762867863285,0.0175762867863285,1.0
211100.0,2111.0,0.0,,-1.0175762867396243,0.0175762867396245,1.0
211200.0,2112.0,0.0,,-1.0175762866934723,0.0175762866934723,1.0
211400.0,2114.0,0.0,,-1.0175762866741664,0.0175762866741664,1.0
211600.0,2116.0,0.0,,-1.0175762866710716,0.0175762866710715,1.0
211700.0,2117.0,0.0,,-1.0175762866417748,0.0175762866417747,1.0
211800.0,2118.0,0.0,,-1.017576286586885,0.0175762865868849,1.0
212000.0,2120.0,0.0,,-1.017576286557253,0.017576286557253,1.0
212300.0,2123.0,0.0,,-1.0175762865160416,0.0175762865160415,1.0
212500.0,2125.0,0.0,,-1.0175762865095703,0.0175762865095703,1.0
212600.0,2126.0,0.0,,-1.0175756403480174,0.0175756403480173,1.0
213000.0,2130.0,0.0,,-1.0175756403474918,0.0175756403474918,1.0
213100.0,2131.0,0.0,,-1.0175756403406064,0.0175756403406064,1.0
213200.0,2132.0,0.0,,-1.0175756012988353,0.0175756012988352,1.0
213300.0,2133.0,0.0,,-1.0175754112355224,0.0175754112355224,1.0
213400.0,2134.0,0.0,,-1.0175754112345117,0.0175754112345114,1.0
213500.0,2135.0,0.0,,-1.017575247752515,0.017575247752515,1.0
213700.0,2137.0,0.0,,-1.017575046927429,0.0175750469274289,1.0
213800.0,2138.0,0.0,,-1.0175750392331344,0.0175750392331344,1.0
213900.0,2139.0,0.0,,-1.0175750368820842,0.0175750368820841,1.0
214100.0,2141.0,0.0,,-1.0175750358983164,0.0175750358983164,1.0
214300.0,2143.0,0.0,,-1.0175750358976954,0.0175750358976953,1.0
214500.0,2145.0,0.0,,-1.0175750240938597,0.0175750240938594,1.0
214600.0,2146.0,0.0,,-1.0175750230217404,0.0175750230217404,1.0
214700.0,2147.0,0.0,,-1.0175750227250095,0.0175750227250095,1.0
214800.0,2148.0,0.0,,-1.017575022652371,0.0175750226523709,1.0
214900.0,2149.0,0.0,,-1.0175750223637503,0.0175750223637505,1.0
215200.0,2152.0,0.0,,-1.0175750222628257,0.0175750222628254,1.0
215300.0,2153.0,0.0,,-1.0175750222445743,0.0175750222445743,1.0
215600.0,2156.0,0.0,,-1.01757502224453,0.0175750222445301,1.0
215800.0,2158.0,0.0,,-1.0175750222356774,0.0175750222356774,1.0
216000.0,2160.0,0.0,,-1.0175750222320052,0.0175750222320052,1.0
216100.0,2161.0,0.0,,-1.0175750222306812,0.0175750222306811,1.0
216300.0,2163.0,0.0,,-1.0175750222290942,0.0175750222290942,1.0
216400.0,2164.0,0.0,,-1.0175750222248043,0.0175750222248043,1.0
216500.0,2165.0,0.0,,-1.017575022224509,0.017575022224509,1.0
216700.0,2167.0,0.0,,-1.0175749703020558,0.0175749703020557,1.0
217400.0,2174.0,0.0,,-1.0175749699416208,0.0175749699416207,1.0
217700.0,2177.0,0.0,,-1.017574969940719,0.017574969940719,1.0
217900.0,2179.0,0.0,,-1.0175749699051722,0.0175749699051721,1.0
218100.0,2181.0,0.0,,-1.0175749698968688,0.0175749698968687,1.0
218400.0,2184.0,0.0,,-1.0175682936851649,0.0175682936851648,1.0
218600.0,2186.0,0.0,,-1.0175682936848505,0.0175682936848504,1.0
218700.0,2187.0,0.0,,-1.0175682824711771,0.0175682824711771,1.0
218800.0,2188.0,0.0,,-1.0175681343688303,0.0175681343688305,1.0
219200.0,2192.0,0.0,,-1.0175680886050245,0.0175680886050244,1.0
219300.0,2193.0,0.0,,-1.017568085206578,0.017568085206578,1.0
219400.0,2194.0,0.0,,-1.017567966188435,0.0175679661884349,1.0
219600.0,2196.0,0.0,,-1.0175679321860474,0.0175679321860473,1.0
219800.0,2198.0,0.0,,-1.0175679246295704,0.0175679246295703,1.0
220100.0,2201.0,0.0,,-1.0175661278978614,0.0175661278978613,1.0
220200.0,2202.0,0.0,,-1.017566098069851,0.0175660980698511,1.0
220400.0,2204.0,0.0,,-1.0175660980678431,0.0175660980678431,1.0
220500.0,2205.0,0.0,,-1.0175660945777725,0.0175660945777724,1.0
220600.0,2206.0,0.0,,-1.0175660918887008,0.0175660918887008,1.0
220700.0,2207.0,0.0,,-1.017566088359816,0.0175660883598158,1.0
220900.0,2209.0,0.0,,-1.0175660878511976,0.0175660878511976,1.0
221200.0,2212.0,0.0,,-1.0175660878500463,0.0175660878500465,1.0
221300.0,2213.0,0.0,,-1.0175660873489545,0.0175660873489544,1.0
221400.0,2214.0,0.0,,-1.0175660872883645,0.0175660872883642,1.0
221500.0,2215.0,0.0,,-1.017566086610371,0.017566086610371,1.0
221600.0,2216.0,0.0,,-1.0175660866102707,0.0175660866102707,1.0
221700.0,2217.0,0.0,,-1.017565266027243,0.0175652660272429,1.0
221800.0,2218.0,0.0,,-1.0175652645915128,0.0175652645915127,1.0
222000.0,2220.0,0.0,,-1.017565224483932,0.0175652244839319,1.0
222500.0,2225.0,0.0,,-1.0175650268321603,0.0175650268321603,1.0
222600.0,2226.0,0.0,,-1.0175649842703909,0.0175649842703908,1.0
222900.0,2229.0,0.0,,-1.0175649607707031,0.0175649607707031,1.0
223000.0,2230.0,0.0,,-1.0175649604489718,0.0175649604489718,1.0
223100.0,2231.0,0.0,,-1.0175649509945095,0.0175649509945095,1.0
223200.0,2232.0,0.0,,-1.0175649502752182,0.0175649502752182,1.0
223400.0,2234.0,0.0,,-1.0175649491700671,0.0175649491700673,1.0
223500.0,2235.0,0.0,,-1.0175530715553311,0.0175530715553311,1.0
223900.0,2239.0,0.0,,-1.01755305962812,0.0175530596281201,1.0
224100.0,2241.0,0.0,,-1.0175524320629412,0.0175524320629412,1.0
224800.0,2248.0,0.0,,-1.0175522991652473,0.0175522991652472,1.0
224900.0,2249.0,0.0,,-1.0175522918771012,0.0175522918771011,1.0
225000.0,2250.0,0.0,,-1.0175522865421038,0.0175522865421038,1.0
225100.0,2251.0,0.0,,-1.0175522747660677,0.0175522747660674,1.0
225200.0,2252.0,0.0,,-1.0175522720189951,0.0175522720189951,1.0
225800.0,2258.0,0.0,,-1.0175522719292482,0.0175522719292482,1.0
226200.0,2262.0,0.0,,-1.0175522702943125,0.0175522702943122,1.0
226800.0,2268.0,0.0,,-1.017552270261846,0.017552270261846,1.0
226900.0,2269.0,0.0,,-1.0175522702609063,0.0175522702609063,1.0
227000.0,2270.0,0.0,,-1.017552270208979,0.0175522702089789,1.0
227100.0,2271.0,0.0,,-1.0175518041431597,0.0175518041431594,1.0
227900.0,2279.0,0.0,,-1.017548363207611,0.0175483632076109,1.0
228200.0,2282.0,0.0,,-1.0175483300969037,0.0175483300969037,1.0
228400.0,2284.0,0.0,,-1.0175478961795847,0.0175478961795847,1.0
228700.0,2287.0,0.0,,-1.0175478961739282,0.0175478961739281,1.0
228800.0,2288.0,0.0,,-1.017547892577641,0.0175478925776411,1.0
228900.0,2289.0,0.0,,-1.0175478672769749,0.0175478672769746,1.0
229000.0,2290.0,0.0,,-1.0175476965079198,0.0175476965079197,1.0
229100.0,2291.0,0.0,,-1.0175476556981553,0.0175476556981553,1.0
229500.0,2295.0,0.0,,-1.017547652670354,0.0175476526703539,1.0
229600.0,2296.0,0.0,,-1.0175476490222497,0.0175476490222497,1.0
229700.0,2297.0,0.0,,-1.0175476488710158,0.0175476488710157,1.0
229900.0,2299.0,0.0,,-1.0175476486673347,0.0175476486673347,1.0
230000.0,2300.0,0.0,,-1.0175476415055047,0.0175476415055046,1.0
230100.0,2301.0,0.0,,-1.0175476259368184,0.0175476259368183,1.0
230200.0,2302.0,0.0,,-1.017544716012152,0.017544716012152,1.0
230300.0,2303.0,0.0,,-1.0175446176785334,0.0175446176785334,1.0
230400.0,2304.0,0.0,,-1.017544540482426,0.0175445404824259,1.0
230500.0,2305.0,0.0,,-1.0175445184174852,0.0175445184174851,1.0
230800.0,2308.0,0.0,,-1.0175445182600666,0.0175445182600666,1.0
230900.0,2309.0,0.0,,-1.0175443613004471,0.0175443613004473,1.0
231400.0,2314.0,0.0,,-1.017544360153111,0.0175443601531108,1.0
231500.0,2315.0,0.0,,-1.0175443286411303,0.0175443286411303,1.0
231600.0,2316.0,0.0,,-1.0175443188731896,0.0175443188731896,1.0
231900.0,2319.0,0.0,,-1.0175443150384436,0.0175443150384435,1.0
232000.0,2320.0,0.0,,-1.0175443116415064,0.0175443116415063,1.0
232500.0,2325.0,0.0,,-1.0175443114286826,0.0175443114286826,1.0
232600.0,2326.0,0.0,,-1.017544311247062,0.0175443112470621,1.0
232700.0,2327.0,0.0,,-1.017544309148272,0.017544309148272,1.0
233100.0,2331.0,0.0,,-1.0175443090292529,0.0175443090292528,1.0
233200.0,2332.0,0.0,,-1.0175443089628562,0.0175443089628561,1.0
233300.0,2333.0,0.0,,-1.0175443086336515,0.0175443086336515,1.0
233400.0,2334.0,0.0,,-1.0175443085612983,0.0175443085612982,1.0
233700.0,2337.0,0.0,,-1.0175443085454352,0.0175443085454352,1.0
233800.0,2338.0,0.0,,-1.017544308519717,0.0175443085197166,1.0
233900.0,2339.0,0.0,,-1.0175443085196274,0.0175443085196274,1.0
234100.0,2341.0,0.0,,-1.0175443085089022,0.0175443085089022,1.0
234200.0,2342.0,0.0,,-1.0175443084655371,0.0175443084655371,1.0
234500.0,2345.0,0.0,,-1.0175443084387896,0.0175443084387896,1.0
234900.0,2349.0,0.0,,-1.0175443084387827,0.0175443084387827,1.0
235100.0,2351.0,0.0,,-1.017544308438617,0.0175443084386173,1.0
235200.0,2352.0,0.0,,-1.01754430843623,0.0175443084362298,1.0
235500.0,2355.0,0.0,,-1.017544308435629,0.017544308435629,1.0
235600.0,2356.0,0.0,,-1.0175443084351197,0.0175443084351196,1.0
235700.0,2357.0,0.0,,-1.0175443084345064,0.0175443084345063,1.0
235800.0,2358.0,0.0,,-1.017544308433601,0.0175443084336011,1.0
235900.0,2359.0,0.0,,-1.0175442100177925,0.0175442100177922,1.0
236000.0,2360.0,0.0,,-1.0175442058263282,0.0175442058263282,1.0
236300.0,2363.0,0.0,,-1.017544192934655,0.0175441929346549,1.0
236400.0,2364.0,0.0,,-1.0175441928316908,0.0175441928316908,1.0
236700.0,2367.0,0.0,,-1.0175441928316753,0.0175441928316752,1.0
236800.0,2368.0,0.0,,-1.0175441927835045,0.0175441927835044,1.0
237000.0,2370.0,0.0,,-1.0175441896097492,0.0175441896097492,1.0
237200.0,2372.0,0.0,,-1.0175441895905384,0.0175441895905383,1.0
237500.0,2375.0,0.0,,-1.017543086616379,0.017543086616379,1.0
237600.0,2376.0,0.0,,-1.0175430802020209,0.0175430802020208,1.0
237700.0,2377.0,0.0,,-1.0175430712865237,0.0175430712865236,1.0
237800.0,2378.0,0.0,,-1.0175430153183955,0.0175430153183955,1.0
238200.0,2382.0,0.0,,-1.017543014329263,0.0175430143292629,1.0
238800.0,2388.0,0.0,,-1.0175428468039691,0.0175428468039691,1.0
239500.0,2395.0,0.0,,-1.0175428388801395,0.0175428388801395,1.0
239600.0,2396.0,0.0,,-1.017542213851239,0.0175422138512393,1.0
239900.0,2399.0,0.0,,-1.0175422087217374,0.0175422087217373,1.0
240000.0,2400.0,0.0,,-1.01754203566587,0.0175420356658699,1.0
240100.0,2401.0,0.0,,-1.017542033160416,0.0175420331604159,1.0
240200.0,2402.0,0.0,,-1.0175420104617536,0.0175420104617536,1.0
240600.0,2406.0,0.0,,-1.017541581034693,0.017541581034693,1.0
240900.0,2409.0,0.0,,-1.0175415651989688,0.0175415651989687,1.0
241200.0,2412.0,0.0,,-1.017541545922748,0.0175415459227481,1.0
241300.0,2413.0,0.0,,-1.017541543619338,0.017541543619338,1.0
241400.0,2414.0,0.0,,-1.0175413389121306,0.0175413389121306,1.0
241500.0,2415.0,0.0,,-1.0175413388278376,0.0175413388278375,1.0
241700.0,2417.0,0.0,,-1.0175413295518128,0.0175413295518127,1.0
241900.0,2419.0,0.0,,-1.0175412373048027,0.0175412373048027,1.0
242200.0,2422.0,0.0,,-1.0175412182232757,0.0175412182232757,1.0
242600.0,2426.0,0.0,,-1.0175412141968607,0.0175412141968607,1.0
243000.0,2430.0,0.0,,-1.0175412126763483,0.0175412126763483,1.0
243300.0,2433.0,0.0,,-1.017541212619314,0.0175412126193139,1.0
243500.0,2435.0,0.0,,-1.0175412124268388,0.0175412124268388,1.0
243700.0,2437.0,0.0,,-1.0175412121026972,0.0175412121026972,1.0
243900.0,2439.0,0.0,,-1.0175412115684064,0.0175412115684063,1.0
244600.0,2446.0,0.0,,-1.0175412115611642,0.0175412115611641,1.0
245000.0,2450.0,0.0,,-1.0175412115550089,0.0175412115550086,1.0
245100.0,2451.0,0.0,,-1.0175412115544256,0.0175412115544255,1.0
245700.0,2457.0,0.0,,-1.0175412115533686,0.0175412115533686,1.0
246200.0,2462.0,0.0,,-1.0175412115533604,0.0175412115533604,1.0
246300.0,2463.0,0.0,,-1.0175412115531075,0.0175412115531077,1.0
246400.0,2464.0,0.0,,-1.0175412115528617,0.0175412115528617,1.0
246500.0,2465.0,0.0,,-1.0175412115526616,0.0175412115526616,1.0
246800.0,2468.0,0.0,,-1.017541211552522,0.0175412115525219,1.0
246900.0,2469.0,0.0,,-1.0175412089545617,0.0175412089545616,1.0
247000.0,2470.0,0.0,,-1.0175412089542624,0.0175412089542623,1.0
247100.0,2471.0,0.0,,-1.0175412089539708,0.0175412089539708,1.0
247200.0,2472.0,0.0,,-1.017541207592927,0.0175412075929273,1.0
247300.0,2473.0,0.0,,-1.0175412069635952,0.0175412069635951,1.0
247600.0,2476.0,0.0,,-1.0175412064227098,0.0175412064227098,1.0
247900.0,2479.0,0.0,,-1.0175412064098108,0.0175412064098108,1.0
248000.0,2480.0,0.0,,-1.0175412063944216,0.0175412063944215,1.0
248200.0,2482.0,0.0,,-1.0175412063767386,0.0175412063767386,1.0
248300.0,2483.0,0.0,,-1.0175412063510971,0.0175412063510973,1.0
248400.0,2484.0,0.0,,-1.0175412063505838,0.0175412063505837,1.0
248500.0,2485.0,0.0,,-1.0175412063424532,0.0175412063424531,1.0
248600.0,2486.0,0.0,,-1.0175412063424525,0.0175412063424524,1.0
248700.0,2487.0,0.0,,-1.0175412063417757,0.0175412063417756,1.0
248800.0,2488.0,0.0,,-1.0175412063410367,0.0175412063410367,1.0
249000.0,2490.0,0.0,,-1.0175412063405491,0.0175412063405491,1.0
249100.0,2491.0,0.0,,-1.01754120634015,0.0175412063401498,1.0
249200.0,2492.0,0.0,,-1.0175412063401472,0.0175412063401472,1.0
249300.0,2493.0,0.0,,-1.017541206339987,0.0175412063399869,1.0
249400.0,2494.0,0.0,,-1.0175412063399472,0.0175412063399471,1.0
249500.0,2495.0,0.0,,-1.0175412063399452,0.0175412063399451,1.0
249700.0,2497.0,0.0,,-1.0175412063396896,0.0175412063396895,1.0
249800.0,2498.0,0.0,,-1.0175412063396343,0.0175412063396342,1.0
250200.0,2502.0,0.0,,-1.0175412063396234,0.0175412063396234,1.0
250400.0,2504.0,0.0,,-1.017541206339612,0.0175412063396118,1.0
250500.0,2505.0,0.0,,-1.0175412063396074,0.0175412063396074,1.0
250600.0,2506.0,0.0,,-1.017541206339601,0.0175412063396009,1.0
250700.0,2507.0,0.0,,-1.017541206339597,0.0175412063395969,1.0
250900.0,2509.0,0.0,,-1.0175412063395968,0.0175412063395967,1.0
251100.0,2511.0,0.0,,-1.0175412063395928,0.0175412063395927,1.0
251400.0,2514.0,0.0,,-1.0175412063395926,0.0175412063395925,1.0
251500.0,2515.0,0.0,,-1.0175412063395912,0.0175412063395912,1.0
251600.0,2516.0,0.0,,-1.017541191433345,0.0175411914333449,1.0
251800.0,2518.0,0.0,,-1.0175411914072607,0.0175411914072607,1.0
252100.0,2521.0,0.0,,-1.0175411911389634,0.0175411911389633,1.0
252500.0,2525.0,0.0,,-1.0175411911184835,0.0175411911184835,1.0
252700.0,2527.0,0.0,,-1.0175411911131462,0.0175411911131462,1.0
252800.0,2528.0,0.0,,-1.0175411911029544,0.0175411911029543,1.0
253000.0,2530.0,0.0,,-1.017541191101607,0.017541191101607,1.0
253200.0,2532.0,0.0,,-1.0175411911015275,0.0175411911015275,1.0
253300.0,2533.0,0.0,,-1.0175411911012815,0.0175411911012814,1.0
253600.0,2536.0,0.0,,-1.0175411911011465,0.0175411911011462,1.0
253700.0,2537.0,0.0,,-1.0175411910998835,0.0175411910998837,1.0
254000.0,2540.0,0.0,,-1.0175411910998813,0.0175411910998812,1.0
254100.0,2541.0,0.0,,-1.0175411910998808,0.0175411910998808,1.0
254200.0,2542.0,0.0,,-1.0175411910998031,0.0175411910998033,1.0
254600.0,2546.0,0.0,,-1.0175411910997982,0.0175411910997982,1.0
254900.0,2549.0,0.0,,-1.0175411910997978,0.0175411910997977,1.0
255000.0,2550.0,0.0,,-1.0175411910997976,0.0175411910997975,1.0
255100.0,2551.0,0.0,,-1.0175411910997971,0.0175411910997971,1.0
255500.0,2555.0,0.0,,-1.017541191099797,0.0175411910997966,1.0
255600.0,2556.0,0.0,,-1.0175411910997965,0.0175411910997964,1.0
256300.0,2563.0,0.0,,-1.0175411910997962,0.0175411910997962,1.0
258400.0,2584.0,0.0,,-1.0175408205845065,0.0175408205845064,1.0
259000.0,2590.0,0.0,,-1.0175408191989035,0.0175408191989037,1.0
259100.0,2591.0,0.0,,-1.0175408148801015,0.0175408148801015,1.0
259200.0,2592.0,0.0,,-1.017540811725878,0.0175408117258779,1.0
259500.0,2595.0,0.0,,-1.017540811554002,0.0175408115540018,1.0
259700.0,2597.0,0.0,,-1.017540811553759,0.0175408115537589,1.0
259800.0,2598.0,0.0,,-1.0175408114946118,0.0175408114946118,1.0
260000.0,2600.0,0.0,,-1.017540811287405,0.0175408112874049,1.0
260200.0,2602.0,0.0,,-1.017540811213618,0.0175408112136179,1.0
260600.0,2606.0,0.0,,-1.0175408112119706,0.0175408112119705,1.0
260800.0,2608.0,0.0,,-1.0175408111868427,0.0175408111868426,1.0
261500.0,2615.0,0.0,,-1.0175408111868327,0.0175408111868327,1.0
261800.0,2618.0,0.0,,-1.0175408111867934,0.0175408111867934,1.0
262600.0,2626.0,0.0,,-1.017540811186793,0.0175408111867929,1.0
262700.0,2627.0,0.0,,-1.0175408111867927,0.0175408111867927,1.0
262800.0,2628.0,0.0,,-1.0175408065351768,0.0175408065351767,1.0
263100.0,2631.0,0.0,,-1.0175408064878315,0.0175408064878317,1.0
263300.0,2633.0,0.0,,-1.017540806468164,0.0175408064681641,1.0
263400.0,2634.0,0.0,,-1.0175408063573044,0.0175408063573043,1.0
264200.0,2642.0,0.0,,-1.017540806356857,0.0175408063568569,1.0
264400.0,2644.0,0.0,,-1.0175408063551368,0.0175408063551367,1.0
264500.0,2645.0,0.0,,-1.0175406060935936,0.0175406060935936,1.0
264800.0,2648.0,0.0,,-1.0175406060935133,0.0175406060935132,1.0
265000.0,2650.0,0.0,,-1.017540599041611,0.017540599041611,1.0
265100.0,2651.0,0.0,,-1.017540598516189,0.0175405985161889,1.0
265200.0,2652.0,0.0,,-1.0175405964414077,0.0175405964414074,1.0
265300.0,2653.0,0.0,,-1.017540589430675,0.017540589430675,1.0
265600.0,2656.0,0.0,,-1.0175405894283265,0.0175405894283264,1.0
265800.0,2658.0,0.0,,-1.0175405885898414,0.0175405885898414,1.0
266200.0,2662.0,0.0,,-1.0175405885863449,0.0175405885863446,1.0
266500.0,2665.0,0.0,,-1.0175405885469069,0.0175405885469066,1.0
266700.0,2667.0,0.0,,-1.0175405885405475,0.0175405885405477,1.0
267000.0,2670.0,0.0,,-1.0175405885389004,0.0175405885389003,1.0
267300.0,2673.0,0.0,,-1.0175405885383082,0.0175405885383082,1.0
267500.0,2675.0,0.0,,-1.0175405885382935,0.0175405885382935,1.0
267700.0,2677.0,0.0,,-1.017540588538279,0.0175405885382788,1.0
267800.0,2678.0,0.0,,-1.0175405885382356,0.0175405885382355,1.0
268100.0,2681.0,0.0,,-1.017540588538233,0.0175405885382329,1.0
268200.0,2682.0,0.0,,-1.0175405885382247,0.0175405885382247,1.0
268400.0,2684.0,0.0,,-1.0175405885382225,0.0175405885382224,1.0
268600.0,2686.0,0.0,,-1.0175405885382198,0.0175405885382198,1.0
268700.0,2687.0,0.0,,-1.0175405885382047,0.0175405885382047,1.0
268800.0,2688.0,0.0,,-1.0175405885382036,0.0175405885382036,1.0
268900.0,2689.0,0.0,,-1.0175405885382007,0.0175405885382007,1.0
269100.0,2691.0,0.0,,-1.0175405885381998,0.0175405885381998,1.0
269300.0,2693.0,0.0,,-1.0175405885381996,0.0175405885381996,1.0
269700.0,2697.0,0.0,,-1.017540588538199,0.0175405885381989,1.0
270100.0,2701.0,0.0,,-1.0175405885381987,0.0175405885381987,1.0
274200.0,2742.0,0.0,,-1.0175405885381943,0.0175405885381945,1.0
274300.0,2743.0,0.0,,-1.0175405885381918,0.0175405885381918,1.0
274600.0,2746.0,0.0,,-1.0175405885381898,0.0175405885381898,1.0
275000.0,2750.0,0.0,,-1.0175403256892306,0.0175403256892305,1.0
275100.0,2751.0,0.0,,-1.0175403256892228,0.0175403256892228,1.0
275300.0,2753.0,0.0,,-1.0175403241356022,0.0175403241356022,1.0
275400.0,2754.0,0.0,,-1.0175403237671834,0.0175403237671833,1.0
275600.0,2756.0,0.0,,-1.0175403150874118,0.0175403150874118,1.0
275700.0,2757.0,0.0,,-1.0175403146952258,0.0175403146952257,1.0
276200.0,2762.0,0.0,,-1.017540314664509,0.017540314664509,1.0
276400.0,2764.0,0.0,,-1.0175403107073533,0.0175403107073532,1.0
276600.0,2766.0,0.0,,-1.0175403085240895,0.0175403085240897,1.0
276700.0,2767.0,0.0,,-1.0175402837467324,0.0175402837467324,1.0
276900.0,2769.0,0.0,,-1.0175402837422278,0.0175402837422278,1.0
277000.0,2770.0,0.0,,-1.0175402782051872,0.0175402782051872,1.0
277100.0,2771.0,0.0,,-1.017540239627426,0.017540239627426,1.0
277200.0,2772.0,0.0,,-1.0175402132528062,0.0175402132528061,1.0
277500.0,2775.0,0.0,,-1.0175401814754488,0.0175401814754487,1.0
277700.0,2777.0,0.0,,-1.0175401572015668,0.0175401572015667,1.0
277800.0,2778.0,0.0,,-1.017540143672118,0.0175401436721178,1.0
278100.0,2781.0,0.0,,-1.0175401312081471,0.0175401312081471,1.0
278300.0,2783.0,0.0,,-1.0175398125458155,0.0175398125458154,1.0
278400.0,2784.0,0.0,,-1.0175394279728034,0.0175394279728033,1.0
278600.0,2786.0,0.0,,-1.0175375270605331,0.0175375270605331,1.0
278900.0,2789.0,0.0,,-1.0175373983532308,0.0175373983532307,1.0
279000.0,2790.0,0.0,,-1.0175373148869968,0.0175373148869968,1.0
279200.0,2792.0,0.0,,-1.0175370221527142,0.0175370221527142,1.0
279300.0,2793.0,0.0,,-1.0175182665285285,0.0175182665285285,1.0
279500.0,2795.0,0.0,,-1.0175180695722517,0.0175180695722516,1.0
279800.0,2798.0,0.0,,-1.017472669934406,0.0174726699344061,1.0
280100.0,2801.0,0.0,,-1.0174726699343395,0.0174726699343394,1.0
280300.0,2803.0,0.0,,-1.0174725251897498,0.0174725251897498,1.0
280400.0,2804.0,0.0,,-1.0174724961963286,0.0174724961963286,1.0
280500.0,2805.0,0.0,,-1.0174724898644794,0.0174724898644793,1.0
280700.0,2807.0,0.0,,-1.0173951990444623,0.0173951990444625,1.0
280800.0,2808.0,0.0284894968790419,0.3901693011474764,0.0284894968790419,0.0,1.0
281000.0,2810.0,0.0285864895132468,0.3900758576537429,0.0285864895132468,0.0,1.0
281100.0,2811.0,0.0285866806854455,0.3900752978953278,0.0285866806854455,0.0,1.0
281200.0,2812.0,0.0286018732764593,0.3900084578531199,0.0286018732764593,0.0,1.0
281300.0,2813.0,0.0286191618056062,0.3899738779234985,0.0286191618056062,0.0,1.0
281400.0,2814.0,0.0288533821333285,0.3893238126753573,0.0288533821333285,0.0,1.0
281500.0,2815.0,0.0289174829234872,0.389107505733236,0.0289174829234872,0.0,1.0
281600.0,2816.0,0.0507883804364019,0.3685862085870967,0.0507883804364019,0.0,1.0
281700.0,2817.0,0.0508158531130861,0.3685439683327154,0.0508158531130861,0.0,1.0
281800.0,2818.0,0.0509543293135024,0.3684093624043061,0.0509543293135024,0.0,1.0
281900.0,2819.0,0.0543564984515555,0.3652751148016288,0.0543564984515555,0.0,1.0
282000.0,2820.0,0.0543593267047484,0.3652650264247283,0.0543593267047484,0.0,1.0
282100.0,2821.0,0.0902193904560698,0.3333605082171084,0.0902193904560698,0.0,1.0
282200.0,2822.0,0.0908635639687685,0.3327131123189284,0.0908635639687685,0.0,1.0
282300.0,2823.0,0.090926598558763,0.3326325580605987,0.090926598558763,0.0,1.0
282400.0,2824.0,0.0909331571370961,0.33262489629613,0.0909331571370961,0.0,1.0
282500.0,2825.0,0.0912112526176586,0.3323686454697885,0.0912112526176586,0.0,1.0
282600.0,2826.0,0.0912143758306129,0.3323072913159903,0.0912143758306129,0.0,1.0
282700.0,2827.0,0.0912306926159902,0.3322953468051663,0.0912306926159902,0.0,1.0
282800.0,2828.0,0.0973966202934471,0.3270175031415335,0.0973966202934471,0.0,1.0
282900.0,2829.0,0.0998734082922024,0.3248832893362264,0.0998734082922024,0.0,1.0
283000.0,2830.0,0.1007958317708104,0.3240740089031947,0.1007958317708104,0.0,1.0
283100.0,2831.0,0.1008556149595661,0.3239889206713175,0.1008556149595661,0.0,1.0
283200.0,2832.0,0.1037784946975428,0.3215002886989987,0.1037784946975428,0.0,1.0
283300.0,2833.0,0.103785008977312,0.3214992240447251,0.103785008977312,0.0,1.0
283400.0,2834.0,0.1037858253017608,0.321483008035179,0.1037858253017608,0.0,1.0
283500.0,2835.0,0.1038170580201406,0.3214461212475685,0.1038170580201406,0.0,1.0
283600.0,2836.0,0.1038278856328715,0.3214369287696078,0.1038278856328715,0.0,1.0
283700.0,2837.0,0.1054888838365297,0.3200486905896706,0.1054888838365297,0.0,1.0
283800.0,2838.0,0.1054950631967557,0.3200465263966012,0.1054950631967557,0.0,1.0
283900.0,2839.0,0.1055038106200908,0.3200168240199471,0.1055038106200908,0.0,1.0
284000.0,2840.0,0.1055063069495388,0.3199970377918684,0.1055063069495388,0.0,1.0
284200.0,2842.0,0.1055485616041488,0.3199855229170404,0.1055485616041488,0.0,1.0
284300.0,2843.0,0.1055578693825581,0.3199836992892203,0.1055578693825581,0.0,1.0
284400.0,2844.0,0.1055637293246493,0.319975249928229,0.1055637293246493,0.0,1.0
284500.0,2845.0,0.1055641543564731,0.3199539929669909,0.1055641543564731,0.0,1.0
284600.0,2846.0,0.1055711873352178,0.319953006561642,0.1055711873352178,0.0,1.0
284700.0,2847.0,0.1055783178461918,0.319953006561642,0.1055783178461918,0.0,1.0
284800.0,2848.0,0.1055793050245517,0.3199490071242495,0.1055793050245517,0.0,1.0
284900.0,2849.0,0.1055954157457458,0.319942485658551,0.1055954157457458,0.0,1.0
285100.0,2851.0,0.1948567465471795,0.2353957094378323,0.1948567465471795,0.0,1.0
285200.0,2852.0,0.1948581395755384,0.2353833164337357,0.1948581395755384,0.0,1.0
285300.0,2853.0,0.1955745090731042,0.235150129328152,0.1955745090731042,0.0,1.0
285400.0,2854.0,0.1957012591332565,0.2351621112303246,0.1957012591332565,0.0,1.0
285500.0,2855.0,0.1957001918166637,0.2351564689066352,0.1957001918166637,0.0,1.0
285700.0,2857.0,0.1957546480085942,0.2351508601342953,0.1957546480085942,0.0,1.0
285800.0,2858.0,0.1957562430381625,0.2351508601342953,0.1957562430381625,0.0,1.0
285900.0,2859.0,0.1957570335602463,0.2351508571584734,0.1957570335602463,0.0,1.0
286000.0,2860.0,0.1959394747849884,0.2351017031730727,0.1959394747849884,0.0,1.0
286100.0,2861.0,0.2011645849424478,0.230446526525352,0.2011645849424478,0.0,1.0
286200.0,2862.0,0.201434365597467,0.23039155003153,0.201434365597467,0.0,1.0
286300.0,2863.0,0.2018384678347621,0.2303111434505629,0.2018384678347621,0.0,1.0
286400.0,2864.0,0.2018382057763121,0.2303111428807758,0.2018382057763121,0.0,1.0
286500.0,2865.0,0.2018396777276385,0.2302948363134947,0.2018396777276385,0.0,1.0
286600.0,2866.0,0.2018382081167987,0.2302948332690162,0.2018382081167987,0.0,1.0
286700.0,2867.0,0.2020224345350523,0.2302879549732811,0.2020224345350523,0.0,1.0
286800.0,2868.0,0.2020329921936018,0.2302879549732811,0.2020329921936018,0.0,1.0
286900.0,2869.0,0.2020393446816791,0.2302941321826768,0.2020393446816791,0.0,1.0
287000.0,2870.0,0.2020418037228496,0.2302773384342474,0.2020418037228496,0.0,1.0
287100.0,2871.0,0.2063451479079459,0.2264601628304962,0.2063451479079459,0.0,1.0
287200.0,2872.0,0.2063458260717017,0.2264578693305662,0.2063458260717017,0.0,1.0
287300.0,2873.0,0.2406883069245586,0.1980575960966058,0.2406883069245586,0.0,1.0
287400.0,2874.0,0.240687970776592,0.1980574912059413,0.240687970776592,0.0,1.0
287500.0,2875.0,0.2409803076979831,0.198065057091602,0.2409803076979831,0.0,1.0
287600.0,2876.0,0.2411378646693097,0.1978880045703505,0.2411378646693097,0.0,1.0
287700.0,2877.0,0.2412797653222781,0.1977413974072701,0.2412797653222781,0.0,1.0
287800.0,2878.0,0.2433533037734397,0.1961033594012234,0.2433533037734397,0.0,1.0
287900.0,2879.0,0.2433554998709118,0.1961111621922624,0.2433554998709118,0.0,1.0
288000.0,2880.0,0.2437892586277436,0.1955780829870632,0.2437892586277436,0.0,1.0
288100.0,2881.0,0.2439543866630779,0.1954073962595975,0.2439543866630779,0.0,1.0
288200.0,2882.0,0.243956627545358,0.1954073211889999,0.243956627545358,0.0,1.0
288300.0,2883.0,0.2440513054407986,0.1953371356403455,0.2440513054407986,0.0,1.0
288400.0,2884.0,0.2440497206629549,0.1953175585520008,0.2440497206629549,0.0,1.0
288500.0,2885.0,0.2449823940207563,0.1945905113798832,0.2449823940207563,0.0,1.0
288600.0,2886.0,0.2449837751749482,0.1945914412043525,0.2449837751749482,0.0,1.0
288700.0,2887.0,0.2449911983085191,0.1946094917815726,0.2449911983085191,0.0,1.0
288800.0,2888.0,0.2449881113003328,0.1945996169551766,0.2449881113003328,0.0,1.0
288900.0,2889.0,0.2450060026520318,0.1945600211644484,0.2450060026520318,0.0,1.0
289000.0,2890.0,0.2450269924362633,0.1944902294857072,0.2450269924362633,0.0,1.0
289100.0,2891.0,0.2450513862479661,0.1944676484618464,0.2450513862479661,0.0,1.0
289200.0,2892.0,0.2450688394329691,0.1944741833148337,0.2450688394329691,0.0,1.0
289300.0,2893.0,0.2450704573200736,0.1944689962237933,0.2450704573200736,0.0,1.0
289400.0,2894.0,0.2484126552623209,0.1918978601140896,0.2484126552623209,0.0,1.0
289500.0,2895.0,0.2484204191617926,0.1918911692830111,0.2484204191617926,0.0,1.0
289600.0,2896.0,0.2484229883417486,0.191892221910043,0.2484229883417486,0.0,1.0
289700.0,2897.0,0.2484279543572263,0.1919121515317091,0.2484279543572263,0.0,1.0
289800.0,2898.0,0.248428610254508,0.1919121515317091,0.248428610254508,0.0,1.0
290000.0,2900.0,0.2484316658329721,0.1918985891238488,0.2484316658329721,0.0,1.0
290100.0,2901.0,0.2484370418718829,0.1918985881045307,0.2484370418718829,0.0,1.0
290200.0,2902.0,0.2484413581533558,0.1919008417342924,0.2484413581533558,0.0,1.0
290300.0,2903.0,0.2484417950894567,0.1918991169462547,0.2484417950894567,0.0,1.0
290400.0,2904.0,0.2484945570473162,0.1918770707304104,0.2484945570473162,0.0,1.0
290600.0,2906.0,0.2484943503185799,0.1918770707304104,0.2484943503185799,0.0,1.0
290800.0,2908.0,0.2484920053051682,0.1918605505596616,0.2484920053051682,0.0,1.0
290900.0,2909.0,0.248490723841996,0.1918460039065007,0.248490723841996,0.0,1.0
291000.0,2910.0,0.2484823089182687,0.1918459942652285,0.2484823089182687,0.0,1.0
291200.0,2912.0,0.2484834230970816,0.1918361999320708,0.2484834230970816,0.0,1.0
291300.0,2913.0,0.2484973151795794,0.191831049290514,0.2484973151795794,0.0,1.0
291400.0,2914.0,0.2494057019574137,0.1911258721413284,0.2494057019574137,0.0,1.0
291500.0,2915.0,0.2494058159888926,0.1911190771926403,0.2494058159888926,0.0,1.0
291600.0,2916.0,0.2494045248313847,0.1910790722814143,0.2494045248313847,0.0,1.0
291700.0,2917.0,0.2495236329549324,0.1910587459598424,0.2495236329549324,0.0,1.0
291800.0,2918.0,0.2495237382208092,0.1910585922827284,0.2495237382208092,0.0,1.0
291900.0,2919.0,0.2495248500482581,0.1910583292836165,0.2495248500482581,0.0,1.0
292000.0,2920.0,0.2495290853420154,0.1910605268657897,0.2495290853420154,0.0,1.0
292200.0,2922.0,0.2495299063202798,0.1910958306988742,0.2495299063202798,0.0,1.0
292400.0,2924.0,0.2495263579965828,0.1910958298244172,0.2495263579965828,0.0,1.0
292500.0,2925.0,0.2495235805666328,0.1910957915670812,0.2495235805666328,0.0,1.0
292600.0,2926.0,0.2495284734606128,0.1910883987837616,0.2495284734606128,0.0,1.0
292800.0,2928.0,0.2495216674540287,0.1910971684822698,0.2495216674540287,0.0,1.0
292900.0,2929.0,0.2495211946452978,0.1910971674139389,0.2495211946452978,0.0,1.0
293000.0,2930.0,0.2495212090431319,0.1910864362486428,0.2495212090431319,0.0,1.0
293100.0,2931.0,0.249522154117057,0.1911001825503737,0.249522154117057,0.0,1.0
293400.0,2934.0,0.2493364624755931,0.1911158964413314,0.2493364624755931,0.0,1.0
293500.0,2935.0,0.2493323929716804,0.1911123684270032,0.2493323929716804,0.0,1.0
293600.0,2936.0,0.2493330634385982,0.1911121266398837,0.2493330634385982,0.0,1.0
293700.0,2937.0,0.2493314704878787,0.1910903922662714,0.2493314704878787,0.0,1.0
293800.0,2938.0,0.2493313898848028,0.1910903385915268,0.2493313898848028,0.0,1.0
294000.0,2940.0,0.2493270911753341,0.1911119994095834,0.2493270911753341,0.0,1.0
294100.0,2941.0,0.2493283844062291,0.1911119994095834,0.2493283844062291,0.0,1.0
294200.0,2942.0,0.2493257007716225,0.1911017479693165,0.2493257007716225,0.0,1.0
294300.0,2943.0,0.3170893977183479,0.1283821695160477,0.3170893977183479,0.0,1.0
294400.0,2944.0,0.317093806554308,0.1283979140748462,0.317093806554308,0.0,1.0
294500.0,2945.0,0.3170973452001188,0.1283686578682679,0.3170973452001188,0.0,1.0
294600.0,2946.0,0.3295081986275719,0.1183321441740549,0.3295081986275719,0.0,1.0
294700.0,2947.0,0.3295211317893136,0.1183320630910322,0.3295211317893136,0.0,1.0
294800.0,2948.0,0.3295335069676497,0.1183320576707552,0.3295335069676497,0.0,1.0
294900.0,2949.0,0.3294292652360491,0.118225252787607,0.3294292652360491,0.0,1.0
295000.0,2950.0,0.3317536265880066,0.1163231958002043,0.3317536265880066,0.0,1.0
295100.0,2951.0,0.3324242113903723,0.1161928868482931,0.3324242113903723,0.0,1.0
295300.0,2953.0,0.3324231983981314,0.1162051297998668,0.3324231983981314,0.0,1.0
295400.0,2954.0,0.332431244734463,0.1162273173534778,0.332431244734463,0.0,1.0
295500.0,2955.0,0.3324318023721436,0.1162296570073198,0.3324318023721436,0.0,1.0
295600.0,2956.0,0.3324263370976646,0.1162293684326103,0.3324263370976646,0.0,1.0
295700.0,2957.0,0.3328460317615452,0.1162094483973206,0.3328460317615452,0.0,1.0
295800.0,2958.0,0.3328500346827576,0.1161967401069805,0.3328500346827576,0.0,1.0
295900.0,2959.0,0.3328511806637497,0.1161967401069805,0.3328511806637497,0.0,1.0
296000.0,2960.0,0.3346703692019546,0.1147408195392725,0.3346703692019546,0.0,1.0
296100.0,2961.0,0.3425674597822136,0.1085487163733041,0.3425674597822136,0.0,1.0
296200.0,2962.0,0.3427042407106425,0.1085890017924934,0.3427042407106425,0.0,1.0
296300.0,2963.0,0.3427564125383778,0.108527943850772,0.3427564125383778,0.0,1.0
296500.0,2965.0,0.3427563227617439,0.1085549337628012,0.3427563227617439,0.0,1.0
296700.0,2967.0,0.3424695426339391,0.1085538659636702,0.3424695426339391,0.0,1.0
296800.0,2968.0,0.3424682586816834,0.1085360006960986,0.3424682586816834,0.0,1.0
296900.0,2969.0,0.3494925530158022,0.1034196370985113,0.3494925530158022,0.0,1.0
297000.0,2970.0,0.3495039940776932,0.1034348186638974,0.3495039940776932,0.0,1.0
297100.0,2971.0,0.3495068292664059,0.1034526353590723,0.3495068292664059,0.0,1.0
297400.0,2974.0,0.3495120858217211,0.1035328552871624,0.3495120858217211,0.0,1.0
297500.0,2975.0,0.3516978427555948,0.1019312928119409,0.3516978427555948,0.0,1.0
297600.0,2976.0,0.3516999732727096,0.1018745134098219,0.3516999732727096,0.0,1.0
297700.0,2977.0,0.3516984794928561,0.1018547165185595,0.3516984794928561,0.0,1.0
297800.0,2978.0,0.3516938005503515,0.1018546097141977,0.3516938005503515,0.0,1.0
298000.0,2980.0,0.3515122317856774,0.1018537126182757,0.3515122317856774,0.0,1.0
298100.0,2981.0,0.3515153009753273,0.1017700065218783,0.3515153009753273,0.0,1.0
298200.0,2982.0,0.3515187416993803,0.1017609586972547,0.3515187416993803,0.0,1.0
298300.0,2983.0,0.3515204304952721,0.1017597687928915,0.3515204304952721,0.0,1.0
298400.0,2984.0,0.351525474045351,0.1017656078622565,0.351525474045351,0.0,1.0
298600.0,2986.0,0.3515228576320205,0.1018039612359779,0.3515228576320205,0.0,1.0
298700.0,2987.0,0.3515562108750479,0.1017874298930505,0.3515562108750479,0.0,1.0
298900.0,2989.0,0.3515491622555117,0.101802169704923,0.3515491622555117,0.0,1.0
299000.0,2990.0,0.3515528352924278,0.1018021511199132,0.3515528352924278,0.0,1.0
299100.0,2991.0,0.3515519983256132,0.1017714703820981,0.3515519983256132,0.0,1.0
299200.0,2992.0,0.3515578055903632,0.1017692778245596,0.3515578055903632,0.0,1.0
299300.0,2993.0,0.3515511117191441,0.1017336070199209,0.3515511117191441,0.0,1.0
299400.0,2994.0,0.3515538727573473,0.1016939405585764,0.3515538727573473,0.0,1.0
299600.0,2996.0,0.3515497607241784,0.1016952789675608,0.3515497607241784,0.0,1.0
299700.0,2997.0,0.3542852369466244,0.0997659540620069,0.3542852369466244,0.0,1.0
299800.0,2998.0,0.3542841033116137,0.0997659492377524,0.3542841033116137,0.0,1.0
299900.0,2999.0,0.4094687512602051,0.0497205045190318,0.4094687512602051,0.0,1.0
300000.0,3000.0,0.4094735999354409,0.0497107586907449,0.4094735999354409,0.0,1.0
100.0,1.0,0.0,,-1.878337961108552,0.8783379611085516,2.0
300.0,3.0,0.0,,-1.844373769751287,0.844373769751287,2.0
400.0,4.0,0.0,,-1.8075287246301053,0.8075287246301053,2.0
500.0,5.0,0.0,,-1.7604371109614745,0.7604371109614743,2.0
600.0,6.0,0.0,,-1.7371387906716822,0.7371387906716822,2.0
700.0,7.0,0.0,,-1.7278938475564711,0.7278938475564711,2.0
800.0,8.0,0.0,,-1.6395480673286271,0.6395480673286271,2.0
1000.0,10.0,0.0,,-1.6206372840789205,0.6206372840789203,2.0
1100.0,11.0,0.0,,-1.6155426263110435,0.6155426263110435,2.0
1200.0,12.0,0.0,,-1.5800507490700828,0.5800507490700828,2.0
1300.0,13.0,0.0,,-1.575931234912654,0.575931234912654,2.0
1400.0,14.0,0.0,,-1.514781122734151,0.514781122734151,2.0
1500.0,15.0,0.0,,-1.489899768861363,0.4898997688613633,2.0
1600.0,16.0,0.0,,-1.46275722822006,0.46275722822006,2.0
1700.0,17.0,0.0,,-1.4356148949043763,0.4356148949043763,2.0
1800.0,18.0,0.0,,-1.407985917319639,0.4079859173196389,2.0
1900.0,19.0,0.0,,-1.382330187771824,0.3823301877718239,2.0
2100.0,21.0,0.0,,-1.3437563030747524,0.3437563030747523,2.0
2200.0,22.0,0.0,,-1.3253066963497702,0.3253066963497701,2.0
2400.0,24.0,0.0,,-1.308388570003205,0.3083885700032049,2.0
2500.0,25.0,0.0,,-1.2799656610522274,0.2799656610522274,2.0
2600.0,26.0,0.0,,-1.2706261141086956,0.2706261141086956,2.0
2700.0,27.0,0.0,,-1.2578180333554438,0.2578180333554438,2.0
2800.0,28.0,0.0,,-1.2144520721192251,0.2144520721192251,2.0
3000.0,30.0,0.0,,-1.2013120943494924,0.2013120943494923,2.0
3200.0,32.0,0.0,,-1.176633177886967,0.1766331778869669,2.0
3500.0,35.0,0.0,,-1.1719403283167489,0.1719403283167488,2.0
3600.0,36.0,0.0,,-1.1691023235899447,0.1691023235899447,2.0
3700.0,37.0,0.0,,-1.163690610461705,0.163690610461705,2.0
3900.0,39.0,0.0,,-1.1630143882205248,0.1630143882205248,2.0
4100.0,41.0,0.0,,-1.1622935121567666,0.1622935121567665,2.0
4200.0,42.0,0.0,,-1.1531901638477815,0.1531901638477817,2.0
4500.0,45.0,0.0,,-1.1529059923367064,0.1529059923367064,2.0
4600.0,46.0,0.0,,-1.145483520456319,0.1454835204563189,2.0
4800.0,48.0,0.0,,-1.1410371481677033,0.1410371481677033,2.0
5300.0,53.0,0.0,,-1.1410195299103063,0.1410195299103065,2.0
5400.0,54.0,0.0,,-1.140891183089778,0.1408911830897778,2.0
5500.0,55.0,0.0,,-1.1399977968680883,0.1399977968680883,2.0
5700.0,57.0,0.0,,-1.1399929547189205,0.1399929547189202,2.0
5800.0,58.0,0.0,,-1.1397888368735054,0.1397888368735054,2.0
6200.0,62.0,0.0,,-1.139652170927956,0.1396521709279559,2.0
6300.0,63.0,0.0,,-1.139644924506243,0.139644924506243,2.0
6600.0,66.0,0.0,,-1.1390281701610443,0.1390281701610445,2.0
6700.0,67.0,0.0,,-1.1389403702668623,0.1389403702668623,2.0
6800.0,68.0,0.0,,-1.1388480364487703,0.1388480364487703,2.0
6900.0,69.0,0.0,,-1.1385802165029455,0.1385802165029457,2.0
7500.0,75.0,0.0,,-1.136959259365426,0.1369592593654258,2.0
7800.0,78.0,0.0,,-1.1359680457899506,0.1359680457899506,2.0
8200.0,82.0,0.0,,-1.1359076471737506,0.1359076471737506,2.0
8300.0,83.0,0.0,,-1.1358192017278606,0.1358192017278605,2.0
8400.0,84.0,0.0,,-1.1357577595632264,0.1357577595632264,2.0
8600.0,86.0,0.0,,-1.1350432458533055,0.1350432458533057,2.0
8800.0,88.0,0.0,,-1.1349487529770788,0.1349487529770787,2.0
9100.0,91.0,0.0,,-1.13494185890178,0.1349418589017801,2.0
9200.0,92.0,0.0,,-1.1348699543559575,0.1348699543559575,2.0
9600.0,96.0,0.0,,-1.1347508611788115,0.1347508611788115,2.0
10300.0,103.0,0.0,,-1.1346973578303217,0.1346973578303216,2.0
10400.0,104.0,0.0,,-1.1345795254009934,0.1345795254009933,2.0
10700.0,107.0,0.0,,-1.1345795022219511,0.1345795022219511,2.0
10800.0,108.0,0.0,,-1.1345738691641316,0.1345738691641316,2.0
11100.0,111.0,0.0,,-1.134572941690004,0.1345729416900041,2.0
11700.0,117.0,0.0,,-1.13457050704349,0.1345705070434899,2.0
12100.0,121.0,0.0,,-1.1345703361232715,0.1345703361232717,2.0
12400.0,124.0,0.0,,-1.1345701872117029,0.1345701872117026,2.0
13200.0,132.0,0.0,,-1.1345701856090502,0.1345701856090502,2.0
13500.0,135.0,0.0,,-1.1345701663883538,0.1345701663883538,2.0
14000.0,140.0,0.0,,-1.134570159590391,0.1345701595903909,2.0
14100.0,141.0,0.0,,-1.1345700943682453,0.1345700943682453,2.0
14500.0,145.0,0.0,,-1.1345700842111432,0.1345700842111432,2.0
14800.0,148.0,0.0,,-1.1345351860597834,0.1345351860597834,2.0
14900.0,149.0,0.0,,-1.1345322207203206,0.1345322207203205,2.0
15000.0,150.0,0.0,,-1.13451940010173,0.13451940010173,2.0
15100.0,151.0,0.0,,-1.1345121239879183,0.1345121239879183,2.0
15500.0,155.0,0.0,,-1.1345065388788071,0.1345065388788071,2.0
15700.0,157.0,0.0,,-1.1345052620547773,0.1345052620547773,2.0
15800.0,158.0,0.0,,-1.1344965206063953,0.1344965206063952,2.0
16300.0,163.0,0.0,,-1.1344952554762755,0.1344952554762755,2.0
16400.0,164.0,0.0,,-1.134495174383726,0.1344951743837259,2.0
16900.0,169.0,0.0,,-1.1344949834708182,0.1344949834708182,2.0
17200.0,172.0,0.0,,-1.1344948222649176,0.1344948222649176,2.0
18000.0,180.0,0.0,,-1.1344948091571412,0.1344948091571411,2.0
18200.0,182.0,0.0,,-1.1344948014468297,0.1344948014468296,2.0
18300.0,183.0,0.0,,-1.134494755726606,0.1344947557266058,2.0
18900.0,189.0,0.0,,-1.1344947547227613,0.1344947547227613,2.0
19200.0,192.0,0.0,,-1.1344947546829398,0.1344947546829398,2.0
19300.0,193.0,0.0,,-1.134494754465238,0.1344947544652379,2.0
19400.0,194.0,0.0,,-1.1344947543922093,0.1344947543922092,2.0
19500.0,195.0,0.0,,-1.1344321266047956,0.1344321266047956,2.0
20000.0,200.0,0.0,,-1.1344311918085517,0.1344311918085516,2.0
20100.0,201.0,0.0,,-1.1344309558006958,0.1344309558006957,2.0
20300.0,203.0,0.0,,-1.134374386079148,0.1343743860791479,2.0
20600.0,206.0,0.0,,-1.1343454198425384,0.1343454198425384,2.0
20900.0,209.0,0.0,,-1.1343435785541276,0.1343435785541276,2.0
21000.0,210.0,0.0,,-1.1343434443378966,0.1343434443378965,2.0
21100.0,211.0,0.0,,-1.1343434395174004,0.1343434395174003,2.0
21200.0,212.0,0.0,,-1.1343434313243734,0.1343434313243734,2.0
21300.0,213.0,0.0,,-1.1343433943504984,0.1343433943504983,2.0
21400.0,214.0,0.0,,-1.1343424723221205,0.1343424723221205,2.0
21500.0,215.0,0.0,,-1.1343424008641605,0.1343424008641602,2.0
21700.0,217.0,0.0,,-1.1343419669562969,0.1343419669562968,2.0
21900.0,219.0,0.0,,-1.1342878694798504,0.1342878694798503,2.0
22000.0,220.0,0.0,,-1.1342786931497886,0.1342786931497885,2.0
22300.0,223.0,0.0,,-1.1342111568807285,0.1342111568807285,2.0
22500.0,225.0,0.0,,-1.134206380077799,0.134206380077799,2.0
22700.0,227.0,0.0,,-1.1336743703303973,0.1336743703303973,2.0
23400.0,234.0,0.0,,-1.133598823550574,0.133598823550574,2.0
23500.0,235.0,0.0,,-1.1335393865484973,0.1335393865484972,2.0
23700.0,237.0,0.0,,-1.1335359705303247,0.1335359705303247,2.0
23800.0,238.0,0.0,,-1.1335358968849791,0.1335358968849791,2.0
23900.0,239.0,0.0,,-1.1334931361091716,0.1334931361091715,2.0
24100.0,241.0,0.0,,-1.133346071065639,0.1333460710656389,2.0
24500.0,245.0,0.0,,-1.1333310831645842,0.1333310831645842,2.0
24600.0,246.0,0.0,,-1.133324341468047,0.1333243414680469,2.0
24700.0,247.0,0.0,,-1.133323737852165,0.133323737852165,2.0
24800.0,248.0,0.0,,-1.133323317907383,0.1333233179073829,2.0
25000.0,250.0,0.0,,-1.1333201908914954,0.1333201908914953,2.0
25100.0,251.0,0.0,,-1.1333181733047906,0.1333181733047905,2.0
25200.0,252.0,0.0,,-1.1333173680179032,0.1333173680179031,2.0
25300.0,253.0,0.0,,-1.133317201425848,0.1333172014258479,2.0
25400.0,254.0,0.0,,-1.133317068289118,0.133317068289118,2.0
25800.0,258.0,0.0,,-1.1333169584304938,0.1333169584304938,2.0
26500.0,265.0,0.0,,-1.133257848887811,0.1332578488878106,2.0
26600.0,266.0,0.0,,-1.1332577575644815,0.1332577575644815,2.0
26700.0,267.0,0.0,,-1.1332520060828717,0.1332520060828714,2.0
26800.0,268.0,0.0,,-1.133248267292578,0.1332482672925778,2.0
26900.0,269.0,0.0,,-1.1332376587021755,0.1332376587021757,2.0
27100.0,271.0,0.0,,-1.1331775609216344,0.1331775609216343,2.0
27200.0,272.0,0.0,,-1.133177483233028,0.1331774832330281,2.0
27400.0,274.0,0.0,,-1.1331670023665334,0.1331670023665334,2.0
27700.0,277.0,0.0,,-1.1331615773718546,0.1331615773718546,2.0
27800.0,278.0,0.0,,-1.133144958457786,0.1331449584577859,2.0
28000.0,280.0,0.0,,-1.133144958360886,0.1331449583608859,2.0
28100.0,281.0,0.0,,-1.133144957861287,0.1331449578612871,2.0
28200.0,282.0,0.0,,-1.133039802110651,0.1330398021106509,2.0
28600.0,286.0,0.0,,-1.1329881079946065,0.1329881079946062,2.0
28700.0,287.0,0.0,,-1.1329857611655614,0.1329857611655613,2.0
28800.0,288.0,0.0,,-1.1329694065297815,0.1329694065297817,2.0
28900.0,289.0,0.0,,-1.1329171777943563,0.1329171777943563,2.0
29100.0,291.0,0.0,,-1.132907371675158,0.1329073716751581,2.0
29400.0,294.0,0.0,,-1.1328973174218837,0.1328973174218837,2.0
29600.0,296.0,0.0,,-1.1328866980407672,0.1328866980407672,2.0
29800.0,298.0,0.0,,-1.1328866440389045,0.1328866440389045,2.0
30000.0,300.0,0.0,,-1.132882999356511,0.132882999356511,2.0
30100.0,301.0,0.0,,-1.1328753625559025,0.1328753625559022,2.0
30200.0,302.0,0.0,,-1.132865637215813,0.132865637215813,2.0
30500.0,305.0,0.0,,-1.132865422765155,0.1328654227651549,2.0
30600.0,306.0,0.0,,-1.1328641313860357,0.1328641313860354,2.0
30800.0,308.0,0.0,,-1.1328626777830657,0.1328626777830657,2.0
31100.0,311.0,0.0,,-1.132862673209475,0.1328626732094751,2.0
31400.0,314.0,0.0,,-1.1328624483642338,0.1328624483642337,2.0
31600.0,316.0,0.0,,-1.1328621102465353,0.1328621102465352,2.0
31700.0,317.0,0.0,,-1.1328619164271958,0.1328619164271958,2.0
32000.0,320.0,0.0,,-1.132861601560204,0.132861601560204,2.0
32200.0,322.0,0.0,,-1.1328615513336229,0.1328615513336228,2.0
32400.0,324.0,0.0,,-1.1328615301349765,0.1328615301349762,2.0
32500.0,325.0,0.0,,-1.132861523407949,0.1328615234079491,2.0
32700.0,327.0,0.0,,-1.132861520474235,0.1328615204742349,2.0
32900.0,329.0,0.0,,-1.1328615202711392,0.1328615202711391,2.0
33000.0,330.0,0.0,,-1.1328615173422278,0.1328615173422278,2.0
33100.0,331.0,0.0,,-1.1328615171754524,0.1328615171754523,2.0
33300.0,333.0,0.0,,-1.1328615170504204,0.1328615170504203,2.0
33400.0,334.0,0.0,,-1.1328615164476206,0.1328615164476205,2.0
33500.0,335.0,0.0,,-1.132861515933164,0.1328615159331638,2.0
33700.0,337.0,0.0,,-1.1328615146495808,0.1328615146495808,2.0
34100.0,341.0,0.0,,-1.1328615145381549,0.1328615145381548,2.0
34300.0,343.0,0.0,,-1.1328615145231289,0.1328615145231286,2.0
34700.0,347.0,0.0,,-1.1328018206578017,0.1328018206578016,2.0
35000.0,350.0,0.0,,-1.1328015356082854,0.1328015356082854,2.0
35100.0,351.0,0.0,,-1.1328013507932762,0.1328013507932761,2.0
35200.0,352.0,0.0,,-1.1328004408650028,0.1328004408650027,2.0
35300.0,353.0,0.0,,-1.1328001472417135,0.1328001472417135,2.0
35600.0,356.0,0.0,,-1.1327963661448754,0.1327963661448754,2.0
35700.0,357.0,0.0,,-1.1327678103729355,0.1327678103729357,2.0
35900.0,359.0,0.0,,-1.1305056419441997,0.1305056419441996,2.0
36000.0,360.0,0.0,,-1.1304107619841104,0.1304107619841104,2.0
36200.0,362.0,0.0,,-1.1302826137538444,0.1302826137538444,2.0
36400.0,364.0,0.0,,-1.1301791936388734,0.1301791936388734,2.0
36600.0,366.0,0.0,,-1.1300222474125117,0.1300222474125116,2.0
37000.0,370.0,0.0,,-1.130019636341834,0.130019636341834,2.0
37200.0,372.0,0.0,,-1.1300044571973205,0.1300044571973204,2.0
37400.0,374.0,0.0,,-1.1299857588642512,0.1299857588642512,2.0
37500.0,375.0,0.0,,-1.1299747983138246,0.1299747983138246,2.0
37600.0,376.0,0.0,,-1.1298996855821792,0.1298996855821792,2.0
37700.0,377.0,0.0,,-1.129887162398702,0.1298871623987021,2.0
37800.0,378.0,0.0,,-1.129763759368806,0.1297637593688061,2.0
37900.0,379.0,0.0,,-1.1297623544530964,0.1297623544530963,2.0
38000.0,380.0,0.0,,-1.1294498640089052,0.1294498640089052,2.0
38300.0,383.0,0.0,,-1.129449148229021,0.1294491482290209,2.0
38500.0,385.0,0.0,,-1.1294481348095131,0.1294481348095133,2.0
38800.0,388.0,0.0,,-1.129443584207272,0.1294435842072721,2.0
39000.0,390.0,0.0,,-1.1294435059468668,0.1294435059468668,2.0
39100.0,391.0,0.0,,-1.1294423169384744,0.1294423169384744,2.0
39200.0,392.0,0.0,,-1.129438460795935,0.1294384607959349,2.0
39400.0,394.0,0.0,,-1.1294328634124706,0.1294328634124706,2.0
39500.0,395.0,0.0,,-1.1294313048743827,0.1294313048743827,2.0
39800.0,398.0,0.0,,-1.129431172794304,0.129431172794304,2.0
39900.0,399.0,0.0,,-1.129430867246741,0.129430867246741,2.0
40400.0,404.0,0.0,,-1.129430660488,0.129430660488,2.0
40500.0,405.0,0.0,,-1.1293743153731215,0.1293743153731215,2.0
40600.0,406.0,0.0,,-1.1293720058755063,0.1293720058755063,2.0
40700.0,407.0,0.0,,-1.1293711077903033,0.1293711077903032,2.0
41000.0,410.0,0.0,,-1.1293689410466423,0.1293689410466423,2.0
41300.0,413.0,0.0,,-1.1293579510076588,0.1293579510076588,2.0
41400.0,414.0,0.0,,-1.129342202890812,0.129342202890812,2.0
41500.0,415.0,0.0,,-1.1293421566733608,0.1293421566733608,2.0
41600.0,416.0,0.0,,-1.1293217220971188,0.1293217220971187,2.0
41700.0,417.0,0.0,,-1.129318189288639,0.129318189288639,2.0
42000.0,420.0,0.0,,-1.1293156833606643,0.1293156833606643,2.0
42300.0,423.0,0.0,,-1.1293147728687425,0.1293147728687422,2.0
42600.0,426.0,0.0,,-1.1293144055971718,0.1293144055971717,2.0
42800.0,428.0,0.0,,-1.1293143836459485,0.1293143836459485,2.0
42900.0,429.0,0.0,,-1.1293143718073746,0.1293143718073746,2.0
43000.0,430.0,0.0,,-1.1293143091277456,0.1293143091277455,2.0
43200.0,432.0,0.0,,-1.129314276767987,0.1293142767679869,2.0
43300.0,433.0,0.0,,-1.129314239605685,0.129314239605685,2.0
43400.0,434.0,0.0,,-1.1292703242369315,0.1292703242369315,2.0
43700.0,437.0,0.0,,-1.1292702611424792,0.1292702611424792,2.0
43900.0,439.0,0.0,,-1.1292687604424696,0.1292687604424696,2.0
44000.0,440.0,0.0,,-1.1292672548917777,0.1292672548917774,2.0
44100.0,441.0,0.0,,-1.1292654563376845,0.1292654563376842,2.0
44200.0,442.0,0.0,,-1.1292592089245823,0.1292592089245825,2.0
44300.0,443.0,0.0,,-1.129253760125959,0.1292537601259589,2.0
44400.0,444.0,0.0,,-1.1291538816266244,0.1291538816266244,2.0
44800.0,448.0,0.0,,-1.1291311351969382,0.1291311351969382,2.0
44900.0,449.0,0.0,,-1.129129482378472,0.1291294823784721,2.0
45000.0,450.0,0.0,,-1.129107682640392,0.1291076826403918,2.0
45100.0,451.0,0.0,,-1.129103263368371,0.129103263368371,2.0
45300.0,453.0,0.0,,-1.129102690178629,0.1291026901786289,2.0
45600.0,456.0,0.0,,-1.129102524150654,0.129102524150654,2.0
45800.0,458.0,0.0,,-1.1290328717400573,0.1290328717400573,2.0
46100.0,461.0,0.0,,-1.1290273225287273,0.1290273225287272,2.0
46200.0,462.0,0.0,,-1.129027299770426,0.129027299770426,2.0
46300.0,463.0,0.0,,-1.1290222489795834,0.1290222489795833,2.0
46400.0,464.0,0.0,,-1.128947301903902,0.128947301903902,2.0
46500.0,465.0,0.0,,-1.1289472957423925,0.1289472957423925,2.0
46600.0,466.0,0.0,,-1.1289467889678555,0.1289467889678557,2.0
47400.0,474.0,0.0,,-1.1289288364110923,0.1289288364110925,2.0
47700.0,477.0,0.0,,-1.128922514789978,0.1289225147899779,2.0
47800.0,478.0,0.0,,-1.1286964954881933,0.1286964954881932,2.0
48400.0,484.0,0.0,,-1.128636637453875,0.128636637453875,2.0
48800.0,488.0,0.0,,-1.1286118519928965,0.1286118519928965,2.0
49100.0,491.0,0.0,,-1.1286104140361428,0.1286104140361428,2.0
49300.0,493.0,0.0,,-1.1286062927119418,0.1286062927119418,2.0
49500.0,495.0,0.0,,-1.1286060910244875,0.1286060910244877,2.0
49700.0,497.0,0.0,,-1.1286016002392556,0.1286016002392556,2.0
49800.0,498.0,0.0,,-1.1286013660278476,0.1286013660278475,2.0
49900.0,499.0,0.0,,-1.12859510247347,0.1285951024734699,2.0
50000.0,500.0,0.0,,-1.12859496473402,0.1285949647340201,2.0
50100.0,501.0,0.0,,-1.1285937022358714,0.1285937022358714,2.0
50200.0,502.0,0.0,,-1.12859346703228,0.1285934670322801,2.0
50300.0,503.0,0.0,,-1.1285930558449315,0.1285930558449317,2.0
50400.0,504.0,0.0,,-1.1285905968332108,0.1285905968332108,2.0
50600.0,506.0,0.0,,-1.1285901374697391,0.1285901374697391,2.0
50700.0,507.0,0.0,,-1.128589656444645,0.1285896564446449,2.0
50800.0,508.0,0.0,,-1.128588744524953,0.1285887445249529,2.0
50900.0,509.0,0.0,,-1.1285885913059974,0.1285885913059974,2.0
51000.0,510.0,0.0,,-1.1285881670718587,0.1285881670718587,2.0
51300.0,513.0,0.0,,-1.128587019419796,0.128587019419796,2.0
51400.0,514.0,0.0,,-1.1285869317156385,0.1285869317156383,2.0
51500.0,515.0,0.0,,-1.1285866716403292,0.1285866716403292,2.0
51600.0,516.0,0.0,,-1.1285855561776958,0.1285855561776958,2.0
51800.0,518.0,0.0,,-1.128584994647607,0.1285849946476069,2.0
51900.0,519.0,0.0,,-1.128583693404715,0.1285836934047153,2.0
52000.0,520.0,0.0,,-1.1285796921505231,0.1285796921505231,2.0
52100.0,521.0,0.0,,-1.128560032408674,0.1285600324086739,2.0
52300.0,523.0,0.0,,-1.1285600039409651,0.1285600039409651,2.0
52400.0,524.0,0.0,,-1.1285564443754783,0.1285564443754785,2.0
52500.0,525.0,0.0,,-1.12854840996915,0.12854840996915,2.0
52600.0,526.0,0.0,,-1.128492965526131,0.1284929655261311,2.0
52700.0,527.0,0.0,,-1.1284574549436996,0.1284574549436996,2.0
52800.0,528.0,0.0,,-1.128439714964505,0.1284397149645049,2.0
53100.0,531.0,0.0,,-1.1283139586373143,0.1283139586373143,2.0
53600.0,536.0,0.0,,-1.1282989480930037,0.1282989480930036,2.0
53800.0,538.0,0.0,,-1.1282639527992668,0.1282639527992668,2.0
53900.0,539.0,0.0,,-1.1282612764878752,0.1282612764878752,2.0
54200.0,542.0,0.0,,-1.1282607721860556,0.1282607721860555,2.0
54300.0,543.0,0.0,,-1.128259632811354,0.1282596328113538,2.0
54500.0,545.0,0.0,,-1.1282531430316445,0.1282531430316442,2.0
54600.0,546.0,0.0,,-1.128253082826102,0.1282530828261021,2.0
54700.0,547.0,0.0,,-1.1282478294556717,0.1282478294556717,2.0
54800.0,548.0,0.0,,-1.1281243227991735,0.1281243227991737,2.0
54900.0,549.0,0.0,,-1.1281133295170234,0.1281133295170233,2.0
55000.0,550.0,0.0,,-1.1279992586829632,0.1279992586829632,2.0
55500.0,555.0,0.0,,-1.1279990454396296,0.1279990454396296,2.0
55700.0,557.0,0.0,,-1.1279984187531251,0.1279984187531253,2.0
55900.0,559.0,0.0,,-1.1279939997878767,0.1279939997878767,2.0
56000.0,560.0,0.0,,-1.127990937741716,0.1279909377417158,2.0
56100.0,561.0,0.0,,-1.1279908532448997,0.1279908532448996,2.0
56300.0,563.0,0.0,,-1.127990827992241,0.127990827992241,2.0
56400.0,564.0,0.0,,-1.127990393897911,0.127990393897911,2.0
56700.0,567.0,0.0,,-1.1279898890738116,0.1279898890738116,2.0
56800.0,568.0,0.0,,-1.1279889093809066,0.1279889093809065,2.0
56900.0,569.0,0.0,,-1.1279888534916056,0.1279888534916056,2.0
57000.0,570.0,0.0,,-1.1279858875928803,0.1279858875928803,2.0
57400.0,574.0,0.0,,-1.127985743313732,0.1279857433137321,2.0
57600.0,576.0,0.0,,-1.1279852793278533,0.1279852793278533,2.0
58200.0,582.0,0.0,,-1.1279852793261125,0.1279852793261124,2.0
58600.0,586.0,0.0,,-1.1279852771757175,0.1279852771757177,2.0
58700.0,587.0,0.0,,-1.127943729262772,0.1279437292627721,2.0
58900.0,589.0,0.0,,-1.1278774971625125,0.1278774971625125,2.0
59300.0,593.0,0.0,,-1.1278231539179446,0.1278231539179446,2.0
59500.0,595.0,0.0,,-1.1278190062687954,0.1278190062687954,2.0
59600.0,596.0,0.0,,-1.127811148683234,0.127811148683234,2.0
59700.0,597.0,0.0,,-1.1278085354532992,0.1278085354532991,2.0
60300.0,603.0,0.0,,-1.1277949550182995,0.1277949550182997,2.0
61100.0,611.0,0.0,,-1.1277949435917491,0.1277949435917491,2.0
61200.0,612.0,0.0,,-1.127794940721499,0.1277949407214991,2.0
61300.0,613.0,0.0,,-1.127794939860312,0.1277949398603119,2.0
61400.0,614.0,0.0,,-1.1277947243355515,0.1277947243355515,2.0
61600.0,616.0,0.0,,-1.1277373509251645,0.1277373509251642,2.0
62100.0,621.0,0.0,,-1.1277302574427297,0.1277302574427294,2.0
62300.0,623.0,0.0,,-1.1277288970052697,0.1277288970052694,2.0
62400.0,624.0,0.0,,-1.1276678774436284,0.1276678774436284,2.0
62600.0,626.0,0.0,,-1.1276653348354302,0.1276653348354302,2.0
62700.0,627.0,0.0,,-1.127639929046612,0.1276399290466121,2.0
62800.0,628.0,0.0,,-1.1276386754303764,0.1276386754303764,2.0
63100.0,631.0,0.0,,-1.1276233839766736,0.1276233839766736,2.0
63200.0,632.0,0.0,,-1.1276200794970896,0.1276200794970896,2.0
63300.0,633.0,0.0,,-1.1276158831854304,0.1276158831854303,2.0
63600.0,636.0,0.0,,-1.1276157536916114,0.1276157536916113,2.0
63700.0,637.0,0.0,,-1.1276153757590406,0.1276153757590405,2.0
63900.0,639.0,0.0,,-1.1276152395405132,0.1276152395405132,2.0
64000.0,640.0,0.0,,-1.1275649961212608,0.1275649961212608,2.0
64500.0,645.0,0.0,,-1.1270132405290263,0.1270132405290265,2.0
65100.0,651.0,0.0,,-1.1270127801510863,0.1270127801510865,2.0
65600.0,656.0,0.0,,-1.1270025606697378,0.1270025606697378,2.0
65700.0,657.0,0.0,,-1.1270018283774574,0.1270018283774574,2.0
65800.0,658.0,0.0,,-1.1269327608963222,0.1269327608963222,2.0
65900.0,659.0,0.0,,-1.1269020312600642,0.1269020312600641,2.0
66400.0,664.0,0.0,,-1.126901854290917,0.126901854290917,2.0
66500.0,665.0,0.0,,-1.1268146806522443,0.1268146806522443,2.0
66600.0,666.0,0.0,,-1.126791874108378,0.126791874108378,2.0
66800.0,668.0,0.0,,-1.1267907992773334,0.1267907992773334,2.0
67300.0,673.0,0.0,,-1.1267875081231242,0.1267875081231242,2.0
67400.0,674.0,0.0,,-1.126781475055176,0.1267814750551759,2.0
67500.0,675.0,0.0,,-1.1267733233296808,0.1267733233296808,2.0
67600.0,676.0,0.0,,-1.1267660567387188,0.1267660567387187,2.0
67700.0,677.0,0.0,,-1.1267591627803064,0.1267591627803064,2.0
67800.0,678.0,0.0,,-1.126755051282999,0.1267550512829989,2.0
67900.0,679.0,0.0,,-1.1267543426357014,0.1267543426357014,2.0
68300.0,683.0,0.0,,-1.1267365077946931,0.1267365077946931,2.0
68600.0,686.0,0.0,,-1.1267235881391382,0.1267235881391382,2.0
68900.0,689.0,0.0,,-1.126692912838413,0.1266929128384131,2.0
69000.0,690.0,0.0,,-1.1266891842723017,0.1266891842723017,2.0
69100.0,691.0,0.0,,-1.1266853694971934,0.1266853694971934,2.0
69300.0,693.0,0.0,,-1.126681704355627,0.1266817043556269,2.0
69400.0,694.0,0.0,,-1.126681203488442,0.1266812034884419,2.0
69500.0,695.0,0.0,,-1.1266744734064729,0.1266744734064728,2.0
69700.0,697.0,0.0,,-1.1266689368921978,0.1266689368921978,2.0
69900.0,699.0,0.0,,-1.126667538133648,0.1266675381336479,2.0
70000.0,700.0,0.0,,-1.1266669652874568,0.1266669652874568,2.0
70100.0,701.0,0.0,,-1.126658642156464,0.1266586421564639,2.0
70200.0,702.0,0.0,,-1.1266442691806302,0.1266442691806302,2.0
70300.0,703.0,0.0,,-1.1266409067678316,0.1266409067678315,2.0
70600.0,706.0,0.0,,-1.1265970717095697,0.1265970717095694,2.0
70800.0,708.0,0.0,,-1.1265948700164743,0.1265948700164745,2.0
71100.0,711.0,0.0,,-1.126583718919461,0.1265837189194609,2.0
71200.0,712.0,0.0,,-1.1265821241859,0.1265821241858999,2.0
71300.0,713.0,0.0,,-1.1265780255392135,0.1265780255392137,2.0
71400.0,714.0,0.0,,-1.1265780130808536,0.1265780130808536,2.0
71500.0,715.0,0.0,,-1.1265150901512486,0.1265150901512486,2.0
71800.0,718.0,0.0,,-1.1265106778858076,0.1265106778858076,2.0
71900.0,719.0,0.0,,-1.126509402018652,0.1265094020186519,2.0
72000.0,720.0,0.0,,-1.1265073562069432,0.1265073562069432,2.0
72200.0,722.0,0.0,,-1.1265068842130312,0.1265068842130312,2.0
72400.0,724.0,0.0,,-1.1265048596141238,0.1265048596141238,2.0
72700.0,727.0,0.0,,-1.1265006913691633,0.1265006913691633,2.0
72800.0,728.0,0.0,,-1.1265000331468462,0.1265000331468462,2.0
72900.0,729.0,0.0,,-1.1264992729777084,0.1264992729777083,2.0
73000.0,730.0,0.0,,-1.1264987440383516,0.1264987440383516,2.0
73200.0,732.0,0.0,,-1.1264986651638056,0.1264986651638056,2.0
73300.0,733.0,0.0,,-1.1264983598423068,0.1264983598423068,2.0
73400.0,734.0,0.0,,-1.126497939118024,0.1264979391180241,2.0
73500.0,735.0,0.0,,-1.1264979172419411,0.1264979172419411,2.0
73600.0,736.0,0.0,,-1.1264975626843603,0.1264975626843603,2.0
73900.0,739.0,0.0,,-1.1264971709167324,0.1264971709167324,2.0
74000.0,740.0,0.0,,-1.1264966854246845,0.1264966854246842,2.0
74200.0,742.0,0.0,,-1.1264941434277596,0.1264941434277595,2.0
74300.0,743.0,0.0,,-1.1264936213602506,0.1264936213602505,2.0
74500.0,745.0,0.0,,-1.1264877209785773,0.1264877209785773,2.0
74700.0,747.0,0.0,,-1.126478775386642,0.1264787753866418,2.0
74800.0,748.0,0.0,,-1.1264783597734902,0.1264783597734902,2.0
75000.0,750.0,0.0,,-1.12641258755921,0.1264125875592099,2.0
75100.0,751.0,0.0,,-1.126412572368713,0.126412572368713,2.0
75200.0,752.0,0.0,,-1.1264010286816537,0.1264010286816537,2.0
75400.0,754.0,0.0,,-1.1264008489195352,0.1264008489195351,2.0
75500.0,755.0,0.0,,-1.1263837887005077,0.1263837887005074,2.0
75600.0,756.0,0.0,,-1.1263142853949784,0.1263142853949783,2.0
75700.0,757.0,0.0,,-1.1263032230790693,0.1263032230790692,2.0
75800.0,758.0,0.0,,-1.1262984740701747,0.1262984740701747,2.0
76000.0,760.0,0.0,,-1.1262948698720925,0.1262948698720922,2.0
76300.0,763.0,0.0,,-1.126294660795008,0.1262946607950079,2.0
76400.0,764.0,0.0,,-1.1262142293493471,0.1262142293493473,2.0
76600.0,766.0,0.0,,-1.1261762007843923,0.1261762007843923,2.0
76700.0,767.0,0.0,,-1.1261614163073213,0.1261614163073212,2.0
76800.0,768.0,0.0,,-1.1261569844569734,0.1261569844569734,2.0
77200.0,772.0,0.0,,-1.126154617803386,0.1261546178033861,2.0
77300.0,773.0,0.0,,-1.1261522938161208,0.1261522938161208,2.0
77400.0,774.0,0.0,,-1.1261414389116913,0.1261414389116912,2.0
77600.0,776.0,0.0,,-1.1261326767026951,0.1261326767026953,2.0
77800.0,778.0,0.0,,-1.1260990346795,0.1260990346794999,2.0
77900.0,779.0,0.0,,-1.1260988683652002,0.1260988683652002,2.0
78000.0,780.0,0.0,,-1.1260946570498482,0.1260946570498482,2.0
78100.0,781.0,0.0,,-1.12609338991164,0.1260933899116398,2.0
78200.0,782.0,0.0,,-1.1260902183417094,0.1260902183417094,2.0
78300.0,783.0,0.0,,-1.126089861584552,0.126089861584552,2.0
78400.0,784.0,0.0,,-1.126088770227703,0.1260887702277029,2.0
78500.0,785.0,0.0,,-1.1260880356788787,0.1260880356788787,2.0
78700.0,787.0,0.0,,-1.126087040514316,0.1260870405143159,2.0
78900.0,789.0,0.0,,-1.1260870399715297,0.1260870399715297,2.0
79000.0,790.0,0.0,,-1.1260858475360105,0.1260858475360102,2.0
79200.0,792.0,0.0,,-1.1260855790011588,0.1260855790011588,2.0
79300.0,793.0,0.0,,-1.126084286387879,0.126084286387879,2.0
79400.0,794.0,0.0,,-1.126083729074361,0.126083729074361,2.0
79600.0,796.0,0.0,,-1.1260772942182151,0.1260772942182153,2.0
79900.0,799.0,0.0,,-1.1260772887800703,0.1260772887800705,2.0
80100.0,801.0,0.0,,-1.126075248359995,0.1260752483599949,2.0
80200.0,802.0,0.0,,-1.12607516800448,0.12607516800448,2.0
80500.0,805.0,0.0,,-1.126075166028802,0.1260751660288019,2.0
80600.0,806.0,0.0,,-1.1260745370507503,0.1260745370507503,2.0
80900.0,809.0,0.0,,-1.1260745154125162,0.1260745154125162,2.0
81000.0,810.0,0.0,,-1.1260734349156147,0.1260734349156147,2.0
81400.0,814.0,0.0,,-1.1260734154563647,0.1260734154563647,2.0
81500.0,815.0,0.0,,-1.1260734084989448,0.1260734084989447,2.0
81600.0,816.0,0.0,,-1.1260733966149998,0.1260733966149998,2.0
81700.0,817.0,0.0,,-1.1260733927100384,0.1260733927100383,2.0
81800.0,818.0,0.0,,-1.1260723446983796,0.1260723446983795,2.0
82000.0,820.0,0.0,,-1.126072314546194,0.1260723145461939,2.0
82100.0,821.0,0.0,,-1.1260723096438336,0.1260723096438336,2.0
82200.0,822.0,0.0,,-1.1260722819983966,0.1260722819983966,2.0
82600.0,826.0,0.0,,-1.1260722807384125,0.1260722807384122,2.0
82700.0,827.0,0.0,,-1.1260722745661726,0.1260722745661726,2.0
83000.0,830.0,0.0,,-1.1260722743874598,0.1260722743874598,2.0
83600.0,836.0,0.0,,-1.1260722743671534,0.1260722743671534,2.0
83700.0,837.0,0.0,,-1.1260722742232765,0.1260722742232762,2.0
83800.0,838.0,0.0,,-1.1260722741426448,0.1260722741426447,2.0
84000.0,840.0,0.0,,-1.12607227414071,0.1260722741407098,2.0
84300.0,843.0,0.0,,-1.1260722741375158,0.1260722741375157,2.0
84400.0,844.0,0.0,,-1.1260722741362523,0.1260722741362525,2.0
84500.0,845.0,0.0,,-1.1260722741325495,0.1260722741325497,2.0
84800.0,848.0,0.0,,-1.1260722741215028,0.1260722741215028,2.0
84900.0,849.0,0.0,,-1.1260722741191047,0.1260722741191047,2.0
85300.0,853.0,0.0,,-1.126072274117497,0.1260722741174973,2.0
85400.0,854.0,0.0,,-1.126072274116651,0.1260722741166506,2.0
85500.0,855.0,0.0,,-1.1260722740976743,0.1260722740976745,2.0
85700.0,857.0,0.0,,-1.1260722740956006,0.1260722740956006,2.0
85800.0,858.0,0.0,,-1.1260722740954234,0.1260722740954234,2.0
85900.0,859.0,0.0,,-1.1260722740481466,0.1260722740481465,2.0
86300.0,863.0,0.0,,-1.1260722740408045,0.1260722740408044,2.0
86400.0,864.0,0.0,,-1.1260722740403326,0.1260722740403326,2.0
86500.0,865.0,0.0,,-1.1260722740402445,0.1260722740402444,2.0
86600.0,866.0,0.0,,-1.1260722740394091,0.1260722740394093,2.0
86800.0,868.0,0.0,,-1.126072274038585,0.1260722740385849,2.0
86900.0,869.0,0.0,,-1.1260722740384803,0.1260722740384805,2.0
87000.0,870.0,0.0,,-1.1260722740384763,0.1260722740384763,2.0
87100.0,871.0,0.0,,-1.126072274038009,0.1260722740380089,2.0
87200.0,872.0,0.0,,-1.126072274038002,0.126072274038002,2.0
87300.0,873.0,0.0,,-1.126072274037939,0.1260722740379389,2.0
87400.0,874.0,0.0,,-1.1260722740361058,0.1260722740361057,2.0
87700.0,877.0,0.0,,-1.1260722740356417,0.1260722740356414,2.0
87900.0,879.0,0.0,,-1.1260722740350368,0.1260722740350368,2.0
88100.0,881.0,0.0,,-1.1260722740350353,0.1260722740350353,2.0
88200.0,882.0,0.0,,-1.1260722740350202,0.1260722740350202,2.0
88600.0,886.0,0.0,,-1.1260722740350104,0.1260722740350104,2.0
88900.0,889.0,0.0,,-1.1260722740348568,0.1260722740348567,2.0
89000.0,890.0,0.0,,-1.126072274034846,0.1260722740348461,2.0
89500.0,895.0,0.0,,-1.126072274034844,0.1260722740348439,2.0
89600.0,896.0,0.0,,-1.126072274034843,0.126072274034843,2.0
89700.0,897.0,0.0,,-1.1260722740348372,0.1260722740348372,2.0
90200.0,902.0,0.0,,-1.126072274034834,0.1260722740348341,2.0
90500.0,905.0,0.0,,-1.126072274034834,0.1260722740348339,2.0
90900.0,909.0,0.0,,-1.1260722740348337,0.1260722740348336,2.0
91500.0,915.0,0.0,,-1.1260722740348337,0.1260722740348334,2.0
100.0,1.0,0.0,,-1.8810037070473544,0.8810037070473546,3.0
200.0,2.0,0.0,,-1.8729117564247544,0.8729117564247542,3.0
300.0,3.0,0.0,,-1.85653761622728,0.8565376162272798,3.0
400.0,4.0,0.0,,-1.8340254078081868,0.8340254078081868,3.0
500.0,5.0,0.0,,-1.78896396386811,0.7889639638681101,3.0
700.0,7.0,0.0,,-1.782533180271507,0.782533180271507,3.0
800.0,8.0,0.0,,-1.7367193774879384,0.7367193774879384,3.0
900.0,9.0,0.0,,-1.707830227184392,0.7078302271843921,3.0
1000.0,10.0,0.0,,-1.687351026733901,0.6873510267339009,3.0
1100.0,11.0,0.0,,-1.6500204326202723,0.6500204326202725,3.0
1200.0,12.0,0.0,,-1.6359898899721117,0.6359898899721115,3.0
1300.0,13.0,0.0,,-1.6058027608291172,0.6058027608291172,3.0
1400.0,14.0,0.0,,-1.602353655283775,0.6023536552837749,3.0
1500.0,15.0,0.0,,-1.5373312090404143,0.5373312090404143,3.0
1600.0,16.0,0.0,,-1.467128050245158,0.467128050245158,3.0
1900.0,19.0,0.0,,-1.4534516992643738,0.4534516992643738,3.0
2000.0,20.0,0.0,,-1.4317120388475533,0.4317120388475532,3.0
2100.0,21.0,0.0,,-1.427083305761549,0.427083305761549,3.0
2200.0,22.0,0.0,,-1.4107896529301256,0.4107896529301256,3.0
2300.0,23.0,0.0,,-1.3837130419269414,0.3837130419269414,3.0
2400.0,24.0,0.0,,-1.3627886412904495,0.3627886412904497,3.0
2500.0,25.0,0.0,,-1.3434422847232108,0.3434422847232108,3.0
2600.0,26.0,0.0,,-1.3152258113567918,0.3152258113567918,3.0
2900.0,29.0,0.0,,-1.3142019800294216,0.3142019800294215,3.0
3000.0,30.0,0.0,,-1.311932804416745,0.3119328044167453,3.0
3100.0,31.0,0.0,,-1.3037909426671168,0.3037909426671168,3.0
3200.0,32.0,0.0,,-1.2943571211665017,0.2943571211665015,3.0
3300.0,33.0,0.0,,-1.2811665477831091,0.2811665477831093,3.0
3500.0,35.0,0.0,,-1.270078007546944,0.270078007546944,3.0
3600.0,36.0,0.0,,-1.2638918731241016,0.2638918731241015,3.0
3800.0,38.0,0.0,,-1.2474692009687012,0.2474692009687011,3.0
4200.0,42.0,0.0,,-1.2427233296856977,0.2427233296856976,3.0
4300.0,43.0,0.0,,-1.221608344287444,0.2216083442874439,3.0
4800.0,48.0,0.0,,-1.220742513280621,0.2207425132806211,3.0
5000.0,50.0,0.0,,-1.2085023926040837,0.2085023926040836,3.0
5800.0,58.0,0.0,,-1.2082883122160868,0.2082883122160868,3.0
6300.0,63.0,0.0,,-1.208085933388346,0.208085933388346,3.0
6400.0,64.0,0.0,,-1.2080853606176227,0.2080853606176227,3.0
6900.0,69.0,0.0,,-1.2080819469547153,0.2080819469547152,3.0
7400.0,74.0,0.0,,-1.2080719349633722,0.2080719349633721,3.0
7800.0,78.0,0.0,,-1.2067778792829449,0.2067778792829449,3.0
8900.0,89.0,0.0,,-1.2066966011180087,0.2066966011180087,3.0
9200.0,92.0,0.0,,-1.2066812118493024,0.2066812118493024,3.0
9800.0,98.0,0.0,,-1.2066301916141051,0.2066301916141053,3.0
10300.0,103.0,0.0,,-1.2066240106666135,0.2066240106666135,3.0
10500.0,105.0,0.0,,-1.206618085459736,0.2066180854597359,3.0
10600.0,106.0,0.0,,-1.206554785883246,0.2065547858832459,3.0
10900.0,109.0,0.0,,-1.2065539973267652,0.2065539973267651,3.0
11100.0,111.0,0.0,,-1.2065537456229645,0.2065537456229644,3.0
11200.0,112.0,0.0,,-1.2065515681648462,0.2065515681648462,3.0
11300.0,113.0,0.0,,-1.2065463958650209,0.2065463958650208,3.0
11500.0,115.0,0.0,,-1.2065452437213315,0.2065452437213315,3.0
11600.0,116.0,0.0,,-1.2065445606726284,0.2065445606726283,3.0
11700.0,117.0,0.0,,-1.2065431039049632,0.2065431039049632,3.0
12000.0,120.0,0.0,,-1.2064826841385845,0.2064826841385842,3.0
12200.0,122.0,0.0,,-1.2064685104446684,0.2064685104446684,3.0
12300.0,123.0,0.0,,-1.2063715601794447,0.2063715601794447,3.0
12600.0,126.0,0.0,,-1.2063659948086871,0.2063659948086871,3.0
12700.0,127.0,0.0,,-1.2063655844738967,0.2063655844738967,3.0
12900.0,129.0,0.0,,-1.2063645915002872,0.2063645915002872,3.0
13000.0,130.0,0.0,,-1.2063645605315303,0.2063645605315303,3.0
13100.0,131.0,0.0,,-1.206362645796729,0.2063626457967289,3.0
13500.0,135.0,0.0,,-1.2063625224735377,0.2063625224735374,3.0
13600.0,136.0,0.0,,-1.2063617452220974,0.2063617452220973,3.0
13900.0,139.0,0.0,,-1.2063613119815035,0.2063613119815035,3.0
14200.0,142.0,0.0,,-1.2063332341697608,0.2063332341697608,3.0
14900.0,149.0,0.0,,-1.2063312026291473,0.2063312026291472,3.0
15100.0,151.0,0.0,,-1.2063302969089236,0.2063302969089235,3.0
15300.0,153.0,0.0,,-1.2063290316537356,0.2063290316537356,3.0
15500.0,155.0,0.0,,-1.2063262693059236,0.2063262693059235,3.0
15800.0,158.0,0.0,,-1.2063249580282729,0.2063249580282729,3.0
15900.0,159.0,0.0,,-1.2063247187604484,0.2063247187604484,3.0
16400.0,164.0,0.0,,-1.2063242604272202,0.2063242604272201,3.0
16700.0,167.0,0.0,,-1.2063242372072835,0.2063242372072835,3.0
16800.0,168.0,0.0,,-1.2062826533156497,0.2062826533156496,3.0
16900.0,169.0,0.0,,-1.206282341513905,0.206282341513905,3.0
17000.0,170.0,0.0,,-1.2062819753547818,0.2062819753547817,3.0
17100.0,171.0,0.0,,-1.2062757232699048,0.2062757232699048,3.0
17200.0,172.0,0.0,,-1.2062660134326428,0.2062660134326428,3.0
17300.0,173.0,0.0,,-1.2061528239535575,0.2061528239535575,3.0
17500.0,175.0,0.0,,-1.206151656243911,0.2061516562439109,3.0
17600.0,176.0,0.0,,-1.2061418564726272,0.2061418564726271,3.0
17700.0,177.0,0.0,,-1.2061327698930586,0.2061327698930586,3.0
18000.0,180.0,0.0,,-1.2061327698261648,0.2061327698261648,3.0
18400.0,184.0,0.0,,-1.2061318846979558,0.2061318846979558,3.0
18700.0,187.0,0.0,,-1.2061317777786873,0.2061317777786873,3.0
19100.0,191.0,0.0,,-1.2061080620906297,0.2061080620906297,3.0
19200.0,192.0,0.0,,-1.2061070033014296,0.2061070033014296,3.0
19400.0,194.0,0.0,,-1.2061050643992282,0.2061050643992281,3.0
19600.0,196.0,0.0,,-1.2061050139903593,0.2061050139903593,3.0
19700.0,197.0,0.0,,-1.2061043317175124,0.2061043317175124,3.0
19800.0,198.0,0.0,,-1.2061032057680592,0.2061032057680591,3.0
20100.0,201.0,0.0,,-1.206101332181568,0.2061013321815679,3.0
20200.0,202.0,0.0,,-1.206100783834257,0.206100783834257,3.0
20400.0,204.0,0.0,,-1.206100606558533,0.2061006065585329,3.0
20500.0,205.0,0.0,,-1.2061006045858698,0.2061006045858697,3.0
20600.0,206.0,0.0,,-1.2061005273581729,0.2061005273581728,3.0
20700.0,207.0,0.0,,-1.206100527288583,0.2061005272885829,3.0
21300.0,213.0,0.0,,-1.2061005259135191,0.2061005259135191,3.0
21400.0,214.0,0.0,,-1.2061005254436197,0.2061005254436196,3.0
21500.0,215.0,0.0,,-1.206100525265745,0.206100525265745,3.0
21600.0,216.0,0.0,,-1.206100525264862,0.206100525264862,3.0
21700.0,217.0,0.0,,-1.206100525206332,0.2061005252063319,3.0
21800.0,218.0,0.0,,-1.2061005249414285,0.2061005249414282,3.0
21900.0,219.0,0.0,,-1.206100524532516,0.206100524532516,3.0
22000.0,220.0,0.0,,-1.2061005237546325,0.2061005237546322,3.0
22100.0,221.0,0.0,,-1.206100523741625,0.2061005237416249,3.0
22200.0,222.0,0.0,,-1.206100523705131,0.206100523705131,3.0
22400.0,224.0,0.0,,-1.2061005237040472,0.2061005237040472,3.0
22800.0,228.0,0.0,,-1.2061005237035447,0.2061005237035447,3.0
23000.0,230.0,0.0,,-1.2061005237030016,0.2061005237030015,3.0
23100.0,231.0,0.0,,-1.206100523702531,0.206100523702531,3.0
23200.0,232.0,0.0,,-1.2061005237023132,0.2061005237023132,3.0
23300.0,233.0,0.0,,-1.2061005237021525,0.2061005237021524,3.0
23400.0,234.0,0.0,,-1.206100523702147,0.2061005237021469,3.0
23700.0,237.0,0.0,,-1.2061005237021465,0.2061005237021465,3.0
23800.0,238.0,0.0,,-1.206100523702142,0.206100523702142,3.0
23900.0,239.0,0.0,,-1.2061005237021412,0.2061005237021411,3.0
24200.0,242.0,0.0,,-1.2060359366505655,0.2060359366505657,3.0
24400.0,244.0,0.0,,-1.2059910893917458,0.2059910893917458,3.0
24700.0,247.0,0.0,,-1.2059886410232514,0.2059886410232514,3.0
24800.0,248.0,0.0,,-1.2059757877988555,0.2059757877988557,3.0
25000.0,250.0,0.0,,-1.2059750387568269,0.2059750387568266,3.0
25100.0,251.0,0.0,,-1.2050123439547542,0.2050123439547542,3.0
25400.0,254.0,0.0,,-1.2049786295214135,0.2049786295214135,3.0
25600.0,256.0,0.0,,-1.20495837008432,0.20495837008432,3.0
25700.0,257.0,0.0,,-1.204854337669984,0.204854337669984,3.0
25900.0,259.0,0.0,,-1.2048352466762704,0.2048352466762704,3.0
26000.0,260.0,0.0,,-1.2048348845439911,0.2048348845439911,3.0
26100.0,261.0,0.0,,-1.204718348785074,0.2047183487850741,3.0
26200.0,262.0,0.0,,-1.2047182215072212,0.2047182215072212,3.0
26300.0,263.0,0.0,,-1.2044859934827574,0.2044859934827574,3.0
26600.0,266.0,0.0,,-1.204481537132636,0.204481537132636,3.0
26800.0,268.0,0.0,,-1.204462972843647,0.2044629728436469,3.0
27100.0,271.0,0.0,,-1.204459059931075,0.2044590599310749,3.0
27200.0,272.0,0.0,,-1.2044540418906946,0.2044540418906946,3.0
27400.0,274.0,0.0,,-1.204446365124101,0.204446365124101,3.0
27600.0,276.0,0.0,,-1.2044419448829589,0.2044419448829588,3.0
27700.0,277.0,0.0,,-1.204422319617493,0.204422319617493,3.0
27800.0,278.0,0.0,,-1.204418164106961,0.2044181641069606,3.0
27900.0,279.0,0.0,,-1.20441816199831,0.2044181619983098,3.0
28000.0,280.0,0.0,,-1.2043967219599394,0.2043967219599394,3.0
28300.0,283.0,0.0,,-1.2043965808804675,0.2043965808804675,3.0
28400.0,284.0,0.0,,-1.2043965637884373,0.2043965637884373,3.0
28700.0,287.0,0.0,,-1.2043965621097694,0.2043965621097694,3.0
28800.0,288.0,0.0,,-1.2043965170295825,0.2043965170295825,3.0
28900.0,289.0,0.0,,-1.204396477805521,0.2043964778055209,3.0
29000.0,290.0,0.0,,-1.2043964650047196,0.2043964650047196,3.0
29100.0,291.0,0.0,,-1.2043964351558964,0.2043964351558964,3.0
29200.0,292.0,0.0,,-1.2043964329471142,0.2043964329471141,3.0
29400.0,294.0,0.0,,-1.2043963942799911,0.2043963942799913,3.0
30100.0,301.0,0.0,,-1.2043963939138438,0.2043963939138438,3.0
30300.0,303.0,0.0,,-1.204396393538719,0.2043963935387189,3.0
30400.0,304.0,0.0,,-1.2043963934260362,0.2043963934260362,3.0
30500.0,305.0,0.0,,-1.2043963933574104,0.2043963933574104,3.0
30800.0,308.0,0.0,,-1.2043963931770103,0.2043963931770103,3.0
30900.0,309.0,0.0,,-1.2043963931611723,0.2043963931611723,3.0
31000.0,310.0,0.0,,-1.2043963931101775,0.2043963931101775,3.0
31100.0,311.0,0.0,,-1.2043963931048125,0.2043963931048122,3.0
31200.0,312.0,0.0,,-1.2043963930739834,0.2043963930739833,3.0
31700.0,317.0,0.0,,-1.204396393073633,0.204396393073633,3.0
31800.0,318.0,0.0,,-1.20439639307344,0.20439639307344,3.0
32100.0,321.0,0.0,,-1.2043963930733947,0.2043963930733947,3.0
32300.0,323.0,0.0,,-1.2043963930726025,0.2043963930726022,3.0
32600.0,326.0,0.0,,-1.2043963930724826,0.2043963930724825,3.0
32700.0,327.0,0.0,,-1.2043963930724808,0.2043963930724808,3.0
33000.0,330.0,0.0,,-1.2043629299562806,0.2043629299562805,3.0
33400.0,334.0,0.0,,-1.2043464314776386,0.2043464314776386,3.0
33800.0,338.0,0.0,,-1.2043439060380068,0.2043439060380067,3.0
33900.0,339.0,0.0,,-1.2043389402830265,0.2043389402830264,3.0
34100.0,341.0,0.0,,-1.2043294714449335,0.2043294714449337,3.0
34300.0,343.0,0.0,,-1.204329378845958,0.2043293788459581,3.0
34400.0,344.0,0.0,,-1.204328913634167,0.204328913634167,3.0
34700.0,347.0,0.0,,-1.204328787766611,0.2043287877666106,3.0
34800.0,348.0,0.0,,-1.2043246050821643,0.2043246050821643,3.0
35100.0,351.0,0.0,,-1.2043232181164116,0.2043232181164116,3.0
35200.0,352.0,0.0,,-1.2043223352531292,0.2043223352531291,3.0
35300.0,353.0,0.0,,-1.2043223308427158,0.2043223308427157,3.0
35500.0,355.0,0.0,,-1.2043211687522744,0.2043211687522743,3.0
35900.0,359.0,0.0,,-1.2042370889972844,0.2042370889972844,3.0
36100.0,361.0,0.0,,-1.2041960770001343,0.2041960770001343,3.0
36300.0,363.0,0.0,,-1.204163969589068,0.204163969589068,3.0
36500.0,365.0,0.0,,-1.2032658813263302,0.2032658813263301,3.0
37000.0,370.0,0.0,,-1.203239939608248,0.203239939608248,3.0
37100.0,371.0,0.0,,-1.2032205179065372,0.2032205179065371,3.0
37200.0,372.0,0.0,,-1.2032120574628733,0.2032120574628733,3.0
37300.0,373.0,0.0,,-1.2030546899274994,0.2030546899274994,3.0
37400.0,374.0,0.0,,-1.2029485402145448,0.2029485402145447,3.0
37900.0,379.0,0.0,,-1.202907107014526,0.2029071070145258,3.0
38000.0,380.0,0.0,,-1.20290643272189,0.2029064327218901,3.0
38400.0,384.0,0.0,,-1.2028132794394533,0.2028132794394532,3.0
38600.0,386.0,0.0,,-1.202813266362177,0.2028132663621766,3.0
38700.0,387.0,0.0,,-1.2028099160538066,0.2028099160538066,3.0
38800.0,388.0,0.0,,-1.20280088174041,0.2028008817404099,3.0
39100.0,391.0,0.0,,-1.202775983166592,0.202775983166592,3.0
39300.0,393.0,0.0,,-1.2027696260461287,0.2027696260461287,3.0
39400.0,394.0,0.0,,-1.202769610133422,0.2027696101334219,3.0
39500.0,395.0,0.0,,-1.2027549146351375,0.2027549146351377,3.0
39700.0,397.0,0.0,,-1.2026720975327805,0.2026720975327804,3.0
39800.0,398.0,0.0,,-1.2026650242420012,0.2026650242420011,3.0
40000.0,400.0,0.0,,-1.2026624724198929,0.2026624724198926,3.0
40200.0,402.0,0.0,,-1.2026598154882038,0.2026598154882037,3.0
40300.0,403.0,0.0,,-1.202655989974315,0.202655989974315,3.0
40600.0,406.0,0.0,,-1.2026478189863776,0.2026478189863776,3.0
40800.0,408.0,0.0,,-1.202647320109164,0.2026473201091641,3.0
40900.0,409.0,0.0,,-1.2026418584954612,0.2026418584954612,3.0
41000.0,410.0,0.0,,-1.20264031939067,0.20264031939067,3.0
41100.0,411.0,0.0,,-1.2026400322033142,0.2026400322033141,3.0
41300.0,413.0,0.0,,-1.2026397583085595,0.2026397583085595,3.0
41600.0,416.0,0.0,,-1.2026395655033195,0.2026395655033197,3.0
41800.0,418.0,0.0,,-1.202639554878386,0.2026395548783859,3.0
42200.0,422.0,0.0,,-1.202636043420528,0.2026360434205281,3.0
42500.0,425.0,0.0,,-1.2026356627006478,0.2026356627006478,3.0
42600.0,426.0,0.0,,-1.2026356562933709,0.2026356562933706,3.0
42700.0,427.0,0.0,,-1.2025779898461453,0.2025779898461452,3.0
42800.0,428.0,0.0,,-1.2025761854991983,0.2025761854991983,3.0
42900.0,429.0,0.0,,-1.202557822066498,0.2025578220664978,3.0
43300.0,433.0,0.0,,-1.2025565064424857,0.2025565064424856,3.0
43500.0,435.0,0.0,,-1.2024587992891491,0.2024587992891493,3.0
44000.0,440.0,0.0,,-1.202147550579997,0.202147550579997,3.0
44200.0,442.0,0.0,,-1.202136167111341,0.202136167111341,3.0
44700.0,447.0,0.0,,-1.2020242704802435,0.2020242704802437,3.0
44900.0,449.0,0.0,,-1.2020212076778751,0.2020212076778751,3.0
45200.0,452.0,0.0,,-1.2020096195547587,0.2020096195547587,3.0
45400.0,454.0,0.0,,-1.2019914513834826,0.2019914513834826,3.0
45800.0,458.0,0.0,,-1.2014558260394876,0.2014558260394876,3.0
46000.0,460.0,0.0,,-1.2012496351498545,0.2012496351498542,3.0
46600.0,466.0,0.0,,-1.2011929953507383,0.2011929953507385,3.0
46700.0,467.0,0.0,,-1.2007517191167518,0.2007517191167518,3.0
46900.0,469.0,0.0,,-1.2007179723392696,0.2007179723392695,3.0
47200.0,472.0,0.0,,-1.2006158068833337,0.2006158068833334,3.0
47300.0,473.0,0.0,,-1.2004445919795554,0.2004445919795554,3.0
47400.0,474.0,0.0,,-1.2003639469447034,0.2003639469447033,3.0
47500.0,475.0,0.0,,-1.2003590343071613,0.2003590343071613,3.0
47600.0,476.0,0.0,,-1.2003386858444605,0.2003386858444604,3.0
47700.0,477.0,0.0,,-1.2003324225141505,0.2003324225141503,3.0
47900.0,479.0,0.0,,-1.2003002725138157,0.2003002725138156,3.0
48000.0,480.0,0.0,,-1.2002856214043125,0.2002856214043122,3.0
48100.0,481.0,0.0,,-1.200272376006594,0.2002723760065941,3.0
48300.0,483.0,0.0,,-1.2002160998036195,0.2002160998036195,3.0
48800.0,488.0,0.0,,-1.200213976781603,0.2002139767816029,3.0
48900.0,489.0,0.0,,-1.2002130059116167,0.2002130059116167,3.0
49000.0,490.0,0.0,,-1.2001754050697246,0.2001754050697246,3.0
49100.0,491.0,0.0,,-1.200172799428647,0.200172799428647,3.0
49200.0,492.0,0.0,,-1.2000429639769874,0.2000429639769874,3.0
49400.0,494.0,0.0,,-1.1765153558350108,0.1765153558350107,3.0
49700.0,497.0,0.0,,-1.1754320383108394,0.1754320383108394,3.0
50000.0,500.0,0.0,,-1.175361743672777,0.175361743672777,3.0
50100.0,501.0,0.0,,-1.1632746066662427,0.1632746066662427,3.0
50400.0,504.0,0.0,,-1.1632216216073947,0.1632216216073947,3.0
50700.0,507.0,0.0,,-1.1631277339306931,0.1631277339306931,3.0
50800.0,508.0,0.0,,-1.162620488178903,0.162620488178903,3.0
50900.0,509.0,0.0,,-1.1544518992150217,0.1544518992150216,3.0
51100.0,511.0,0.0,,-1.1394683481565993,0.1394683481565992,3.0
51300.0,513.0,0.0,,-1.13753813115388,0.1375381311538799,3.0
51400.0,514.0,0.0,,-1.1265970191035837,0.1265970191035836,3.0
51600.0,516.0,0.0,,-1.1262537549181344,0.1262537549181344,3.0
51800.0,518.0,0.0,,-1.1261254957203506,0.1261254957203506,3.0
52300.0,523.0,0.0,,-1.1261081459123676,0.1261081459123676,3.0
52700.0,527.0,0.0,,-1.126105984447021,0.1261059844470209,3.0
52800.0,528.0,0.0,,-1.1260732093353785,0.1260732093353784,3.0
53400.0,534.0,0.0,,-1.1260731878845205,0.1260731878845202,3.0
54000.0,540.0,0.0,,-1.1260731256012573,0.1260731256012572,3.0
54200.0,542.0,0.0,,-1.1260731023998298,0.1260731023998298,3.0
54400.0,544.0,0.0,,-1.1260729894468768,0.1260729894468768,3.0
54600.0,546.0,0.0,,-1.1260724077344553,0.1260724077344552,3.0
54800.0,548.0,0.0,,-1.1260723647687412,0.1260723647687411,3.0
55200.0,552.0,0.0,,-1.126072341750179,0.126072341750179,3.0
55500.0,555.0,0.0,,-1.1260723100902414,0.1260723100902414,3.0
55700.0,557.0,0.0,,-1.126072279724648,0.1260722797246478,3.0
55900.0,559.0,0.0,,-1.126072275983162,0.126072275983162,3.0
56000.0,560.0,0.0,,-1.1260722753298569,0.1260722753298566,3.0
56400.0,564.0,0.0,,-1.1260722751741896,0.1260722751741896,3.0
56500.0,565.0,0.0,,-1.1260722747061032,0.1260722747061031,3.0
56600.0,566.0,0.0,,-1.1260722747046206,0.1260722747046205,3.0
56800.0,568.0,0.0,,-1.1260722744977536,0.1260722744977536,3.0
56900.0,569.0,0.0,,-1.1260722744950264,0.1260722744950264,3.0
57300.0,573.0,0.0,,-1.126072274136647,0.1260722741366469,3.0
57500.0,575.0,0.0,,-1.126072274037944,0.126072274037944,3.0
58200.0,582.0,0.0,,-1.1260722740366966,0.1260722740366966,3.0
58300.0,583.0,0.0,,-1.1260722740366529,0.1260722740366529,3.0
58500.0,585.0,0.0,,-1.1260722740365046,0.1260722740365045,3.0
58900.0,589.0,0.0,,-1.1260722740364468,0.1260722740364468,3.0
59000.0,590.0,0.0,,-1.1260722740350044,0.1260722740350044,3.0
59500.0,595.0,0.0,,-1.1260722740349265,0.1260722740349262,3.0
59600.0,596.0,0.0,,-1.1260722740349047,0.1260722740349047,3.0
59700.0,597.0,0.0,,-1.1260722740348657,0.1260722740348656,3.0
59800.0,598.0,0.0,,-1.1260722740348614,0.1260722740348614,3.0
60400.0,604.0,0.0,,-1.1260722740348603,0.1260722740348603,3.0
60600.0,606.0,0.0,,-1.126072274034858,0.1260722740348578,3.0
60700.0,607.0,0.0,,-1.1260722740348568,0.1260722740348567,3.0
60800.0,608.0,0.0,,-1.126072274034853,0.126072274034853,3.0
61000.0,610.0,0.0,,-1.12607227403485,0.1260722740348498,3.0
61400.0,614.0,0.0,,-1.126072274034838,0.1260722740348381,3.0
61500.0,615.0,0.0,,-1.1260722740348377,0.1260722740348374,3.0
61600.0,616.0,0.0,,-1.1260722740348372,0.1260722740348372,3.0
61700.0,617.0,0.0,,-1.126072274034837,0.126072274034837,3.0
62200.0,622.0,0.0,,-1.1260722740348348,0.1260722740348347,3.0
62700.0,627.0,0.0,,-1.1260722740348346,0.1260722740348345,3.0
63000.0,630.0,0.0,,-1.1260722740348343,0.1260722740348343,3.0
63100.0,631.0,0.0,,-1.126072274034834,0.1260722740348341,3.0
63300.0,633.0,0.0,,-1.126072274034834,0.1260722740348339,3.0
63900.0,639.0,0.0,,-1.1260722740348337,0.1260722740348336,3.0
64000.0,640.0,0.0,,-1.1260722740348337,0.1260722740348334,3.0
100.0,1.0,0.0,,-1.868114905869409,0.8681149058694095,4.0
200.0,2.0,0.0,,-1.836138952576452,0.8361389525764518,4.0
400.0,4.0,0.0,,-1.8326702213983324,0.8326702213983324,4.0
500.0,5.0,0.0,,-1.8112875374774,0.8112875374774,4.0
600.0,6.0,0.0,,-1.774221990624219,0.7742219906242189,4.0
700.0,7.0,0.0,,-1.761351121004543,0.7613511210045429,4.0
800.0,8.0,0.0,,-1.74289281656986,0.7428928165698601,4.0
900.0,9.0,0.0,,-1.7212436185094488,0.7212436185094488,4.0
1000.0,10.0,0.0,,-1.6618672853139167,0.6618672853139167,4.0
1100.0,11.0,0.0,,-1.6269841897303003,0.6269841897303003,4.0
1200.0,12.0,0.0,,-1.6153968337129263,0.6153968337129263,4.0
1300.0,13.0,0.0,,-1.6118016587410384,0.6118016587410384,4.0
1400.0,14.0,0.0,,-1.5664887482752985,0.5664887482752985,4.0
1500.0,15.0,0.0,,-1.5129377377532234,0.5129377377532234,4.0
1700.0,17.0,0.0,,-1.508534422609396,0.508534422609396,4.0
1800.0,18.0,0.0,,-1.458112205747628,0.4581122057476279,4.0
1900.0,19.0,0.0,,-1.4553184499594902,0.4553184499594902,4.0
2000.0,20.0,0.0,,-1.421121257110718,0.4211212571107179,4.0
2100.0,21.0,0.0,,-1.3923041348669394,0.3923041348669394,4.0
2300.0,23.0,0.0,,-1.3862074078362288,0.3862074078362287,4.0
2400.0,24.0,0.0,,-1.305135158533805,0.3051351585338047,4.0
2500.0,25.0,0.0,,-1.301590507871829,0.301590507871829,4.0
2700.0,27.0,0.0,,-1.2887032655679018,0.2887032655679018,4.0
2800.0,28.0,0.0,,-1.27825806801408,0.27825806801408,4.0
2900.0,29.0,0.0,,-1.2635897027091196,0.2635897027091196,4.0
3100.0,31.0,0.0,,-1.242961484247168,0.2429614842471681,4.0
3200.0,32.0,0.0,,-1.2386055726105711,0.2386055726105711,4.0
3300.0,33.0,0.0,,-1.226082678979717,0.226082678979717,4.0
3400.0,34.0,0.0,,-1.219854102649058,0.2198541026490581,4.0
3500.0,35.0,0.0,,-1.2192456232646618,0.2192456232646618,4.0
3800.0,38.0,0.0,,-1.2136383926371486,0.2136383926371485,4.0
4100.0,41.0,0.0,,-1.2135539139870797,0.2135539139870794,4.0
4200.0,42.0,0.0,,-1.2133383124483057,0.2133383124483057,4.0
4300.0,43.0,0.0,,-1.2106035632173664,0.2106035632173664,4.0
4500.0,45.0,0.0,,-1.210136515378079,0.2101365153780789,4.0
4600.0,46.0,0.0,,-1.1948779109951746,0.1948779109951746,4.0
4700.0,47.0,0.0,,-1.191879418421131,0.191879418421131,4.0
4800.0,48.0,0.0,,-1.1830743392311358,0.1830743392311358,4.0
5100.0,51.0,0.0,,-1.1763471913945125,0.1763471913945125,4.0
5300.0,53.0,0.0,,-1.175337923082071,0.175337923082071,4.0
5400.0,54.0,0.0,,-1.1747710708898471,0.1747710708898473,4.0
5500.0,55.0,0.0,,-1.1747483091817172,0.1747483091817172,4.0
5600.0,56.0,0.0,,-1.1746671929453596,0.1746671929453596,4.0
5800.0,58.0,0.0,,-1.1746440812549157,0.1746440812549157,4.0
5900.0,59.0,0.0,,-1.1745454705928489,0.1745454705928488,4.0
6000.0,60.0,0.0,,-1.1721631905840408,0.1721631905840408,4.0
6100.0,61.0,0.0,,-1.1721206770108783,0.1721206770108783,4.0
6400.0,64.0,0.0,,-1.170955806862948,0.1709558068629479,4.0
6700.0,67.0,0.0,,-1.1593106393108836,0.1593106393108836,4.0
6800.0,68.0,0.0,,-1.1497386867769888,0.1497386867769887,4.0
7200.0,72.0,0.0,,-1.1389792942997283,0.1389792942997283,4.0
7300.0,73.0,0.0,,-1.1387875176536817,0.1387875176536817,4.0
7400.0,74.0,0.0,,-1.1380333663061728,0.1380333663061728,4.0
7500.0,75.0,0.0,,-1.137458282837129,0.1374582828371287,4.0
7700.0,77.0,0.0,,-1.1374350154824229,0.1374350154824228,4.0
7800.0,78.0,0.0,,-1.1374312428614533,0.1374312428614532,4.0
8100.0,81.0,0.0,,-1.1374268509255945,0.1374268509255944,4.0
8300.0,83.0,0.0,,-1.1373982563751872,0.1373982563751872,4.0
9100.0,91.0,0.0,,-1.137396053134213,0.1373960531342133,4.0
9800.0,98.0,0.0,,-1.1373957151201743,0.1373957151201743,4.0
10300.0,103.0,0.0,,-1.1364284323603375,0.1364284323603377,4.0
10400.0,104.0,0.0,,-1.1359770862276497,0.1359770862276494,4.0
11000.0,110.0,0.0,,-1.1353657951162264,0.1353657951162263,4.0
11300.0,113.0,0.0,,-1.1350139452357983,0.1350139452357983,4.0
11700.0,117.0,0.0,,-1.1349531912576514,0.1349531912576513,4.0
11800.0,118.0,0.0,,-1.1349523208450172,0.1349523208450171,4.0
12500.0,125.0,0.0,,-1.1349165548560594,0.1349165548560593,4.0
12600.0,126.0,0.0,,-1.1349111553563365,0.1349111553563364,4.0
12900.0,129.0,0.0,,-1.1349109653527467,0.1349109653527467,4.0
13000.0,130.0,0.0,,-1.134909409287526,0.134909409287526,4.0
13200.0,132.0,0.0,,-1.134903717873514,0.1349037178735139,4.0
14000.0,140.0,0.0,,-1.1348335928823112,0.1348335928823112,4.0
14100.0,141.0,0.0,,-1.1346895179000722,0.1346895179000722,4.0
14300.0,143.0,0.0,,-1.134656279017002,0.134656279017002,4.0
14700.0,147.0,0.0,,-1.1344217783103785,0.1344217783103785,4.0
14800.0,148.0,0.0,,-1.1344128460738616,0.1344128460738616,4.0
15000.0,150.0,0.0,,-1.134411731222999,0.1344117312229991,4.0
15200.0,152.0,0.0,,-1.1344115281563127,0.1344115281563127,4.0
15300.0,153.0,0.0,,-1.134410878461957,0.1344108784619571,4.0
15400.0,154.0,0.0,,-1.1344080529026104,0.1344080529026103,4.0
15500.0,155.0,0.0,,-1.1344015613800815,0.1344015613800815,4.0
15600.0,156.0,0.0,,-1.1343930104838658,0.1343930104838657,4.0
15700.0,157.0,0.0,,-1.134388307822602,0.134388307822602,4.0
16000.0,160.0,0.0,,-1.1343879424453993,0.1343879424453993,4.0
16100.0,161.0,0.0,,-1.134387715644793,0.134387715644793,4.0
16300.0,163.0,0.0,,-1.1343876950096752,0.1343876950096751,4.0
16400.0,164.0,0.0,,-1.1343876596464857,0.1343876596464854,4.0
16500.0,165.0,0.0,,-1.1343876233772794,0.1343876233772793,4.0
16600.0,166.0,0.0,,-1.1343871696257306,0.1343871696257306,4.0
16900.0,169.0,0.0,,-1.134386910904838,0.1343869109048381,4.0
17000.0,170.0,0.0,,-1.134386035790885,0.134386035790885,4.0
17100.0,171.0,0.0,,-1.1343859831105083,0.1343859831105083,4.0
17200.0,172.0,0.0,,-1.1343859831038423,0.1343859831038425,4.0
17400.0,174.0,0.0,,-1.134385894595726,0.1343858945957261,4.0
17500.0,175.0,0.0,,-1.134385867799077,0.134385867799077,4.0
17900.0,179.0,0.0,,-1.1343858634485453,0.1343858634485453,4.0
18100.0,181.0,0.0,,-1.1343858587430904,0.1343858587430904,4.0
18200.0,182.0,0.0,,-1.1343858548852643,0.1343858548852643,4.0
18300.0,183.0,0.0,,-1.1343858528540482,0.1343858528540482,4.0
18500.0,185.0,0.0,,-1.134385852738863,0.134385852738863,4.0
18600.0,186.0,0.0,,-1.134385851261417,0.1343858512614173,4.0
18900.0,189.0,0.0,,-1.134099555006691,0.134099555006691,4.0
19200.0,192.0,0.0,,-1.134095141986302,0.1340951419863021,4.0
19500.0,195.0,0.0,,-1.132195902534507,0.1321959025345069,4.0
20100.0,201.0,0.0,,-1.1321899092440082,0.1321899092440082,4.0
20200.0,202.0,0.0,,-1.1321893692882534,0.1321893692882534,4.0
20600.0,206.0,0.0,,-1.132189341508065,0.132189341508065,4.0
20700.0,207.0,0.0,,-1.1321861299249487,0.1321861299249487,4.0
20800.0,208.0,0.0,,-1.132140789096109,0.132140789096109,4.0
21400.0,214.0,0.0,,-1.13208805293643,0.1320880529364301,4.0
21500.0,215.0,0.0,,-1.1320758863815394,0.1320758863815394,4.0
21600.0,216.0,0.0,,-1.1320758293655622,0.1320758293655621,4.0
21700.0,217.0,0.0,,-1.1320752164859238,0.1320752164859238,4.0
21800.0,218.0,0.0,,-1.1320263938278323,0.1320263938278323,4.0
21900.0,219.0,0.0,,-1.1320216214795538,0.1320216214795537,4.0
22000.0,220.0,0.0,,-1.1320194056122312,0.1320194056122312,4.0
22100.0,221.0,0.0,,-1.1320126349873982,0.1320126349873982,4.0
22200.0,222.0,0.0,,-1.1320084652154316,0.1320084652154316,4.0
22600.0,226.0,0.0,,-1.1320079725801542,0.1320079725801541,4.0
22700.0,227.0,0.0,,-1.1319391191904402,0.1319391191904402,4.0
23000.0,230.0,0.0,,-1.1318823495754928,0.1318823495754928,4.0
23600.0,236.0,0.0,,-1.131862844902059,0.1318628449020586,4.0
23700.0,237.0,0.0,,-1.1317621575776688,0.1317621575776688,4.0
23800.0,238.0,0.0,,-1.1317448958374183,0.1317448958374183,4.0
24200.0,242.0,0.0,,-1.1317445501215522,0.1317445501215521,4.0
24300.0,243.0,0.0,,-1.1317443483333751,0.1317443483333751,4.0
24700.0,247.0,0.0,,-1.131744274256239,0.1317442742562389,4.0
25000.0,250.0,0.0,,-1.131744273323347,0.1317442733233469,4.0
25100.0,251.0,0.0,,-1.1317442611876811,0.1317442611876813,4.0
25200.0,252.0,0.0,,-1.1317442564763152,0.1317442564763151,4.0
25600.0,256.0,0.0,,-1.131744249750008,0.1317442497500078,4.0
25700.0,257.0,0.0,,-1.1317442480796671,0.1317442480796673,4.0
25800.0,258.0,0.0,,-1.1317442476167798,0.1317442476167798,4.0
26100.0,261.0,0.0,,-1.131744247378756,0.131744247378756,4.0
26300.0,263.0,0.0,,-1.1316838406202592,0.1316838406202591,4.0
26600.0,266.0,0.0,,-1.1316639835945708,0.1316639835945707,4.0
26900.0,269.0,0.0,,-1.1316638355044462,0.1316638355044461,4.0
27000.0,270.0,0.0,,-1.1316538033953027,0.1316538033953027,4.0
27300.0,273.0,0.0,,-1.131651207088164,0.1316512070881641,4.0
27400.0,274.0,0.0,,-1.1316510991566378,0.1316510991566377,4.0
27600.0,276.0,0.0,,-1.131647830508812,0.131647830508812,4.0
27700.0,277.0,0.0,,-1.1316449985182842,0.1316449985182841,4.0
27900.0,279.0,0.0,,-1.13164485180247,0.13164485180247,4.0
28000.0,280.0,0.0,,-1.1316447595765762,0.1316447595765761,4.0
28100.0,281.0,0.0,,-1.1316447342480913,0.1316447342480913,4.0
28300.0,283.0,0.0,,-1.1316447259268645,0.1316447259268642,4.0
28400.0,284.0,0.0,,-1.131644670735579,0.1316446707355789,4.0
29000.0,290.0,0.0,,-1.1316008896634973,0.1316008896634972,4.0
29100.0,291.0,0.0,,-1.131595201581336,0.1315952015813359,4.0
29700.0,297.0,0.0,,-1.1315040855602752,0.1315040855602751,4.0
29900.0,299.0,0.0,,-1.131476684426536,0.131476684426536,4.0
30000.0,300.0,0.0,,-1.1314765978513757,0.1314765978513756,4.0
30200.0,302.0,0.0,,-1.1314765961074846,0.1314765961074846,4.0
30300.0,303.0,0.0,,-1.1314431518951686,0.1314431518951686,4.0
30400.0,304.0,0.0,,-1.1314424460421608,0.1314424460421608,4.0
30600.0,306.0,0.0,,-1.131428644112761,0.131428644112761,4.0
31200.0,312.0,0.0,,-1.1314285911345965,0.1314285911345964,4.0
31300.0,313.0,0.0,,-1.1314283110553296,0.1314283110553296,4.0
31600.0,316.0,0.0,,-1.1314282755825316,0.1314282755825315,4.0
31700.0,317.0,0.0,,-1.13142825142671,0.13142825142671,4.0
31800.0,318.0,0.0,,-1.13142796477993,0.1314279647799299,4.0
32700.0,327.0,0.0,,-1.1314278975958962,0.1314278975958962,4.0
32800.0,328.0,0.0,,-1.1313742499146278,0.1313742499146277,4.0
33000.0,330.0,0.0,,-1.1312805446812275,0.1312805446812277,4.0
33100.0,331.0,0.0,,-1.1312794141561089,0.1312794141561086,4.0
33200.0,332.0,0.0,,-1.131276177068183,0.1312761770681829,4.0
33400.0,334.0,0.0,,-1.1312744883512618,0.1312744883512617,4.0
33500.0,335.0,0.0,,-1.1312744829302015,0.1312744829302015,4.0
33600.0,336.0,0.0,,-1.13126826978921,0.13126826978921,4.0
34300.0,343.0,0.0,,-1.131266921918355,0.1312669219183553,4.0
34800.0,348.0,0.0,,-1.1312668089538085,0.1312668089538082,4.0
35200.0,352.0,0.0,,-1.1312667302243118,0.1312667302243118,4.0
35400.0,354.0,0.0,,-1.1312667179942903,0.1312667179942903,4.0
35500.0,355.0,0.0,,-1.131266711053422,0.131266711053422,4.0
36000.0,360.0,0.0,,-1.131266710266108,0.131266710266108,4.0
36100.0,361.0,0.0,,-1.131266710113333,0.1312667101133326,4.0
36200.0,362.0,0.0,,-1.1312392172779582,0.1312392172779581,4.0
37200.0,372.0,0.0,,-1.131238209997834,0.1312382099978339,4.0
37400.0,374.0,0.0,,-1.1310263929939064,0.1310263929939064,4.0
38000.0,380.0,0.0,,-1.131026388054445,0.1310263880544453,4.0
38200.0,382.0,0.0,,-1.1310262531463935,0.1310262531463935,4.0
38400.0,384.0,0.0,,-1.1310261503259178,0.1310261503259178,4.0
38500.0,385.0,0.0,,-1.131026145098162,0.131026145098162,4.0
38600.0,386.0,0.0,,-1.1310261309298957,0.1310261309298954,4.0
38900.0,389.0,0.0,,-1.1310260628510989,0.1310260628510988,4.0
39000.0,390.0,0.0,,-1.1310260212878138,0.1310260212878138,4.0
39200.0,392.0,0.0,,-1.1310260079723715,0.1310260079723717,4.0
39300.0,393.0,0.0,,-1.1310259849657145,0.1310259849657142,4.0
39600.0,396.0,0.0,,-1.13102598395719,0.1310259839571899,4.0
39700.0,397.0,0.0,,-1.131025983088476,0.1310259830884761,4.0
39800.0,398.0,0.0,,-1.131025982703885,0.1310259827038851,4.0
40000.0,400.0,0.0,,-1.1310259817634674,0.1310259817634673,4.0
40200.0,402.0,0.0,,-1.131025981646479,0.1310259816464789,4.0
40600.0,406.0,0.0,,-1.1310259815778891,0.1310259815778891,4.0
40700.0,407.0,0.0,,-1.1310259814551116,0.1310259814551115,4.0
41100.0,411.0,0.0,,-1.1310259814535095,0.1310259814535097,4.0
41200.0,412.0,0.0,,-1.1310259814526509,0.1310259814526508,4.0
41400.0,414.0,0.0,,-1.1310259814526502,0.1310259814526502,4.0
41600.0,416.0,0.0,,-1.1310259814525128,0.1310259814525127,4.0
41800.0,418.0,0.0,,-1.1309976359749578,0.1309976359749578,4.0
42200.0,422.0,0.0,,-1.130997635962928,0.1309976359629281,4.0
42300.0,423.0,0.0,,-1.1309976338180734,0.1309976338180734,4.0
42400.0,424.0,0.0,,-1.1308415596039054,0.1308415596039054,4.0
42500.0,425.0,0.0,,-1.13082075190265,0.1308207519026498,4.0
42600.0,426.0,0.0,,-1.130816665917157,0.130816665917157,4.0
42900.0,429.0,0.0,,-1.130812368344774,0.1308123683447739,4.0
43000.0,430.0,0.0,,-1.1307993117149104,0.1307993117149104,4.0
43500.0,435.0,0.0,,-1.1307986317871332,0.1307986317871332,4.0
43600.0,436.0,0.0,,-1.1307986307849456,0.1307986307849455,4.0
43900.0,439.0,0.0,,-1.1306595072238594,0.1306595072238594,4.0
44200.0,442.0,0.0,,-1.1306437838164016,0.1306437838164016,4.0
44300.0,443.0,0.0,,-1.1306319456775662,0.1306319456775662,4.0
44600.0,446.0,0.0,,-1.1306208532419688,0.1306208532419688,4.0
44700.0,447.0,0.0,,-1.1306172826666574,0.1306172826666574,4.0
44800.0,448.0,0.0,,-1.1305669682769242,0.1305669682769241,4.0
44900.0,449.0,0.0,,-1.1305534857973256,0.1305534857973256,4.0
45000.0,450.0,0.0,,-1.1305258661994777,0.1305258661994774,4.0
45100.0,451.0,0.0,,-1.1305253816270686,0.1305253816270686,4.0
45200.0,452.0,0.0,,-1.1305249131385289,0.1305249131385286,4.0
45300.0,453.0,0.0,,-1.1305212185151106,0.1305212185151105,4.0
45400.0,454.0,0.0,,-1.130519472113542,0.1305194721135418,4.0
45600.0,456.0,0.0,,-1.1305174372460662,0.1305174372460662,4.0
45800.0,458.0,0.0,,-1.130515802898423,0.130515802898423,4.0
45900.0,459.0,0.0,,-1.1305153412507938,0.1305153412507937,4.0
46200.0,462.0,0.0,,-1.1305145630670763,0.1305145630670763,4.0
46500.0,465.0,0.0,,-1.1305145089978097,0.1305145089978097,4.0
46600.0,466.0,0.0,,-1.1305141205181857,0.1305141205181856,4.0
47100.0,471.0,0.0,,-1.1086821196283314,0.1086821196283314,4.0
47200.0,472.0,0.0,,-1.1086058909773664,0.1086058909773663,4.0
47300.0,473.0,0.0,,-1.1082473043696168,0.1082473043696168,4.0
47400.0,474.0,0.0,,-1.1042416661756294,0.1042416661756293,4.0
47500.0,475.0,0.0,,-1.1024597609840154,0.1024597609840154,4.0
47600.0,476.0,0.0,,-1.0975819138787448,0.0975819138787448,4.0
47700.0,477.0,0.0,,-1.0967322053736666,0.0967322053736665,4.0
47900.0,479.0,0.0,,-1.096549984964094,0.096549984964094,4.0
48000.0,480.0,0.0,,-1.0965372152354766,0.0965372152354766,4.0
48100.0,481.0,0.0,,-1.0963592020256403,0.0963592020256405,4.0
48200.0,482.0,0.0,,-1.0956790622583654,0.0956790622583654,4.0
48500.0,485.0,0.0,,-1.0955542073208329,0.0955542073208328,4.0
48600.0,486.0,0.0,,-1.0936516087159776,0.0936516087159775,4.0
48900.0,489.0,0.0,,-1.0935716244428204,0.0935716244428204,4.0
49200.0,492.0,0.0,,-1.0935262722563537,0.0935262722563534,4.0
49300.0,493.0,0.0,,-1.0934949284312605,0.0934949284312602,4.0
49400.0,494.0,0.0,,-1.0934244734021383,0.0934244734021383,4.0
49800.0,498.0,0.0,,-1.0934129343850594,0.0934129343850593,4.0
49900.0,499.0,0.0,,-1.0933823594002965,0.0933823594002964,4.0
50000.0,500.0,0.0,,-1.0933816111411956,0.0933816111411955,4.0
50100.0,501.0,0.0,,-1.0933693258174793,0.0933693258174792,4.0
50200.0,502.0,0.0,,-1.0933683093903583,0.0933683093903583,4.0
50300.0,503.0,0.0,,-1.0933410734377689,0.0933410734377688,4.0
50400.0,504.0,0.0,,-1.0932782113768984,0.0932782113768984,4.0
50500.0,505.0,0.0,,-1.0932733745828658,0.0932733745828657,4.0
50600.0,506.0,0.0,,-1.093272072840843,0.0932720728408429,4.0
50700.0,507.0,0.0,,-1.0932715639817585,0.0932715639817585,4.0
51000.0,510.0,0.0,,-1.0932696812606248,0.0932696812606248,4.0
51100.0,511.0,0.0,,-1.0932677337245709,0.0932677337245708,4.0
51300.0,513.0,0.0,,-1.0932666218553306,0.0932666218553306,4.0
51600.0,516.0,0.0,,-1.0932658248749798,0.0932658248749798,4.0
51700.0,517.0,0.0,,-1.0932658172783911,0.0932658172783911,4.0
51900.0,519.0,0.0,,-1.0932648924539117,0.0932648924539116,4.0
52000.0,520.0,0.0,,-1.0932185464321909,0.0932185464321908,4.0
52100.0,521.0,0.0,,-1.0932068567954163,0.0932068567954165,4.0
52300.0,523.0,0.0,,-1.0932019618740183,0.0932019618740185,4.0
52400.0,524.0,0.0,,-1.0932018776783945,0.0932018776783942,4.0
52500.0,525.0,0.0,,-1.093183455181602,0.0931834551816019,4.0
52900.0,529.0,0.0,,-1.0931726445354446,0.0931726445354446,4.0
53000.0,530.0,0.0,,-1.0931718626348486,0.0931718626348485,4.0
53300.0,533.0,0.0,,-1.0931694315060718,0.0931694315060718,4.0
53600.0,536.0,0.0,,-1.0931693193313334,0.0931693193313334,4.0
53900.0,539.0,0.0,,-1.0931692854971646,0.0931692854971646,4.0
54000.0,540.0,0.0,,-1.09316928516033,0.09316928516033,4.0
54100.0,541.0,0.0,,-1.0931692047375885,0.0931692047375885,4.0
54200.0,542.0,0.0,,-1.0931688634237138,0.0931688634237137,4.0
54300.0,543.0,0.0,,-1.0931688053255175,0.0931688053255175,4.0
55300.0,553.0,0.0,,-1.0931688040149603,0.0931688040149603,4.0
55400.0,554.0,0.0,,-1.0931687992774477,0.0931687992774477,4.0
55500.0,555.0,0.0,,-1.0927295283581673,0.0927295283581672,4.0
56400.0,564.0,0.0,,-1.092698401375095,0.0926984013750951,4.0
56500.0,565.0,0.0,,-1.092688382109068,0.092688382109068,4.0
56600.0,566.0,0.0,,-1.0926883808275312,0.0926883808275311,4.0
56800.0,568.0,0.0,,-1.0926852315402655,0.0926852315402655,4.0
57000.0,570.0,0.0,,-1.0926850932749086,0.0926850932749085,4.0
57100.0,571.0,0.0,,-1.0926842965471415,0.0926842965471417,4.0
57200.0,572.0,0.0,,-1.0926836390911496,0.0926836390911496,4.0
57300.0,573.0,0.0,,-1.0926830404615362,0.0926830404615361,4.0
57400.0,574.0,0.0,,-1.0926815515553965,0.0926815515553964,4.0
57600.0,576.0,0.0,,-1.0926814537579823,0.0926814537579825,4.0
58100.0,581.0,0.0,,-1.0926814426337554,0.0926814426337554,4.0
58300.0,583.0,0.0,,-1.0926190348995586,0.0926190348995585,4.0
58400.0,584.0,0.0,,-1.0926162503587802,0.0926162503587801,4.0
58500.0,585.0,0.0,,-1.0926139391512484,0.0926139391512483,4.0
58600.0,586.0,0.0,,-1.0926086299653688,0.0926086299653687,4.0
58800.0,588.0,0.0,,-1.0925822768031257,0.0925822768031254,4.0
59000.0,590.0,0.0,,-1.0925574395628894,0.0925574395628894,4.0
59100.0,591.0,0.0,,-1.0925222760467106,0.0925222760467106,4.0
59200.0,592.0,0.0,,-1.092512747550916,0.0925127475509159,4.0
59300.0,593.0,0.0,,-1.0925115274762116,0.0925115274762116,4.0
59400.0,594.0,0.0,,-1.0925040633284675,0.0925040633284677,4.0
59500.0,595.0,0.0,,-1.09250181399298,0.0925018139929798,4.0
59600.0,596.0,0.0,,-1.092497266717806,0.0924972667178058,4.0
59700.0,597.0,0.0,,-1.0924970041469386,0.0924970041469386,4.0
60300.0,603.0,0.0,,-1.0924483330856458,0.0924483330856458,4.0
62000.0,620.0,0.0,,-1.092438876828368,0.0924388768283679,4.0
62100.0,621.0,0.0,,-1.0924361911647322,0.0924361911647322,4.0
62200.0,622.0,0.0,,-1.0924352766343854,0.0924352766343854,4.0
62300.0,623.0,0.0,,-1.0924287033220277,0.0924287033220274,4.0
62400.0,624.0,0.0,,-1.0924107364984526,0.0924107364984525,4.0
62700.0,627.0,0.0,,-1.092395542904606,0.0923955429046059,4.0
62800.0,628.0,0.0,,-1.0923903026667328,0.0923903026667327,4.0
62900.0,629.0,0.0,,-1.0920119746065764,0.0920119746065764,4.0
63900.0,639.0,0.0,,-1.0920059511190592,0.0920059511190591,4.0
64100.0,641.0,0.0,,-1.092000255319064,0.0920002553190639,4.0
64200.0,642.0,0.0,,-1.0919913885896693,0.0919913885896692,4.0
64400.0,644.0,0.0,,-1.091975396297355,0.091975396297355,4.0
64500.0,645.0,0.0,,-1.0919521945509605,0.0919521945509604,4.0
64600.0,646.0,0.0,,-1.0919382712285577,0.0919382712285576,4.0
64700.0,647.0,0.0,,-1.091937803111373,0.0919378031113729,4.0
64800.0,648.0,0.0,,-1.0919219260136834,0.0919219260136834,4.0
64900.0,649.0,0.0,,-1.091921670603789,0.091921670603789,4.0
65100.0,651.0,0.0,,-1.0918131077211248,0.0918131077211248,4.0
65500.0,655.0,0.0,,-1.091812217203039,0.0918122172030388,4.0
65600.0,656.0,0.0,,-1.0917637535253826,0.0917637535253825,4.0
65800.0,658.0,0.0,,-1.091762553511451,0.091762553511451,4.0
65900.0,659.0,0.0,,-1.0917617327131546,0.0917617327131545,4.0
66100.0,661.0,0.0,,-1.0917401352227984,0.0917401352227984,4.0
66600.0,666.0,0.0,,-1.0917393230320096,0.0917393230320096,4.0
66800.0,668.0,0.0,,-1.0917376771370622,0.0917376771370621,4.0
67000.0,670.0,0.0,,-1.0917361071042793,0.0917361071042792,4.0
67100.0,671.0,0.0,,-1.091681075581479,0.0916810755814789,4.0
67200.0,672.0,0.0,,-1.0916790604818996,0.0916790604818995,4.0
67400.0,674.0,0.0,,-1.0916540385017544,0.0916540385017543,4.0
67500.0,675.0,0.0,,-1.0916375783445609,0.0916375783445606,4.0
67700.0,677.0,0.0,,-1.0916372971321744,0.0916372971321743,4.0
67800.0,678.0,0.0,,-1.091627356539277,0.0916273565392769,4.0
68300.0,683.0,0.0,,-1.0916273460293415,0.0916273460293415,4.0
68500.0,685.0,0.0,,-1.091624824599668,0.091624824599668,4.0
68600.0,686.0,0.0,,-1.0916247022522645,0.0916247022522644,4.0
68700.0,687.0,0.0,,-1.0915739283537589,0.0915739283537586,4.0
68800.0,688.0,0.0,,-1.09156674251961,0.09156674251961,4.0
68900.0,689.0,0.0,,-1.09156504488047,0.0915650448804701,4.0
69200.0,692.0,0.0,,-1.091527239215012,0.0915272392150119,4.0
69800.0,698.0,0.0,,-1.091527226165708,0.0915272261657078,4.0
69900.0,699.0,0.0,,-1.0915269528643268,0.0915269528643267,4.0
70000.0,700.0,0.0,,-1.0915141112794815,0.0915141112794815,4.0
70100.0,701.0,0.0,,-1.09150695966253,0.0915069596625299,4.0
70200.0,702.0,0.0,,-1.0915057383828508,0.0915057383828508,4.0
70300.0,703.0,0.0,,-1.0915053364726777,0.0915053364726776,4.0
70600.0,706.0,0.0,,-1.0915049736342095,0.0915049736342095,4.0
70700.0,707.0,0.0,,-1.0915047655375416,0.0915047655375416,4.0
70900.0,709.0,0.0,,-1.091504759824736,0.091504759824736,4.0
71000.0,710.0,0.0,,-1.0914071753813033,0.0914071753813032,4.0
71100.0,711.0,0.0,,-1.09140502314509,0.09140502314509,4.0
71400.0,714.0,0.0,,-1.0913612076578112,0.0913612076578112,4.0
71600.0,716.0,0.0,,-1.0913591858580516,0.0913591858580515,4.0
71800.0,718.0,0.0,,-1.0913530665547109,0.0913530665547108,4.0
71900.0,719.0,0.0,,-1.0913510967280249,0.0913510967280246,4.0
72100.0,721.0,0.0,,-1.091337837621017,0.0913378376210169,4.0
72300.0,723.0,0.0,,-1.0913184829203812,0.0913184829203812,4.0
72600.0,726.0,0.0,,-1.091315291003935,0.0913152910039349,4.0
72800.0,728.0,0.0,,-1.09118593489954,0.0911859348995398,4.0
73600.0,736.0,0.0,,-1.0911859329711997,0.0911859329711994,4.0
73700.0,737.0,0.0,,-1.0911825059098383,0.0911825059098383,4.0
73800.0,738.0,0.0,,-1.0911776496165628,0.0911776496165628,4.0
73900.0,739.0,0.0,,-1.0911395318333912,0.0911395318333911,4.0
74100.0,741.0,0.0,,-1.0911360014634708,0.0911360014634707,4.0
74500.0,745.0,0.0,,-1.0911344772617204,0.0911344772617204,4.0
74600.0,746.0,0.0,,-1.091134476410088,0.0911344764100881,4.0
74700.0,747.0,0.0,,-1.0911289975970522,0.0911289975970521,4.0
74800.0,748.0,0.0,,-1.0911120729708106,0.0911120729708105,4.0
75000.0,750.0,0.0,,-1.0911120701630188,0.0911120701630188,4.0
75200.0,752.0,0.0,,-1.0911080641227398,0.0911080641227397,4.0
75400.0,754.0,0.0,,-1.0910692523787036,0.0910692523787035,4.0
75500.0,755.0,0.0,,-1.0910551636066408,0.0910551636066407,4.0
75700.0,757.0,0.0,,-1.0910542063473698,0.0910542063473698,4.0
75800.0,758.0,0.0,,-1.0909122329874863,0.0909122329874863,4.0
75900.0,759.0,0.0,,-1.0909056975237692,0.0909056975237692,4.0
76000.0,760.0,0.0,,-1.0908950386242269,0.0908950386242266,4.0
76200.0,762.0,0.0,,-1.0907612915246894,0.0907612915246893,4.0
76300.0,763.0,0.0,,-1.0907605582443076,0.0907605582443076,4.0
76500.0,765.0,0.0,,-1.090735868542946,0.090735868542946,4.0
76600.0,766.0,0.0,,-1.090702258570741,0.0907022585707411,4.0
76700.0,767.0,0.0,,-1.090695300531231,0.0906953005312309,4.0
77000.0,770.0,0.0,,-1.0906903044066314,0.0906903044066314,4.0
77200.0,772.0,0.0,,-1.0906726018275283,0.0906726018275283,4.0
77300.0,773.0,0.0,,-1.0906628471293696,0.0906628471293695,4.0
77400.0,774.0,0.0,,-1.0906627807032243,0.0906627807032243,4.0
77600.0,776.0,0.0,,-1.090661316031169,0.0906613160311686,4.0
77700.0,777.0,0.0,,-1.0906605213833127,0.0906605213833127,4.0
78100.0,781.0,0.0,,-1.090516090833369,0.090516090833369,4.0
78300.0,783.0,0.0,,-1.0905159968629623,0.0905159968629623,4.0
78600.0,786.0,0.0,,-1.0904491267317402,0.0904491267317402,4.0
79000.0,790.0,0.0,,-1.090434511389657,0.0904345113896569,4.0
79500.0,795.0,0.0,,-1.0903602787834217,0.0903602787834216,4.0
79800.0,798.0,0.0,,-1.0903579800088172,0.0903579800088172,4.0
80000.0,800.0,0.0,,-1.090354821983378,0.090354821983378,4.0
80300.0,803.0,0.0,,-1.0903542607643544,0.0903542607643543,4.0
80400.0,804.0,0.0,,-1.0903538921754383,0.0903538921754383,4.0
80500.0,805.0,0.0,,-1.0903526519141515,0.0903526519141515,4.0
80600.0,806.0,0.0,,-1.0902845386169702,0.0902845386169701,4.0
80700.0,807.0,0.0,,-1.090280340445919,0.0902803404459189,4.0
81000.0,810.0,0.0,,-1.0902413995883975,0.0902413995883977,4.0
81200.0,812.0,0.0,,-1.0902192795651855,0.0902192795651855,4.0
81600.0,816.0,0.0,,-1.090101944035751,0.0901019440357508,4.0
82100.0,821.0,0.0,,-1.0901009935504915,0.0901009935504915,4.0
82400.0,824.0,0.0,,-1.090095722885372,0.090095722885372,4.0
82700.0,827.0,0.0,,-1.089957909905672,0.0899579099056719,4.0
83600.0,836.0,0.0,,-1.0899570765484816,0.0899570765484816,4.0
83700.0,837.0,0.0,,-1.089952171605638,0.0899521716056379,4.0
83800.0,838.0,0.0,,-1.089937352512987,0.0899373525129869,4.0
84000.0,840.0,0.0,,-1.0899373522218083,0.0899373522218085,4.0
84400.0,844.0,0.0,,-1.0899337592784488,0.0899337592784488,4.0
84500.0,845.0,0.0,,-1.089826975507771,0.0898269755077709,4.0
84600.0,846.0,0.0,,-1.0898221647435864,0.0898221647435864,4.0
84800.0,848.0,0.0,,-1.089821579797075,0.0898215797970749,4.0
84900.0,849.0,0.0,,-1.0898202652129834,0.0898202652129833,4.0
85000.0,850.0,0.0,,-1.0898200886899254,0.0898200886899254,4.0
85100.0,851.0,0.0,,-1.0897595164279277,0.0897595164279274,4.0
85400.0,854.0,0.0,,-1.089758750128904,0.0897587501289041,4.0
85500.0,855.0,0.0,,-1.0897474424158742,0.0897474424158741,4.0
85800.0,858.0,0.0,,-1.0897395199042952,0.0897395199042951,4.0
86100.0,861.0,0.0,,-1.0897178764773936,0.0897178764773936,4.0
86400.0,864.0,0.0,,-1.0896943275149755,0.0896943275149755,4.0
86500.0,865.0,0.0,,-1.0896942886400982,0.0896942886400982,4.0
86600.0,866.0,0.0,,-1.089690676588904,0.089690676588904,4.0
86700.0,867.0,0.0,,-1.089686112113807,0.089686112113807,4.0
86800.0,868.0,0.0,,-1.0896856362188825,0.0896856362188824,4.0
87000.0,870.0,0.0,,-1.0896247280757174,0.0896247280757174,4.0
87300.0,873.0,0.0,,-1.0896209063082545,0.0896209063082544,4.0
87700.0,877.0,0.0,,-1.0896192267954714,0.0896192267954714,4.0
87800.0,878.0,0.0,,-1.0896171574467866,0.0896171574467865,4.0
88000.0,880.0,0.0,,-1.0895854636022964,0.0895854636022963,4.0
88100.0,881.0,0.0,,-1.089584908265053,0.089584908265053,4.0
88200.0,882.0,0.0,,-1.089560635083877,0.0895606350838769,4.0
88300.0,883.0,0.0,,-1.089540240675098,0.089540240675098,4.0
88400.0,884.0,0.0,,-1.08952050345923,0.0895205034592301,4.0
88500.0,885.0,0.0,,-1.0895188156399185,0.0895188156399182,4.0
88600.0,886.0,0.0,,-1.089515491831308,0.0895154918313081,4.0
88700.0,887.0,0.0,,-1.0894952592895444,0.0894952592895443,4.0
89000.0,890.0,0.0,,-1.0894905715654375,0.0894905715654377,4.0
89200.0,892.0,0.0,,-1.0894608053012032,0.0894608053012031,4.0
89300.0,893.0,0.0,,-1.0894580961167997,0.0894580961167996,4.0
89500.0,895.0,0.0,,-1.089411963806121,0.089411963806121,4.0
89600.0,896.0,0.0,,-1.0893060908929335,0.0893060908929335,4.0
89900.0,899.0,0.0,,-1.0892047861598844,0.0892047861598843,4.0
90200.0,902.0,0.0,,-1.0892024579123496,0.0892024579123496,4.0
90500.0,905.0,0.0,,-1.0892024511688894,0.0892024511688893,4.0
90600.0,906.0,0.0,,-1.0892023273686222,0.0892023273686222,4.0
90700.0,907.0,0.0,,-1.0891949951684077,0.0891949951684076,4.0
91000.0,910.0,0.0,,-1.0891908328052984,0.0891908328052983,4.0
91100.0,911.0,0.0,,-1.0891905077204602,0.0891905077204602,4.0
91200.0,912.0,0.0,,-1.0891904974770994,0.0891904974770994,4.0
91300.0,913.0,0.0,,-1.0891890274098384,0.0891890274098383,4.0
91400.0,914.0,0.0,,-1.089188562411506,0.089188562411506,4.0
91500.0,915.0,0.0,,-1.0891885472531917,0.0891885472531917,4.0
91700.0,917.0,0.0,,-1.0891869834064751,0.0891869834064751,4.0
91800.0,918.0,0.0,,-1.0891842468437416,0.0891842468437416,4.0
91900.0,919.0,0.0,,-1.089183811448713,0.0891838114487129,4.0
92300.0,923.0,0.0,,-1.0891836603822167,0.0891836603822167,4.0
92400.0,924.0,0.0,,-1.0891836497117944,0.0891836497117943,4.0
92600.0,926.0,0.0,,-1.089183599059976,0.0891835990599758,4.0
92700.0,927.0,0.0,,-1.0891834992258551,0.0891834992258551,4.0
92900.0,929.0,0.0,,-1.0891834555220916,0.0891834555220916,4.0
93100.0,931.0,0.0,,-1.0891834318438491,0.0891834318438491,4.0
93400.0,934.0,0.0,,-1.0891834292378562,0.0891834292378561,4.0
93700.0,937.0,0.0,,-1.0891834256958193,0.0891834256958192,4.0
93800.0,938.0,0.0,,-1.0891834214888594,0.0891834214888593,4.0
94000.0,940.0,0.0,,-1.0891834205651578,0.0891834205651578,4.0
94200.0,942.0,0.0,,-1.0891834190456091,0.0891834190456091,4.0
94400.0,944.0,0.0,,-1.0891834190176668,0.0891834190176668,4.0
94600.0,946.0,0.0,,-1.0891834188466365,0.0891834188466365,4.0
94700.0,947.0,0.0,,-1.089183418757519,0.0891834187575189,4.0
95300.0,953.0,0.0,,-1.089183418756949,0.0891834187569489,4.0
95400.0,954.0,0.0,,-1.0891834187521665,0.0891834187521665,4.0
95500.0,955.0,0.0,,-1.0891834186841247,0.0891834186841247,4.0
95700.0,957.0,0.0,,-1.0891834186778626,0.0891834186778626,4.0
95900.0,959.0,0.0,,-1.0891834186763891,0.0891834186763893,4.0
96100.0,961.0,0.0,,-1.0891834186743452,0.0891834186743452,4.0
96200.0,962.0,0.0,,-1.0891834186740366,0.0891834186740365,4.0
96300.0,963.0,0.0,,-1.0891834186723568,0.0891834186723568,4.0
96400.0,964.0,0.0,,-1.0891834186717604,0.0891834186717603,4.0
96800.0,968.0,0.0,,-1.0891834186713056,0.0891834186713056,4.0
96900.0,969.0,0.0,,-1.0891834186686005,0.0891834186686004,4.0
97300.0,973.0,0.0,,-1.089183418668043,0.0891834186680429,4.0
97500.0,975.0,0.0,,-1.089183418667684,0.0891834186676838,4.0
97600.0,976.0,0.0,,-1.0891834186675609,0.0891834186675608,4.0
97700.0,977.0,0.0,,-1.0891834186675469,0.0891834186675468,4.0
97900.0,979.0,0.0,,-1.0891834186674636,0.0891834186674636,4.0
98400.0,984.0,0.0,,-1.0891834186674596,0.0891834186674596,4.0
98500.0,985.0,0.0,,-1.089183418667454,0.089183418667454,4.0
98700.0,987.0,0.0,,-1.0891834186674472,0.0891834186674471,4.0
99000.0,990.0,0.0,,-1.089183418667445,0.0891834186674449,4.0
99200.0,992.0,0.0,,-1.0891834186674392,0.0891834186674391,4.0
99300.0,993.0,0.0,,-1.0891834186674385,0.0891834186674382,4.0
99800.0,998.0,0.0,,-1.0891834186674338,0.0891834186674338,4.0
99900.0,999.0,0.0,,-1.0891834186674336,0.0891834186674336,4.0
100300.0,1003.0,0.0,,-1.0891834186674332,0.0891834186674331,4.0
100500.0,1005.0,0.0,,-1.089183418667432,0.089183418667432,4.0
100800.0,1008.0,0.0,,-1.0891834186674316,0.0891834186674316,4.0
100.0,1.0,0.0,,-1.8747103121223363,0.8747103121223365,5.0
300.0,3.0,0.0,,-1.873268286190407,0.8732682861904071,5.0
400.0,4.0,0.0,,-1.8529662379825995,0.8529662379825995,5.0
500.0,5.0,0.0,,-1.8018172225506337,0.8018172225506337,5.0
600.0,6.0,0.0,,-1.7986813938856274,0.7986813938856274,5.0
700.0,7.0,0.0,,-1.7751639582129712,0.7751639582129712,5.0
800.0,8.0,0.0,,-1.7543908456627038,0.7543908456627038,5.0
900.0,9.0,0.0,,-1.7333387664131956,0.7333387664131956,5.0
1000.0,10.0,0.0,,-1.7131210874334648,0.7131210874334648,5.0
1100.0,11.0,0.0,,-1.6772340354619704,0.6772340354619704,5.0
1200.0,12.0,0.0,,-1.6557793581883766,0.6557793581883766,5.0
1300.0,13.0,0.0,,-1.62896053416544,0.6289605341654401,5.0
1400.0,14.0,0.0,,-1.6113342405004536,0.6113342405004536,5.0
1500.0,15.0,0.0,,-1.594894322740973,0.5948943227409733,5.0
1600.0,16.0,0.0,,-1.4973839516000338,0.4973839516000338,5.0
1800.0,18.0,0.0,,-1.494636510305917,0.4946365103059169,5.0
2000.0,20.0,0.0,,-1.4769104558031143,0.4769104558031143,5.0
2100.0,21.0,0.0,,-1.4709824450625253,0.4709824450625253,5.0
2200.0,22.0,0.0,,-1.4152497186357949,0.4152497186357948,5.0
2300.0,23.0,0.0,,-1.401697120176422,0.4016971201764221,5.0
2400.0,24.0,0.0,,-1.3882919377042509,0.3882919377042508,5.0
2600.0,26.0,0.0,,-1.3813367461151105,0.3813367461151105,5.0
2800.0,28.0,0.0,,-1.3746812975204492,0.3746812975204492,5.0
2900.0,29.0,0.0,,-1.372542241188278,0.3725422411882779,5.0
3100.0,31.0,0.0,,-1.3627566536800266,0.3627566536800266,5.0
3200.0,32.0,0.0,,-1.36016893016518,0.36016893016518,5.0
3600.0,36.0,0.0,,-1.3555727294661786,0.3555727294661785,5.0
3700.0,37.0,0.0,,-1.3528025005484707,0.3528025005484707,5.0
3800.0,38.0,0.0,,-1.352205949502847,0.3522059495028469,5.0
3900.0,39.0,0.0,,-1.349569473197311,0.3495694731973109,5.0
4000.0,40.0,0.0,,-1.3480070303436176,0.3480070303436176,5.0
4300.0,43.0,0.0,,-1.34795690185806,0.3479569018580599,5.0
4400.0,44.0,0.0,,-1.347847556902478,0.3478475569024781,5.0
4600.0,46.0,0.0,,-1.34779032926271,0.34779032926271,5.0
6000.0,60.0,0.0,,-1.3466049207565085,0.3466049207565083,5.0
6600.0,66.0,0.0,,-1.3466049154406878,0.3466049154406878,5.0
6700.0,67.0,0.0,,-1.346603514019398,0.3466035140193979,5.0
6800.0,68.0,0.0,,-1.3465621484420356,0.3465621484420356,5.0
8100.0,81.0,0.0,,-1.3465620790295274,0.3465620790295274,5.0
8200.0,82.0,0.0,,-1.3465619232396429,0.3465619232396428,5.0
8400.0,84.0,0.0,,-1.346560595799568,0.3465605957995679,5.0
8500.0,85.0,0.0,,-1.346560328111525,0.346560328111525,5.0
8600.0,86.0,0.0,,-1.3465602451856231,0.3465602451856231,5.0
8700.0,87.0,0.0,,-1.3465602417382878,0.3465602417382878,5.0
8800.0,88.0,0.0,,-1.3465599383582998,0.3465599383582998,5.0
8900.0,89.0,0.0,,-1.3465599309989795,0.3465599309989795,5.0
9500.0,95.0,0.0,,-1.3465599147558136,0.3465599147558136,5.0
9800.0,98.0,0.0,,-1.346559905543142,0.3465599055431421,5.0
9900.0,99.0,0.0,,-1.3465598911618872,0.3465598911618872,5.0
10300.0,103.0,0.0,,-1.346559888909474,0.3465598889094741,5.0
10400.0,104.0,0.0,,-1.346559887920939,0.346559887920939,5.0
10500.0,105.0,0.0,,-1.3465598874035565,0.3465598874035565,5.0
10600.0,106.0,0.0,,-1.3465598867822477,0.3465598867822475,5.0
10700.0,107.0,0.0,,-1.346559886518819,0.3465598865188191,5.0
10900.0,109.0,0.0,,-1.3465025456162008,0.3465025456162007,5.0
11500.0,115.0,0.0,,-1.3465006817733371,0.3465006817733371,5.0
11600.0,116.0,0.0,,-1.3465006789226754,0.3465006789226754,5.0
11700.0,117.0,0.0,,-1.346498361832446,0.346498361832446,5.0
11800.0,118.0,0.0,,-1.346386117213444,0.3463861172134441,5.0
12000.0,120.0,0.0,,-1.346383754133413,0.3463837541334129,5.0
12200.0,122.0,0.0,,-1.346383401767339,0.346383401767339,5.0
12400.0,124.0,0.0,,-1.346312620006205,0.346312620006205,5.0
12700.0,127.0,0.0,,-1.3463105777499296,0.3463105777499295,5.0
12800.0,128.0,0.0,,-1.346307604036396,0.3463076040363959,5.0
12900.0,129.0,0.0,,-1.3463071382836085,0.3463071382836082,5.0
13000.0,130.0,0.0,,-1.3461894479456795,0.3461894479456795,5.0
13200.0,132.0,0.0,,-1.3461894248627164,0.3461894248627164,5.0
13300.0,133.0,0.0,,-1.346163120588562,0.346163120588562,5.0
13500.0,135.0,0.0,,-1.3436831793928778,0.3436831793928778,5.0
13800.0,138.0,0.0,,-1.3436829149885638,0.3436829149885638,5.0
14000.0,140.0,0.0,,-1.3436780088023892,0.3436780088023892,5.0
14200.0,142.0,0.0,,-1.34367265487403,0.3436726548740301,5.0
14300.0,143.0,0.0,,-1.3436490625366582,0.3436490625366581,5.0
14500.0,145.0,0.0,,-1.3436480189890374,0.3436480189890374,5.0
14600.0,146.0,0.0,,-1.3436227639091505,0.3436227639091502,5.0
14700.0,147.0,0.0,,-1.3436213883984038,0.3436213883984038,5.0
14800.0,148.0,0.0,,-1.3436126003664008,0.3436126003664008,5.0
14900.0,149.0,0.0,,-1.3436118424616883,0.3436118424616885,5.0
15000.0,150.0,0.0,,-1.343606530163193,0.343606530163193,5.0
15300.0,153.0,0.0,,-1.3436064270178525,0.3436064270178525,5.0
15400.0,154.0,0.0,,-1.3435920581792993,0.3435920581792993,5.0
15700.0,157.0,0.0,,-1.3435805571117194,0.3435805571117194,5.0
16100.0,161.0,0.0,,-1.3434302542528287,0.3434302542528287,5.0
16600.0,166.0,0.0,,-1.343429139206426,0.3434291392064259,5.0
16700.0,167.0,0.0,,-1.3434282218976838,0.3434282218976838,5.0
16900.0,169.0,0.0,,-1.3433546025374412,0.3433546025374412,5.0
17100.0,171.0,0.0,,-1.3433504425570448,0.3433504425570448,5.0
17200.0,172.0,0.0,,-1.3433429200291451,0.3433429200291453,5.0
17400.0,174.0,0.0,,-1.343342474034233,0.343342474034233,5.0
17800.0,178.0,0.0,,-1.3431255950151086,0.3431255950151086,5.0
18200.0,182.0,0.0,,-1.3430936683224657,0.3430936683224654,5.0
18400.0,184.0,0.0,,-1.3430737693231896,0.3430737693231895,5.0
18800.0,188.0,0.0,,-1.3430641983242912,0.3430641983242912,5.0
18900.0,189.0,0.0,,-1.3429682318284146,0.3429682318284146,5.0
19100.0,191.0,0.0,,-1.3429676753807662,0.3429676753807662,5.0
19300.0,193.0,0.0,,-1.3429676749016672,0.3429676749016672,5.0
19400.0,194.0,0.0,,-1.3429670952112305,0.3429670952112302,5.0
19500.0,195.0,0.0,,-1.3429662325187648,0.3429662325187648,5.0
19600.0,196.0,0.0,,-1.3429624495363262,0.3429624495363261,5.0
20000.0,200.0,0.0,,-1.3428928948720202,0.3428928948720202,5.0
20100.0,201.0,0.0,,-1.34289282701029,0.34289282701029,5.0
20300.0,203.0,0.0,,-1.3428921726382368,0.3428921726382368,5.0
20600.0,206.0,0.0,,-1.3428850216780217,0.3428850216780217,5.0
20900.0,209.0,0.0,,-1.3428819290257434,0.3428819290257434,5.0
21000.0,210.0,0.0,,-1.3428811784894985,0.3428811784894985,5.0
21200.0,212.0,0.0,,-1.3428744023960806,0.3428744023960806,5.0
21300.0,213.0,0.0,,-1.3428740899128613,0.3428740899128613,5.0
21400.0,214.0,0.0,,-1.3428602318193574,0.3428602318193574,5.0
21600.0,216.0,0.0,,-1.342853416763269,0.3428534167632691,5.0
21900.0,219.0,0.0,,-1.3428526394456188,0.3428526394456188,5.0
22000.0,220.0,0.0,,-1.3428523524894165,0.3428523524894162,5.0
22100.0,221.0,0.0,,-1.3428523024837349,0.3428523024837346,5.0
22200.0,222.0,0.0,,-1.34285222084501,0.34285222084501,5.0
22300.0,223.0,0.0,,-1.3428095642194782,0.3428095642194781,5.0
22600.0,226.0,0.0,,-1.3427995856857888,0.3427995856857888,5.0
22900.0,229.0,0.0,,-1.3427021647704898,0.3427021647704897,5.0
23100.0,231.0,0.0,,-1.3426244767810624,0.3426244767810624,5.0
23800.0,238.0,0.0,,-1.342624175597054,0.342624175597054,5.0
23900.0,239.0,0.0,,-1.342624009664224,0.3426240096642239,5.0
24100.0,241.0,0.0,,-1.3426239464158192,0.3426239464158191,5.0
24400.0,244.0,0.0,,-1.3426239076054232,0.3426239076054231,5.0
24500.0,245.0,0.0,,-1.324222434983077,0.3242224349830767,5.0
24800.0,248.0,0.0,,-1.324222222803876,0.324222222803876,5.0
25100.0,251.0,0.0,,-1.3228323518386806,0.3228323518386806,5.0
25200.0,252.0,0.0,,-1.3180797677807627,0.3180797677807627,5.0
25400.0,254.0,0.0,,-1.3178922480055004,0.3178922480055004,5.0
25500.0,255.0,0.0,,-1.3127619816152585,0.3127619816152582,5.0
25600.0,256.0,0.0,,-1.3060253321895865,0.3060253321895865,5.0
25700.0,257.0,0.0,,-1.305740871674928,0.3057408716749279,5.0
25800.0,258.0,0.0,,-1.3057364407128151,0.3057364407128151,5.0
25900.0,259.0,0.0,,-1.3057138516713076,0.3057138516713076,5.0
26000.0,260.0,0.0,,-1.3050907534554324,0.3050907534554323,5.0
26100.0,261.0,0.0,,-1.304152922333438,0.304152922333438,5.0
26500.0,265.0,0.0,,-1.3039026281300212,0.3039026281300212,5.0
26700.0,267.0,0.0,,-1.3036649098307351,0.3036649098307351,5.0
26900.0,269.0,0.0,,-1.3035695808715078,0.3035695808715077,5.0
27100.0,271.0,0.0,,-1.3024492885516636,0.3024492885516636,5.0
27600.0,276.0,0.0,,-1.3024472811499033,0.3024472811499032,5.0
27800.0,278.0,0.0,,-1.3023721032616304,0.3023721032616304,5.0
28100.0,281.0,0.0,,-1.30237138487428,0.3023713848742799,5.0
28300.0,283.0,0.0,,-1.30236378597593,0.30236378597593,5.0
28700.0,287.0,0.0,,-1.3016291425679736,0.3016291425679736,5.0
28800.0,288.0,0.0,,-1.3012261568590886,0.3012261568590886,5.0
29300.0,293.0,0.0,,-1.3010830749976758,0.3010830749976758,5.0
29400.0,294.0,0.0,,-1.301045426896853,0.301045426896853,5.0
29600.0,296.0,0.0,,-1.300979010429545,0.3009790104295446,5.0
29800.0,298.0,0.0,,-1.3005332483553356,0.3005332483553355,5.0
30000.0,300.0,0.0,,-1.3005276533668977,0.3005276533668974,5.0
30200.0,302.0,0.0,,-1.300307085478882,0.3003070854788818,5.0
30300.0,303.0,0.0,,-1.3003022326239924,0.3003022326239923,5.0
30600.0,306.0,0.0,,-1.300294870693708,0.3002948706937078,5.0
30900.0,309.0,0.0,,-1.300254776619557,0.3002547766195567,5.0
31200.0,312.0,0.0,,-1.3002534789437097,0.3002534789437094,5.0
31300.0,313.0,0.0,,-1.300248688713396,0.3002486887133959,5.0
31400.0,314.0,0.0,,-1.2990194364658247,0.2990194364658247,5.0
31800.0,318.0,0.0,,-1.2989358417756596,0.2989358417756595,5.0
32100.0,321.0,0.0,,-1.298770375620005,0.2987703756200051,5.0
32200.0,322.0,0.0,,-1.2985283062636173,0.2985283062636172,5.0
32600.0,326.0,0.0,,-1.298522843723818,0.2985228437238181,5.0
32700.0,327.0,0.0,,-1.2985133619005391,0.2985133619005391,5.0
32800.0,328.0,0.0,,-1.2984917500418027,0.2984917500418027,5.0
32900.0,329.0,0.0,,-1.2984650528486887,0.2984650528486887,5.0
33000.0,330.0,0.0,,-1.2984242266686108,0.2984242266686108,5.0
33200.0,332.0,0.0,,-1.2984104926898188,0.2984104926898188,5.0
33500.0,335.0,0.0,,-1.298340516005396,0.298340516005396,5.0
33700.0,337.0,0.0,,-1.2983367353007371,0.2983367353007373,5.0
34000.0,340.0,0.0,,-1.2983367342267351,0.2983367342267353,5.0
34200.0,342.0,0.0,,-1.2983363777034431,0.2983363777034433,5.0
34300.0,343.0,0.0,,-1.2983210014474151,0.2983210014474151,5.0
34400.0,344.0,0.0,,-1.2983022840338905,0.2983022840338902,5.0
34500.0,345.0,0.0,,-1.2982888118981208,0.2982888118981208,5.0
34600.0,346.0,0.0,,-1.29828326070658,0.2982832607065799,5.0
34700.0,347.0,0.0,,-1.2982762776865775,0.2982762776865775,5.0
34900.0,349.0,0.0,,-1.2982726040014012,0.2982726040014012,5.0
35000.0,350.0,0.0,,-1.2982643250053263,0.2982643250053265,5.0
35100.0,351.0,0.0,,-1.2982384924967096,0.2982384924967096,5.0
35200.0,352.0,0.0,,-1.2982380607883832,0.2982380607883832,5.0
35300.0,353.0,0.0,,-1.298236386877775,0.2982363868777753,5.0
35400.0,354.0,0.0,,-1.298233242209632,0.2982332422096319,5.0
35600.0,356.0,0.0,,-1.2982328141401709,0.2982328141401706,5.0
35900.0,359.0,0.0,,-1.2982312226409125,0.2982312226409123,5.0
36200.0,362.0,0.0,,-1.2982213495075103,0.2982213495075103,5.0
36600.0,366.0,0.0,,-1.2982212392542287,0.2982212392542287,5.0
37000.0,370.0,0.0,,-1.2982211608059455,0.2982211608059457,5.0
37100.0,371.0,0.0,,-1.298221016475147,0.2982210164751471,5.0
37300.0,373.0,0.0,,-1.2982207310281586,0.2982207310281586,5.0
37400.0,374.0,0.0,,-1.298220612364352,0.298220612364352,5.0
37500.0,375.0,0.0,,-1.2982205164778635,0.2982205164778635,5.0
37700.0,377.0,0.0,,-1.2982204257436876,0.2982204257436875,5.0
37800.0,378.0,0.0,,-1.2982204043393502,0.2982204043393501,5.0
38200.0,382.0,0.0,,-1.2982203609555247,0.2982203609555247,5.0
38300.0,383.0,0.0,,-1.2982203215931312,0.2982203215931311,5.0
38400.0,384.0,0.0,,-1.2982203158580023,0.2982203158580023,5.0
38500.0,385.0,0.0,,-1.298220305380574,0.2982203053805738,5.0
38600.0,386.0,0.0,,-1.2982202973500148,0.2982202973500147,5.0
38800.0,388.0,0.0,,-1.298220292934001,0.298220292934001,5.0
38900.0,389.0,0.0,,-1.2982202713966968,0.2982202713966968,5.0
39000.0,390.0,0.0,,-1.2982202690390432,0.2982202690390432,5.0
39300.0,393.0,0.0,,-1.2982202665133538,0.2982202665133537,5.0
39400.0,394.0,0.0,,-1.2982202660653963,0.2982202660653965,5.0
39600.0,396.0,0.0,,-1.2982202658429007,0.2982202658429007,5.0
39800.0,398.0,0.0,,-1.2982202657868016,0.2982202657868016,5.0
40400.0,404.0,0.0,,-1.298220265763855,0.2982202657638551,5.0
40500.0,405.0,0.0,,-1.2982202657633282,0.2982202657633281,5.0
40600.0,406.0,0.0,,-1.2982202657571975,0.2982202657571977,5.0
40700.0,407.0,0.0,,-1.2982202657566018,0.2982202657566017,5.0
40800.0,408.0,0.0,,-1.298220265752946,0.298220265752946,5.0
41100.0,411.0,0.0,,-1.2982202657517918,0.2982202657517918,5.0
41200.0,412.0,0.0,,-1.2982202657514006,0.2982202657514006,5.0
41300.0,413.0,0.0,,-1.298220265751226,0.298220265751226,5.0
41400.0,414.0,0.0,,-1.2982202657500257,0.2982202657500257,5.0
41500.0,415.0,0.0,,-1.2982202657499509,0.2982202657499508,5.0
41700.0,417.0,0.0,,-1.2982202657496709,0.2982202657496708,5.0
41900.0,419.0,0.0,,-1.2982202657494613,0.2982202657494612,5.0
42300.0,423.0,0.0,,-1.2982202657494586,0.2982202657494586,5.0
42500.0,425.0,0.0,,-1.2982202657494548,0.2982202657494548,5.0
42600.0,426.0,0.0,,-1.298220265749424,0.2982202657494239,5.0
42700.0,427.0,0.0,,-1.2982202657494155,0.2982202657494155,5.0
42800.0,428.0,0.0,,-1.2982202657493778,0.2982202657493777,5.0
43000.0,430.0,0.0,,-1.298220265749377,0.2982202657493771,5.0
43400.0,434.0,0.0,,-1.2982202657493769,0.2982202657493769,5.0
43500.0,435.0,0.0,,-1.2982202657493769,0.2982202657493766,5.0
43600.0,436.0,0.0,,-1.2982202657493764,0.2982202657493764,5.0
44200.0,442.0,0.0,,-1.2982202657493762,0.2982202657493762,5.0
44400.0,444.0,0.0,,-1.298220265749376,0.298220265749376,5.0
269100.0,2691.0,0.0,,-1.2809601835266518,0.2809601835266517,5.0
269200.0,2692.0,0.0,,-1.2777170920241674,0.2777170920241674,5.0
269300.0,2693.0,0.0,,-1.27745596610662,0.27745596610662,5.0
269400.0,2694.0,0.0,,-1.273855749824792,0.273855749824792,5.0
269500.0,2695.0,0.0,,-1.273638328160772,0.2736383281607719,5.0
269600.0,2696.0,0.0,,-1.2698975164249056,0.2698975164249055,5.0
269700.0,2697.0,0.0,,-1.2628049276514817,0.2628049276514816,5.0
269800.0,2698.0,0.0,,-1.262780348044215,0.262780348044215,5.0
270100.0,2701.0,0.0,,-1.262776814930905,0.2627768149309053,5.0
270200.0,2702.0,0.0,,-1.2623722931936263,0.2623722931936265,5.0
270300.0,2703.0,0.0,,-1.261414433982597,0.261414433982597,5.0
270500.0,2705.0,0.0,,-1.2613357139603143,0.2613357139603145,5.0
270600.0,2706.0,0.0,,-1.261331653382152,0.2613316533821521,5.0
271000.0,2710.0,0.0,,-1.2613314852353603,0.2613314852353603,5.0
271200.0,2712.0,0.0,,-1.2613314314488655,0.2613314314488657,5.0
271500.0,2715.0,0.0,,-1.2613314113790717,0.2613314113790714,5.0
271700.0,2717.0,0.0,,-1.2613314104434643,0.2613314104434643,5.0
271800.0,2718.0,0.0,,-1.2613314103845457,0.2613314103845456,5.0
272700.0,2727.0,0.0,,-1.2613314103824127,0.2613314103824127,5.0
273000.0,2730.0,0.0,,-1.261331410382009,0.261331410382009,5.0
273200.0,2732.0,0.0,,-1.261331410381989,0.261331410381989,5.0
273700.0,2737.0,0.0,,-1.261331410381976,0.2613314103819759,5.0
274100.0,2741.0,0.0,,-1.2613314103819742,0.2613314103819741,5.0
274400.0,2744.0,0.0,,-1.261331410381974,0.2613314103819739,5.0
282300.0,2823.0,0.0,,-1.2489841326255882,0.2489841326255881,5.0
282600.0,2826.0,0.0,,-1.2385269765169022,0.2385269765169022,5.0
282900.0,2829.0,0.0,,-1.238526975269075,0.238526975269075,5.0
283000.0,2830.0,0.0,,-1.232517313043456,0.2325173130434561,5.0
283200.0,2832.0,0.0,,-1.2322011563228594,0.2322011563228594,5.0
283400.0,2834.0,0.0,,-1.2322009722923797,0.2322009722923794,5.0
283800.0,2838.0,0.0,,-1.2283080638999413,0.2283080638999413,5.0
284100.0,2841.0,0.0,,-1.2281605828666184,0.2281605828666184,5.0
284600.0,2846.0,0.0,,-1.2280349961765906,0.2280349961765906,5.0
284700.0,2847.0,0.0,,-1.2278648072199156,0.2278648072199156,5.0
284900.0,2849.0,0.0,,-1.2278384130273632,0.2278384130273631,5.0
285000.0,2850.0,0.0,,-1.2278291850418896,0.2278291850418896,5.0
285100.0,2851.0,0.0,,-1.2278064649646048,0.2278064649646047,5.0
285700.0,2857.0,0.0,,-1.227806322352439,0.2278063223524389,5.0
285800.0,2858.0,0.0,,-1.2278049684435055,0.2278049684435055,5.0
285900.0,2859.0,0.0,,-1.2272245691848889,0.2272245691848888,5.0
287100.0,2871.0,0.0,,-1.227206577955207,0.227206577955207,5.0
287400.0,2874.0,0.0,,-1.2272065310609874,0.2272065310609874,5.0
287700.0,2877.0,0.0,,-1.2272064883244442,0.2272064883244442,5.0
287800.0,2878.0,0.0,,-1.227206460469899,0.2272064604698989,5.0
288000.0,2880.0,0.0,,-1.2272064350912455,0.2272064350912455,5.0
288200.0,2882.0,0.0,,-1.2272064274595067,0.2272064274595067,5.0
288300.0,2883.0,0.0,,-1.2272064255920283,0.2272064255920283,5.0
288700.0,2887.0,0.0,,-1.2272064233862816,0.2272064233862816,5.0
288900.0,2889.0,0.0,,-1.2272064233692586,0.2272064233692585,5.0
289100.0,2891.0,0.0,,-1.227206423369189,0.227206423369189,5.0
289200.0,2892.0,0.0,,-1.2272064233613549,0.2272064233613548,5.0
289300.0,2893.0,0.0,,-1.2272064233067217,0.2272064233067217,5.0
289400.0,2894.0,0.0,,-1.2271877713040915,0.2271877713040917,5.0
289600.0,2896.0,0.0,,-1.2268441212384806,0.2268441212384806,5.0
289900.0,2899.0,0.0,,-1.2268297218517366,0.2268297218517365,5.0
290000.0,2900.0,0.0,,-1.2268269467598083,0.2268269467598083,5.0
290100.0,2901.0,0.0,,-1.226826926298643,0.2268269262986431,5.0
290200.0,2902.0,0.0,,-1.2268263806365751,0.2268263806365751,5.0
290300.0,2903.0,0.0,,-1.2268209214454735,0.2268209214454735,5.0
290500.0,2905.0,0.0,,-1.2267357497890938,0.2267357497890938,5.0
290600.0,2906.0,0.0,,-1.2266804019318651,0.2266804019318651,5.0
290800.0,2908.0,0.0,,-1.2266796246662264,0.2266796246662263,5.0
291100.0,2911.0,0.0,,-1.2266792457427125,0.2266792457427122,5.0
291300.0,2913.0,0.0,,-1.2266791224311335,0.2266791224311335,5.0
291500.0,2915.0,0.0,,-1.2266787025503252,0.2266787025503251,5.0
291800.0,2918.0,0.0,,-1.2266786515238215,0.2266786515238217,5.0
292000.0,2920.0,0.0,,-1.2266061281568168,0.2266061281568168,5.0
292300.0,2923.0,0.0,,-1.226605919886386,0.2266059198863861,5.0
292500.0,2925.0,0.0,,-1.2266054705936429,0.2266054705936426,5.0
292600.0,2926.0,0.0,,-1.2265854439955275,0.2265854439955275,5.0
293000.0,2930.0,0.0,,-1.2265854209873093,0.2265854209873092,5.0
293200.0,2932.0,0.0,,-1.226583190097255,0.226583190097255,5.0
293400.0,2934.0,0.0,,-1.2265828820409328,0.2265828820409328,5.0
293500.0,2935.0,0.0,,-1.2265811329705831,0.2265811329705831,5.0
293700.0,2937.0,0.0,,-1.226581000903164,0.2265810009031641,5.0
293800.0,2938.0,0.0,,-1.226580996661361,0.226580996661361,5.0
293900.0,2939.0,0.0,,-1.2265809800198828,0.2265809800198828,5.0
294000.0,2940.0,0.0,,-1.2265351423634678,0.2265351423634678,5.0
294100.0,2941.0,0.0,,-1.2265205715686067,0.2265205715686067,5.0
294400.0,2944.0,0.0,,-1.2265142916293013,0.2265142916293012,5.0
294500.0,2945.0,0.0,,-1.2265100154371664,0.2265100154371664,5.0
294700.0,2947.0,0.0,,-1.2265072297364386,0.2265072297364385,5.0
294800.0,2948.0,0.0,,-1.226504804542346,0.2265048045423461,5.0
294900.0,2949.0,0.0,,-1.2265043437954288,0.2265043437954288,5.0
295000.0,2950.0,0.0,,-1.22650344377232,0.2265034437723201,5.0
295100.0,2951.0,0.0,,-1.226503309518224,0.226503309518224,5.0
295200.0,2952.0,0.0,,-1.2265031492398224,0.2265031492398224,5.0
295300.0,2953.0,0.0,,-1.2265029484626893,0.2265029484626892,5.0
295400.0,2954.0,0.0,,-1.2265028908781463,0.2265028908781463,5.0
295700.0,2957.0,0.0,,-1.226502873809305,0.2265028738093049,5.0
295800.0,2958.0,0.0,,-1.2265027555373884,0.2265027555373884,5.0
295900.0,2959.0,0.0,,-1.2265027331128122,0.2265027331128122,5.0
296000.0,2960.0,0.0,,-1.2265027320703294,0.2265027320703294,5.0
296100.0,2961.0,0.0,,-1.2264397865358063,0.2264397865358063,5.0
296300.0,2963.0,0.0,,-1.2264396501480206,0.2264396501480206,5.0
296400.0,2964.0,0.0,,-1.2264326632714644,0.2264326632714643,5.0
296500.0,2965.0,0.0,,-1.2264323100792462,0.2264323100792462,5.0
296600.0,2966.0,0.0,,-1.2264294536788751,0.2264294536788753,5.0
296700.0,2967.0,0.0,,-1.2264185141034152,0.2264185141034151,5.0
296800.0,2968.0,0.0,,-1.2264090188494672,0.2264090188494671,5.0
296900.0,2969.0,0.0,,-1.226409002880852,0.226409002880852,5.0
297000.0,2970.0,0.0,,-1.2263825988833348,0.2263825988833347,5.0
297200.0,2972.0,0.0,,-1.2263760934209682,0.2263760934209682,5.0
297300.0,2973.0,0.0,,-1.226373538172283,0.2263735381722826,5.0
297400.0,2974.0,0.0,,-1.226369068519576,0.226369068519576,5.0
297700.0,2977.0,0.0,,-1.2263646070165997,0.2263646070165996,5.0
297900.0,2979.0,0.0,,-1.226364198378581,0.2263641983785806,5.0
298000.0,2980.0,0.0,,-1.226363526524428,0.2263635265244281,5.0
298100.0,2981.0,0.0,,-1.2263634798194176,0.2263634798194176,5.0
298300.0,2983.0,0.0,,-1.2263634646776815,0.2263634646776815,5.0
298800.0,2988.0,0.0,,-1.2263634143780604,0.2263634143780604,5.0
299000.0,2990.0,0.0,,-1.226308270552774,0.2263082705527741,5.0
299200.0,2992.0,0.0,,-1.22630699778366,0.22630699778366,5.0
299300.0,2993.0,0.0,,-1.226285006590636,0.2262850065906358,5.0
299400.0,2994.0,0.0,,-1.2262826621548226,0.2262826621548226,5.0
299500.0,2995.0,0.0,,-1.2262825391890224,0.2262825391890224,5.0
299600.0,2996.0,0.0,,-1.2262813095728644,0.2262813095728644,5.0
299700.0,2997.0,0.0,,-1.226279405107972,0.2262794051079719,5.0
299800.0,2998.0,0.0,,-1.2262787003768905,0.2262787003768904,5.0
100.0,1.0,0.0,,-1.885065151888326,0.8850651518883261,6.0
200.0,2.0,0.0,,-1.8616375379673884,0.8616375379673884,6.0
300.0,3.0,0.0,,-1.846479149359324,0.8464791493593236,6.0
400.0,4.0,0.0,,-1.7993059678292775,0.7993059678292775,6.0
500.0,5.0,0.0,,-1.7706945923586808,0.7706945923586808,6.0
600.0,6.0,0.0,,-1.7542182764659948,0.7542182764659948,6.0
700.0,7.0,0.0,,-1.6830146788468077,0.6830146788468077,6.0
1000.0,10.0,0.0,,-1.611498610625934,0.6114986106259339,6.0
1100.0,11.0,0.0,,-1.6008891261960203,0.6008891261960203,6.0
1200.0,12.0,0.0,,-1.5609820114202997,0.5609820114202995,6.0
1300.0,13.0,0.0,,-1.554117158932634,0.5541171589326339,6.0
1400.0,14.0,0.0,,-1.53358063813877,0.53358063813877,6.0
1500.0,15.0,0.0,,-1.5142102035040723,0.5142102035040725,6.0
1600.0,16.0,0.0,,-1.5066243177963647,0.5066243177963647,6.0
1700.0,17.0,0.0,,-1.5036742169000592,0.5036742169000592,6.0
1800.0,18.0,0.0,,-1.4306166935386142,0.4306166935386142,6.0
1900.0,19.0,0.0,,-1.4043115679586275,0.4043115679586275,6.0
2000.0,20.0,0.0,,-1.3939929779467346,0.3939929779467346,6.0
2100.0,21.0,0.0,,-1.3681426685147176,0.3681426685147175,6.0
2200.0,22.0,0.0,,-1.345531697926396,0.345531697926396,6.0
2300.0,23.0,0.0,,-1.3059251518631303,0.3059251518631305,6.0
2600.0,26.0,0.0,,-1.3046106329224954,0.3046106329224953,6.0
2700.0,27.0,0.0,,-1.2753888250031626,0.2753888250031626,6.0
2800.0,28.0,0.0,,-1.2691050263562398,0.2691050263562398,6.0
2900.0,29.0,0.0,,-1.2679894488982466,0.2679894488982466,6.0
3000.0,30.0,0.0,,-1.264730399940944,0.264730399940944,6.0
3100.0,31.0,0.0,,-1.236429159562701,0.236429159562701,6.0
3200.0,32.0,0.0,,-1.2333344742703238,0.2333344742703238,6.0
3300.0,33.0,0.0,,-1.2332925132154178,0.2332925132154177,6.0
3400.0,34.0,0.0,,-1.2264806814080615,0.2264806814080615,6.0
3500.0,35.0,0.0,,-1.220625062179034,0.220625062179034,6.0
3600.0,36.0,0.0,,-1.2112338944497756,0.2112338944497755,6.0
3700.0,37.0,0.0,,-1.2081951734612302,0.2081951734612301,6.0
3900.0,39.0,0.0,,-1.206376942494859,0.2063769424948589,6.0
4000.0,40.0,0.0,,-1.2058848873001524,0.2058848873001524,6.0
4100.0,41.0,0.0,,-1.205581471685525,0.2055814716855253,6.0
4200.0,42.0,0.0,,-1.2054768199894776,0.2054768199894776,6.0
4300.0,43.0,0.0,,-1.2044188325158256,0.2044188325158256,6.0
4500.0,45.0,0.0,,-1.2038278401341147,0.2038278401341147,6.0
5100.0,51.0,0.0,,-1.2036010952338465,0.2036010952338462,6.0
5400.0,54.0,0.0,,-1.2034503529915068,0.2034503529915068,6.0
5600.0,56.0,0.0,,-1.2034261314780978,0.2034261314780978,6.0
5800.0,58.0,0.0,,-1.2034103134887058,0.2034103134887057,6.0
5900.0,59.0,0.0,,-1.202974356643976,0.2029743566439761,6.0
6100.0,61.0,0.0,,-1.2025496931308717,0.2025496931308716,6.0
6700.0,67.0,0.0,,-1.2025223940412402,0.2025223940412401,6.0
7100.0,71.0,0.0,,-1.202513448589739,0.202513448589739,6.0
7500.0,75.0,0.0,,-1.2025123529848394,0.2025123529848393,6.0
7800.0,78.0,0.0,,-1.2025118458651916,0.2025118458651915,6.0
7900.0,79.0,0.0,,-1.2021528096032517,0.2021528096032516,6.0
8100.0,81.0,0.0,,-1.2021285216110478,0.2021285216110477,6.0
8200.0,82.0,0.0,,-1.2020318157735883,0.2020318157735883,6.0
8300.0,83.0,0.0,,-1.2018665133354274,0.2018665133354273,6.0
8400.0,84.0,0.0,,-1.201861159139606,0.201861159139606,6.0
8500.0,85.0,0.0,,-1.2018463984636705,0.2018463984636704,6.0
8600.0,86.0,0.0,,-1.2018115684424395,0.2018115684424395,6.0
8800.0,88.0,0.0,,-1.2018064985724564,0.2018064985724563,6.0
9000.0,90.0,0.0,,-1.2018057165810991,0.2018057165810991,6.0
9200.0,92.0,0.0,,-1.2018053415730598,0.2018053415730598,6.0
9400.0,94.0,0.0,,-1.201803786515825,0.2018037865158253,6.0
9900.0,99.0,0.0,,-1.2018035576036672,0.2018035576036672,6.0
10200.0,102.0,0.0,,-1.2017577466999492,0.2017577466999491,6.0
10600.0,106.0,0.0,,-1.2017525418448374,0.2017525418448373,6.0
10800.0,108.0,0.0,,-1.2017506605230022,0.2017506605230021,6.0
11000.0,110.0,0.0,,-1.201750390464578,0.2017503904645781,6.0
11100.0,111.0,0.0,,-1.20174923705707,0.2017492370570699,6.0
11200.0,112.0,0.0,,-1.2017490111591558,0.2017490111591557,6.0
11300.0,113.0,0.0,,-1.2017485974803237,0.2017485974803234,6.0
11800.0,118.0,0.0,,-1.201720501727383,0.2017205017273831,6.0
12200.0,122.0,0.0,,-1.2016824296687725,0.2016824296687722,6.0
12500.0,125.0,0.0,,-1.2016691322549515,0.2016691322549515,6.0
12600.0,126.0,0.0,,-1.2016515938959147,0.2016515938959147,6.0
12800.0,128.0,0.0,,-1.2016346758694083,0.2016346758694083,6.0
13100.0,131.0,0.0,,-1.2016346451658522,0.2016346451658521,6.0
13400.0,134.0,0.0,,-1.2016334866184704,0.2016334866184703,6.0
13600.0,136.0,0.0,,-1.2016332403448948,0.2016332403448948,6.0
13800.0,138.0,0.0,,-1.2016329208879215,0.2016329208879215,6.0
13900.0,139.0,0.0,,-1.2016328731973969,0.2016328731973968,6.0
14200.0,142.0,0.0,,-1.201632678191153,0.201632678191153,6.0
14700.0,147.0,0.0,,-1.2016017421418257,0.2016017421418257,6.0
14900.0,149.0,0.0,,-1.2015313240567451,0.2015313240567451,6.0
15100.0,151.0,0.0,,-1.2014463051647295,0.2014463051647297,6.0
15200.0,152.0,0.0,,-1.201441967854494,0.2014419678544938,6.0
15600.0,156.0,0.0,,-1.2014416048582248,0.2014416048582248,6.0
15700.0,157.0,0.0,,-1.2014411940286598,0.2014411940286598,6.0
16100.0,161.0,0.0,,-1.2014390757868525,0.2014390757868525,6.0
16400.0,164.0,0.0,,-1.2014389232214429,0.2014389232214428,6.0
16600.0,166.0,0.0,,-1.2014386823828256,0.2014386823828255,6.0
16800.0,168.0,0.0,,-1.2014386554661982,0.2014386554661982,6.0
17000.0,170.0,0.0,,-1.2014386533769703,0.2014386533769705,6.0
17200.0,172.0,0.0,,-1.2013798319553155,0.2013798319553155,6.0
17300.0,173.0,0.0,,-1.2013797879290185,0.2013797879290184,6.0
17400.0,174.0,0.0,,-1.2013688210503104,0.2013688210503104,6.0
17500.0,175.0,0.0,,-1.201321605007924,0.201321605007924,6.0
17600.0,176.0,0.0,,-1.201310563819987,0.201310563819987,6.0
17800.0,178.0,0.0,,-1.20130751996391,0.20130751996391,6.0
17900.0,179.0,0.0,,-1.201305272552802,0.2013052725528019,6.0
18100.0,181.0,0.0,,-1.20130259472289,0.2013025947228901,6.0
18400.0,184.0,0.0,,-1.2013012572849031,0.2013012572849033,6.0
18700.0,187.0,0.0,,-1.2013012209456235,0.2013012209456235,6.0
18800.0,188.0,0.0,,-1.2013007118078565,0.2013007118078564,6.0
18900.0,189.0,0.0,,-1.2013007058290603,0.2013007058290603,6.0
19100.0,191.0,0.0,,-1.2013007058091512,0.2013007058091511,6.0
19200.0,192.0,0.0,,-1.201300697466626,0.201300697466626,6.0
19300.0,193.0,0.0,,-1.2013006867353533,0.2013006867353532,6.0
19800.0,198.0,0.0,,-1.2013006861780615,0.2013006861780617,6.0
20000.0,200.0,0.0,,-1.201300685880274,0.2013006858802739,6.0
20300.0,203.0,0.0,,-1.201300685671947,0.201300685671947,6.0
20700.0,207.0,0.0,,-1.2013006855832986,0.2013006855832986,6.0
20800.0,208.0,0.0,,-1.2013006855806132,0.2013006855806132,6.0
21100.0,211.0,0.0,,-1.2013006855653725,0.2013006855653725,6.0
21400.0,214.0,0.0,,-1.2002516947361492,0.2002516947361492,6.0
21600.0,216.0,0.0,,-1.200251689005096,0.200251689005096,6.0
21800.0,218.0,0.0,,-1.2002515763155115,0.2002515763155117,6.0
21900.0,219.0,0.0,,-1.200251331107047,0.200251331107047,6.0
22000.0,220.0,0.0,,-1.200173742958842,0.2001737429588419,6.0
22100.0,221.0,0.0,,-1.2001737383915534,0.2001737383915534,6.0
22300.0,223.0,0.0,,-1.2001319701549835,0.2001319701549835,6.0
22400.0,224.0,0.0,,-1.2001296112788389,0.2001296112788386,6.0
22500.0,225.0,0.0,,-1.2001210646487994,0.2001210646487994,6.0
22700.0,227.0,0.0,,-1.2001169978165365,0.2001169978165364,6.0
23100.0,231.0,0.0,,-1.2001141909451358,0.2001141909451358,6.0
23500.0,235.0,0.0,,-1.199994218869854,0.199994218869854,6.0
23600.0,236.0,0.0,,-1.1999736144089486,0.1999736144089485,6.0
23800.0,238.0,0.0,,-1.1998959757741288,0.1998959757741287,6.0
24200.0,242.0,0.0,,-1.1998850927682647,0.1998850927682647,6.0
24300.0,243.0,0.0,,-1.1998654838929483,0.1998654838929483,6.0
24500.0,245.0,0.0,,-1.199633846238423,0.199633846238423,6.0
24600.0,246.0,0.0,,-1.1996331391345805,0.1996331391345802,6.0
24700.0,247.0,0.0,,-1.1995518172437718,0.1995518172437718,6.0
25100.0,251.0,0.0,,-1.1994995508359625,0.1994995508359625,6.0
25400.0,254.0,0.0,,-1.199498448691111,0.1994984486911111,6.0
25500.0,255.0,0.0,,-1.1994954490370344,0.1994954490370344,6.0
25900.0,259.0,0.0,,-1.1994954197784813,0.1994954197784813,6.0
26000.0,260.0,0.0,,-1.1994747934732817,0.1994747934732814,6.0
26200.0,262.0,0.0,,-1.199391535240431,0.1993915352404309,6.0
26300.0,263.0,0.0,,-1.1993840961731992,0.1993840961731992,6.0
26600.0,266.0,0.0,,-1.1993810777575935,0.1993810777575937,6.0
26800.0,268.0,0.0,,-1.1993526127618668,0.1993526127618667,6.0
27000.0,270.0,0.0,,-1.1993059913727222,0.1993059913727222,6.0
27100.0,271.0,0.0,,-1.1992823366799594,0.1992823366799594,6.0
27400.0,274.0,0.0,,-1.1992700896355275,0.1992700896355275,6.0
27500.0,275.0,0.0,,-1.1759578359260896,0.1759578359260896,6.0
27900.0,279.0,0.0,,-1.1735764773357096,0.1735764773357095,6.0
28100.0,281.0,0.0,,-1.167802640505289,0.167802640505289,6.0
28300.0,283.0,0.0,,-1.1670774106892638,0.1670774106892638,6.0
28600.0,286.0,0.0,,-1.1647218536578166,0.1647218536578165,6.0
28900.0,289.0,0.0,,-1.1647061826898717,0.1647061826898714,6.0
29000.0,290.0,0.0,,-1.1641998127181197,0.1641998127181194,6.0
29100.0,291.0,0.0,,-1.1641983415223538,0.1641983415223538,6.0
29300.0,293.0,0.0,,-1.1641819322552704,0.1641819322552704,6.0
29400.0,294.0,0.0,,-1.1641818397658956,0.1641818397658956,6.0
29600.0,296.0,0.0,,-1.164172166702529,0.1641721667025291,6.0
29900.0,299.0,0.0,,-1.164162112885127,0.1641621128851269,6.0
30400.0,304.0,0.0,,-1.1641604917842308,0.1641604917842307,6.0
30500.0,305.0,0.0,,-1.164154677044411,0.1641546770444106,6.0
30800.0,308.0,0.0,,-1.1641524276620654,0.1641524276620654,6.0
31300.0,313.0,0.0,,-1.1641158049043272,0.1641158049043272,6.0
31500.0,315.0,0.0,,-1.1640750339209514,0.1640750339209513,6.0
31700.0,317.0,0.0,,-1.1640617668882984,0.1640617668882984,6.0
31900.0,319.0,0.0,,-1.1640609936964348,0.1640609936964348,6.0
32000.0,320.0,0.0,,-1.1640579724640243,0.1640579724640243,6.0
32100.0,321.0,0.0,,-1.1640455690914404,0.1640455690914404,6.0
32300.0,323.0,0.0,,-1.1640453464946026,0.1640453464946025,6.0
32400.0,324.0,0.0,,-1.164041360666769,0.164041360666769,6.0
32500.0,325.0,0.0,,-1.1640341865605142,0.1640341865605141,6.0
32800.0,328.0,0.0,,-1.1640341864920127,0.1640341864920127,6.0
33100.0,331.0,0.0,,-1.1640335318498498,0.1640335318498498,6.0
33200.0,332.0,0.0,,-1.1640327820468337,0.1640327820468337,6.0
33300.0,333.0,0.0,,-1.1640317486274536,0.1640317486274536,6.0
33400.0,334.0,0.0,,-1.1640317341134678,0.1640317341134678,6.0
33600.0,336.0,0.0,,-1.164031303566497,0.1640313035664971,6.0
33700.0,337.0,0.0,,-1.1640313015426074,0.1640313015426073,6.0
33800.0,338.0,0.0,,-1.1640312638125343,0.1640312638125343,6.0
33900.0,339.0,0.0,,-1.163987184218742,0.1639871842187421,6.0
34800.0,348.0,0.0,,-1.163813209248802,0.163813209248802,6.0
35200.0,352.0,0.0,,-1.1636265495713876,0.1636265495713875,6.0
35600.0,356.0,0.0,,-1.1635855960365695,0.1635855960365697,6.0
35800.0,358.0,0.0,,-1.1635074496297284,0.1635074496297284,6.0
35900.0,359.0,0.0,,-1.1635007295526,0.1635007295526001,6.0
36100.0,361.0,0.0,,-1.1633672065735083,0.1633672065735083,6.0
36500.0,365.0,0.0,,-1.1633670822901832,0.1633670822901831,6.0
36700.0,367.0,0.0,,-1.1633594893196657,0.1633594893196654,6.0
36800.0,368.0,0.0,,-1.1633593953347243,0.1633593953347245,6.0
36900.0,369.0,0.0,,-1.1633458779996837,0.1633458779996837,6.0
37100.0,371.0,0.0,,-1.16334278613927,0.16334278613927,6.0
37200.0,372.0,0.0,,-1.1633404999417845,0.1633404999417844,6.0
37400.0,374.0,0.0,,-1.1633400404178782,0.1633400404178782,6.0
37500.0,375.0,0.0,,-1.16333249512335,0.1633324951233499,6.0
37700.0,377.0,0.0,,-1.1633282135652354,0.1633282135652354,6.0
38000.0,380.0,0.0,,-1.163326635481753,0.163326635481753,6.0
38200.0,382.0,0.0,,-1.16332613974879,0.1633261397487899,6.0
38300.0,383.0,0.0,,-1.1633254285651895,0.1633254285651897,6.0
38500.0,385.0,0.0,,-1.1632908847387298,0.1632908847387297,6.0
38700.0,387.0,0.0,,-1.1632905600740522,0.1632905600740521,6.0
38800.0,388.0,0.0,,-1.1632788120787665,0.1632788120787662,6.0
38900.0,389.0,0.0,,-1.1631987685578102,0.1631987685578102,6.0
39400.0,394.0,0.0,,-1.1631267273307342,0.1631267273307342,6.0
39800.0,398.0,0.0,,-1.1631146296682018,0.1631146296682017,6.0
39900.0,399.0,0.0,,-1.163107906108661,0.1631079061086613,6.0
40000.0,400.0,0.0,,-1.1631078287919256,0.1631078287919256,6.0
40200.0,402.0,0.0,,-1.1631076508169909,0.1631076508169908,6.0
40300.0,403.0,0.0,,-1.1631076507779805,0.1631076507779805,6.0
40400.0,404.0,0.0,,-1.1631035112135153,0.1631035112135153,6.0
40600.0,406.0,0.0,,-1.163103105168835,0.1631031051688349,6.0
40700.0,407.0,0.0,,-1.1630664095737069,0.1630664095737066,6.0
41000.0,410.0,0.0,,-1.1630663988512062,0.1630663988512062,6.0
41100.0,411.0,0.0,,-1.1630287235451422,0.1630287235451422,6.0
41200.0,412.0,0.0,,-1.163028579000231,0.163028579000231,6.0
41400.0,414.0,0.0,,-1.1629351888914088,0.1629351888914088,6.0
41500.0,415.0,0.0,,-1.1629296799530806,0.1629296799530806,6.0
41600.0,416.0,0.0,,-1.1629287393053165,0.1629287393053164,6.0
41700.0,417.0,0.0,,-1.162925411419404,0.1629254114194041,6.0
42000.0,420.0,0.0,,-1.1628874841675725,0.1628874841675722,6.0
42400.0,424.0,0.0,,-1.1628845404682897,0.1628845404682897,6.0
42500.0,425.0,0.0,,-1.1628825934662514,0.1628825934662514,6.0
42600.0,426.0,0.0,,-1.162721400836635,0.1627214008366351,6.0
43100.0,431.0,0.0,,-1.1627170137025045,0.1627170137025044,6.0
43200.0,432.0,0.0,,-1.1627123025227075,0.1627123025227077,6.0
43300.0,433.0,0.0,,-1.1627032564485904,0.1627032564485904,6.0
43400.0,434.0,0.0,,-1.162686612939934,0.162686612939934,6.0
43500.0,435.0,0.0,,-1.1626865588989972,0.1626865588989972,6.0
43600.0,436.0,0.0,,-1.1626748925604369,0.1626748925604368,6.0
43800.0,438.0,0.0,,-1.162668074271075,0.1626680742710751,6.0
44000.0,440.0,0.0,,-1.162662840592838,0.1626628405928381,6.0
44200.0,442.0,0.0,,-1.1626603789817562,0.1626603789817562,6.0
44300.0,443.0,0.0,,-1.162660223472747,0.162660223472747,6.0
44400.0,444.0,0.0,,-1.1626601952004116,0.1626601952004116,6.0
44500.0,445.0,0.0,,-1.16266002436114,0.16266002436114,6.0
44600.0,446.0,0.0,,-1.1626591049027502,0.1626591049027501,6.0
44800.0,448.0,0.0,,-1.162658984417763,0.162658984417763,6.0
44900.0,449.0,0.0,,-1.1626589475316325,0.1626589475316324,6.0
45100.0,451.0,0.0,,-1.162658947404781,0.162658947404781,6.0
45300.0,453.0,0.0,,-1.1626589449623077,0.1626589449623074,6.0
45700.0,457.0,0.0,,-1.162658936733295,0.1626589367332949,6.0
46100.0,461.0,0.0,,-1.1625950880151588,0.1625950880151587,6.0
46300.0,463.0,0.0,,-1.1625927040274882,0.1625927040274881,6.0
46600.0,466.0,0.0,,-1.1625769869690372,0.1625769869690372,6.0
46700.0,467.0,0.0,,-1.1625758351633049,0.1625758351633048,6.0
46800.0,468.0,0.0,,-1.1625585270215004,0.1625585270215004,6.0
46900.0,469.0,0.0,,-1.162557459950516,0.1625574599505159,6.0
47000.0,470.0,0.0,,-1.1625517407710717,0.1625517407710717,6.0
47100.0,471.0,0.0,,-1.1625505613738598,0.1625505613738598,6.0
47200.0,472.0,0.0,,-1.162549415450742,0.162549415450742,6.0
47300.0,473.0,0.0,,-1.1625480785650004,0.1625480785650004,6.0
47400.0,474.0,0.0,,-1.1625474740687305,0.1625474740687305,6.0
47700.0,477.0,0.0,,-1.162547148611102,0.1625471486111018,6.0
47800.0,478.0,0.0,,-1.1625461379026731,0.1625461379026731,6.0
48100.0,481.0,0.0,,-1.1625242765108956,0.1625242765108956,6.0
48300.0,483.0,0.0,,-1.162523393797496,0.1625233937974961,6.0
48400.0,484.0,0.0,,-1.16251275327119,0.16251275327119,6.0
48500.0,485.0,0.0,,-1.1625100095486518,0.1625100095486518,6.0
48600.0,486.0,0.0,,-1.1625057232796263,0.1625057232796263,6.0
48700.0,487.0,0.0,,-1.1625055391347534,0.1625055391347534,6.0
48900.0,489.0,0.0,,-1.1625047679067564,0.1625047679067564,6.0
49000.0,490.0,0.0,,-1.1625017927665673,0.1625017927665673,6.0
49300.0,493.0,0.0,,-1.1625012318165275,0.1625012318165275,6.0
49400.0,494.0,0.0,,-1.1625004261120455,0.1625004261120455,6.0
49600.0,496.0,0.0,,-1.162500317383317,0.162500317383317,6.0
49800.0,498.0,0.0,,-1.162500317383308,0.1625003173833079,6.0
49900.0,499.0,0.0,,-1.1625001659459613,0.1625001659459612,6.0
50600.0,506.0,0.0,,-1.1625001615685826,0.1625001615685826,6.0
50700.0,507.0,0.0,,-1.1625001607267271,0.1625001607267271,6.0
50800.0,508.0,0.0,,-1.1625001601350795,0.1625001601350795,6.0
50900.0,509.0,0.0,,-1.162500157173635,0.162500157173635,6.0
51000.0,510.0,0.0,,-1.162500154253974,0.1625001542539741,6.0
51100.0,511.0,0.0,,-1.1625001542528297,0.1625001542528295,6.0
51200.0,512.0,0.0,,-1.1625001542382352,0.1625001542382351,6.0
51300.0,513.0,0.0,,-1.162500154084571,0.1625001540845709,6.0
51400.0,514.0,0.0,,-1.1625001540737183,0.1625001540737185,6.0
51700.0,517.0,0.0,,-1.1625001539959583,0.1625001539959583,6.0
52000.0,520.0,0.0,,-1.1625001539957385,0.1625001539957382,6.0
52100.0,521.0,0.0,,-1.1625001539029038,0.1625001539029038,6.0
52400.0,524.0,0.0,,-1.1625001539002056,0.1625001539002055,6.0
52600.0,526.0,0.0,,-1.1625001538946351,0.1625001538946353,6.0
52700.0,527.0,0.0,,-1.162500153893846,0.1625001538938459,6.0
52800.0,528.0,0.0,,-1.1625001538845836,0.1625001538845836,6.0
53300.0,533.0,0.0,,-1.1625001538843525,0.1625001538843524,6.0
53500.0,535.0,0.0,,-1.1625001538841866,0.1625001538841866,6.0
53600.0,536.0,0.0,,-1.1625001538841853,0.1625001538841852,6.0
53700.0,537.0,0.0,,-1.162500153884106,0.162500153884106,6.0
54200.0,542.0,0.0,,-1.1625001538840718,0.1625001538840718,6.0
54500.0,545.0,0.0,,-1.162500153884,0.1625001538839998,6.0
54800.0,548.0,0.0,,-1.1625001538839943,0.1625001538839945,6.0
54900.0,549.0,0.0,,-1.1625001538839934,0.1625001538839934,6.0
55100.0,551.0,0.0,,-1.162500153883993,0.1625001538839929,6.0
55200.0,552.0,0.0,,-1.1625001538839914,0.1625001538839914,6.0
55600.0,556.0,0.0,,-1.162500153883991,0.1625001538839909,6.0
55800.0,558.0,0.0,,-1.1625001538839903,0.1625001538839903,6.0
56000.0,560.0,0.0,,-1.16250015388399,0.16250015388399,6.0
56100.0,561.0,0.0,,-1.16250015388399,0.1625001538839898,6.0
56200.0,562.0,0.0,,-1.1625001538839896,0.1625001538839896,6.0
56400.0,564.0,0.0,,-1.1624358583483092,0.1624358583483092,6.0
56500.0,565.0,0.0,,-1.162435786458832,0.1624357864588319,6.0
56600.0,566.0,0.0,,-1.1624357350833812,0.1624357350833811,6.0
56900.0,569.0,0.0,,-1.1624308966205117,0.1624308966205117,6.0
57100.0,571.0,0.0,,-1.1623881874565911,0.1623881874565911,6.0
57200.0,572.0,0.0,,-1.162381702122482,0.162381702122482,6.0
57300.0,573.0,0.0,,-1.1623781985103776,0.1623781985103776,6.0
57600.0,576.0,0.0,,-1.1623724842587853,0.1623724842587852,6.0
58000.0,580.0,0.0,,-1.1623724791431658,0.1623724791431657,6.0
58100.0,581.0,0.0,,-1.162372460334063,0.162372460334063,6.0
58400.0,584.0,0.0,,-1.162350281098785,0.1623502810987847,6.0
58700.0,587.0,0.0,,-1.1473939672134803,0.1473939672134803,6.0
58900.0,589.0,0.0,,-1.1426312416261912,0.1426312416261912,6.0
59000.0,590.0,0.0,,-1.1352673484651676,0.1352673484651676,6.0
59200.0,592.0,0.0,,-1.1308250929758306,0.1308250929758305,6.0
59500.0,595.0,0.0,,-1.130477005721187,0.130477005721187,6.0
60000.0,600.0,0.0,,-1.128184611283674,0.1281846112836739,6.0
60300.0,603.0,0.0,,-1.1262387458870633,0.1262387458870633,6.0
60700.0,607.0,0.0,,-1.126232733753187,0.126232733753187,6.0
61000.0,610.0,0.0,,-1.1261883198177134,0.1261883198177134,6.0
61300.0,613.0,0.0,,-1.1261881868951933,0.1261881868951933,6.0
61400.0,614.0,0.0,,-1.126184075362552,0.126184075362552,6.0
61600.0,616.0,0.0,,-1.1261829057831323,0.1261829057831325,6.0
61700.0,617.0,0.0,,-1.1261826389009322,0.1261826389009321,6.0
61800.0,618.0,0.0,,-1.1261770971677465,0.1261770971677465,6.0
62400.0,624.0,0.0,,-1.1261768900782063,0.1261768900782065,6.0
62500.0,625.0,0.0,,-1.1261766252471048,0.1261766252471048,6.0
62800.0,628.0,0.0,,-1.126176520296981,0.1261765202969809,6.0
62900.0,629.0,0.0,,-1.1261759900593755,0.1261759900593757,6.0
63200.0,632.0,0.0,,-1.1261364200256438,0.1261364200256438,6.0
63300.0,633.0,0.0,,-1.1255281800347796,0.1255281800347796,6.0
64100.0,641.0,0.0,,-1.1254058294230431,0.1254058294230431,6.0
64300.0,643.0,0.0,,-1.1249960969947592,0.1249960969947592,6.0
64400.0,644.0,0.0,,-1.1247986418966915,0.1247986418966915,6.0
64500.0,645.0,0.0,,-1.1243528699521348,0.1243528699521347,6.0
64600.0,646.0,0.0,,-1.1243334087852817,0.1243334087852816,6.0
64800.0,648.0,0.0,,-1.1243324900091034,0.1243324900091034,6.0
64900.0,649.0,0.0,,-1.124287732213696,0.1242877322136959,6.0
65100.0,651.0,0.0,,-1.12428601083357,0.1242860108335699,6.0
65400.0,654.0,0.0,,-1.1242771388329045,0.1242771388329042,6.0
65500.0,655.0,0.0,,-1.12427520198393,0.1242752019839299,6.0
65700.0,657.0,0.0,,-1.1242727210837609,0.1242727210837608,6.0
65800.0,658.0,0.0,,-1.1242662503707366,0.1242662503707365,6.0
66100.0,661.0,0.0,,-1.124265968855033,0.1242659688550329,6.0
66200.0,662.0,0.0,,-1.1242649101891231,0.1242649101891233,6.0
66300.0,663.0,0.0,,-1.1242120559207835,0.1242120559207835,6.0
66400.0,664.0,0.0,,-1.1242091298099888,0.1242091298099887,6.0
66600.0,666.0,0.0,,-1.1242048353139975,0.1242048353139975,6.0
66700.0,667.0,0.0,,-1.124185704232252,0.124185704232252,6.0
67100.0,671.0,0.0,,-1.1241214001523203,0.1241214001523203,6.0
67200.0,672.0,0.0,,-1.1240888654333472,0.1240888654333471,6.0
67500.0,675.0,0.0,,-1.12405736936857,0.12405736936857,6.0
67600.0,676.0,0.0,,-1.1240550652236,0.1240550652235998,6.0
67800.0,678.0,0.0,,-1.1240534145181869,0.1240534145181868,6.0
67900.0,679.0,0.0,,-1.124048967871634,0.1240489678716338,6.0
68100.0,681.0,0.0,,-1.1240484546372973,0.1240484546372973,6.0
68200.0,682.0,0.0,,-1.1240479562720125,0.1240479562720124,6.0
68300.0,683.0,0.0,,-1.1240479147599816,0.1240479147599815,6.0
68500.0,685.0,0.0,,-1.124047788506806,0.124047788506806,6.0
68700.0,687.0,0.0,,-1.1239943343488967,0.1239943343488967,6.0
68800.0,688.0,0.0,,-1.1239657879543798,0.1239657879543798,6.0
69000.0,690.0,0.0,,-1.1238735226394838,0.1238735226394838,6.0
69400.0,694.0,0.0,,-1.1238682412941696,0.1238682412941696,6.0
69600.0,696.0,0.0,,-1.1238680995192594,0.1238680995192593,6.0
69700.0,697.0,0.0,,-1.1238560257499368,0.1238560257499368,6.0
69900.0,699.0,0.0,,-1.1238291769009412,0.1238291769009412,6.0
70100.0,701.0,0.0,,-1.123826011230667,0.123826011230667,6.0
70300.0,703.0,0.0,,-1.1238186947221551,0.1238186947221553,6.0
70400.0,704.0,0.0,,-1.1238175445253178,0.1238175445253177,6.0
70500.0,705.0,0.0,,-1.123816760430353,0.123816760430353,6.0
70600.0,706.0,0.0,,-1.1238135518782282,0.1238135518782281,6.0
70900.0,709.0,0.0,,-1.123813487718574,0.1238134877185739,6.0
71000.0,710.0,0.0,,-1.123812990170305,0.1238129901703048,6.0
71200.0,712.0,0.0,,-1.123812775397231,0.1238127753972306,6.0
71300.0,713.0,0.0,,-1.1238126365542698,0.1238126365542697,6.0
71400.0,714.0,0.0,,-1.1238123762322678,0.1238123762322678,6.0
71500.0,715.0,0.0,,-1.123812371704262,0.123812371704262,6.0
71600.0,716.0,0.0,,-1.1238123506507376,0.1238123506507375,6.0
71800.0,718.0,0.0,,-1.1238123490283891,0.1238123490283893,6.0
71900.0,719.0,0.0,,-1.123739248389659,0.1237392483896591,6.0
72000.0,720.0,0.0,,-1.1237208261501577,0.1237208261501576,6.0
72200.0,722.0,0.0,,-1.1237202460054103,0.1237202460054105,6.0
72400.0,724.0,0.0,,-1.1237172690413153,0.1237172690413153,6.0
72500.0,725.0,0.0,,-1.1237148185926968,0.1237148185926968,6.0
72900.0,729.0,0.0,,-1.123692088443238,0.1236920884432379,6.0
73100.0,731.0,0.0,,-1.1236920388756366,0.1236920388756366,6.0
73300.0,733.0,0.0,,-1.123689793675552,0.1236897936755521,6.0
73600.0,736.0,0.0,,-1.1236897380950492,0.1236897380950492,6.0
73700.0,737.0,0.0,,-1.123679811214889,0.1236798112148889,6.0
73900.0,739.0,0.0,,-1.123623794701597,0.123623794701597,6.0
74600.0,746.0,0.0,,-1.1236237502905098,0.1236237502905097,6.0
74700.0,747.0,0.0,,-1.1235786702864137,0.1235786702864136,6.0
74800.0,748.0,0.0,,-1.1235712041207615,0.1235712041207617,6.0
74900.0,749.0,0.0,,-1.1235525522889631,0.1235525522889631,6.0
75100.0,751.0,0.0,,-1.1235487705218408,0.1235487705218407,6.0
75300.0,753.0,0.0,,-1.1235485039322572,0.1235485039322572,6.0
75400.0,754.0,0.0,,-1.1235485011900124,0.1235485011900123,6.0
75600.0,756.0,0.0,,-1.1235484399274946,0.1235484399274946,6.0
75800.0,758.0,0.0,,-1.12354841387384,0.12354841387384,6.0
75900.0,759.0,0.0,,-1.1235483930188317,0.1235483930188316,6.0
76000.0,760.0,0.0,,-1.123513457113427,0.1235134571134271,6.0
76200.0,762.0,0.0,,-1.1235134538626794,0.1235134538626794,6.0
76400.0,764.0,0.0,,-1.123513444024088,0.1235134440240881,6.0
76500.0,765.0,0.0,,-1.1235113425887184,0.1235113425887184,6.0
76600.0,766.0,0.0,,-1.1235100282092667,0.1235100282092667,6.0
76800.0,768.0,0.0,,-1.1235064184183403,0.1235064184183405,6.0
77000.0,770.0,0.0,,-1.123505836923682,0.1235058369236821,6.0
77100.0,771.0,0.0,,-1.1235058130309798,0.1235058130309798,6.0
77200.0,772.0,0.0,,-1.1234362658660664,0.1234362658660663,6.0
77600.0,776.0,0.0,,-1.1234204450802423,0.1234204450802423,6.0
77800.0,778.0,0.0,,-1.1234204413966444,0.1234204413966444,6.0
77900.0,779.0,0.0,,-1.123388285112231,0.1233882851122309,6.0
78400.0,784.0,0.0,,-1.1232705170692323,0.1232705170692325,6.0
79000.0,790.0,0.0,,-1.1232682208592304,0.1232682208592303,6.0
79100.0,791.0,0.0,,-1.123265572159742,0.1232655721597419,6.0
79200.0,792.0,0.0,,-1.123264802068376,0.1232648020683759,6.0
79300.0,793.0,0.0,,-1.123263120728828,0.1232631207288279,6.0
79400.0,794.0,0.0,,-1.1232528159423296,0.1232528159423296,6.0
79800.0,798.0,0.0,,-1.1232471088067884,0.1232471088067883,6.0
80000.0,800.0,0.0,,-1.123245011832784,0.1232450118327841,6.0
80100.0,801.0,0.0,,-1.1232294573418165,0.1232294573418164,6.0
80200.0,802.0,0.0,,-1.1232249329777095,0.1232249329777095,6.0
80300.0,803.0,0.0,,-1.1232083273314166,0.1232083273314166,6.0
80400.0,804.0,0.0,,-1.123197701535569,0.1231977015355689,6.0
80500.0,805.0,0.0,,-1.1231781625105612,0.1231781625105612,6.0
80600.0,806.0,0.0,,-1.1231764179063612,0.1231764179063612,6.0
80700.0,807.0,0.0,,-1.1231764167517984,0.1231764167517983,6.0
81100.0,811.0,0.0,,-1.1231764157918087,0.1231764157918087,6.0
81300.0,813.0,0.0,,-1.1231763942297148,0.1231763942297148,6.0
81400.0,814.0,0.0,,-1.1231763691144596,0.1231763691144596,6.0
81700.0,817.0,0.0,,-1.1231763686901417,0.1231763686901414,6.0
81800.0,818.0,0.0,,-1.1231763683407654,0.1231763683407654,6.0
81900.0,819.0,0.0,,-1.1231763670158987,0.1231763670158987,6.0
82100.0,821.0,0.0,,-1.1231763527638092,0.1231763527638092,6.0
82400.0,824.0,0.0,,-1.1231763512574535,0.1231763512574537,6.0
82500.0,825.0,0.0,,-1.1231763503785126,0.1231763503785126,6.0
82700.0,827.0,0.0,,-1.123176349205552,0.1231763492055519,6.0
83100.0,831.0,0.0,,-1.1231763487438768,0.1231763487438768,6.0
83200.0,832.0,0.0,,-1.1231763485465331,0.1231763485465331,6.0
83800.0,838.0,0.0,,-1.1231763484644883,0.1231763484644883,6.0
84200.0,842.0,0.0,,-1.1231763483897006,0.1231763483897006,6.0
84700.0,847.0,0.0,,-1.123176348355591,0.1231763483555909,6.0
85200.0,852.0,0.0,,-1.123176348352342,0.123176348352342,6.0
85300.0,853.0,0.0,,-1.1231763483420505,0.1231763483420504,6.0
85500.0,855.0,0.0,,-1.1231763483420298,0.1231763483420298,6.0
85800.0,858.0,0.0,,-1.1231763483418653,0.1231763483418653,6.0
85900.0,859.0,0.0,,-1.123176348341117,0.123176348341117,6.0
86000.0,860.0,0.0,,-1.123176348340999,0.1231763483409991,6.0
86100.0,861.0,0.0,,-1.1231330602265477,0.1231330602265476,6.0
86200.0,862.0,0.0,,-1.123113298165468,0.1231132981654679,6.0
86400.0,864.0,0.0,,-1.1231123113452404,0.1231123113452403,6.0
86500.0,865.0,0.0,,-1.123078200443035,0.123078200443035,6.0
86600.0,866.0,0.0,,-1.123078193397188,0.123078193397188,6.0
86700.0,867.0,0.0,,-1.123077188140737,0.123077188140737,6.0
86800.0,868.0,0.0,,-1.1230766935010286,0.1230766935010285,6.0
86900.0,869.0,0.0,,-1.1230758072003597,0.1230758072003594,6.0
87300.0,873.0,0.0,,-1.123039698668863,0.1230396986688631,6.0
87500.0,875.0,0.0,,-1.1230300291662183,0.1230300291662185,6.0
87900.0,879.0,0.0,,-1.1230292127345622,0.1230292127345622,6.0
88000.0,880.0,0.0,,-1.1230290996132624,0.1230290996132623,6.0
88100.0,881.0,0.0,,-1.1230272095384777,0.1230272095384776,6.0
88200.0,882.0,0.0,,-1.1230264127638123,0.1230264127638123,6.0
88300.0,883.0,0.0,,-1.1230262141172895,0.1230262141172895,6.0
88400.0,884.0,0.0,,-1.1230260502568663,0.1230260502568663,6.0
88500.0,885.0,0.0,,-1.1230260473951506,0.1230260473951505,6.0
88600.0,886.0,0.0,,-1.123026041153946,0.1230260411539461,6.0
88800.0,888.0,0.0,,-1.123025134422189,0.1230251344221891,6.0
89400.0,894.0,0.0,,-1.1230251287959196,0.1230251287959196,6.0
89700.0,897.0,0.0,,-1.1230250589645565,0.1230250589645562,6.0
90000.0,900.0,0.0,,-1.1230250589399071,0.1230250589399071,6.0
90500.0,905.0,0.0,,-1.1230250500152608,0.1230250500152607,6.0
90700.0,907.0,0.0,,-1.1230182660431935,0.1230182660431935,6.0
90900.0,909.0,0.0,,-1.122936840120346,0.1229368401203461,6.0
91000.0,910.0,0.0,,-1.1228298754822432,0.1228298754822432,6.0
91300.0,913.0,0.0,,-1.122818810700957,0.1228188107009569,6.0
91400.0,914.0,0.0,,-1.122818728887037,0.122818728887037,6.0
91600.0,916.0,0.0,,-1.1228184727263828,0.1228184727263828,6.0
91800.0,918.0,0.0,,-1.1227975344295658,0.1227975344295657,6.0
92000.0,920.0,0.0,,-1.1227975284966627,0.1227975284966627,6.0
92100.0,921.0,0.0,,-1.1227887007972177,0.1227887007972174,6.0
92200.0,922.0,0.0,,-1.122779803268678,0.1227798032686779,6.0
92500.0,925.0,0.0,,-1.1227792570965474,0.1227792570965473,6.0
92800.0,928.0,0.0,,-1.1227791200775936,0.1227791200775936,6.0
92900.0,929.0,0.0,,-1.12277901556411,0.1227790155641099,6.0
93300.0,933.0,0.0,,-1.122778761567767,0.1227787615677669,6.0
93400.0,934.0,0.0,,-1.122778743737025,0.1227787437370249,6.0
93600.0,936.0,0.0,,-1.1227786558579484,0.1227786558579484,6.0
93700.0,937.0,0.0,,-1.1227750982221714,0.1227750982221713,6.0
93800.0,938.0,0.0,,-1.1227582835342285,0.1227582835342284,6.0
93900.0,939.0,0.0,,-1.1227582176710147,0.1227582176710146,6.0
94000.0,940.0,0.0,,-1.1227580450882897,0.1227580450882894,6.0
94100.0,941.0,0.0,,-1.122758030109248,0.1227580301092481,6.0
94200.0,942.0,0.0,,-1.1227267349604584,0.1227267349604583,6.0
94300.0,943.0,0.0,,-1.1226852327694097,0.1226852327694094,6.0
94400.0,944.0,0.0,,-1.1226837827998328,0.1226837827998328,6.0
94900.0,949.0,0.0,,-1.1226836511599487,0.1226836511599487,6.0
95100.0,951.0,0.0,,-1.1226836080174174,0.1226836080174174,6.0
95400.0,954.0,0.0,,-1.1226834516055306,0.1226834516055306,6.0
95900.0,959.0,0.0,,-1.1226834457479862,0.1226834457479861,6.0
96000.0,960.0,0.0,,-1.1226834421718044,0.1226834421718043,6.0
96100.0,961.0,0.0,,-1.122683433323253,0.1226834333232529,6.0
96600.0,966.0,0.0,,-1.1226834231628204,0.1226834231628204,6.0
96700.0,967.0,0.0,,-1.122683421907246,0.1226834219072459,6.0
96800.0,968.0,0.0,,-1.1226834218827295,0.1226834218827295,6.0
96900.0,969.0,0.0,,-1.1226834209434997,0.1226834209434994,6.0
97000.0,970.0,0.0,,-1.122683420510121,0.122683420510121,6.0
97400.0,974.0,0.0,,-1.1226834202728848,0.1226834202728848,6.0
97500.0,975.0,0.0,,-1.1226834199367406,0.1226834199367405,6.0
97600.0,976.0,0.0,,-1.1226834196632007,0.1226834196632007,6.0
97800.0,978.0,0.0,,-1.1226834193585224,0.1226834193585224,6.0
97900.0,979.0,0.0,,-1.1226834193459945,0.1226834193459944,6.0
98000.0,980.0,0.0,,-1.1226834190584405,0.1226834190584404,6.0
98100.0,981.0,0.0,,-1.1226834190087218,0.1226834190087218,6.0
98200.0,982.0,0.0,,-1.1226834189462138,0.1226834189462138,6.0
98300.0,983.0,0.0,,-1.122683418907244,0.1226834189072438,6.0
98400.0,984.0,0.0,,-1.1226834188985766,0.1226834188985765,6.0
98500.0,985.0,0.0,,-1.1226834188949657,0.1226834188949657,6.0
98800.0,988.0,0.0,,-1.1226834188944554,0.1226834188944554,6.0
98900.0,989.0,0.0,,-1.12268341889363,0.1226834188936298,6.0
99100.0,991.0,0.0,,-1.1226834188933146,0.1226834188933145,6.0
99200.0,992.0,0.0,,-1.1226834188920056,0.1226834188920056,6.0
99400.0,994.0,0.0,,-1.1226834188918946,0.1226834188918946,6.0
99800.0,998.0,0.0,,-1.122683418891821,0.1226834188918211,6.0
100100.0,1001.0,0.0,,-1.122683418891817,0.1226834188918173,6.0
100200.0,1002.0,0.0,,-1.1226834188917871,0.1226834188917871,6.0
100300.0,1003.0,0.0,,-1.1226834188917836,0.1226834188917835,6.0
100400.0,1004.0,0.0,,-1.1226834188917827,0.1226834188917826,6.0
100800.0,1008.0,0.0,,-1.1226834188917802,0.1226834188917802,6.0
101000.0,1010.0,0.0,,-1.12268341889178,0.12268341889178,6.0
101100.0,1011.0,0.0,,-1.12268341889175,0.12268341889175,6.0
102100.0,1021.0,0.0,,-1.1209190610138366,0.1209190610138366,6.0
102200.0,1022.0,0.0,,-1.1066443433928068,0.1066443433928068,6.0
102500.0,1025.0,0.0,,-1.0995305649082014,0.0995305649082014,6.0
102900.0,1029.0,0.0,,-1.098164478781224,0.0981644787812241,6.0
103000.0,1030.0,0.0,,-1.0981430266311432,0.0981430266311431,6.0
103100.0,1031.0,0.0,,-1.0981045042308888,0.0981045042308887,6.0
103300.0,1033.0,0.0,,-1.0981025866104062,0.0981025866104061,6.0
103500.0,1035.0,0.0,,-1.0980977140513712,0.0980977140513712,6.0
103700.0,1037.0,0.0,,-1.0980942150297477,0.0980942150297474,6.0
103800.0,1038.0,0.0,,-1.0980908597767134,0.0980908597767133,6.0
104000.0,1040.0,0.0,,-1.0979837940937294,0.0979837940937293,6.0
104100.0,1041.0,0.0,,-1.0903319931260205,0.0903319931260204,6.0
104700.0,1047.0,0.0,,-1.089188299031713,0.0891882990317129,6.0
105200.0,1052.0,0.0,,-1.0880457864710418,0.0880457864710417,6.0
105300.0,1053.0,0.0,,-1.0877250741377211,0.0877250741377213,6.0
105500.0,1055.0,0.0,,-1.0876621563422206,0.0876621563422206,6.0
105600.0,1056.0,0.0,,-1.0875838704229202,0.0875838704229201,6.0
105700.0,1057.0,0.0,,-1.0874391426268106,0.0874391426268106,6.0
105900.0,1059.0,0.0,,-1.0874312175749672,0.0874312175749671,6.0
106000.0,1060.0,0.0,,-1.0874180080183904,0.0874180080183903,6.0
106100.0,1061.0,0.0,,-1.087411668431618,0.0874116684316179,6.0
106500.0,1065.0,0.0,,-1.0874097800789353,0.0874097800789353,6.0
106700.0,1067.0,0.0,,-1.0873553353644698,0.0873553353644698,6.0
107500.0,1075.0,0.0,,-1.087282593618305,0.087282593618305,6.0
107600.0,1076.0,0.0,,-1.0872813488807684,0.0872813488807684,6.0
107700.0,1077.0,0.0,,-1.0870822905024171,0.0870822905024173,6.0
107900.0,1079.0,0.0,,-1.087079654949887,0.0870796549498866,6.0
108300.0,1083.0,0.0,,-1.0870787381268696,0.0870787381268696,6.0
108800.0,1088.0,0.0,,-1.0870781592924568,0.0870781592924567,6.0
109000.0,1090.0,0.0,,-1.087077663537827,0.0870776635378269,6.0
109100.0,1091.0,0.0,,-1.0870766206406663,0.0870766206406663,6.0
109200.0,1092.0,0.0,,-1.0870765858434162,0.0870765858434161,6.0
109300.0,1093.0,0.0,,-1.0870762731064931,0.0870762731064931,6.0
109400.0,1094.0,0.0,,-1.08707591875852,0.0870759187585199,6.0
109500.0,1095.0,0.0,,-1.087075813352522,0.087075813352522,6.0
109800.0,1098.0,0.0,,-1.0870757931440431,0.0870757931440433,6.0
110100.0,1101.0,0.0,,-1.0870752427643675,0.0870752427643677,6.0
110200.0,1102.0,0.0,,-1.0870751293919674,0.0870751293919673,6.0
110300.0,1103.0,0.0,,-1.087075097971536,0.087075097971536,6.0
110400.0,1104.0,0.0,,-1.0870747992071397,0.0870747992071394,6.0
110500.0,1105.0,0.0,,-1.087031529601454,0.0870315296014538,6.0
110600.0,1106.0,0.0,,-1.087027712362612,0.0870277123626119,6.0
110800.0,1108.0,0.0,,-1.0870263371225724,0.0870263371225723,6.0
110900.0,1109.0,0.0,,-1.0870159768439602,0.0870159768439602,6.0
111100.0,1111.0,0.0,,-1.0870121750953317,0.0870121750953316,6.0
111300.0,1113.0,0.0,,-1.0870120724764083,0.0870120724764085,6.0
111400.0,1114.0,0.0,,-1.0869290666533562,0.0869290666533562,6.0
111700.0,1117.0,0.0,,-1.086928962732017,0.0869289627320168,6.0
111800.0,1118.0,0.0,,-1.08692871821738,0.0869287182173799,6.0
112100.0,1121.0,0.0,,-1.0869286976807184,0.0869286976807184,6.0
112200.0,1122.0,0.0,,-1.0869280841442084,0.0869280841442083,6.0
112400.0,1124.0,0.0,,-1.0869280806963235,0.0869280806963237,6.0
112600.0,1126.0,0.0,,-1.0868843663713792,0.0868843663713792,6.0
112800.0,1128.0,0.0,,-1.086879106325327,0.0868791063253269,6.0
112900.0,1129.0,0.0,,-1.086878864395093,0.086878864395093,6.0
113100.0,1131.0,0.0,,-1.0868717264628889,0.0868717264628888,6.0
113200.0,1132.0,0.0,,-1.0868691798085606,0.0868691798085605,6.0
113300.0,1133.0,0.0,,-1.0868660248084008,0.0868660248084007,6.0
113400.0,1134.0,0.0,,-1.0868030031535378,0.0868030031535378,6.0
113500.0,1135.0,0.0,,-1.0867979327357649,0.0867979327357648,6.0
113600.0,1136.0,0.0,,-1.086797728368419,0.0867977283684189,6.0
113700.0,1137.0,0.0,,-1.0867974978215815,0.0867974978215817,6.0
113800.0,1138.0,0.0,,-1.086797297665684,0.0867972976656841,6.0
113900.0,1139.0,0.0,,-1.086784683669341,0.0867846836693408,6.0
114100.0,1141.0,0.0,,-1.086776007252784,0.0867760072527841,6.0
114300.0,1143.0,0.0,,-1.0867727305868289,0.0867727305868288,6.0
114500.0,1145.0,0.0,,-1.0867629122943567,0.0867629122943567,6.0
114600.0,1146.0,0.0,,-1.0867559104923257,0.0867559104923256,6.0
114700.0,1147.0,0.0,,-1.0867530941815695,0.0867530941815697,6.0
114800.0,1148.0,0.0,,-1.086753050307887,0.086753050307887,6.0
114900.0,1149.0,0.0,,-1.0867496313855514,0.0867496313855513,6.0
115200.0,1152.0,0.0,,-1.086749534411679,0.0867495344116791,6.0
115300.0,1153.0,0.0,,-1.0867434463241763,0.0867434463241765,6.0
115700.0,1157.0,0.0,,-1.0866537143371724,0.0866537143371724,6.0
115800.0,1158.0,0.0,,-1.0866519558590388,0.0866519558590388,6.0
116100.0,1161.0,0.0,,-1.0866517298302594,0.0866517298302593,6.0
116300.0,1163.0,0.0,,-1.0866500995734154,0.0866500995734154,6.0
116400.0,1164.0,0.0,,-1.0866420914074384,0.0866420914074383,6.0
116500.0,1165.0,0.0,,-1.0866298437792,0.0866298437792001,6.0
116600.0,1166.0,0.0,,-1.0866297438165595,0.0866297438165595,6.0
116700.0,1167.0,0.0,,-1.0866289512320395,0.0866289512320395,6.0
116800.0,1168.0,0.0,,-1.0866289156469504,0.0866289156469504,6.0
116900.0,1169.0,0.0,,-1.0866263983428577,0.0866263983428574,6.0
117000.0,1170.0,0.0,,-1.086626103410694,0.0866261034106938,6.0
117100.0,1171.0,0.0,,-1.086616369678524,0.086616369678524,6.0
117700.0,1177.0,0.0,,-1.0866152894571373,0.0866152894571372,6.0
117800.0,1178.0,0.0,,-1.0866149930894564,0.0866149930894564,6.0
118000.0,1180.0,0.0,,-1.0866072617835116,0.0866072617835116,6.0
118100.0,1181.0,0.0,,-1.08660724931968,0.0866072493196801,6.0
118200.0,1182.0,0.0,,-1.0866071082989708,0.0866071082989707,6.0
118300.0,1183.0,0.0,,-1.0865925445196825,0.0865925445196824,6.0
118600.0,1186.0,0.0,,-1.086591767778072,0.086591767778072,6.0
118900.0,1189.0,0.0,,-1.0865825971793242,0.0865825971793241,6.0
119100.0,1191.0,0.0,,-1.0865824433905154,0.0865824433905153,6.0
119300.0,1193.0,0.0,,-1.0865818588168858,0.0865818588168858,6.0
119500.0,1195.0,0.0,,-1.0865818575329067,0.0865818575329067,6.0
119600.0,1196.0,0.0,,-1.086581721699325,0.0865817216993249,6.0
119900.0,1199.0,0.0,,-1.086581410723046,0.086581410723046,6.0
120100.0,1201.0,0.0,,-1.0865708825050666,0.0865708825050666,6.0
120300.0,1203.0,0.0,,-1.086569461267256,0.086569461267256,6.0
120500.0,1205.0,0.0,,-1.0865694612668206,0.0865694612668206,6.0
120600.0,1206.0,0.0,,-1.0865692505091624,0.0865692505091624,6.0
120700.0,1207.0,0.0,,-1.086568772429095,0.0865687724290953,6.0
120800.0,1208.0,0.0,,-1.0865687608409478,0.0865687608409477,6.0
120900.0,1209.0,0.0,,-1.0865684998835703,0.0865684998835705,6.0
121000.0,1210.0,0.0,,-1.0865669075320687,0.0865669075320687,6.0
121300.0,1213.0,0.0,,-1.0865610728679314,0.0865610728679313,6.0
121500.0,1215.0,0.0,,-1.0865608981239807,0.0865608981239807,6.0
121600.0,1216.0,0.0,,-1.0865607891670137,0.0865607891670134,6.0
121700.0,1217.0,0.0,,-1.0865604168612495,0.0865604168612497,6.0
121800.0,1218.0,0.0,,-1.0865580865212623,0.0865580865212625,6.0
122000.0,1220.0,0.0,,-1.086556290795064,0.0865562907950638,6.0
122500.0,1225.0,0.0,,-1.0865370570805333,0.0865370570805332,6.0
122900.0,1229.0,0.0,,-1.0865369718115474,0.0865369718115474,6.0
123100.0,1231.0,0.0,,-1.0865367260143202,0.0865367260143201,6.0
123200.0,1232.0,0.0,,-1.0865322578009575,0.0865322578009577,6.0
123300.0,1233.0,0.0,,-1.086519421625305,0.0865194216253046,6.0
123600.0,1236.0,0.0,,-1.0865165279745292,0.0865165279745292,6.0
123700.0,1237.0,0.0,,-1.086516135760921,0.0865161357609209,6.0
124000.0,1240.0,0.0,,-1.0865158635925098,0.0865158635925098,6.0
124100.0,1241.0,0.0,,-1.0865071801786776,0.0865071801786776,6.0
124200.0,1242.0,0.0,,-1.0865071801716149,0.0865071801716148,6.0
124300.0,1243.0,0.0,,-1.086507086617657,0.0865070866176569,6.0
124700.0,1247.0,0.0,,-1.0865070860803152,0.0865070860803152,6.0
125000.0,1250.0,0.0,,-1.0865070860801285,0.0865070860801284,6.0
125100.0,1251.0,0.0,,-1.0865070860332406,0.0865070860332406,6.0
125500.0,1255.0,0.0,,-1.0865070850594012,0.0865070850594011,6.0
125600.0,1256.0,0.0,,-1.0865070809528583,0.0865070809528585,6.0
126000.0,1260.0,0.0,,-1.0865070809201298,0.0865070809201298,6.0
126300.0,1263.0,0.0,,-1.086507080821978,0.0865070808219778,6.0
126400.0,1264.0,0.0,,-1.0865070808071338,0.0865070808071337,6.0
126700.0,1267.0,0.0,,-1.0865070808068993,0.0865070808068992,6.0
126800.0,1268.0,0.0,,-1.0865070807854174,0.0865070807854173,6.0
127000.0,1270.0,0.0,,-1.0865070807570392,0.0865070807570391,6.0
127300.0,1273.0,0.0,,-1.0865070807566737,0.0865070807566734,6.0
127600.0,1276.0,0.0,,-1.086507080754467,0.086507080754467,6.0
128500.0,1285.0,0.0,,-1.086507080754159,0.086507080754159,6.0
128600.0,1286.0,0.0,,-1.0865063918729998,0.0865063918729998,6.0
128900.0,1289.0,0.0,,-1.0865031953813575,0.0865031953813575,6.0
129100.0,1291.0,0.0,,-1.0864847362217511,0.0864847362217513,6.0
129200.0,1292.0,0.0,,-1.0864843586104196,0.0864843586104195,6.0
129300.0,1293.0,0.0,,-1.086443112823536,0.0864431128235359,6.0
129600.0,1296.0,0.0,,-1.0863397022817671,0.0863397022817671,6.0
129700.0,1297.0,0.0,,-1.0863395489052303,0.0863395489052303,6.0
129800.0,1298.0,0.0,,-1.0863309983647509,0.0863309983647506,6.0
130300.0,1303.0,0.0,,-1.0863308708087054,0.0863308708087053,6.0
130500.0,1305.0,0.0,,-1.0863176885314505,0.0863176885314502,6.0
130600.0,1306.0,0.0,,-1.086310142593072,0.0863101425930719,6.0
130700.0,1307.0,0.0,,-1.0863066252900473,0.0863066252900472,6.0
130800.0,1308.0,0.0,,-1.0862735997180812,0.0862735997180812,6.0
130900.0,1309.0,0.0,,-1.0862735935275265,0.0862735935275265,6.0
131100.0,1311.0,0.0,,-1.086273576920631,0.0862735769206313,6.0
131200.0,1312.0,0.0,,-1.0862730034860797,0.0862730034860796,6.0
131300.0,1313.0,0.0,,-1.086273002268149,0.086273002268149,6.0
131900.0,1319.0,0.0,,-1.0862729928540658,0.0862729928540657,6.0
132000.0,1320.0,0.0,,-1.0862729828978592,0.0862729828978592,6.0
132200.0,1322.0,0.0,,-1.0862729769850212,0.0862729769850212,6.0
132500.0,1325.0,0.0,,-1.086272974998172,0.0862729749981718,6.0
132600.0,1326.0,0.0,,-1.0862729749937416,0.0862729749937416,6.0
132800.0,1328.0,0.0,,-1.086272974982418,0.086272974982418,6.0
133200.0,1332.0,0.0,,-1.086272974893742,0.086272974893742,6.0
133300.0,1333.0,0.0,,-1.0862729748441544,0.0862729748441544,6.0
133400.0,1334.0,0.0,,-1.086240418116875,0.086240418116875,6.0
133700.0,1337.0,0.0,,-1.0862399423072258,0.0862399423072257,6.0
133800.0,1338.0,0.0,,-1.0862347506403955,0.0862347506403955,6.0
133900.0,1339.0,0.0,,-1.0862321909022683,0.0862321909022683,6.0
134100.0,1341.0,0.0,,-1.0862318856152402,0.0862318856152402,6.0
134200.0,1342.0,0.0,,-1.0862313312998235,0.0862313312998237,6.0
134300.0,1343.0,0.0,,-1.086226574315218,0.0862265743152179,6.0
134600.0,1346.0,0.0,,-1.0862265668824818,0.0862265668824817,6.0
134700.0,1347.0,0.0,,-1.0862264025700563,0.0862264025700565,6.0
134800.0,1348.0,0.0,,-1.0860674231640377,0.0860674231640374,6.0
135400.0,1354.0,0.0,,-1.086066553415057,0.086066553415057,6.0
135800.0,1358.0,0.0,,-1.0860664671743745,0.0860664671743742,6.0
135900.0,1359.0,0.0,,-1.0860660369996928,0.0860660369996928,6.0
136000.0,1360.0,0.0,,-1.0860657323502163,0.0860657323502165,6.0
136100.0,1361.0,0.0,,-1.0859161798145482,0.0859161798145482,6.0
136200.0,1362.0,0.0,,-1.085796552382321,0.0857965523823209,6.0
136400.0,1364.0,0.0,,-1.085703096024521,0.085703096024521,6.0
136600.0,1366.0,0.0,,-1.085672518960649,0.085672518960649,6.0
136700.0,1367.0,0.0,,-1.0856445587325716,0.0856445587325716,6.0
136800.0,1368.0,0.0,,-1.085644092509069,0.0856440925090686,6.0
137000.0,1370.0,0.0,,-1.0856377050448904,0.0856377050448904,6.0
137400.0,1374.0,0.0,,-1.0856367833076737,0.0856367833076736,6.0
137700.0,1377.0,0.0,,-1.0856361993091572,0.0856361993091572,6.0
137800.0,1378.0,0.0,,-1.085568386762109,0.0855683867621093,6.0
137900.0,1379.0,0.0,,-1.085562922764577,0.0855629227645771,6.0
138000.0,1380.0,0.0,,-1.085450431611356,0.085450431611356,6.0
138200.0,1382.0,0.0,,-1.0854484730494882,0.0854484730494882,6.0
138600.0,1386.0,0.0,,-1.0854484673176392,0.0854484673176392,6.0
139100.0,1391.0,0.0,,-1.0854443647177598,0.0854443647177598,6.0
140000.0,1400.0,0.0,,-1.085444357083189,0.085444357083189,6.0
140400.0,1404.0,0.0,,-1.085444348249455,0.0854443482494546,6.0
140500.0,1405.0,0.0,,-1.0854443457090648,0.0854443457090647,6.0
140600.0,1406.0,0.0,,-1.085444344895372,0.0854443448953719,6.0
140800.0,1408.0,0.0,,-1.085444343092566,0.0854443430925659,6.0
141100.0,1411.0,0.0,,-1.0853927739584954,0.0853927739584954,6.0
141300.0,1413.0,0.0,,-1.085392197088524,0.085392197088524,6.0
141400.0,1414.0,0.0,,-1.0853921341419617,0.0853921341419616,6.0
141700.0,1417.0,0.0,,-1.0853921310987875,0.0853921310987875,6.0
141800.0,1418.0,0.0,,-1.08538684083237,0.0853868408323701,6.0
142000.0,1420.0,0.0,,-1.0853867984290608,0.0853867984290608,6.0
142100.0,1421.0,0.0,,-1.08538583480647,0.08538583480647,6.0
142200.0,1422.0,0.0,,-1.085385669529199,0.085385669529199,6.0
142300.0,1423.0,0.0,,-1.085385669446857,0.0853856694468573,6.0
142400.0,1424.0,0.0,,-1.0853846256181086,0.0853846256181085,6.0
142500.0,1425.0,0.0,,-1.0853844862214426,0.0853844862214425,6.0
142900.0,1429.0,0.0,,-1.0853843748353025,0.0853843748353024,6.0
143000.0,1430.0,0.0,,-1.0853843563448318,0.0853843563448317,6.0
143100.0,1431.0,0.0,,-1.0853839898608943,0.0853839898608943,6.0
143500.0,1435.0,0.0,,-1.0853839819961246,0.0853839819961246,6.0
143600.0,1436.0,0.0,,-1.0853836301385749,0.0853836301385748,6.0
143900.0,1439.0,0.0,,-1.0853835158258054,0.0853835158258053,6.0
144000.0,1440.0,0.0,,-1.0853834186579516,0.0853834186579516,6.0
144100.0,1441.0,0.0,,-1.085383333388989,0.085383333388989,6.0
144300.0,1443.0,0.0,,-1.0853832510407688,0.0853832510407688,6.0
144400.0,1444.0,0.0,,-1.0853826756786042,0.0853826756786042,6.0
144600.0,1446.0,0.0,,-1.0853821408303508,0.0853821408303507,6.0
144900.0,1449.0,0.0,,-1.085381903187194,0.0853819031871938,6.0
145000.0,1450.0,0.0,,-1.0853815587230662,0.0853815587230661,6.0
145100.0,1451.0,0.0,,-1.0853808371017537,0.0853808371017534,6.0
145200.0,1452.0,0.0,,-1.085377069716973,0.0853770697169729,6.0
145400.0,1454.0,0.0,,-1.0853766493948358,0.0853766493948358,6.0
145500.0,1455.0,0.0,,-1.085376490031837,0.085376490031837,6.0
145600.0,1456.0,0.0,,-1.0853764740428589,0.0853764740428588,6.0
145800.0,1458.0,0.0,,-1.0853762812363348,0.0853762812363347,6.0
145900.0,1459.0,0.0,,-1.0853760947371156,0.0853760947371156,6.0
146000.0,1460.0,0.0,,-1.0853760921022708,0.0853760921022708,6.0
146200.0,1462.0,0.0,,-1.0853760770334295,0.0853760770334295,6.0
146300.0,1463.0,0.0,,-1.085376004263813,0.0853760042638129,6.0
146400.0,1464.0,0.0,,-1.0853759966927992,0.0853759966927991,6.0
146700.0,1467.0,0.0,,-1.0853759910604828,0.0853759910604827,6.0
146800.0,1468.0,0.0,,-1.0853759694338727,0.0853759694338727,6.0
146900.0,1469.0,0.0,,-1.0853759688345788,0.0853759688345787,6.0
147000.0,1470.0,0.0,,-1.08537575615605,0.0853757561560499,6.0
147100.0,1471.0,0.0,,-1.0853757048954618,0.0853757048954617,6.0
147300.0,1473.0,0.0,,-1.085375703203996,0.0853757032039961,6.0
147400.0,1474.0,0.0,,-1.0853756242092285,0.0853756242092285,6.0
147600.0,1476.0,0.0,,-1.0853756203646845,0.0853756203646844,6.0
147800.0,1478.0,0.0,,-1.0853411966488202,0.0853411966488202,6.0
148000.0,1480.0,0.0,,-1.0853406381201542,0.0853406381201542,6.0
148100.0,1481.0,0.0,,-1.0853402952178557,0.0853402952178556,6.0
148400.0,1484.0,0.0,,-1.085323349136264,0.0853233491362639,6.0
149100.0,1491.0,0.0,,-1.0853106887407595,0.0853106887407595,6.0
149200.0,1492.0,0.0,,-1.0853065450970814,0.0853065450970813,6.0
149400.0,1494.0,0.0,,-1.0853065244770408,0.0853065244770407,6.0
149500.0,1495.0,0.0,,-1.0853065171302736,0.0853065171302736,6.0
149600.0,1496.0,0.0,,-1.0853061564649638,0.0853061564649637,6.0
149700.0,1497.0,0.0,,-1.0853056684559057,0.0853056684559057,6.0
149800.0,1498.0,0.0,,-1.0852717872469448,0.0852717872469448,6.0
150300.0,1503.0,0.0,,-1.0852717472068836,0.0852717472068835,6.0
150600.0,1506.0,0.0,,-1.085271666637542,0.0852716666375419,6.0
150700.0,1507.0,0.0,,-1.0852715068660024,0.0852715068660023,6.0
151100.0,1511.0,0.0,,-1.0852715061925682,0.0852715061925681,6.0
151600.0,1516.0,0.0,,-1.0852120476371363,0.0852120476371363,6.0
152200.0,1522.0,0.0,,-1.085211528147073,0.0852115281470728,6.0
152300.0,1523.0,0.0,,-1.0852077639514406,0.0852077639514405,6.0
152400.0,1524.0,0.0,,-1.0852074484755796,0.0852074484755796,6.0
152500.0,1525.0,0.0,,-1.085206809256183,0.085206809256183,6.0
152600.0,1526.0,0.0,,-1.0852037680988604,0.0852037680988604,6.0
152900.0,1529.0,0.0,,-1.0852032557439042,0.0852032557439042,6.0
153000.0,1530.0,0.0,,-1.085203177381893,0.0852031773818933,6.0
153100.0,1531.0,0.0,,-1.0852029410460906,0.0852029410460906,6.0
153200.0,1532.0,0.0,,-1.0852029098633094,0.0852029098633093,6.0
153300.0,1533.0,0.0,,-1.0852027950297898,0.0852027950297897,6.0
153500.0,1535.0,0.0,,-1.0852027536522306,0.0852027536522306,6.0
153700.0,1537.0,0.0,,-1.085202673709475,0.0852026737094753,6.0
153800.0,1538.0,0.0,,-1.0852026426042858,0.0852026426042857,6.0
153900.0,1539.0,0.0,,-1.085202516063584,0.0852025160635838,6.0
154000.0,1540.0,0.0,,-1.085201837428826,0.0852018374288261,6.0
154100.0,1541.0,0.0,,-1.085201830923992,0.0852018309239919,6.0
154200.0,1542.0,0.0,,-1.08520183006244,0.0852018300624399,6.0
154300.0,1543.0,0.0,,-1.0852016138707743,0.0852016138707745,6.0
154500.0,1545.0,0.0,,-1.0852015985946797,0.0852015985946794,6.0
154600.0,1546.0,0.0,,-1.08520146780837,0.0852014678083701,6.0
154700.0,1547.0,0.0,,-1.085201466909676,0.0852014669096759,6.0
154800.0,1548.0,0.0,,-1.085201462815253,0.0852014628152533,6.0
154900.0,1549.0,0.0,,-1.0852007958338172,0.0852007958338172,6.0
155200.0,1552.0,0.0,,-1.085200752143601,0.0852007521436006,6.0
155400.0,1554.0,0.0,,-1.0852007471219882,0.0852007471219882,6.0
155500.0,1555.0,0.0,,-1.0852007396029806,0.0852007396029805,6.0
155800.0,1558.0,0.0,,-1.0852005075206166,0.0852005075206165,6.0
155900.0,1559.0,0.0,,-1.0852004995358218,0.0852004995358217,6.0
156100.0,1561.0,0.0,,-1.0852004970393851,0.0852004970393851,6.0
156300.0,1563.0,0.0,,-1.0852004962017352,0.0852004962017352,6.0
156400.0,1564.0,0.0,,-1.085200479518054,0.0852004795180538,6.0
156500.0,1565.0,0.0,,-1.0851982489029892,0.0851982489029892,6.0
156600.0,1566.0,0.0,,-1.085198106251227,0.085198106251227,6.0
156700.0,1567.0,0.0,,-1.0851981060315017,0.0851981060315014,6.0
156800.0,1568.0,0.0,,-1.0851981036011524,0.0851981036011524,6.0
157000.0,1570.0,0.0,,-1.0851980244468589,0.0851980244468588,6.0
157200.0,1572.0,0.0,,-1.085197945173758,0.0851979451737579,6.0
157300.0,1573.0,0.0,,-1.0851734391814452,0.0851734391814451,6.0
157400.0,1574.0,0.0,,-1.085173439113005,0.085173439113005,6.0
157600.0,1576.0,0.0,,-1.0851733012498763,0.0851733012498765,6.0
157800.0,1578.0,0.0,,-1.085173142317548,0.0851731423175481,6.0
157900.0,1579.0,0.0,,-1.0851731374441993,0.0851731374441993,6.0
158400.0,1584.0,0.0,,-1.085173128424219,0.0851731284242189,6.0
158600.0,1586.0,0.0,,-1.0851591035796295,0.0851591035796297,6.0
158700.0,1587.0,0.0,,-1.0851591028356506,0.0851591028356506,6.0
159000.0,1590.0,0.0,,-1.0851590207643862,0.0851590207643862,6.0
159100.0,1591.0,0.0,,-1.0851590107640865,0.0851590107640862,6.0
159200.0,1592.0,0.0,,-1.0851588736141753,0.0851588736141752,6.0
159300.0,1593.0,0.0,,-1.0851587512202252,0.0851587512202252,6.0
159500.0,1595.0,0.0,,-1.0851587460748875,0.0851587460748874,6.0
159700.0,1597.0,0.0,,-1.0851587459551748,0.0851587459551748,6.0
159800.0,1598.0,0.0,,-1.0851587378887042,0.0851587378887042,6.0
160000.0,1600.0,0.0,,-1.085158464939291,0.0851584649392909,6.0
160400.0,1604.0,0.0,,-1.085158380614884,0.0851583806148839,6.0
160600.0,1606.0,0.0,,-1.0851583545984165,0.0851583545984164,6.0
160800.0,1608.0,0.0,,-1.085158346271295,0.085158346271295,6.0
160900.0,1609.0,0.0,,-1.0851583355901318,0.0851583355901317,6.0
161100.0,1611.0,0.0,,-1.0851583228188584,0.0851583228188583,6.0
161300.0,1613.0,0.0,,-1.0851583221770824,0.0851583221770824,6.0
161400.0,1614.0,0.0,,-1.0851583201250252,0.0851583201250252,6.0
161500.0,1615.0,0.0,,-1.0851581491701106,0.0851581491701105,6.0
161600.0,1616.0,0.0,,-1.0851581442901683,0.0851581442901683,6.0
161700.0,1617.0,0.0,,-1.085158126396509,0.0851581263965091,6.0
161800.0,1618.0,0.0,,-1.085158100753339,0.085158100753339,6.0
161900.0,1619.0,0.0,,-1.085158100649848,0.085158100649848,6.0
162000.0,1620.0,0.0,,-1.085158100386746,0.0851581003867458,6.0
162100.0,1621.0,0.0,,-1.0851580864763752,0.0851580864763752,6.0
162200.0,1622.0,0.0,,-1.085157758107893,0.085157758107893,6.0
162300.0,1623.0,0.0,,-1.0851572978952628,0.0851572978952628,6.0
162500.0,1625.0,0.0,,-1.0851566835210504,0.0851566835210504,6.0
162800.0,1628.0,0.0,,-1.085153471196387,0.085153471196387,6.0
163000.0,1630.0,0.0,,-1.0851534707210386,0.0851534707210386,6.0
163100.0,1631.0,0.0,,-1.0851525397313249,0.0851525397313248,6.0
163300.0,1633.0,0.0,,-1.0851522419014772,0.0851522419014771,6.0
163400.0,1634.0,0.0,,-1.0851513967547386,0.0851513967547386,6.0
163500.0,1635.0,0.0,,-1.0851511109713314,0.0851511109713314,6.0
163600.0,1636.0,0.0,,-1.0851510476963138,0.0851510476963137,6.0
163900.0,1639.0,0.0,,-1.085150941859375,0.085150941859375,6.0
164100.0,1641.0,0.0,,-1.0851509246509548,0.0851509246509547,6.0
164300.0,1643.0,0.0,,-1.085150899059566,0.0851508990595659,6.0
164400.0,1644.0,0.0,,-1.0851508541661532,0.0851508541661532,6.0
164500.0,1645.0,0.0,,-1.085150848825056,0.085150848825056,6.0
164600.0,1646.0,0.0,,-1.0851508304264668,0.0851508304264667,6.0
164700.0,1647.0,0.0,,-1.085145551278357,0.0851455512783569,6.0
164800.0,1648.0,0.0,,-1.08514554686966,0.08514554686966,6.0
164900.0,1649.0,0.0,,-1.0851455143615956,0.0851455143615955,6.0
165000.0,1650.0,0.0,,-1.0851454936034826,0.0851454936034825,6.0
165100.0,1651.0,0.0,,-1.0851451939149028,0.0851451939149028,6.0
165200.0,1652.0,0.0,,-1.0851451872547224,0.0851451872547224,6.0
165300.0,1653.0,0.0,,-1.0851449041680177,0.0851449041680174,6.0
165400.0,1654.0,0.0,,-1.085144881063809,0.0851448810638089,6.0
165500.0,1655.0,0.0,,-1.0851347381334395,0.0851347381334397,6.0
165800.0,1658.0,0.0,,-1.0851339150492665,0.0851339150492662,6.0
166000.0,1660.0,0.0,,-1.0851338957671908,0.0851338957671907,6.0
166200.0,1662.0,0.0,,-1.0851336424866047,0.0851336424866047,6.0
166300.0,1663.0,0.0,,-1.085133244493209,0.0851332444932089,6.0
166500.0,1665.0,0.0,,-1.085132904592034,0.0851329045920339,6.0
166600.0,1666.0,0.0,,-1.0851324306488088,0.0851324306488088,6.0
166900.0,1669.0,0.0,,-1.0851323003121538,0.0851323003121538,6.0
167000.0,1670.0,0.0,,-1.085132122152297,0.0851321221522969,6.0
167200.0,1672.0,0.0,,-1.0851321205248885,0.0851321205248885,6.0
167300.0,1673.0,0.0,,-1.0851321204433797,0.0851321204433797,6.0
167400.0,1674.0,0.0,,-1.085132061936161,0.085132061936161,6.0
167500.0,1675.0,0.0,,-1.0851320084199565,0.0851320084199565,6.0
167700.0,1677.0,0.0,,-1.0851320080133304,0.0851320080133304,6.0
168100.0,1681.0,0.0,,-1.0851319640755832,0.0851319640755832,6.0
168400.0,1684.0,0.0,,-1.0851319624767597,0.0851319624767596,6.0
168500.0,1685.0,0.0,,-1.0851319479423152,0.0851319479423151,6.0
168700.0,1687.0,0.0,,-1.0851315127461998,0.0851315127461997,6.0
169000.0,1690.0,0.0,,-1.085131512542009,0.0851315125420086,6.0
169100.0,1691.0,0.0,,-1.0851313896785637,0.0851313896785637,6.0
169300.0,1693.0,0.0,,-1.0851313233947628,0.0851313233947628,6.0
169400.0,1694.0,0.0,,-1.085131270599712,0.085131270599712,6.0
169500.0,1695.0,0.0,,-1.0851308353435216,0.0851308353435216,6.0
169600.0,1696.0,0.0,,-1.0851308293021764,0.0851308293021764,6.0
169800.0,1698.0,0.0,,-1.085130822103174,0.0851308221031741,6.0
169900.0,1699.0,0.0,,-1.0851308163111997,0.0851308163111994,6.0
170200.0,1702.0,0.0,,-1.085130812226756,0.085130812226756,6.0
170300.0,1703.0,0.0,,-1.0851308071058698,0.0851308071058698,6.0
170500.0,1705.0,0.0,,-1.085130806627744,0.085130806627744,6.0
170800.0,1708.0,0.0,,-1.0851308047049235,0.0851308047049235,6.0
171200.0,1712.0,0.0,,-1.08513080377804,0.08513080377804,6.0
171600.0,1716.0,0.0,,-1.0851308033725682,0.0851308033725681,6.0
171700.0,1717.0,0.0,,-1.0851308032840714,0.0851308032840714,6.0
171800.0,1718.0,0.0,,-1.0851308027323368,0.0851308027323367,6.0
171900.0,1719.0,0.0,,-1.0851308027248387,0.0851308027248387,6.0
172000.0,1720.0,0.0,,-1.08513080255279,0.0851308025527899,6.0
172100.0,1721.0,0.0,,-1.0851308022376531,0.0851308022376533,6.0
172200.0,1722.0,0.0,,-1.0851308022101571,0.0851308022101573,6.0
172300.0,1723.0,0.0,,-1.085130802110662,0.085130802110662,6.0
172500.0,1725.0,0.0,,-1.0851308020865529,0.0851308020865528,6.0
172600.0,1726.0,0.0,,-1.0851308020518744,0.0851308020518744,6.0
172700.0,1727.0,0.0,,-1.0851305478864317,0.0851305478864314,6.0
172900.0,1729.0,0.0,,-1.085130545818366,0.0851305458183659,6.0
173000.0,1730.0,0.0,,-1.0851305457975562,0.0851305457975561,6.0
173100.0,1731.0,0.0,,-1.0851305457907725,0.0851305457907722,6.0
173300.0,1733.0,0.0,,-1.0851305452001858,0.0851305452001858,6.0
173400.0,1734.0,0.0,,-1.085130545187338,0.085130545187338,6.0
173600.0,1736.0,0.0,,-1.0851305451673474,0.0851305451673474,6.0
173700.0,1737.0,0.0,,-1.085130545134307,0.0851305451343069,6.0
173800.0,1738.0,0.0,,-1.0851305451272262,0.0851305451272261,6.0
173900.0,1739.0,0.0,,-1.085130545107234,0.0851305451072339,6.0
174200.0,1742.0,0.0,,-1.0851305450862276,0.0851305450862276,6.0
174300.0,1743.0,0.0,,-1.085130545081891,0.0851305450818911,6.0
174400.0,1744.0,0.0,,-1.085130545067504,0.0851305450675039,6.0
174500.0,1745.0,0.0,,-1.085130545067145,0.0851305450671449,6.0
174600.0,1746.0,0.0,,-1.085130545037155,0.0851305450371546,6.0
174700.0,1747.0,0.0,,-1.0851305450339506,0.0851305450339505,6.0
174800.0,1748.0,0.0,,-1.0851305450313662,0.0851305450313661,6.0
174900.0,1749.0,0.0,,-1.0851305450309048,0.0851305450309047,6.0
175000.0,1750.0,0.0,,-1.0851305450216344,0.0851305450216344,6.0
175400.0,1754.0,0.0,,-1.0851305450197697,0.0851305450197696,6.0
175700.0,1757.0,0.0,,-1.0851305450170956,0.0851305450170956,6.0
175800.0,1758.0,0.0,,-1.085130545014461,0.085130545014461,6.0
175900.0,1759.0,0.0,,-1.0851305450142243,0.0851305450142243,6.0
176300.0,1763.0,0.0,,-1.085130252001866,0.0851302520018659,6.0
176500.0,1765.0,0.0,,-1.0851302446531077,0.0851302446531074,6.0
176600.0,1766.0,0.0,,-1.08513023452468,0.08513023452468,6.0
176800.0,1768.0,0.0,,-1.0851302345242326,0.0851302345242326,6.0
176900.0,1769.0,0.0,,-1.0851302251118184,0.0851302251118184,6.0
177000.0,1770.0,0.0,,-1.0851302251111283,0.0851302251111283,6.0
177300.0,1773.0,0.0,,-1.085130225083952,0.085130225083952,6.0
177400.0,1774.0,0.0,,-1.085130225080584,0.0851302250805841,6.0
177500.0,1775.0,0.0,,-1.0851302245604884,0.0851302245604883,6.0
177600.0,1776.0,0.0,,-1.0851302245277064,0.0851302245277063,6.0
177900.0,1779.0,0.0,,-1.0851296759192162,0.0851296759192161,6.0
178000.0,1780.0,0.0,,-1.0851295830846106,0.0851295830846106,6.0
178100.0,1781.0,0.0,,-1.0851295830818388,0.0851295830818388,6.0
178200.0,1782.0,0.0,,-1.085129501099645,0.0851295010996446,6.0
178400.0,1784.0,0.0,,-1.0851295007787989,0.0851295007787986,6.0
178500.0,1785.0,0.0,,-1.085129222037793,0.085129222037793,6.0
178600.0,1786.0,0.0,,-1.085129153464386,0.0851291534643861,6.0
178700.0,1787.0,0.0,,-1.0851291534557468,0.0851291534557467,6.0
178800.0,1788.0,0.0,,-1.085129150678649,0.0851291506786486,6.0
178900.0,1789.0,0.0,,-1.0851291442708697,0.0851291442708694,6.0
179100.0,1791.0,0.0,,-1.085129142134185,0.0851291421341853,6.0
179700.0,1797.0,0.0,,-1.0851291421340603,0.0851291421340605,6.0
179800.0,1798.0,0.0,,-1.0851291421333924,0.0851291421333924,6.0
179900.0,1799.0,0.0,,-1.0851291421308191,0.0851291421308191,6.0
180200.0,1802.0,0.0,,-1.0851291421305602,0.0851291421305602,6.0
180300.0,1803.0,0.0,,-1.085129142125921,0.085129142125921,6.0
180400.0,1804.0,0.0,,-1.085129142122322,0.0851291421223221,6.0
180700.0,1807.0,0.0,,-1.085128827464971,0.085128827464971,6.0
180800.0,1808.0,0.0,,-1.0851288222178457,0.0851288222178454,6.0
181000.0,1810.0,0.0,,-1.085128821807007,0.0851288218070069,6.0
181100.0,1811.0,0.0,,-1.0851288206191985,0.0851288206191984,6.0
181200.0,1812.0,0.0,,-1.085128818762674,0.0851288187626739,6.0
181400.0,1814.0,0.0,,-1.085128790489578,0.0851287904895778,6.0
181600.0,1816.0,0.0,,-1.08512878256954,0.0851287825695399,6.0
182000.0,1820.0,0.0,,-1.0851287794281002,0.0851287794281001,6.0
182500.0,1825.0,0.0,,-1.0851254139113338,0.0851254139113337,6.0
182600.0,1826.0,0.0,,-1.0851254139092512,0.0851254139092512,6.0
182700.0,1827.0,0.0,,-1.0851254138895825,0.0851254138895822,6.0
182800.0,1828.0,0.0,,-1.0851254134253636,0.0851254134253636,6.0
182900.0,1829.0,0.0,,-1.0851251985469388,0.0851251985469387,6.0
183000.0,1830.0,0.0,,-1.0851247333129688,0.0851247333129687,6.0
183100.0,1831.0,0.0,,-1.0851247333125482,0.0851247333125482,6.0
183200.0,1832.0,0.0,,-1.085123453284158,0.085123453284158,6.0
183300.0,1833.0,0.0,,-1.0851232507815756,0.0851232507815755,6.0
183400.0,1834.0,0.0,,-1.085123221725401,0.0851232217254009,6.0
184000.0,1840.0,0.0,,-1.0851232155782875,0.0851232155782875,6.0
184400.0,1844.0,0.0,,-1.085123215088961,0.0851232150889609,6.0
184500.0,1845.0,0.0,,-1.085123215033691,0.0851232150336909,6.0
184600.0,1846.0,0.0,,-1.0851232149643044,0.0851232149643044,6.0
184700.0,1847.0,0.0,,-1.085123214942275,0.0851232149422749,6.0
184800.0,1848.0,0.0,,-1.0851232149422694,0.0851232149422693,6.0
185000.0,1850.0,0.0,,-1.0851232149422354,0.0851232149422354,6.0
185100.0,1851.0,0.0,,-1.0851232149076415,0.0851232149076415,6.0
185400.0,1854.0,0.0,,-1.085123178055328,0.0851231780553281,6.0
185500.0,1855.0,0.0,,-1.085123024532872,0.085123024532872,6.0
185600.0,1856.0,0.0,,-1.08512302452358,0.0851230245235801,6.0
185800.0,1858.0,0.0,,-1.0851229432652567,0.0851229432652567,6.0
185900.0,1859.0,0.0,,-1.085121719046736,0.0851217190467359,6.0
186200.0,1862.0,0.0,,-1.0851214966101277,0.0851214966101276,6.0
186300.0,1863.0,0.0,,-1.0851211382477175,0.0851211382477177,6.0
186600.0,1866.0,0.0,,-1.0851210835203853,0.0851210835203852,6.0
186800.0,1868.0,0.0,,-1.0851210834728031,0.0851210834728033,6.0
186900.0,1869.0,0.0,,-1.0851210767628865,0.0851210767628865,6.0
187100.0,1871.0,0.0,,-1.0851210752919411,0.0851210752919411,6.0
187200.0,1872.0,0.0,,-1.085121070638846,0.0851210706388458,6.0
187500.0,1875.0,0.0,,-1.085121070541785,0.085121070541785,6.0
187600.0,1876.0,0.0,,-1.085121069273392,0.0851210692733919,6.0
187700.0,1877.0,0.0,,-1.085121069082077,0.0851210690820769,6.0
187800.0,1878.0,0.0,,-1.085121068092747,0.085121068092747,6.0
188000.0,1880.0,0.0,,-1.0851210676580283,0.0851210676580285,6.0
188400.0,1884.0,0.0,,-1.085121067389074,0.0851210673890738,6.0
188500.0,1885.0,0.0,,-1.0851210673610725,0.0851210673610722,6.0
188600.0,1886.0,0.0,,-1.0851210669755895,0.0851210669755897,6.0
189100.0,1891.0,0.0,,-1.0851210669125193,0.0851210669125193,6.0
189200.0,1892.0,0.0,,-1.0851209942491182,0.0851209942491182,6.0
189300.0,1893.0,0.0,,-1.0851204647025523,0.0851204647025523,6.0
189400.0,1894.0,0.0,,-1.0851203938691278,0.0851203938691278,6.0
189500.0,1895.0,0.0,,-1.08512039386848,0.0851203938684799,6.0
189600.0,1896.0,0.0,,-1.08512039386692,0.08512039386692,6.0
189800.0,1898.0,0.0,,-1.085120373897509,0.085120373897509,6.0
189900.0,1899.0,0.0,,-1.0851203606854611,0.0851203606854611,6.0
190100.0,1901.0,0.0,,-1.085120360619284,0.085120360619284,6.0
190300.0,1903.0,0.0,,-1.0851203606112771,0.0851203606112771,6.0
190400.0,1904.0,0.0,,-1.0851203592492202,0.0851203592492202,6.0
190500.0,1905.0,0.0,,-1.0851203576033004,0.0851203576033003,6.0
191000.0,1910.0,0.0,,-1.0851203574858783,0.0851203574858783,6.0
191100.0,1911.0,0.0,,-1.0851203573799288,0.0851203573799288,6.0
191200.0,1912.0,0.0,,-1.0851203573003358,0.0851203573003358,6.0
191300.0,1913.0,0.0,,-1.0851203563468472,0.0851203563468472,6.0
191700.0,1917.0,0.0,,-1.0851203563439564,0.0851203563439564,6.0
191800.0,1918.0,0.0,,-1.0851203563405698,0.0851203563405698,6.0
191900.0,1919.0,0.0,,-1.08512035626716,0.08512035626716,6.0
192400.0,1924.0,0.0,,-1.0851203562640848,0.0851203562640847,6.0
192500.0,1925.0,0.0,,-1.085120356250144,0.0851203562501441,6.0
192600.0,1926.0,0.0,,-1.0851203562489151,0.0851203562489153,6.0
193200.0,1932.0,0.0,,-1.085120356248518,0.0851203562485178,6.0
193500.0,1935.0,0.0,,-1.085120356247555,0.0851203562475553,6.0
193800.0,1938.0,0.0,,-1.0851203545048806,0.0851203545048806,6.0
194000.0,1940.0,0.0,,-1.085120354503354,0.085120354503354,6.0
194100.0,1941.0,0.0,,-1.0851203545032244,0.0851203545032244,6.0
194500.0,1945.0,0.0,,-1.0851203545027617,0.0851203545027616,6.0
194600.0,1946.0,0.0,,-1.0851203545027546,0.0851203545027545,6.0
194700.0,1947.0,0.0,,-1.0851203545026549,0.0851203545026548,6.0
194900.0,1949.0,0.0,,-1.0851203545025463,0.0851203545025462,6.0
195000.0,1950.0,0.0,,-1.0851203545024335,0.0851203545024337,6.0
195200.0,1952.0,0.0,,-1.0851203545023973,0.0851203545023973,6.0
195300.0,1953.0,0.0,,-1.0851203545022987,0.0851203545022987,6.0
195500.0,1955.0,0.0,,-1.085120354502177,0.085120354502177,6.0
195700.0,1957.0,0.0,,-1.0851203545021757,0.0851203545021754,6.0
196000.0,1960.0,0.0,,-1.0851203545021697,0.0851203545021697,6.0
196100.0,1961.0,0.0,,-1.08512035450215,0.0851203545021499,6.0
196500.0,1965.0,0.0,,-1.0851203545021493,0.0851203545021492,6.0
196600.0,1966.0,0.0,,-1.085120354502144,0.0851203545021439,6.0
196700.0,1967.0,0.0,,-1.0851203545021408,0.0851203545021408,6.0
197000.0,1970.0,0.0,,-1.0851203545020105,0.0851203545020105,6.0
197400.0,1974.0,0.0,,-1.085120354501955,0.0851203545019549,6.0
197600.0,1976.0,0.0,,-1.0851203545018735,0.0851203545018735,6.0
197800.0,1978.0,0.0,,-1.085120354501873,0.085120354501873,6.0
198000.0,1980.0,0.0,,-1.085120354501865,0.085120354501865,6.0
198200.0,1982.0,0.0,,-1.0851203545009676,0.0851203545009675,6.0
198300.0,1983.0,0.0,,-1.0851203545008616,0.0851203545008616,6.0
198600.0,1986.0,0.0,,-1.0851203544863677,0.0851203544863674,6.0
198700.0,1987.0,0.0,,-1.085120354485222,0.0851203544852219,6.0
198900.0,1989.0,0.0,,-1.085120354290455,0.085120354290455,6.0
199100.0,1991.0,0.0,,-1.0851203541844388,0.0851203541844387,6.0
199400.0,1994.0,0.0,,-1.085120340589114,0.0851203405891138,6.0
199600.0,1996.0,0.0,,-1.0851203383441428,0.0851203383441427,6.0
199800.0,1998.0,0.0,,-1.085120337214296,0.0851203372142961,6.0
200300.0,2003.0,0.0,,-1.0851203337295885,0.0851203337295882,6.0
200500.0,2005.0,0.0,,-1.085120333512512,0.0851203335125121,6.0
200600.0,2006.0,0.0,,-1.0851202090685754,0.0851202090685754,6.0
200900.0,2009.0,0.0,,-1.085120120599187,0.0851201205991869,6.0
201100.0,2011.0,0.0,,-1.0851201177154328,0.0851201177154328,6.0
201400.0,2014.0,0.0,,-1.0851200989199394,0.0851200989199394,6.0
201500.0,2015.0,0.0,,-1.085119905462126,0.0851199054621261,6.0
201600.0,2016.0,0.0,,-1.0851184803555325,0.0851184803555322,6.0
201800.0,2018.0,0.0,,-1.0851184412047885,0.0851184412047882,6.0
202100.0,2021.0,0.0,,-1.085118142553886,0.085118142553886,6.0
202400.0,2024.0,0.0,,-1.0850460644516016,0.0850460644516015,6.0
202800.0,2028.0,0.0,,-1.085046030246424,0.0850460302464239,6.0
202900.0,2029.0,0.0,,-1.085046027217995,0.0850460272179949,6.0
203100.0,2031.0,0.0,,-1.0846537084187524,0.0846537084187524,6.0
203200.0,2032.0,0.0,,-1.0789480657520345,0.0789480657520342,6.0
203300.0,2033.0,0.0,,-1.0728382818435018,0.0728382818435018,6.0
203400.0,2034.0,0.0,,-1.072787403802483,0.0727874038024829,6.0
203500.0,2035.0,0.0,,-1.0683643919034107,0.0683643919034107,6.0
203800.0,2038.0,0.0,,-1.0682605891082555,0.0682605891082555,6.0
204000.0,2040.0,0.0,,-1.0637720041089518,0.0637720041089517,6.0
204300.0,2043.0,0.0,,-1.0636024455003077,0.0636024455003074,6.0
204400.0,2044.0,0.0,,-1.060457192085078,0.060457192085078,6.0
204600.0,2046.0,0.0,,-1.0604571650962544,0.0604571650962544,6.0
205000.0,2050.0,0.0,,-1.060456839684656,0.060456839684656,6.0
205100.0,2051.0,0.0,,-1.0604535236500714,0.0604535236500713,6.0
205400.0,2054.0,0.0,,-1.0604522417114477,0.0604522417114474,6.0
205600.0,2056.0,0.0,,-1.060440444231573,0.0604404442315729,6.0
205800.0,2058.0,0.0,,-1.0604397016728462,0.0604397016728461,6.0
205900.0,2059.0,0.0,,-1.0604396991565446,0.0604396991565445,6.0
206100.0,2061.0,0.0,,-1.060383503431466,0.0603835034314661,6.0
206300.0,2063.0,0.0,,-1.060370807841896,0.060370807841896,6.0
206400.0,2064.0,0.0,,-1.0602969276272818,0.0602969276272817,6.0
206700.0,2067.0,0.0,,-1.0602616378544047,0.0602616378544047,6.0
207200.0,2072.0,0.0,,-1.0602569249818388,0.0602569249818387,6.0
207500.0,2075.0,0.0,,-1.0602569124055847,0.0602569124055847,6.0
207600.0,2076.0,0.0,,-1.0602568988595906,0.0602568988595906,6.0
207700.0,2077.0,0.0,,-1.0602568968310375,0.0602568968310377,6.0
208000.0,2080.0,0.0,,-1.0602567718698488,0.0602567718698487,6.0
208100.0,2081.0,0.0,,-1.0602556155619434,0.0602556155619433,6.0
208200.0,2082.0,0.0,,-1.060255586156252,0.0602555861562519,6.0
208300.0,2083.0,0.0,,-1.0602554204335255,0.0602554204335257,6.0
208500.0,2085.0,0.0,,-1.0602554164531055,0.0602554164531055,6.0
208600.0,2086.0,0.0,,-1.0602554121272307,0.0602554121272307,6.0
209000.0,2090.0,0.0,,-1.06025537717339,0.06025537717339,6.0
209100.0,2091.0,0.0,,-1.0602288997337677,0.0602288997337676,6.0
209300.0,2093.0,0.0,,-1.0602287312737846,0.0602287312737845,6.0
209500.0,2095.0,0.0,,-1.060227620451046,0.0602276204510461,6.0
209800.0,2098.0,0.0,,-1.0602275067875713,0.0602275067875712,6.0
210100.0,2101.0,0.0,,-1.0602275052632295,0.0602275052632295,6.0
210200.0,2102.0,0.0,,-1.0515227185762397,0.0515227185762396,6.0
210800.0,2108.0,0.0,,-1.0514877056790195,0.0514877056790197,6.0
211000.0,2110.0,0.0,,-1.05148665947232,0.05148665947232,6.0
211100.0,2111.0,0.0,,-1.0514675891722822,0.0514675891722822,6.0
211200.0,2112.0,0.0,,-1.051466110754356,0.0514661107543561,6.0
211400.0,2114.0,0.0,,-1.0514632812936464,0.0514632812936464,6.0
211500.0,2115.0,0.0,,-1.0514509157969338,0.0514509157969338,6.0
211700.0,2117.0,0.0,,-1.0514509142253206,0.0514509142253205,6.0
211900.0,2119.0,0.0,,-1.0514503573544134,0.0514503573544133,6.0
212000.0,2120.0,0.0,,-1.051450169398776,0.0514501693987758,6.0
212200.0,2122.0,0.0,,-1.0514495423050458,0.0514495423050458,6.0
212300.0,2123.0,0.0,,-1.051449320918154,0.0514493209181541,6.0
212500.0,2125.0,0.0,,-1.051448974948222,0.0514489749482218,6.0
212700.0,2127.0,0.0,,-1.0514489602528394,0.0514489602528394,6.0
212800.0,2128.0,0.0,,-1.051448672224792,0.0514486722247919,6.0
213000.0,2130.0,0.0,,-1.0514486382943748,0.0514486382943748,6.0
213300.0,2133.0,0.0,,-1.0514485683398638,0.0514485683398637,6.0
213400.0,2134.0,0.0,,-1.051448544468097,0.0514485444680969,6.0
213600.0,2136.0,0.0,,-1.0514485116365555,0.0514485116365555,6.0
213700.0,2137.0,0.0,,-1.0514481909897846,0.0514481909897845,6.0
213800.0,2138.0,0.0,,-1.0514481903146098,0.0514481903146097,6.0
214100.0,2141.0,0.0,,-1.0514481854132345,0.0514481854132342,6.0
214200.0,2142.0,0.0,,-1.0514481760202934,0.0514481760202933,6.0
214300.0,2143.0,0.0,,-1.051448163580617,0.0514481635806169,6.0
214500.0,2145.0,0.0,,-1.0514481569396958,0.0514481569396958,6.0
214700.0,2147.0,0.0,,-1.051448151180372,0.0514481511803719,6.0
214800.0,2148.0,0.0,,-1.0514481502935156,0.0514481502935155,6.0
214900.0,2149.0,0.0,,-1.0514481446274722,0.0514481446274721,6.0
215100.0,2151.0,0.0,,-1.051448143656198,0.0514481436561979,6.0
215300.0,2153.0,0.0,,-1.0514481421804025,0.0514481421804025,6.0
215500.0,2155.0,0.0,,-1.0514481406216214,0.0514481406216214,6.0
215800.0,2158.0,0.0,,-1.0514481400974605,0.0514481400974604,6.0
216000.0,2160.0,0.0,,-1.0514481395570083,0.0514481395570083,6.0
216100.0,2161.0,0.0,,-1.0514481391187456,0.0514481391187455,6.0
216200.0,2162.0,0.0,,-1.0514481366310229,0.0514481366310228,6.0
216500.0,2165.0,0.0,,-1.0514481363604349,0.0514481363604348,6.0
216800.0,2168.0,0.0,,-1.0514481359972687,0.0514481359972687,6.0
217000.0,2170.0,0.0,,-1.0514481359087515,0.0514481359087517,6.0
217100.0,2171.0,0.0,,-1.051448135887317,0.0514481358873166,6.0
217200.0,2172.0,0.0,,-1.0514481358243426,0.0514481358243426,6.0
217300.0,2173.0,0.0,,-1.0514481356922425,0.0514481356922424,6.0
217400.0,2174.0,0.0,,-1.051446617313608,0.0514466173136078,6.0
217500.0,2175.0,0.0,,-1.0514466170950605,0.0514466170950604,6.0
217700.0,2177.0,0.0,,-1.0514466170878265,0.0514466170878264,6.0
217900.0,2179.0,0.0,,-1.0514464819583755,0.0514464819583755,6.0
218000.0,2180.0,0.0,,-1.0514464801139394,0.0514464801139393,6.0
218100.0,2181.0,0.0,,-1.0514464259040772,0.0514464259040772,6.0
218200.0,2182.0,0.0,,-1.0514464255389897,0.0514464255389894,6.0
218400.0,2184.0,0.0,,-1.0514464196826527,0.0514464196826527,6.0
218700.0,2187.0,0.0,,-1.0514464152015892,0.0514464152015892,6.0
219100.0,2191.0,0.0,,-1.0514464150572154,0.0514464150572153,6.0
219300.0,2193.0,0.0,,-1.051446415013141,0.051446415013141,6.0
219400.0,2194.0,0.0,,-1.0514464148624774,0.0514464148624773,6.0
219800.0,2198.0,0.0,,-1.0514464146447986,0.0514464146447986,6.0
219900.0,2199.0,0.0,,-1.0514464146444695,0.0514464146444695,6.0
220000.0,2200.0,0.0,,-1.05144641461305,0.0514464146130499,6.0
220100.0,2201.0,0.0,,-1.0514464145189697,0.0514464145189694,6.0
220200.0,2202.0,0.0,,-1.0514464145189435,0.0514464145189434,6.0
220400.0,2204.0,0.0,,-1.051446414518666,0.0514464145186659,6.0
220500.0,2205.0,0.0,,-1.0514464144716318,0.0514464144716317,6.0
220800.0,2208.0,0.0,,-1.0514464144688611,0.0514464144688613,6.0
220900.0,2209.0,0.0,,-1.0514460490291548,0.0514460490291548,6.0
221400.0,2214.0,0.0,,-1.0514460490206663,0.0514460490206665,6.0
221500.0,2215.0,0.0,,-1.0514460458610884,0.0514460458610883,6.0
221600.0,2216.0,0.0,,-1.0514460456737855,0.0514460456737857,6.0
221800.0,2218.0,0.0,,-1.0514460455610426,0.0514460455610426,6.0
221900.0,2219.0,0.0,,-1.0514460453317076,0.0514460453317076,6.0
222000.0,2220.0,0.0,,-1.051446045316456,0.051446045316456,6.0
222100.0,2221.0,0.0,,-1.0514460452578656,0.0514460452578655,6.0
222200.0,2222.0,0.0,,-1.051446045253518,0.0514460452535181,6.0
222900.0,2229.0,0.0,,-1.0514460452533714,0.0514460452533713,6.0
223100.0,2231.0,0.0,,-1.0514460452525631,0.0514460452525631,6.0
223200.0,2232.0,0.0,,-1.051446045241044,0.0514460452410441,6.0
223300.0,2233.0,0.0,,-1.051446045237405,0.051446045237405,6.0
223500.0,2235.0,0.0,,-1.0514460452364078,0.0514460452364078,6.0
224000.0,2240.0,0.0,,-1.0514460452335748,0.0514460452335747,6.0
224100.0,2241.0,0.0,,-1.051446045233518,0.0514460452335181,6.0
224300.0,2243.0,0.0,,-1.051446045233516,0.0514460452335159,6.0
224400.0,2244.0,0.0,,-1.0514460452330012,0.0514460452330012,6.0
224600.0,2246.0,0.0,,-1.0514153265723165,0.0514153265723162,6.0
224900.0,2249.0,0.0,,-1.0514151662922746,0.0514151662922746,6.0
225000.0,2250.0,0.0,,-1.0514151623281418,0.0514151623281418,6.0
225200.0,2252.0,0.0,,-1.0514151623280965,0.0514151623280965,6.0
225400.0,2254.0,0.0,,-1.0514151621693857,0.0514151621693856,6.0
225500.0,2255.0,0.0,,-1.0514151621226129,0.0514151621226128,6.0
225600.0,2256.0,0.0,,-1.0514151620173344,0.0514151620173344,6.0
225800.0,2258.0,0.0,,-1.051415162017333,0.051415162017333,6.0
226000.0,2260.0,0.0,,-1.051415162017104,0.0514151620171039,6.0
226300.0,2263.0,0.0,,-1.0514151620169727,0.0514151620169727,6.0
226400.0,2264.0,0.0,,-1.0514151620169707,0.0514151620169707,6.0
226500.0,2265.0,0.0,,-1.0514151620169705,0.0514151620169704,6.0
227500.0,2275.0,0.0,,-1.0514151620169705,0.0514151620169702,6.0
227600.0,2276.0,0.0,,-1.05141516201697,0.05141516201697,6.0
227700.0,2277.0,0.0,,-1.0513918662744577,0.0513918662744574,6.0
228100.0,2281.0,0.0,,-1.0513918619060076,0.0513918619060076,6.0
228600.0,2286.0,0.0,,-1.0513602514416105,0.0513602514416102,6.0
228800.0,2288.0,0.0,,-1.05136025143781,0.0513602514378099,6.0
228900.0,2289.0,0.0,,-1.0513590200228375,0.0513590200228375,6.0
229000.0,2290.0,0.0,,-1.05135647922321,0.0513564792232099,6.0
229500.0,2295.0,0.0,,-1.0513562104169527,0.0513562104169527,6.0
229700.0,2297.0,0.0,,-1.0513562079708814,0.0513562079708813,6.0
229800.0,2298.0,0.0,,-1.0513561926180923,0.0513561926180923,6.0
229900.0,2299.0,0.0,,-1.0513561633120103,0.0513561633120103,6.0
230100.0,2301.0,0.0,,-1.051315622275773,0.0513156222757726,6.0
230500.0,2305.0,0.0,,-1.0513156119367872,0.0513156119367872,6.0
230700.0,2307.0,0.0,,-1.0512562082311672,0.0512562082311671,6.0
230800.0,2308.0,0.0,,-1.0512535836549188,0.0512535836549188,6.0
231100.0,2311.0,0.0,,-1.0512486436055797,0.0512486436055794,6.0
231200.0,2312.0,0.0,,-1.0512481311100017,0.0512481311100014,6.0
231400.0,2314.0,0.0,,-1.0512471576927191,0.0512471576927191,6.0
231900.0,2319.0,0.0,,-1.0512209809806043,0.0512209809806043,6.0
232100.0,2321.0,0.0,,-1.0511998763816073,0.0511998763816072,6.0
232200.0,2322.0,0.0,,-1.0511880350274383,0.0511880350274385,6.0
232300.0,2323.0,0.0,,-1.0511880147493822,0.0511880147493821,6.0
232400.0,2324.0,0.0,,-1.0511854369229123,0.0511854369229123,6.0
232500.0,2325.0,0.0,,-1.0511854329897328,0.0511854329897327,6.0
232700.0,2327.0,0.0,,-1.051185379729004,0.051185379729004,6.0
232800.0,2328.0,0.0,,-1.0511803917496876,0.0511803917496875,6.0
233000.0,2330.0,0.0,,-1.0511803905826207,0.0511803905826206,6.0
233400.0,2334.0,0.0,,-1.051177825352621,0.0511778253526209,6.0
233500.0,2335.0,0.0,,-1.0511777949336372,0.0511777949336371,6.0
233600.0,2336.0,0.0,,-1.0511777420778,0.0511777420778001,6.0
233700.0,2337.0,0.0,,-1.0511774787813817,0.0511774787813814,6.0
234000.0,2340.0,0.0,,-1.0511774688466855,0.0511774688466855,6.0
234200.0,2342.0,0.0,,-1.0511774281241824,0.0511774281241823,6.0
234600.0,2346.0,0.0,,-1.05117740890431,0.0511774089043099,6.0
235000.0,2350.0,0.0,,-1.0511774070685451,0.0511774070685451,6.0
235500.0,2355.0,0.0,,-1.0511774068236908,0.0511774068236907,6.0
235800.0,2358.0,0.0,,-1.0511774068013755,0.0511774068013755,6.0
235900.0,2359.0,0.0,,-1.051177406798322,0.0511774067983219,6.0
236100.0,2361.0,0.0,,-1.0511774067069644,0.0511774067069643,6.0
236300.0,2363.0,0.0,,-1.0511774066980002,0.0511774066980001,6.0
236600.0,2366.0,0.0,,-1.0511774066936082,0.0511774066936081,6.0
236900.0,2369.0,0.0,,-1.051177406690822,0.0511774066908219,6.0
237200.0,2372.0,0.0,,-1.051135985842529,0.0511359858425293,6.0
237400.0,2374.0,0.0,,-1.051135866485504,0.0511358664855039,6.0
237900.0,2379.0,0.0,,-1.0511347399970976,0.0511347399970976,6.0
238000.0,2380.0,0.0,,-1.0511336351745164,0.0511336351745164,6.0
238200.0,2382.0,0.0,,-1.0511334962091785,0.0511334962091782,6.0
238400.0,2384.0,0.0,,-1.0511326281489324,0.0511326281489323,6.0
238500.0,2385.0,0.0,,-1.0511321561451623,0.0511321561451625,6.0
238700.0,2387.0,0.0,,-1.051131430702802,0.0511314307028021,6.0
238800.0,2388.0,0.0,,-1.0511301767730183,0.0511301767730183,6.0
238900.0,2389.0,0.0,,-1.0511298241383,0.0511298241383,6.0
239200.0,2392.0,0.0,,-1.0511297802661892,0.0511297802661891,6.0
239300.0,2393.0,0.0,,-1.0511288499555227,0.0511288499555226,6.0
239700.0,2397.0,0.0,,-1.0511288153078897,0.0511288153078894,6.0
239800.0,2398.0,0.0,,-1.051128791270745,0.0511287912707449,6.0
239900.0,2399.0,0.0,,-1.0511287890823486,0.0511287890823486,6.0
240100.0,2401.0,0.0,,-1.051128740337204,0.051128740337204,6.0
240600.0,2406.0,0.0,,-1.0511016076828934,0.0511016076828934,6.0
240900.0,2409.0,0.0,,-1.0511015912001245,0.0511015912001242,6.0
241000.0,2410.0,0.0,,-1.0511015859931854,0.0511015859931853,6.0
241100.0,2411.0,0.0,,-1.051101447569324,0.0511014475693238,6.0
241200.0,2412.0,0.0,,-1.0511010340017128,0.0511010340017128,6.0
241400.0,2414.0,0.0,,-1.0511010339158262,0.0511010339158262,6.0
241500.0,2415.0,0.0,,-1.051100974885708,0.0511009748857078,6.0
241800.0,2418.0,0.0,,-1.0511009610103557,0.0511009610103556,6.0
242100.0,2421.0,0.0,,-1.0511009570560417,0.0511009570560414,6.0
242200.0,2422.0,0.0,,-1.0511009563958875,0.0511009563958877,6.0
242300.0,2423.0,0.0,,-1.0511009561505646,0.0511009561505646,6.0
242400.0,2424.0,0.0,,-1.0511009477081403,0.0511009477081403,6.0
242500.0,2425.0,0.0,,-1.0511009345378377,0.0511009345378374,6.0
242600.0,2426.0,0.0,,-1.0511009310373318,0.0511009310373318,6.0
242800.0,2428.0,0.0,,-1.051100919804176,0.051100919804176,6.0
242900.0,2429.0,0.0,,-1.0511009168993135,0.0511009168993135,6.0
243000.0,2430.0,0.0,,-1.0510701121976245,0.0510701121976242,6.0
243100.0,2431.0,0.0,,-1.0510701107643683,0.0510701107643685,6.0
243500.0,2435.0,0.0,,-1.0510692599359868,0.0510692599359867,6.0
243700.0,2437.0,0.0,,-1.0510678372274058,0.0510678372274058,6.0
243800.0,2438.0,0.0,,-1.051067828799123,0.051067828799123,6.0
244200.0,2442.0,0.0,,-1.0510678235333186,0.0510678235333186,6.0
244300.0,2443.0,0.0,,-1.0510677735159242,0.0510677735159241,6.0
244400.0,2444.0,0.0,,-1.0510669750267367,0.0510669750267367,6.0
244800.0,2448.0,0.0,,-1.0510665149845395,0.0510665149845397,6.0
245300.0,2453.0,0.0,,-1.0510613582780568,0.0510613582780568,6.0
245800.0,2458.0,0.0,,-1.051061110483803,0.051061110483803,6.0
245900.0,2459.0,0.0,,-1.0510610567800582,0.0510610567800582,6.0
246100.0,2461.0,0.0,,-1.0510609526117551,0.0510609526117551,6.0
246300.0,2463.0,0.0,,-1.051060855827003,0.0510608558270029,6.0
246700.0,2467.0,0.0,,-1.0510332685142754,0.0510332685142753,6.0
247000.0,2470.0,0.0,,-1.0510312981300738,0.0510312981300737,6.0
247100.0,2471.0,0.0,,-1.0510306458267549,0.0510306458267548,6.0
247200.0,2472.0,0.0,,-1.051027951549398,0.0510279515493981,6.0
247600.0,2476.0,0.0,,-1.0510272260343734,0.0510272260343733,6.0
247700.0,2477.0,0.0,,-1.05102722172463,0.0510272217246299,6.0
247900.0,2479.0,0.0,,-1.0510270445857706,0.0510270445857705,6.0
248000.0,2480.0,0.0,,-1.0509304733799647,0.0509304733799647,6.0
248500.0,2485.0,0.0,,-1.0509293313552497,0.0509293313552494,6.0
248900.0,2489.0,0.0,,-1.050927126986202,0.0509271269862019,6.0
249000.0,2490.0,0.0,,-1.0509254852804495,0.0509254852804494,6.0
249100.0,2491.0,0.0,,-1.0509057994903974,0.0509057994903974,6.0
249200.0,2492.0,0.0,,-1.0507677771970787,0.0507677771970787,6.0
249600.0,2496.0,0.0,,-1.0507677755919915,0.0507677755919915,6.0
249800.0,2498.0,0.0,,-1.050763659228827,0.0507636592288269,6.0
250200.0,2502.0,0.0,,-1.0507627275567086,0.0507627275567086,6.0
250400.0,2504.0,0.0,,-1.050760999879638,0.0507609998796381,6.0
250600.0,2506.0,0.0,,-1.050758145264829,0.0507581452648289,6.0
250700.0,2507.0,0.0,,-1.0507393910161182,0.0507393910161182,6.0
250900.0,2509.0,0.0,,-1.050739326848166,0.0507393268481659,6.0
251000.0,2510.0,0.0,,-1.0507381215999347,0.0507381215999347,6.0
251100.0,2511.0,0.0,,-1.05073801828505,0.0507380182850498,6.0
251200.0,2512.0,0.0,,-1.0507379373106955,0.0507379373106955,6.0
251400.0,2514.0,0.0,,-1.0507121863429525,0.0507121863429522,6.0
251500.0,2515.0,0.0,,-1.050711692429901,0.0507116924299009,6.0
251600.0,2516.0,0.0,,-1.050711447687053,0.0507114476870529,6.0
251800.0,2518.0,0.0,,-1.0507112053360912,0.0507112053360911,6.0
251900.0,2519.0,0.0,,-1.0507109178237966,0.0507109178237965,6.0
252100.0,2521.0,0.0,,-1.0507107604364672,0.0507107604364671,6.0
252200.0,2522.0,0.0,,-1.0507107276554442,0.0507107276554441,6.0
252300.0,2523.0,0.0,,-1.050680874551579,0.0506808745515789,6.0
252500.0,2525.0,0.0,,-1.0506808251895066,0.0506808251895065,6.0
252600.0,2526.0,0.0,,-1.050679566858575,0.0506795668585753,6.0
252800.0,2528.0,0.0,,-1.0506794510787274,0.0506794510787274,6.0
253000.0,2530.0,0.0,,-1.0506794428106605,0.0506794428106605,6.0
253200.0,2532.0,0.0,,-1.050679440471172,0.0506794404711719,6.0
253300.0,2533.0,0.0,,-1.050679440413222,0.050679440413222,6.0
253400.0,2534.0,0.0,,-1.05067944028203,0.0506794402820298,6.0
253700.0,2537.0,0.0,,-1.05067943349266,0.0506794334926601,6.0
254400.0,2544.0,0.0,,-1.0506794333987115,0.0506794333987117,6.0
254500.0,2545.0,0.0,,-1.0506794329763385,0.0506794329763384,6.0
254600.0,2546.0,0.0,,-1.0506745419529215,0.0506745419529215,6.0
254700.0,2547.0,0.0,,-1.0506744413934928,0.0506744413934927,6.0
254900.0,2549.0,0.0,,-1.0506178320670203,0.0506178320670205,6.0
255200.0,2552.0,0.0,,-1.0506178236042634,0.0506178236042633,6.0
255300.0,2553.0,0.0,,-1.0506178135795765,0.0506178135795762,6.0
255400.0,2554.0,0.0,,-1.0506146142507806,0.0506146142507806,6.0
256200.0,2562.0,0.0,,-1.0506138706831991,0.0506138706831991,6.0
256300.0,2563.0,0.0,,-1.0506138334966744,0.0506138334966743,6.0
256900.0,2569.0,0.0,,-1.0506138089768475,0.0506138089768475,6.0
257000.0,2570.0,0.0,,-1.0506137867057856,0.0506137867057856,6.0
257100.0,2571.0,0.0,,-1.0506098635354917,0.0506098635354914,6.0
257200.0,2572.0,0.0,,-1.050609804655441,0.050609804655441,6.0
257400.0,2574.0,0.0,,-1.0506097912800572,0.0506097912800571,6.0
257600.0,2576.0,0.0,,-1.0505791112032417,0.0505791112032416,6.0
257800.0,2578.0,0.0,,-1.0505666083954328,0.0505666083954328,6.0
257900.0,2579.0,0.0,,-1.050564079847713,0.0505640798477129,6.0
258100.0,2581.0,0.0,,-1.0505638123936598,0.0505638123936598,6.0
258200.0,2582.0,0.0,,-1.050563810624231,0.0505638106242309,6.0
258400.0,2584.0,0.0,,-1.0505638048129151,0.0505638048129153,6.0
258700.0,2587.0,0.0,,-1.0505637418358922,0.0505637418358921,6.0
258800.0,2588.0,0.0,,-1.050563694448419,0.0505636944484189,6.0
258900.0,2589.0,0.0,,-1.0505636911093366,0.0505636911093365,6.0
259200.0,2592.0,0.0,,-1.0505636901330648,0.0505636901330648,6.0
259400.0,2594.0,0.0,,-1.0505636896169326,0.0505636896169325,6.0
259500.0,2595.0,0.0,,-1.0505636792961617,0.0505636792961614,6.0
259600.0,2596.0,0.0,,-1.0505636789257486,0.0505636789257486,6.0
259700.0,2597.0,0.0,,-1.0505636789253303,0.0505636789253305,6.0
259800.0,2598.0,0.0,,-1.0505636734260009,0.0505636734260006,6.0
259900.0,2599.0,0.0,,-1.050563671847164,0.050563671847164,6.0
260000.0,2600.0,0.0,,-1.0505636718198563,0.0505636718198563,6.0
260100.0,2601.0,0.0,,-1.0505636703883092,0.0505636703883092,6.0
260200.0,2602.0,0.0,,-1.0505636701295304,0.0505636701295304,6.0
260600.0,2606.0,0.0,,-1.0505636698606446,0.0505636698606446,6.0
260700.0,2607.0,0.0,,-1.050563667985289,0.0505636679852889,6.0
261200.0,2612.0,0.0,,-1.0505636678467232,0.0505636678467231,6.0
261300.0,2613.0,0.0,,-1.050563666843544,0.050563666843544,6.0
261700.0,2617.0,0.0,,-1.0505636667601397,0.0505636667601396,6.0
261800.0,2618.0,0.0,,-1.0505636667424745,0.0505636667424744,6.0
261900.0,2619.0,0.0,,-1.0505636665622256,0.0505636665622255,6.0
262100.0,2621.0,0.0,,-1.0505618448540963,0.0505618448540963,6.0
262200.0,2622.0,0.0,,-1.0505609386298442,0.0505609386298442,6.0
262600.0,2626.0,0.0,,-1.050559250748891,0.050559250748891,6.0
262700.0,2627.0,0.0,,-1.0505584549801057,0.0505584549801056,6.0
263300.0,2633.0,0.0,,-1.0505578258885933,0.0505578258885932,6.0
263600.0,2636.0,0.0,,-1.05055749427623,0.0505574942762301,6.0
263700.0,2637.0,0.0,,-1.0505555087092422,0.0505555087092421,6.0
264000.0,2640.0,0.0,,-1.0505554748474015,0.0505554748474015,6.0
264100.0,2641.0,0.0,,-1.0505554713049572,0.0505554713049571,6.0
264200.0,2642.0,0.0,,-1.0505554252261304,0.0505554252261304,6.0
264300.0,2643.0,0.0,,-1.050554804881634,0.050554804881634,6.0
264500.0,2645.0,0.0,,-1.050554754579712,0.050554754579712,6.0
264700.0,2647.0,0.0,,-1.050554754506088,0.050554754506088,6.0
264800.0,2648.0,0.0,,-1.0505547258024317,0.0505547258024314,6.0
264900.0,2649.0,0.0,,-1.0505547152305923,0.0505547152305922,6.0
265000.0,2650.0,0.0,,-1.050554668705907,0.050554668705907,6.0
265200.0,2652.0,0.0,,-1.05055463059733,0.0505546305973299,6.0
265500.0,2655.0,0.0,,-1.0505546286532712,0.0505546286532712,6.0
265600.0,2656.0,0.0,,-1.0505546200556148,0.0505546200556148,6.0
266000.0,2660.0,0.0,,-1.0505546195877244,0.0505546195877244,6.0
266100.0,2661.0,0.0,,-1.0505546195840627,0.0505546195840627,6.0
266200.0,2662.0,0.0,,-1.0505546123564469,0.0505546123564468,6.0
266500.0,2665.0,0.0,,-1.0505546123561922,0.0505546123561921,6.0
266600.0,2666.0,0.0,,-1.0505546121278315,0.0505546121278315,6.0
266700.0,2667.0,0.0,,-1.0505546119737503,0.0505546119737503,6.0
266800.0,2668.0,0.0,,-1.050554611778443,0.050554611778443,6.0
267000.0,2670.0,0.0,,-1.0505546117761129,0.0505546117761128,6.0
267200.0,2672.0,0.0,,-1.0505546117238398,0.0505546117238397,6.0
267600.0,2676.0,0.0,,-1.0505546117232702,0.0505546117232702,6.0
267700.0,2677.0,0.0,,-1.0505546117227165,0.0505546117227164,6.0
267800.0,2678.0,0.0,,-1.0505546117226443,0.0505546117226445,6.0
268100.0,2681.0,0.0,,-1.0505546116771045,0.0505546116771042,6.0
268200.0,2682.0,0.0,,-1.0505546116629032,0.0505546116629032,6.0
268300.0,2683.0,0.0,,-1.0505546116433182,0.0505546116433182,6.0
268400.0,2684.0,0.0,,-1.0505546116410978,0.0505546116410977,6.0
268500.0,2685.0,0.0,,-1.0505546116377062,0.0505546116377062,6.0
268700.0,2687.0,0.0,,-1.050554611637538,0.0505546116375379,6.0
269000.0,2690.0,0.0,,-1.050554611637456,0.050554611637456,6.0
269100.0,2691.0,0.0,,-1.0505546116357358,0.0505546116357358,6.0
269200.0,2692.0,0.0,,-1.050554611631172,0.0505546116311719,6.0
269400.0,2694.0,0.0,,-1.0505546116058129,0.0505546116058128,6.0
269500.0,2695.0,0.0,,-1.0505542033305202,0.0505542033305201,6.0
269600.0,2696.0,0.0,,-1.0505541996078218,0.0505541996078218,6.0
269700.0,2697.0,0.0,,-1.0505541892927557,0.0505541892927554,6.0
269800.0,2698.0,0.0,,-1.0505541892927208,0.0505541892927208,6.0
269900.0,2699.0,0.0,,-1.05055418113236,0.0505541811323599,6.0
270100.0,2701.0,0.0,,-1.050554176881998,0.0505541768819979,6.0
270500.0,2705.0,0.0,,-1.0505541765064803,0.0505541765064803,6.0
270700.0,2707.0,0.0,,-1.0505541760532866,0.0505541760532866,6.0
271200.0,2712.0,0.0,,-1.0505541760401966,0.0505541760401966,6.0
271400.0,2714.0,0.0,,-1.0505541760143575,0.0505541760143577,6.0
271500.0,2715.0,0.0,,-1.05055417600251,0.0505541760025098,6.0
271800.0,2718.0,0.0,,-1.050554175997064,0.050554175997064,6.0
271900.0,2719.0,0.0,,-1.0505541754229892,0.0505541754229892,6.0
272000.0,2720.0,0.0,,-1.0505541752609462,0.0505541752609461,6.0
272100.0,2721.0,0.0,,-1.050554175221716,0.050554175221716,6.0
272300.0,2723.0,0.0,,-1.0505541751664211,0.0505541751664211,6.0
272400.0,2724.0,0.0,,-1.0505541730128216,0.0505541730128216,6.0
272500.0,2725.0,0.0,,-1.0505541730127446,0.0505541730127445,6.0
272700.0,2727.0,0.0,,-1.0505541729528405,0.0505541729528404,6.0
272800.0,2728.0,0.0,,-1.0505541666539808,0.0505541666539808,6.0
272900.0,2729.0,0.0,,-1.0505541467491195,0.0505541467491195,6.0
273100.0,2731.0,0.0,,-1.0505541391609643,0.0505541391609642,6.0
273300.0,2733.0,0.0,,-1.0505541368997453,0.0505541368997453,6.0
273400.0,2734.0,0.0,,-1.0505541366779114,0.0505541366779114,6.0
273500.0,2735.0,0.0,,-1.0505541358626722,0.0505541358626722,6.0
273600.0,2736.0,0.0,,-1.050554128219184,0.0505541282191839,6.0
273700.0,2737.0,0.0,,-1.0505541282189013,0.0505541282189012,6.0
273800.0,2738.0,0.0,,-1.0505541174099475,0.0505541174099475,6.0
274100.0,2741.0,0.0,,-1.0505540760426697,0.0505540760426697,6.0
274200.0,2742.0,0.0,,-1.0505540747688356,0.0505540747688355,6.0
274300.0,2743.0,0.0,,-1.050553631389082,0.0505536313890819,6.0
274400.0,2744.0,0.0,,-1.0505503303588857,0.0505503303588854,6.0
274500.0,2745.0,0.0,,-1.0505499413738562,0.0505499413738561,6.0
274700.0,2747.0,0.0,,-1.0505487830187303,0.0505487830187303,6.0
274800.0,2748.0,0.0,,-1.0505487830184477,0.0505487830184476,6.0
274900.0,2749.0,0.0,,-1.0505485081095989,0.0505485081095986,6.0
275000.0,2750.0,0.0,,-1.0505475314337511,0.0505475314337511,6.0
275200.0,2752.0,0.0,,-1.0505446616346676,0.0505446616346676,6.0
275300.0,2753.0,0.0,,-1.0505227577042886,0.0505227577042886,6.0
275800.0,2758.0,0.0,,-1.0505202610883204,0.0505202610883204,6.0
275900.0,2759.0,0.0,,-1.050519338194095,0.0505193381940949,6.0
276100.0,2761.0,0.0,,-1.050517205278385,0.0505172052783853,6.0
276200.0,2762.0,0.0,,-1.0504817995205369,0.0504817995205366,6.0
276400.0,2764.0,0.0,,-1.0504793201566442,0.0504793201566442,6.0
276700.0,2767.0,0.0,,-1.0504772955744404,0.0504772955744403,6.0
276800.0,2768.0,0.0,,-1.0503886106067903,0.0503886106067903,6.0
276900.0,2769.0,0.0,,-1.0503885847287164,0.0503885847287164,6.0
277000.0,2770.0,0.0,,-1.039312443719251,0.0393124437192509,6.0
277100.0,2771.0,0.0,,-1.0387777459291103,0.0387777459291103,6.0
277200.0,2772.0,0.0,,-1.0359212100450426,0.0359212100450425,6.0
277300.0,2773.0,0.0,,-1.0297366904867695,0.0297366904867695,6.0
277400.0,2774.0,0.0,,-1.0259541457072692,0.0259541457072691,6.0
277600.0,2776.0,0.0,,-1.0257957178676729,0.0257957178676728,6.0
277700.0,2777.0,0.0,,-1.0213764896496054,0.0213764896496053,6.0
278000.0,2780.0,0.0,,-1.0211778767791602,0.0211778767791601,6.0
278200.0,2782.0,0.0,,-1.019360089708529,0.019360089708529,6.0
278500.0,2785.0,0.0,,-1.018779734860886,0.018779734860886,6.0
279100.0,2791.0,0.0,,-1.0184840897989966,0.0184840897989966,6.0
279200.0,2792.0,0.0,,-1.0183651031600074,0.0183651031600073,6.0
279500.0,2795.0,0.0,,-1.0183629070557396,0.0183629070557396,6.0
279600.0,2796.0,0.0,,-1.0183013910875165,0.0183013910875162,6.0
279900.0,2799.0,0.0,,-1.0182999598676348,0.0182999598676347,6.0
280200.0,2802.0,0.0,,-1.0182982689584106,0.0182982689584105,6.0
280300.0,2803.0,0.0,,-1.0182952066003677,0.0182952066003676,6.0
280400.0,2804.0,0.0,,-1.018293464471443,0.0182934644714429,6.0
280600.0,2806.0,0.0,,-1.01829340339261,0.0182934033926098,6.0
280800.0,2808.0,0.0,,-1.0181595915242694,0.0181595915242693,6.0
281000.0,2810.0,0.0,,-1.0180901331162062,0.0180901331162062,6.0
281300.0,2813.0,0.0,,-1.0180557532580103,0.0180557532580103,6.0
281400.0,2814.0,0.0,,-1.0179671828339545,0.0179671828339544,6.0
282300.0,2823.0,0.0,,-1.017951575304548,0.017951575304548,6.0
282500.0,2825.0,0.0,,-1.0179511308926996,0.0179511308926996,6.0
282600.0,2826.0,0.0,,-1.017949848744789,0.0179498487447893,6.0
282700.0,2827.0,0.0,,-1.0179477471067158,0.0179477471067157,6.0
282900.0,2829.0,0.0,,-1.0179472557731624,0.0179472557731623,6.0
283000.0,2830.0,0.0,,-1.0179469513259611,0.0179469513259611,6.0
283300.0,2833.0,0.0,,-1.0179465508838208,0.0179465508838208,6.0
283500.0,2835.0,0.0,,-1.0179464613329032,0.0179464613329032,6.0
283600.0,2836.0,0.0,,-1.0179462773487844,0.0179462773487844,6.0
283700.0,2837.0,0.0,,-1.0179461794677436,0.0179461794677435,6.0
283800.0,2838.0,0.0,,-1.0179451179999497,0.0179451179999494,6.0
284000.0,2840.0,0.0,,-1.0179450245789323,0.0179450245789325,6.0
284200.0,2842.0,0.0,,-1.0179444329836334,0.0179444329836333,6.0
284600.0,2846.0,0.0,,-1.017944358892357,0.0179443588923566,6.0
284800.0,2848.0,0.0,,-1.017944351297366,0.017944351297366,6.0
284900.0,2849.0,0.0,,-1.017944158038962,0.0179441580389621,6.0
285000.0,2850.0,0.0,,-1.0179214219108708,0.0179214219108707,6.0
285200.0,2852.0,0.0,,-1.0179208747343425,0.0179208747343424,6.0
285400.0,2854.0,0.0,,-1.0179199566136057,0.0179199566136056,6.0
285600.0,2856.0,0.0,,-1.0179030604259829,0.0179030604259826,6.0
285700.0,2857.0,0.0,,-1.0179009137209605,0.0179009137209604,6.0
285800.0,2858.0,0.0,,-1.0178868030369403,0.0178868030369403,6.0
285900.0,2859.0,0.0,,-1.017878675134012,0.0178786751340118,6.0
286000.0,2860.0,0.0,,-1.0178354640178986,0.0178354640178985,6.0
286300.0,2863.0,0.0,,-1.017776131196697,0.017776131196697,6.0
286500.0,2865.0,0.0,,-1.0177754802537544,0.0177754802537544,6.0
286700.0,2867.0,0.0,,-1.0177721871783532,0.0177721871783531,6.0
287200.0,2872.0,0.0,,-1.0177721870859195,0.0177721870859195,6.0
287300.0,2873.0,0.0,,-1.017770967312822,0.0177709673128219,6.0
287400.0,2874.0,0.0,,-1.017770694747662,0.0177706947476621,6.0
287600.0,2876.0,0.0,,-1.0177706582063482,0.0177706582063481,6.0
287700.0,2877.0,0.0,,-1.0177706575872811,0.0177706575872811,6.0
287800.0,2878.0,0.0,,-1.0177706505923334,0.0177706505923334,6.0
287900.0,2879.0,0.0,,-1.0177705850456351,0.0177705850456353,6.0
288100.0,2881.0,0.0,,-1.017770528847303,0.0177705288473029,6.0
288300.0,2883.0,0.0,,-1.0177705255795784,0.0177705255795783,6.0
288400.0,2884.0,0.0,,-1.0177705225514952,0.0177705225514952,6.0
288500.0,2885.0,0.0,,-1.0177705096370784,0.0177705096370783,6.0
288600.0,2886.0,0.0,,-1.0177704880545104,0.0177704880545104,6.0
288700.0,2887.0,0.0,,-1.017770487826535,0.017770487826535,6.0
288800.0,2888.0,0.0,,-1.0177704797604392,0.0177704797604392,6.0
288900.0,2889.0,0.0,,-1.017770467638946,0.0177704676389458,6.0
289000.0,2890.0,0.0,,-1.0177704535580423,0.0177704535580423,6.0
289200.0,2892.0,0.0,,-1.0177704528329072,0.0177704528329072,6.0
289300.0,2893.0,0.0,,-1.0177704517992046,0.0177704517992045,6.0
289400.0,2894.0,0.0,,-1.0177704393178657,0.0177704393178657,6.0
289700.0,2897.0,0.0,,-1.017747423923812,0.017747423923812,6.0
290000.0,2900.0,0.0,,-1.0177432468297667,0.0177432468297666,6.0
290100.0,2901.0,0.0,,-1.0177388314704043,0.0177388314704043,6.0
290200.0,2902.0,0.0,,-1.0177388306223585,0.0177388306223582,6.0
290400.0,2904.0,0.0,,-1.0177376487916168,0.0177376487916167,6.0
290500.0,2905.0,0.0,,-1.017737641637969,0.017737641637969,6.0
290600.0,2906.0,0.0,,-1.0177376415284898,0.0177376415284897,6.0
290700.0,2907.0,0.0,,-1.0177364143465857,0.0177364143465854,6.0
290900.0,2909.0,0.0,,-1.01769547794748,0.01769547794748,6.0
291100.0,2911.0,0.0,,-1.017679826438946,0.0176798264389459,6.0
291200.0,2912.0,0.0,,-1.0176797758809744,0.0176797758809743,6.0
291400.0,2914.0,0.0,,-1.0176304512932208,0.0176304512932208,6.0
292100.0,2921.0,0.0,,-1.0176303560924314,0.0176303560924313,6.0
292300.0,2923.0,0.0,,-1.0176296395908249,0.0176296395908248,6.0
292500.0,2925.0,0.0,,-1.0176295263324742,0.0176295263324741,6.0
292600.0,2926.0,0.0,,-1.0176142725409063,0.0176142725409065,6.0
292700.0,2927.0,0.0,,-1.0176118707118265,0.0176118707118264,6.0
292900.0,2929.0,0.0,,-1.0176095767056503,0.0176095767056503,6.0
293000.0,2930.0,0.0,,-1.017608315624671,0.0176083156246709,6.0
293100.0,2931.0,0.0,,-1.0176076583160685,0.0176076583160682,6.0
293200.0,2932.0,0.0,,-1.0176060095611776,0.0176060095611776,6.0
293600.0,2936.0,0.0,,-1.0176060084643548,0.0176060084643547,6.0
293900.0,2939.0,0.0,,-1.0176059415715517,0.0176059415715514,6.0
294100.0,2941.0,0.0,,-1.0176058970079875,0.0176058970079875,6.0
294200.0,2942.0,0.0,,-1.017605818426645,0.0176058184266449,6.0
294800.0,2948.0,0.0,,-1.0176058183031484,0.0176058183031484,6.0
295000.0,2950.0,0.0,,-1.017605809633933,0.0176058096339333,6.0
295100.0,2951.0,0.0,,-1.017605809561799,0.017605809561799,6.0
295200.0,2952.0,0.0,,-1.0176058047051812,0.0176058047051812,6.0
295300.0,2953.0,0.0,,-1.0176058039568294,0.0176058039568294,6.0
295500.0,2955.0,0.0,,-1.017605800815236,0.0176058008152359,6.0
295700.0,2957.0,0.0,,-1.017605797800064,0.0176057978000638,6.0
295900.0,2959.0,0.0,,-1.01760573679429,0.0176057367942898,6.0
296000.0,2960.0,0.0,,-1.0176049612639992,0.0176049612639992,6.0
296100.0,2961.0,0.0,,-1.0176048903645245,0.0176048903645242,6.0
296200.0,2962.0,0.0,,-1.0176048864602747,0.0176048864602746,6.0
296300.0,2963.0,0.0,,-1.017604505316661,0.0176045053166609,6.0
296600.0,2966.0,0.0,,-1.0176045022709193,0.0176045022709192,6.0
296700.0,2967.0,0.0,,-1.0176044800835695,0.0176044800835695,6.0
297200.0,2972.0,0.0,,-1.0176044606690506,0.0176044606690506,6.0
297300.0,2973.0,0.0,,-1.01760430123855,0.01760430123855,6.0
297400.0,2974.0,0.0,,-1.017604301234297,0.017604301234297,6.0
297600.0,2976.0,0.0,,-1.0176042972528518,0.0176042972528518,6.0
297700.0,2977.0,0.0,,-1.0176042894648891,0.0176042894648893,6.0
297800.0,2978.0,0.0,,-1.0176042822078175,0.0176042822078177,6.0
297900.0,2979.0,0.0,,-1.017604279525476,0.017604279525476,6.0
298000.0,2980.0,0.0,,-1.0176042737753703,0.0176042737753705,6.0
298200.0,2982.0,0.0,,-1.0176042671828325,0.0176042671828324,6.0
298400.0,2984.0,0.0,,-1.0176042652359871,0.0176042652359871,6.0
298600.0,2986.0,0.0,,-1.0176042592054568,0.0176042592054568,6.0
298700.0,2987.0,0.0,,-1.0176041586463047,0.0176041586463047,6.0
299400.0,2994.0,0.0,,-1.0176041437395864,0.0176041437395864,6.0
299500.0,2995.0,0.0,,-1.0176041420027857,0.0176041420027857,6.0
299700.0,2997.0,0.0,,-1.017604141907555,0.0176041419075549,6.0
299900.0,2999.0,0.0,,-1.017604141718489,0.0176041417184888,6.0
300000.0,3000.0,0.0,,-1.017604136863316,0.0176041368633159,6.0
100.0,1.0,0.0,,-1.8897952205967243,0.8897952205967243,7.0
300.0,3.0,0.0,,-1.8749878212517916,0.8749878212517914,7.0
400.0,4.0,0.0,,-1.82993493659283,0.8299349365928301,7.0
500.0,5.0,0.0,,-1.817596144679807,0.817596144679807,7.0
600.0,6.0,0.0,,-1.7861952941003287,0.7861952941003287,7.0
700.0,7.0,0.0,,-1.7736899042634977,0.7736899042634977,7.0
800.0,8.0,0.0,,-1.7513225113190238,0.7513225113190238,7.0
900.0,9.0,0.0,,-1.6832113459844475,0.6832113459844475,7.0
1100.0,11.0,0.0,,-1.6624472755476474,0.6624472755476474,7.0
1200.0,12.0,0.0,,-1.6436831726642025,0.6436831726642023,7.0
1300.0,13.0,0.0,,-1.6230369127955782,0.6230369127955782,7.0
1400.0,14.0,0.0,,-1.5542619552895367,0.5542619552895367,7.0
1600.0,16.0,0.0,,-1.5186726123794017,0.5186726123794017,7.0
1700.0,17.0,0.0,,-1.4990202407517552,0.4990202407517552,7.0
1800.0,18.0,0.0,,-1.445871088837399,0.4458710888373987,7.0
2100.0,21.0,0.0,,-1.4332887835229882,0.4332887835229881,7.0
2200.0,22.0,0.0,,-1.4119915396605762,0.4119915396605762,7.0
2300.0,23.0,0.0,,-1.3772052627481213,0.3772052627481213,7.0
2400.0,24.0,0.0,,-1.3629170682454377,0.3629170682454377,7.0
2500.0,25.0,0.0,,-1.340775922230048,0.3407759222300479,7.0
2600.0,26.0,0.0,,-1.3141012718810372,0.3141012718810372,7.0
2900.0,29.0,0.0,,-1.2703657910315242,0.2703657910315242,7.0
3100.0,31.0,0.0,,-1.2645085614085216,0.2645085614085216,7.0
3200.0,32.0,0.0,,-1.259503578135465,0.2595035781354651,7.0
3300.0,33.0,0.0,,-1.249239098772364,0.249239098772364,7.0
3400.0,34.0,0.0,,-1.2409437403830237,0.2409437403830234,7.0
3500.0,35.0,0.0,,-1.2356521950949713,0.2356521950949712,7.0
3600.0,36.0,0.0,,-1.2238279581034952,0.2238279581034952,7.0
3900.0,39.0,0.0,,-1.216612169389884,0.2166121693898839,7.0
4400.0,44.0,0.0,,-1.214291688921747,0.214291688921747,7.0
4500.0,45.0,0.0,,-1.2142643980209336,0.2142643980209335,7.0
4600.0,46.0,0.0,,-1.204041952778701,0.2040419527787009,7.0
4900.0,49.0,0.0,,-1.202920239644551,0.202920239644551,7.0
5100.0,51.0,0.0,,-1.2020538517201371,0.2020538517201373,7.0
5300.0,53.0,0.0,,-1.2015903677679474,0.2015903677679473,7.0
5500.0,55.0,0.0,,-1.2004684805663626,0.2004684805663625,7.0
5900.0,59.0,0.0,,-1.2002419062459366,0.2002419062459366,7.0
6500.0,65.0,0.0,,-1.200241110277613,0.2002411102776129,7.0
6700.0,67.0,0.0,,-1.2001123943687375,0.2001123943687377,7.0
7100.0,71.0,0.0,,-1.2000674739389838,0.2000674739389838,7.0
7500.0,75.0,0.0,,-1.200067348467991,0.2000673484679906,7.0
8100.0,81.0,0.0,,-1.199992903273971,0.1999929032739709,7.0
8200.0,82.0,0.0,,-1.1999236318410973,0.1999236318410973,7.0
8300.0,83.0,0.0,,-1.1998893240458213,0.1998893240458212,7.0
8500.0,85.0,0.0,,-1.199882669113418,0.1998826691134179,7.0
8600.0,86.0,0.0,,-1.1998798155468595,0.1998798155468595,7.0
8800.0,88.0,0.0,,-1.1998648527433076,0.1998648527433075,7.0
8900.0,89.0,0.0,,-1.199864312944237,0.199864312944237,7.0
9000.0,90.0,0.0,,-1.1998624179373931,0.1998624179373931,7.0
9100.0,91.0,0.0,,-1.199861429708008,0.1998614297080079,7.0
9200.0,92.0,0.0,,-1.1998597659015768,0.1998597659015768,7.0
9500.0,95.0,0.0,,-1.199858742387696,0.199858742387696,7.0
9700.0,97.0,0.0,,-1.199857241978968,0.1998572419789679,7.0
9900.0,99.0,0.0,,-1.1998512292680692,0.1998512292680692,7.0
10100.0,101.0,0.0,,-1.1998508940096984,0.1998508940096983,7.0
10300.0,103.0,0.0,,-1.199850814964298,0.1998508149642979,7.0
10400.0,104.0,0.0,,-1.1998505119073255,0.1998505119073257,7.0
10500.0,105.0,0.0,,-1.1998499911311669,0.1998499911311668,7.0
11900.0,119.0,0.0,,-1.1880302618198977,0.1880302618198976,7.0
12200.0,122.0,0.0,,-1.1855196894120337,0.1855196894120336,7.0
12400.0,124.0,0.0,,-1.163164054410318,0.1631640544103179,7.0
12600.0,126.0,0.0,,-1.1631603722732309,0.1631603722732308,7.0
12800.0,128.0,0.0,,-1.1629611893700558,0.1629611893700557,7.0
13000.0,130.0,0.0,,-1.16296116845787,0.16296116845787,7.0
13100.0,131.0,0.0,,-1.162961151351716,0.1629611513517159,7.0
13200.0,132.0,0.0,,-1.162961146099577,0.162961146099577,7.0
13400.0,134.0,0.0,,-1.1629611334894758,0.1629611334894758,7.0
13600.0,136.0,0.0,,-1.1629611334527554,0.1629611334527554,7.0
14000.0,140.0,0.0,,-1.1629611333550995,0.1629611333550995,7.0
14100.0,141.0,0.0,,-1.1629611332934262,0.1629611332934262,7.0
14300.0,143.0,0.0,,-1.1629611311710026,0.1629611311710026,7.0
14800.0,148.0,0.0,,-1.162961129707571,0.162961129707571,7.0
15000.0,150.0,0.0,,-1.14043039793618,0.14043039793618,7.0
15100.0,151.0,0.0,,-1.1404294680428722,0.1404294680428721,7.0
15200.0,152.0,0.0,,-1.140061564494352,0.1400615644943519,7.0
15400.0,154.0,0.0,,-1.1393433295153996,0.1393433295153996,7.0
15500.0,155.0,0.0,,-1.1296938359061457,0.1296938359061457,7.0
15600.0,156.0,0.0,,-1.1296282317427164,0.1296282317427164,7.0
16000.0,160.0,0.0,,-1.128608969492657,0.1286089694926571,7.0
16100.0,161.0,0.0,,-1.1284329800793091,0.1284329800793091,7.0
16200.0,162.0,0.0,,-1.1274428849318474,0.1274428849318474,7.0
16300.0,163.0,0.0,,-1.126327132516801,0.1263271325168009,7.0
16600.0,166.0,0.0,,-1.1261908644695655,0.1261908644695655,7.0
16700.0,167.0,0.0,,-1.1261847317401914,0.1261847317401914,7.0
16800.0,168.0,0.0,,-1.1261109762051793,0.1261109762051793,7.0
16900.0,169.0,0.0,,-1.1260737015107145,0.1260737015107145,7.0
17300.0,173.0,0.0,,-1.1260722765336637,0.1260722765336637,7.0
18000.0,180.0,0.0,,-1.126072275848333,0.126072275848333,7.0
18200.0,182.0,0.0,,-1.1260722758270436,0.1260722758270436,7.0
18400.0,184.0,0.0,,-1.1260722758259427,0.1260722758259427,7.0
18800.0,188.0,0.0,,-1.1260722750910217,0.1260722750910217,7.0
18900.0,189.0,0.0,,-1.1260722748741592,0.1260722748741591,7.0
19100.0,191.0,0.0,,-1.1260722743905298,0.1260722743905298,7.0
19200.0,192.0,0.0,,-1.1260722743299918,0.1260722743299918,7.0
19500.0,195.0,0.0,,-1.1260722742639064,0.1260722742639064,7.0
19700.0,197.0,0.0,,-1.1260722741919982,0.1260722741919981,7.0
19900.0,199.0,0.0,,-1.1260722741688012,0.1260722741688011,7.0
20200.0,202.0,0.0,,-1.1260722740952962,0.1260722740952962,7.0
20300.0,203.0,0.0,,-1.1260722740817015,0.1260722740817017,7.0
20400.0,204.0,0.0,,-1.1260722740810525,0.1260722740810522,7.0
20500.0,205.0,0.0,,-1.126072274044807,0.126072274044807,7.0
20900.0,209.0,0.0,,-1.1260722740444342,0.1260722740444342,7.0
21300.0,213.0,0.0,,-1.12607227404335,0.1260722740433499,7.0
21600.0,216.0,0.0,,-1.1260722740415026,0.1260722740415025,7.0
21700.0,217.0,0.0,,-1.126072274038978,0.1260722740389779,7.0
21900.0,219.0,0.0,,-1.1260722740389666,0.1260722740389666,7.0
22000.0,220.0,0.0,,-1.126072274037344,0.1260722740373441,7.0
22200.0,222.0,0.0,,-1.1260722740360043,0.1260722740360043,7.0
22300.0,223.0,0.0,,-1.1260722740355271,0.1260722740355273,7.0
22600.0,226.0,0.0,,-1.126072274035407,0.126072274035407,7.0
22800.0,228.0,0.0,,-1.1260722740352251,0.1260722740352251,7.0
22900.0,229.0,0.0,,-1.126072274035214,0.126072274035214,7.0
23300.0,233.0,0.0,,-1.1260722740352136,0.1260722740352136,7.0
23400.0,234.0,0.0,,-1.1260722740349027,0.1260722740349027,7.0
23700.0,237.0,0.0,,-1.1260722740348847,0.1260722740348847,7.0
23800.0,238.0,0.0,,-1.1260722740348423,0.1260722740348423,7.0
23900.0,239.0,0.0,,-1.1260722740348388,0.1260722740348387,7.0
24600.0,246.0,0.0,,-1.1260722740348383,0.1260722740348383,7.0
25100.0,251.0,0.0,,-1.1260722740348368,0.1260722740348367,7.0
25200.0,252.0,0.0,,-1.1260722740348352,0.1260722740348352,7.0
25400.0,254.0,0.0,,-1.126072274034835,0.126072274034835,7.0
25900.0,259.0,0.0,,-1.1260722740348346,0.1260722740348345,7.0
26200.0,262.0,0.0,,-1.126072274034834,0.1260722740348341,7.0
26600.0,266.0,0.0,,-1.1260722740348337,0.1260722740348336,7.0
27500.0,275.0,0.0,,-1.1260722740348337,0.1260722740348334,7.0
100.0,1.0,0.0,,-1.9015999101876884,0.9015999101876884,8.0
200.0,2.0,0.0,,-1.895957980399992,0.895957980399992,8.0
300.0,3.0,0.0,,-1.861270713161048,0.8612707131610482,8.0
400.0,4.0,0.0,,-1.8257075380476944,0.8257075380476944,8.0
500.0,5.0,0.0,,-1.808813787024328,0.8088137870243279,8.0
600.0,6.0,0.0,,-1.7867934218250396,0.7867934218250396,8.0
700.0,7.0,0.0,,-1.7752605131650483,0.7752605131650485,8.0
800.0,8.0,0.0,,-1.748497808390184,0.7484978083901839,8.0
900.0,9.0,0.0,,-1.6782200179506357,0.6782200179506357,8.0
1000.0,10.0,0.0,,-1.6712818208350375,0.6712818208350377,8.0
1100.0,11.0,0.0,,-1.6399397547246104,0.6399397547246104,8.0
1200.0,12.0,0.0,,-1.60765408058316,0.6076540805831601,8.0
1300.0,13.0,0.0,,-1.6069794044814485,0.6069794044814485,8.0
1400.0,14.0,0.0,,-1.581176290442295,0.581176290442295,8.0
1500.0,15.0,0.0,,-1.5499677517120265,0.5499677517120265,8.0
1600.0,16.0,0.0,,-1.5215085932091066,0.5215085932091066,8.0
1700.0,17.0,0.0,,-1.4819747490363469,0.4819747490363468,8.0
1800.0,18.0,0.0,,-1.4784152985911736,0.4784152985911736,8.0
1900.0,19.0,0.0,,-1.4373539888696645,0.4373539888696642,8.0
2000.0,20.0,0.0,,-1.4187630198316037,0.4187630198316034,8.0
2100.0,21.0,0.0,,-1.391410568744335,0.391410568744335,8.0
2200.0,22.0,0.0,,-1.3870446236084455,0.3870446236084455,8.0
2300.0,23.0,0.0,,-1.365851391397398,0.365851391397398,8.0
2400.0,24.0,0.0,,-1.343218251872215,0.3432182518722153,8.0
2600.0,26.0,0.0,,-1.3125679289705452,0.3125679289705452,8.0
2700.0,27.0,0.0,,-1.3055421321196896,0.3055421321196896,8.0
2800.0,28.0,0.0,,-1.304337324215349,0.3043373242153493,8.0
2900.0,29.0,0.0,,-1.2816820679305032,0.2816820679305032,8.0
3000.0,30.0,0.0,,-1.2646528214374544,0.2646528214374544,8.0
3100.0,31.0,0.0,,-1.2531758445289758,0.2531758445289758,8.0
3200.0,32.0,0.0,,-1.2313916795701898,0.2313916795701898,8.0
3300.0,33.0,0.0,,-1.2306023200753116,0.2306023200753115,8.0
3400.0,34.0,0.0,,-1.2189939942216288,0.2189939942216288,8.0
3500.0,35.0,0.0,,-1.1903365371029058,0.1903365371029057,8.0
3600.0,36.0,0.0,,-1.1701430578736909,0.1701430578736906,8.0
3900.0,39.0,0.0,,-1.1654016225304415,0.1654016225304415,8.0
4000.0,40.0,0.0,,-1.1575797400399683,0.1575797400399683,8.0
4200.0,42.0,0.0,,-1.1535163726647388,0.1535163726647388,8.0
4300.0,43.0,0.0,,-1.151156547467184,0.1511565474671841,8.0
4400.0,44.0,0.0,,-1.147202298493302,0.1472022984933021,8.0
4500.0,45.0,0.0,,-1.1445179871328786,0.1445179871328785,8.0
4700.0,47.0,0.0,,-1.141026097674911,0.1410260976749109,8.0
4900.0,49.0,0.0,,-1.1368980197346177,0.1368980197346174,8.0
5100.0,51.0,0.0,,-1.134454817299902,0.134454817299902,8.0
5200.0,52.0,0.0,,-1.1268023350298768,0.1268023350298768,8.0
5400.0,54.0,0.0,,-1.1188330915528713,0.1188330915528712,8.0
5600.0,56.0,0.0,,-1.1175943025157395,0.1175943025157395,8.0
5700.0,57.0,0.0,,-1.1151354956176602,0.1151354956176602,8.0
5800.0,58.0,0.0,,-1.1109871552070016,0.1109871552070016,8.0
5900.0,59.0,0.0,,-1.1075775434704662,0.1075775434704662,8.0
6000.0,60.0,0.0,,-1.1038577532615197,0.1038577532615194,8.0
6400.0,64.0,0.0,,-1.103427804743763,0.1034278047437626,8.0
8100.0,81.0,0.0,,-1.1024796071840814,0.1024796071840814,8.0
9800.0,98.0,0.0,,-1.1021416437713512,0.1021416437713511,8.0
9900.0,99.0,0.0,,-1.102140815636386,0.1021408156363858,8.0
10000.0,100.0,0.0,,-1.1021157480773836,0.1021157480773835,8.0
10300.0,103.0,0.0,,-1.1021127341939438,0.1021127341939438,8.0
10600.0,106.0,0.0,,-1.1020927350844405,0.1020927350844402,8.0
10700.0,107.0,0.0,,-1.1019786848274165,0.1019786848274164,8.0
10900.0,109.0,0.0,,-1.1019292493454094,0.1019292493454093,8.0
11300.0,113.0,0.0,,-1.1018843243988783,0.1018843243988785,8.0
11400.0,114.0,0.0,,-1.101879279047694,0.1018792790476941,8.0
11500.0,115.0,0.0,,-1.101872815079415,0.101872815079415,8.0
11800.0,118.0,0.0,,-1.1018718216642451,0.1018718216642451,8.0
12000.0,120.0,0.0,,-1.1018697627608904,0.1018697627608904,8.0
12300.0,123.0,0.0,,-1.1018130718206227,0.1018130718206227,8.0
12500.0,125.0,0.0,,-1.101804809163085,0.1018048091630849,8.0
12700.0,127.0,0.0,,-1.1016485035812609,0.1016485035812608,8.0
12800.0,128.0,0.0,,-1.1016483566565924,0.1016483566565924,8.0
13000.0,130.0,0.0,,-1.1016454782144656,0.1016454782144655,8.0
13100.0,131.0,0.0,,-1.1016428101519025,0.1016428101519024,8.0
13200.0,132.0,0.0,,-1.101629480504191,0.101629480504191,8.0
13400.0,134.0,0.0,,-1.101564582479944,0.101564582479944,8.0
13600.0,136.0,0.0,,-1.1015401480645362,0.1015401480645361,8.0
13900.0,139.0,0.0,,-1.101537190226976,0.1015371902269759,8.0
14000.0,140.0,0.0,,-1.1015364868849145,0.1015364868849144,8.0
14100.0,141.0,0.0,,-1.101506393261927,0.1015063932619269,8.0
14200.0,142.0,0.0,,-1.101488154200165,0.1014881542001651,8.0
14500.0,145.0,0.0,,-1.101485208750254,0.101485208750254,8.0
14600.0,146.0,0.0,,-1.1014812301248065,0.1014812301248064,8.0
15100.0,151.0,0.0,,-1.1014810191440954,0.1014810191440953,8.0
15400.0,154.0,0.0,,-1.1014809967839485,0.1014809967839482,8.0
15800.0,158.0,0.0,,-1.1014808831734249,0.1014808831734248,8.0
16100.0,161.0,0.0,,-1.0805157456847398,0.0805157456847398,8.0
16500.0,165.0,0.0,,-1.0781231169153458,0.0781231169153457,8.0
16600.0,166.0,0.0,,-1.0652405742201558,0.0652405742201558,8.0
16800.0,168.0,0.0,,-1.0649367911388754,0.0649367911388754,8.0
17000.0,170.0,0.0,,-1.0647451600135167,0.0647451600135167,8.0
17100.0,171.0,0.0,,-1.0646248692354463,0.0646248692354465,8.0
17200.0,172.0,0.0,,-1.0645916294458029,0.0645916294458028,8.0
17700.0,177.0,0.0,,-1.0645912085682283,0.0645912085682283,8.0
18100.0,181.0,0.0,,-1.0645910013226505,0.0645910013226505,8.0
18300.0,183.0,0.0,,-1.0645909955020791,0.0645909955020791,8.0
19500.0,195.0,0.0,,-1.0645909916168226,0.0645909916168225,8.0
19600.0,196.0,0.0,,-1.06459091388424,0.0645909138842399,8.0
19700.0,197.0,0.0,,-1.064590913703073,0.0645909137030726,8.0
19800.0,198.0,0.0,,-1.0645908783950029,0.0645908783950026,8.0
20000.0,200.0,0.0,,-1.064590875631248,0.0645908756312478,8.0
20100.0,201.0,0.0,,-1.0645908720289865,0.0645908720289862,8.0
20200.0,202.0,0.0,,-1.0645908697760282,0.0645908697760282,8.0
20300.0,203.0,0.0,,-1.0645908657278482,0.0645908657278482,8.0
20600.0,206.0,0.0,,-1.0645908657072891,0.0645908657072893,8.0
20700.0,207.0,0.0,,-1.064590865340472,0.064590865340472,8.0
20900.0,209.0,0.0,,-1.0645908581426249,0.0645908581426246,8.0
21000.0,210.0,0.0,,-1.0645908553485572,0.0645908553485572,8.0
21300.0,213.0,0.0,,-1.0645908553393342,0.0645908553393341,8.0
21400.0,214.0,0.0,,-1.064590855115941,0.0645908551159413,8.0
21500.0,215.0,0.0,,-1.0645908509651232,0.0645908509651231,8.0
21600.0,216.0,0.0,,-1.064590850366291,0.064590850366291,8.0
21700.0,217.0,0.0,,-1.0645908500891903,0.0645908500891903,8.0
22100.0,221.0,0.0,,-1.0645908499386263,0.0645908499386263,8.0
22300.0,223.0,0.0,,-1.064590849738663,0.0645908497386629,8.0
22600.0,226.0,0.0,,-1.064590848974432,0.064590848974432,8.0
22900.0,229.0,0.0,,-1.0645908488637024,0.0645908488637023,8.0
23000.0,230.0,0.0,,-1.0645908486344686,0.0645908486344686,8.0
23200.0,232.0,0.0,,-1.0645908485906972,0.0645908485906971,8.0
23300.0,233.0,0.0,,-1.0645908485081177,0.0645908485081177,8.0
23500.0,235.0,0.0,,-1.0645908484364468,0.0645908484364468,8.0
23600.0,236.0,0.0,,-1.0645908484250146,0.0645908484250146,8.0
23900.0,239.0,0.0,,-1.064590848424745,0.064590848424745,8.0
24300.0,243.0,0.0,,-1.0645908484245714,0.0645908484245714,8.0
24600.0,246.0,0.0,,-1.0645908484227853,0.0645908484227852,8.0
25300.0,253.0,0.0,,-1.0645908484227802,0.0645908484227801,8.0
25400.0,254.0,0.0,,-1.0645908484225846,0.0645908484225845,8.0
25700.0,257.0,0.0,,-1.064590848422584,0.0645908484225838,8.0
25800.0,258.0,0.0,,-1.0645908484225188,0.0645908484225188,8.0
26100.0,261.0,0.0,,-1.0645908484225173,0.0645908484225172,8.0
26400.0,264.0,0.0,,-1.0645908484225135,0.0645908484225137,8.0
26800.0,268.0,0.0,,-1.0645908484225133,0.0645908484225132,8.0
26900.0,269.0,0.0,,-1.064590848422513,0.064590848422513,8.0
27000.0,270.0,0.0,,-1.0645908484225124,0.0645908484225123,8.0
27100.0,271.0,0.0,,-1.064590848422511,0.064590848422511,8.0
27400.0,274.0,0.0,,-1.0645908484225033,0.0645908484225032,8.0
27500.0,275.0,0.0,,-1.0645908484224975,0.0645908484224975,8.0
27900.0,279.0,0.0,,-1.0645908484224973,0.0645908484224973,8.0
28400.0,284.0,0.0,,-1.064590848422497,0.064590848422497,8.0
29000.0,290.0,0.0,,-1.0645908484224968,0.0645908484224968,8.0
100.0,1.0,0.0,,-1.8978431688740884,0.8978431688740884,9.0
200.0,2.0,0.0,,-1.8798149291762225,0.8798149291762223,9.0
300.0,3.0,0.0,,-1.8461072256904865,0.8461072256904865,9.0
400.0,4.0,0.0,,-1.8379562092580275,0.8379562092580273,9.0
500.0,5.0,0.0,,-1.83195173161648,0.8319517316164797,9.0
600.0,6.0,0.0,,-1.7969567269632454,0.7969567269632454,9.0
700.0,7.0,0.0,,-1.7634349214558729,0.7634349214558729,9.0
800.0,8.0,0.0,,-1.7515537308107698,0.7515537308107698,9.0
900.0,9.0,0.0,,-1.6982629367511952,0.6982629367511952,9.0
1000.0,10.0,0.0,,-1.6635538178285327,0.6635538178285327,9.0
1300.0,13.0,0.0,,-1.6159133072420595,0.6159133072420597,9.0
1400.0,14.0,0.0,,-1.5856102431483394,0.5856102431483394,9.0
1500.0,15.0,0.0,,-1.5590345883289294,0.5590345883289294,9.0
1700.0,17.0,0.0,,-1.5119884409049562,0.5119884409049562,9.0
1800.0,18.0,0.0,,-1.490684403944132,0.490684403944132,9.0
1900.0,19.0,0.0,,-1.4572456627670678,0.4572456627670678,9.0
2000.0,20.0,0.0,,-1.4494906210432816,0.4494906210432816,9.0
2100.0,21.0,0.0,,-1.4490621822690326,0.4490621822690326,9.0
2200.0,22.0,0.0,,-1.4447368290040827,0.4447368290040827,9.0
2300.0,23.0,0.0,,-1.4176573210318315,0.4176573210318315,9.0
2500.0,25.0,0.0,,-1.4105388381548742,0.4105388381548742,9.0
2600.0,26.0,0.0,,-1.3788259542784278,0.3788259542784278,9.0
2800.0,28.0,0.0,,-1.3689724856677614,0.3689724856677614,9.0
2900.0,29.0,0.0,,-1.368711806594977,0.368711806594977,9.0
3000.0,30.0,0.0,,-1.359802111451243,0.3598021114512431,9.0
3200.0,32.0,0.0,,-1.3477399351092505,0.3477399351092503,9.0
3300.0,33.0,0.0,,-1.3448663916359462,0.3448663916359462,9.0
3400.0,34.0,0.0,,-1.3383527855770716,0.3383527855770716,9.0
3500.0,35.0,0.0,,-1.3221282481055918,0.3221282481055918,9.0
3900.0,39.0,0.0,,-1.3194799962193744,0.3194799962193744,9.0
4100.0,41.0,0.0,,-1.3189379529581493,0.3189379529581493,9.0
4300.0,43.0,0.0,,-1.318935742244215,0.3189357422442149,9.0
4400.0,44.0,0.0,,-1.3188828802798014,0.3188828802798014,9.0
4700.0,47.0,0.0,,-1.3188432326125756,0.3188432326125756,9.0
4900.0,49.0,0.0,,-1.318592021472326,0.3185920214723259,9.0
5100.0,51.0,0.0,,-1.318589966911193,0.3185899669111927,9.0
5300.0,53.0,0.0,,-1.3185894445014974,0.3185894445014974,9.0
5700.0,57.0,0.0,,-1.3185846315516383,0.3185846315516385,9.0
6100.0,61.0,0.0,,-1.3185845518743469,0.3185845518743468,9.0
6400.0,64.0,0.0,,-1.3185842656113778,0.3185842656113777,9.0
6700.0,67.0,0.0,,-1.3185822108812073,0.3185822108812073,9.0
6900.0,69.0,0.0,,-1.318581593898578,0.3185815938985779,9.0
7100.0,71.0,0.0,,-1.318428258956727,0.3184282589567273,9.0
7600.0,76.0,0.0,,-1.3183526236260628,0.3183526236260627,9.0
7800.0,78.0,0.0,,-1.318338121390412,0.3183381213904119,9.0
7900.0,79.0,0.0,,-1.318323684773253,0.3183236847732527,9.0
8200.0,82.0,0.0,,-1.318307194551141,0.3183071945511413,9.0
8400.0,84.0,0.0,,-1.318304553033014,0.3183045530330139,9.0
8500.0,85.0,0.0,,-1.318300680247855,0.3183006802478549,9.0
8700.0,87.0,0.0,,-1.3182994058564987,0.3182994058564987,9.0
8800.0,88.0,0.0,,-1.318299264108246,0.318299264108246,9.0
9000.0,90.0,0.0,,-1.3181779386179442,0.3181779386179442,9.0
9200.0,92.0,0.0,,-1.3180675519010945,0.3180675519010945,9.0
9500.0,95.0,0.0,,-1.318064854295657,0.318064854295657,9.0
9600.0,96.0,0.0,,-1.3180474357341412,0.3180474357341412,9.0
9800.0,98.0,0.0,,-1.3180402579219712,0.3180402579219712,9.0
10000.0,100.0,0.0,,-1.3180325399863702,0.3180325399863701,9.0
10100.0,101.0,0.0,,-1.3180271032118407,0.3180271032118407,9.0
10200.0,102.0,0.0,,-1.3180199050723589,0.3180199050723586,9.0
10300.0,103.0,0.0,,-1.3180194120087334,0.3180194120087334,9.0
10400.0,104.0,0.0,,-1.3180191510964576,0.3180191510964576,9.0
10500.0,105.0,0.0,,-1.3180190616463232,0.3180190616463232,9.0
10700.0,107.0,0.0,,-1.3180189546397751,0.3180189546397751,9.0
10800.0,108.0,0.0,,-1.3180188946386149,0.3180188946386149,9.0
11200.0,112.0,0.0,,-1.3180188680827565,0.3180188680827562,9.0
11500.0,115.0,0.0,,-1.3180188660162506,0.3180188660162506,9.0
11600.0,116.0,0.0,,-1.299130091685477,0.2991300916854773,9.0
11700.0,117.0,0.0,,-1.2972628563849402,0.2972628563849402,9.0
11800.0,118.0,0.0,,-1.2960467662060535,0.2960467662060537,9.0
12000.0,120.0,0.0,,-1.2958491022787098,0.2958491022787097,9.0
12100.0,121.0,0.0,,-1.2948922932421836,0.2948922932421836,9.0
12200.0,122.0,0.0,,-1.2831630548351227,0.2831630548351227,9.0
12500.0,125.0,0.0,,-1.2831601878291852,0.2831601878291852,9.0
12600.0,126.0,0.0,,-1.2813149512409276,0.2813149512409276,9.0
12800.0,128.0,0.0,,-1.2811897668162866,0.2811897668162866,9.0
12900.0,129.0,0.0,,-1.2803208908626953,0.2803208908626953,9.0
13000.0,130.0,0.0,,-1.2800027353274557,0.2800027353274554,9.0
13200.0,132.0,0.0,,-1.2798878179979898,0.2798878179979898,9.0
13500.0,135.0,0.0,,-1.2795054066142155,0.2795054066142155,9.0
13700.0,137.0,0.0,,-1.2794883254101033,0.2794883254101032,9.0
13900.0,139.0,0.0,,-1.2793040221319587,0.2793040221319587,9.0
14000.0,140.0,0.0,,-1.279303548672095,0.2793035486720949,9.0
14100.0,141.0,0.0,,-1.27930046115881,0.2793004611588099,9.0
14200.0,142.0,0.0,,-1.2791934641866305,0.2791934641866302,9.0
14300.0,143.0,0.0,,-1.2790394298061452,0.2790394298061451,9.0
14600.0,146.0,0.0,,-1.2789998797413624,0.2789998797413624,9.0
15100.0,151.0,0.0,,-1.2789960182283202,0.2789960182283202,9.0
15300.0,153.0,0.0,,-1.278986015835914,0.2789860158359141,9.0
17400.0,174.0,0.0,,-1.2789860154295494,0.2789860154295493,9.0
17600.0,176.0,0.0,,-1.2789858711657132,0.2789858711657131,9.0
18500.0,185.0,0.0,,-1.278985854100508,0.2789858541005079,9.0
18900.0,189.0,0.0,,-1.27898585155485,0.27898585155485,9.0
19100.0,191.0,0.0,,-1.278985850583346,0.278985850583346,9.0
19500.0,195.0,0.0,,-1.27898584747477,0.2789858474747699,9.0
19800.0,198.0,0.0,,-1.2789858474474054,0.2789858474474054,9.0
20100.0,201.0,0.0,,-1.2789858474331728,0.2789858474331728,9.0
20200.0,202.0,0.0,,-1.2789858473824784,0.2789858473824784,9.0
20300.0,203.0,0.0,,-1.2789858472671582,0.2789858472671582,9.0
20500.0,205.0,0.0,,-1.2789197729626225,0.2789197729626225,9.0
20900.0,209.0,0.0,,-1.2789194317691943,0.2789194317691943,9.0
21000.0,210.0,0.0,,-1.2789186236820522,0.2789186236820522,9.0
21100.0,211.0,0.0,,-1.2788866255571252,0.2788866255571252,9.0
21800.0,218.0,0.0,,-1.2772712085310884,0.2772712085310884,9.0
21900.0,219.0,0.0,,-1.277263137497746,0.2772631374977459,9.0
22200.0,222.0,0.0,,-1.277175705069508,0.277175705069508,9.0
22400.0,224.0,0.0,,-1.2771515222804717,0.2771515222804717,9.0
22500.0,225.0,0.0,,-1.2771498113792037,0.2771498113792034,9.0
22600.0,226.0,0.0,,-1.2771415195062912,0.2771415195062912,9.0
22700.0,227.0,0.0,,-1.2771345305241586,0.2771345305241586,9.0
23000.0,230.0,0.0,,-1.2771270827628594,0.2771270827628593,9.0
23100.0,231.0,0.0,,-1.277113596531973,0.2771135965319731,9.0
23200.0,232.0,0.0,,-1.2770820137099883,0.2770820137099883,9.0
23400.0,234.0,0.0,,-1.2770802485970287,0.2770802485970287,9.0
23500.0,235.0,0.0,,-1.277075512031399,0.277075512031399,9.0
23600.0,236.0,0.0,,-1.2770729146334752,0.2770729146334751,9.0
23800.0,238.0,0.0,,-1.2770725098200204,0.2770725098200204,9.0
24300.0,243.0,0.0,,-1.2770724833390938,0.2770724833390938,9.0
24400.0,244.0,0.0,,-1.2770724785489664,0.2770724785489664,9.0
24500.0,245.0,0.0,,-1.2770724774853897,0.2770724774853896,9.0
24600.0,246.0,0.0,,-1.2770724676265062,0.2770724676265061,9.0
25400.0,254.0,0.0,,-1.2766225063703405,0.2766225063703404,9.0
25900.0,259.0,0.0,,-1.2642374866640174,0.2642374866640173,9.0
26000.0,260.0,0.0,,-1.2632756090665729,0.2632756090665726,9.0
26200.0,262.0,0.0,,-1.258475100913116,0.2584751009131159,9.0
26300.0,263.0,0.0,,-1.2527638821423273,0.2527638821423272,9.0
26400.0,264.0,0.0,,-1.24644471255843,0.2464447125584299,9.0
26800.0,268.0,0.0,,-1.2461811597225425,0.2461811597225423,9.0
27200.0,272.0,0.0,,-1.2459536645283755,0.2459536645283755,9.0
27300.0,273.0,0.0,,-1.2457699378944216,0.2457699378944216,9.0
27500.0,275.0,0.0,,-1.2456906368955791,0.2456906368955791,9.0
27900.0,279.0,0.0,,-1.245674093372344,0.245674093372344,9.0
28100.0,281.0,0.0,,-1.2456640838744453,0.2456640838744452,9.0
28200.0,282.0,0.0,,-1.245658824199006,0.2456588241990061,9.0
28400.0,284.0,0.0,,-1.245655083373379,0.245655083373379,9.0
28500.0,285.0,0.0,,-1.245630938501712,0.2456309385017121,9.0
28600.0,286.0,0.0,,-1.2456255502732558,0.2456255502732558,9.0
28700.0,287.0,0.0,,-1.245625013996137,0.2456250139961369,9.0
29000.0,290.0,0.0,,-1.2456220566324263,0.2456220566324263,9.0
29100.0,291.0,0.0,,-1.2455975017732983,0.2455975017732985,9.0
29200.0,292.0,0.0,,-1.2455232005884336,0.2455232005884335,9.0
29700.0,297.0,0.0,,-1.245477591140775,0.2454775911407749,9.0
29900.0,299.0,0.0,,-1.2454746254519056,0.2454746254519055,9.0
30000.0,300.0,0.0,,-1.245469073393794,0.2454690733937938,9.0
30100.0,301.0,0.0,,-1.2454543440208008,0.2454543440208008,9.0
30200.0,302.0,0.0,,-1.2454326386514878,0.2454326386514878,9.0
30400.0,304.0,0.0,,-1.2454324605888476,0.2454324605888476,9.0
30500.0,305.0,0.0,,-1.245419314318992,0.245419314318992,9.0
30700.0,307.0,0.0,,-1.2454189612061148,0.2454189612061148,9.0
30900.0,309.0,0.0,,-1.24538117416131,0.2453811741613099,9.0
31000.0,310.0,0.0,,-1.2453808235616366,0.2453808235616366,9.0
31100.0,311.0,0.0,,-1.243554072289679,0.2435540722896789,9.0
31200.0,312.0,0.0,,-1.2435539383308365,0.2435539383308362,9.0
31400.0,314.0,0.0,,-1.2435464302843755,0.2435464302843755,9.0
31800.0,318.0,0.0,,-1.243501776405955,0.243501776405955,9.0
31900.0,319.0,0.0,,-1.2435017060924172,0.2435017060924171,9.0
32000.0,320.0,0.0,,-1.2435016829021603,0.2435016829021603,9.0
32300.0,323.0,0.0,,-1.243495631783121,0.2434956317831209,9.0
32900.0,329.0,0.0,,-1.243495631761546,0.2434956317615459,9.0
33000.0,330.0,0.0,,-1.2434952529326568,0.2434952529326568,9.0
33100.0,331.0,0.0,,-1.2434952525808374,0.2434952525808373,9.0
33200.0,332.0,0.0,,-1.2434951869945203,0.2434951869945203,9.0
33500.0,335.0,0.0,,-1.243494885616219,0.2434948856162186,9.0
33600.0,336.0,0.0,,-1.2434942025873543,0.2434942025873545,9.0
33700.0,337.0,0.0,,-1.2434940007944186,0.2434940007944186,9.0
33900.0,339.0,0.0,,-1.243461139350904,0.243461139350904,9.0
34000.0,340.0,0.0,,-1.2432642381287138,0.2432642381287137,9.0
34500.0,345.0,0.0,,-1.243258184904972,0.2432581849049719,9.0
34700.0,347.0,0.0,,-1.2432457594820994,0.2432457594820993,9.0
34800.0,348.0,0.0,,-1.2432430490414896,0.2432430490414896,9.0
34900.0,349.0,0.0,,-1.2432380141140609,0.2432380141140606,9.0
35200.0,352.0,0.0,,-1.2432371009308372,0.2432371009308371,9.0
35300.0,353.0,0.0,,-1.2390260765694092,0.2390260765694092,9.0
35700.0,357.0,0.0,,-1.239025415832271,0.2390254158322713,9.0
35800.0,358.0,0.0,,-1.2390250345710547,0.2390250345710547,9.0
36200.0,362.0,0.0,,-1.2390219794024384,0.2390219794024384,9.0
36300.0,363.0,0.0,,-1.2389906880766208,0.2389906880766208,9.0
36400.0,364.0,0.0,,-1.2389794272881274,0.2389794272881273,9.0
36500.0,365.0,0.0,,-1.238871593872744,0.2388715938727439,9.0
36700.0,367.0,0.0,,-1.2388699887980124,0.2388699887980123,9.0
36800.0,368.0,0.0,,-1.238824615117153,0.2388246151171529,9.0
37000.0,370.0,0.0,,-1.2387171380217556,0.2387171380217556,9.0
37300.0,373.0,0.0,,-1.238690400583223,0.2386904005832231,9.0
37800.0,378.0,0.0,,-1.2386773496081287,0.2386773496081287,9.0
37900.0,379.0,0.0,,-1.23863534553346,0.23863534553346,9.0
38000.0,380.0,0.0,,-1.238585837690766,0.2385858376907661,9.0
38200.0,382.0,0.0,,-1.2385735478253912,0.2385735478253912,9.0
38300.0,383.0,0.0,,-1.2385274073670571,0.2385274073670571,9.0
38500.0,385.0,0.0,,-1.2385140241240435,0.2385140241240435,9.0
38900.0,389.0,0.0,,-1.2385140226664344,0.2385140226664344,9.0
39100.0,391.0,0.0,,-1.2385100928399626,0.2385100928399626,9.0
39300.0,393.0,0.0,,-1.2385075154493252,0.2385075154493252,9.0
39600.0,396.0,0.0,,-1.2385075045300744,0.2385075045300744,9.0
39800.0,398.0,0.0,,-1.238463554399981,0.2384635543999806,9.0
39900.0,399.0,0.0,,-1.2384612478961337,0.2384612478961336,9.0
40000.0,400.0,0.0,,-1.2384535383954187,0.2384535383954187,9.0
40100.0,401.0,0.0,,-1.2384068947868414,0.2384068947868414,9.0
40200.0,402.0,0.0,,-1.238392753076458,0.238392753076458,9.0
40300.0,403.0,0.0,,-1.238329947060455,0.2383299470604549,9.0
40500.0,405.0,0.0,,-1.2383297942929985,0.2383297942929985,9.0
40700.0,407.0,0.0,,-1.238329793763489,0.2383297937634889,9.0
40900.0,409.0,0.0,,-1.2381732454452528,0.2381732454452527,9.0
41500.0,415.0,0.0,,-1.2381687360031213,0.2381687360031212,9.0
41600.0,416.0,0.0,,-1.2381613510814018,0.2381613510814018,9.0
41700.0,417.0,0.0,,-1.2381603747377448,0.2381603747377447,9.0
41800.0,418.0,0.0,,-1.2381451597236848,0.2381451597236847,9.0
41900.0,419.0,0.0,,-1.2372933910331487,0.2372933910331487,9.0
42500.0,425.0,0.0,,-1.237124306016494,0.237124306016494,9.0
42700.0,427.0,0.0,,-1.2369910477986674,0.2369910477986674,9.0
42800.0,428.0,0.0,,-1.2369910074419688,0.2369910074419687,9.0
43100.0,431.0,0.0,,-1.2369289116398885,0.2369289116398885,9.0
43200.0,432.0,0.0,,-1.236767687217556,0.2367676872175561,9.0
43400.0,434.0,0.0,,-1.2367630409580506,0.2367630409580505,9.0
43700.0,437.0,0.0,,-1.2367466614393106,0.2367466614393105,9.0
43900.0,439.0,0.0,,-1.2367458781704848,0.2367458781704847,9.0
44000.0,440.0,0.0,,-1.236743452694615,0.236743452694615,9.0
44200.0,442.0,0.0,,-1.2367406147416908,0.2367406147416908,9.0
44300.0,443.0,0.0,,-1.236740489957996,0.2367404899579959,9.0
44400.0,444.0,0.0,,-1.2367403336454548,0.2367403336454547,9.0
44700.0,447.0,0.0,,-1.2367400705910472,0.2367400705910471,9.0
44900.0,449.0,0.0,,-1.2367398391127715,0.2367398391127717,9.0
45000.0,450.0,0.0,,-1.236739579678285,0.2367395796782849,9.0
45200.0,452.0,0.0,,-1.236739477024754,0.2367394770247539,9.0
45300.0,453.0,0.0,,-1.236738962653607,0.2367389626536069,9.0
45700.0,457.0,0.0,,-1.23673896016805,0.23673896016805,9.0
45800.0,458.0,0.0,,-1.236738950395033,0.236738950395033,9.0
45900.0,459.0,0.0,,-1.236738901569948,0.2367389015699479,9.0
46200.0,462.0,0.0,,-1.2367388946422733,0.2367388946422732,9.0
46300.0,463.0,0.0,,-1.236738891904858,0.2367388919048578,9.0
46400.0,464.0,0.0,,-1.2367388916449986,0.2367388916449986,9.0
46500.0,465.0,0.0,,-1.2367388885875077,0.2367388885875074,9.0
46600.0,466.0,0.0,,-1.236738880869075,0.2367388808690749,9.0
46700.0,467.0,0.0,,-1.2367388773280996,0.2367388773280996,9.0
46800.0,468.0,0.0,,-1.2367388751928678,0.2367388751928678,9.0
46900.0,469.0,0.0,,-1.2367388674399815,0.2367388674399817,9.0
47000.0,470.0,0.0,,-1.2367388674052082,0.2367388674052082,9.0
47100.0,471.0,0.0,,-1.2367388645751551,0.2367388645751551,9.0
47200.0,472.0,0.0,,-1.2367388602623817,0.2367388602623816,9.0
47500.0,475.0,0.0,,-1.2367388548313885,0.2367388548313884,9.0
47600.0,476.0,0.0,,-1.2367388543069102,0.2367388543069102,9.0
47900.0,479.0,0.0,,-1.2367388506513672,0.2367388506513672,9.0
48000.0,480.0,0.0,,-1.2367388487295068,0.2367388487295068,9.0
48100.0,481.0,0.0,,-1.236738848363461,0.2367388483634609,9.0
48200.0,482.0,0.0,,-1.2367388449293166,0.2367388449293166,9.0
48300.0,483.0,0.0,,-1.236738844892828,0.236738844892828,9.0
48400.0,484.0,0.0,,-1.2367388446728265,0.2367388446728264,9.0
48500.0,485.0,0.0,,-1.236738844078314,0.236738844078314,9.0
48600.0,486.0,0.0,,-1.2367388430248936,0.2367388430248935,9.0
48700.0,487.0,0.0,,-1.2367388429630393,0.2367388429630392,9.0
48800.0,488.0,0.0,,-1.236738842543513,0.236738842543513,9.0
48900.0,489.0,0.0,,-1.236738842049096,0.2367388420490959,9.0
49000.0,490.0,0.0,,-1.2367388420459338,0.2367388420459337,9.0
49100.0,491.0,0.0,,-1.2367388417051235,0.2367388417051237,9.0
49200.0,492.0,0.0,,-1.2367388408647064,0.2367388408647064,9.0
49500.0,495.0,0.0,,-1.236738840759153,0.236738840759153,9.0
49600.0,496.0,0.0,,-1.2367388406978268,0.2367388406978268,9.0
49800.0,498.0,0.0,,-1.2367388402471564,0.2367388402471564,9.0
50000.0,500.0,0.0,,-1.2367388402115629,0.2367388402115628,9.0
50200.0,502.0,0.0,,-1.2367388401888022,0.2367388401888022,9.0
50300.0,503.0,0.0,,-1.236738840171539,0.2367388401715386,9.0
50400.0,504.0,0.0,,-1.236738840170262,0.2367388401702621,9.0
50600.0,506.0,0.0,,-1.23673884015896,0.23673884015896,9.0
50800.0,508.0,0.0,,-1.236738840156092,0.2367388401560921,9.0
50900.0,509.0,0.0,,-1.2367388401555115,0.2367388401555117,9.0
51000.0,510.0,0.0,,-1.223735822263677,0.2237358222636769,9.0
51200.0,512.0,0.0,,-1.2051824324687377,0.2051824324687376,9.0
51500.0,515.0,0.0,,-1.2051632154567498,0.2051632154567497,9.0
51600.0,516.0,0.0,,-1.2033057663469542,0.2033057663469542,9.0
51700.0,517.0,0.0,,-1.2020860614228095,0.2020860614228097,9.0
51800.0,518.0,0.0,,-1.199948843195514,0.1999488431955138,9.0
51900.0,519.0,0.0,,-1.1998500770420986,0.1998500770420985,9.0
52400.0,524.0,0.0,,-1.1998500279479505,0.1998500279479502,9.0
52500.0,525.0,0.0,,-1.19984998768173,0.1998499876817299,9.0
53600.0,536.0,0.0,,-1.1998499872442694,0.1998499872442694,9.0
53700.0,537.0,0.0,,-1.1998499864782433,0.1998499864782432,9.0
53900.0,539.0,0.0,,-1.199849985207421,0.1998499852074209,9.0
54100.0,541.0,0.0,,-1.1998499851942952,0.1998499851942952,9.0
54300.0,543.0,0.0,,-1.1998499851825422,0.1998499851825421,9.0
54600.0,546.0,0.0,,-1.199849984843943,0.199849984843943,9.0
55000.0,550.0,0.0,,-1.1998499848111173,0.1998499848111172,9.0
55400.0,554.0,0.0,,-1.199849984790661,0.1998499847906609,9.0
55500.0,555.0,0.0,,-1.1998499847725117,0.1998499847725114,9.0
56300.0,563.0,0.0,,-1.199849984772366,0.199849984772366,9.0
56400.0,564.0,0.0,,-1.1998499847723132,0.1998499847723132,9.0
56500.0,565.0,0.0,,-1.199849984771832,0.199849984771832,9.0
56700.0,567.0,0.0,,-1.1998499847716952,0.1998499847716952,9.0
56800.0,568.0,0.0,,-1.1998499847712256,0.1998499847712256,9.0
56900.0,569.0,0.0,,-1.1998499847707915,0.1998499847707917,9.0
57000.0,570.0,0.0,,-1.1998499847704829,0.1998499847704826,9.0
57100.0,571.0,0.0,,-1.199849984770334,0.1998499847703339,9.0
57200.0,572.0,0.0,,-1.1998499847701356,0.1998499847701356,9.0
57300.0,573.0,0.0,,-1.1998499847699726,0.1998499847699726,9.0
57500.0,575.0,0.0,,-1.1998499847699555,0.1998499847699555,9.0
57700.0,577.0,0.0,,-1.1998499847697506,0.1998499847697505,9.0
57800.0,578.0,0.0,,-1.1998499847697022,0.1998499847697021,9.0
57900.0,579.0,0.0,,-1.199849984769654,0.199849984769654,9.0
58000.0,580.0,0.0,,-1.1998499847696509,0.1998499847696508,9.0
58100.0,581.0,0.0,,-1.199849984769646,0.199849984769646,9.0
58300.0,583.0,0.0,,-1.199849984769645,0.1998499847696453,9.0
58400.0,584.0,0.0,,-1.1998499847696409,0.1998499847696409,9.0
58500.0,585.0,0.0,,-1.19984998476964,0.19984998476964,9.0
58800.0,588.0,0.0,,-1.1998499847696398,0.1998499847696397,9.0
59500.0,595.0,0.0,,-1.1998499847696389,0.1998499847696389,9.0
59600.0,596.0,0.0,,-1.1998499847696384,0.1998499847696384,9.0
60200.0,602.0,0.0,,-1.1998499847696382,0.1998499847696382,9.0
60400.0,604.0,0.0,,-1.1998499847696378,0.1998499847696377,9.0
60900.0,609.0,0.0,,-1.1998499847696371,0.1998499847696373,9.0
100.0,1.0,0.0,,-1.8950350082066256,0.8950350082066256,10.0
300.0,3.0,0.0,,-1.854679118090991,0.854679118090991,10.0
500.0,5.0,0.0,,-1.8096118322480623,0.8096118322480623,10.0
600.0,6.0,0.0,,-1.7726869523887192,0.7726869523887192,10.0
800.0,8.0,0.0,,-1.745269721327659,0.7452697213276587,10.0
900.0,9.0,0.0,,-1.718459601889463,0.7184596018894629,10.0
1000.0,10.0,0.0,,-1.6433341145736842,0.6433341145736842,10.0
1200.0,12.0,0.0,,-1.6225668323064488,0.6225668323064488,10.0
1300.0,13.0,0.0,,-1.6208943708104648,0.6208943708104648,10.0
1400.0,14.0,0.0,,-1.5962245406479685,0.5962245406479683,10.0
1600.0,16.0,0.0,,-1.5475991073006514,0.5475991073006514,10.0
1700.0,17.0,0.0,,-1.5304804007818973,0.5304804007818973,10.0
1800.0,18.0,0.0,,-1.5161786961505137,0.5161786961505135,10.0
1900.0,19.0,0.0,,-1.5113024077695472,0.5113024077695472,10.0
2000.0,20.0,0.0,,-1.4957814325537313,0.4957814325537313,10.0
2100.0,21.0,0.0,,-1.438623531932396,0.4386235319323959,10.0
2200.0,22.0,0.0,,-1.4338366220769576,0.4338366220769576,10.0
2300.0,23.0,0.0,,-1.42089032284477,0.42089032284477,10.0
2400.0,24.0,0.0,,-1.397008591785891,0.397008591785891,10.0
2600.0,26.0,0.0,,-1.359531856952455,0.359531856952455,10.0
2700.0,27.0,0.0,,-1.344156002361667,0.344156002361667,10.0
2900.0,29.0,0.0,,-1.3368101209042067,0.3368101209042067,10.0
3000.0,30.0,0.0,,-1.3323925411484356,0.3323925411484356,10.0
3100.0,31.0,0.0,,-1.327671285030064,0.327671285030064,10.0
3200.0,32.0,0.0,,-1.3244362397741356,0.3244362397741356,10.0
3300.0,33.0,0.0,,-1.3241871564476215,0.3241871564476217,10.0
3400.0,34.0,0.0,,-1.32195616490672,0.3219561649067199,10.0
3500.0,35.0,0.0,,-1.313623410509549,0.313623410509549,10.0
3600.0,36.0,0.0,,-1.3083284883151518,0.3083284883151518,10.0
3700.0,37.0,0.0,,-1.2883557770869871,0.2883557770869873,10.0
3800.0,38.0,0.0,,-1.2842667208620058,0.2842667208620058,10.0
3900.0,39.0,0.0,,-1.283853227879747,0.283853227879747,10.0
4000.0,40.0,0.0,,-1.280681684380418,0.2806816843804178,10.0
4300.0,43.0,0.0,,-1.2715588293075817,0.2715588293075814,10.0
4600.0,46.0,0.0,,-1.2677771956652544,0.2677771956652544,10.0
4900.0,49.0,0.0,,-1.2672668869271255,0.2672668869271255,10.0
5000.0,50.0,0.0,,-1.2671211579814097,0.2671211579814097,10.0
5600.0,56.0,0.0,,-1.266856727501152,0.2668567275011519,10.0
5800.0,58.0,0.0,,-1.2668273071752398,0.2668273071752398,10.0
6000.0,60.0,0.0,,-1.266802167679108,0.2668021676791081,10.0
6300.0,63.0,0.0,,-1.2664804612557854,0.2664804612557854,10.0
6900.0,69.0,0.0,,-1.2664651169524572,0.2664651169524572,10.0
7000.0,70.0,0.0,,-1.2664609904711817,0.2664609904711816,10.0
7200.0,72.0,0.0,,-1.2664609809347942,0.2664609809347942,10.0
7600.0,76.0,0.0,,-1.2664609508442202,0.2664609508442201,10.0
7700.0,77.0,0.0,,-1.2664609476672748,0.2664609476672748,10.0
7800.0,78.0,0.0,,-1.2664574969311022,0.2664574969311022,10.0
8300.0,83.0,0.0,,-1.266457491258844,0.266457491258844,10.0
8500.0,85.0,0.0,,-1.266457397498696,0.2664573974986959,10.0
8600.0,86.0,0.0,,-1.2664573925973348,0.2664573925973348,10.0
9000.0,90.0,0.0,,-1.2664404591194431,0.2664404591194431,10.0
9100.0,91.0,0.0,,-1.266423441760105,0.266423441760105,10.0
9200.0,92.0,0.0,,-1.26640850212409,0.26640850212409,10.0
9300.0,93.0,0.0,,-1.266374226505392,0.2663742265053921,10.0
9500.0,95.0,0.0,,-1.266262110951097,0.266262110951097,10.0
9600.0,96.0,0.0,,-1.2662617479810012,0.2662617479810012,10.0
9700.0,97.0,0.0,,-1.2662412196300783,0.2662412196300785,10.0
9900.0,99.0,0.0,,-1.2660464653162,0.2660464653162,10.0
10100.0,101.0,0.0,,-1.2660450649000246,0.2660450649000245,10.0
10200.0,102.0,0.0,,-1.2660380629175834,0.2660380629175833,10.0
10300.0,103.0,0.0,,-1.266038059794537,0.2660380597945373,10.0
10400.0,104.0,0.0,,-1.265927797620095,0.2659277976200953,10.0
10700.0,107.0,0.0,,-1.2658955385205084,0.2658955385205084,10.0
10900.0,109.0,0.0,,-1.2658953243437776,0.2658953243437776,10.0
11000.0,110.0,0.0,,-1.265886922429404,0.265886922429404,10.0
11200.0,112.0,0.0,,-1.265886788327079,0.265886788327079,10.0
11400.0,114.0,0.0,,-1.265886024169408,0.2658860241694079,10.0
11500.0,115.0,0.0,,-1.265885846357674,0.2658858463576741,10.0
11600.0,116.0,0.0,,-1.2658411771169789,0.2658411771169788,10.0
11900.0,119.0,0.0,,-1.2657980327138567,0.2657980327138567,10.0
12100.0,121.0,0.0,,-1.265797840093577,0.265797840093577,10.0
12300.0,123.0,0.0,,-1.2657914831308164,0.2657914831308163,10.0
12500.0,125.0,0.0,,-1.265779510541113,0.2657795105411129,10.0
12600.0,126.0,0.0,,-1.2657794547118684,0.2657794547118683,10.0
12700.0,127.0,0.0,,-1.265750379107083,0.265750379107083,10.0
12800.0,128.0,0.0,,-1.2657502604127957,0.2657502604127955,10.0
13200.0,132.0,0.0,,-1.265515064955554,0.265515064955554,10.0
13600.0,136.0,0.0,,-1.265498422214182,0.2654984222141821,10.0
13900.0,139.0,0.0,,-1.26549547146145,0.2654954714614501,10.0
14100.0,141.0,0.0,,-1.2654699036529973,0.2654699036529973,10.0
14400.0,144.0,0.0,,-1.265469783833462,0.2654697838334621,10.0
14500.0,145.0,0.0,,-1.2654606252394416,0.2654606252394416,10.0
14700.0,147.0,0.0,,-1.2654180730431106,0.2654180730431106,10.0
15000.0,150.0,0.0,,-1.2654166976924328,0.2654166976924328,10.0
15100.0,151.0,0.0,,-1.265281800558796,0.265281800558796,10.0
15200.0,152.0,0.0,,-1.2652491936010777,0.2652491936010777,10.0
15300.0,153.0,0.0,,-1.265242130671265,0.2652421306712647,10.0
15400.0,154.0,0.0,,-1.265236203805043,0.2652362038050433,10.0
15500.0,155.0,0.0,,-1.265232240771751,0.2652322407717509,10.0
15700.0,157.0,0.0,,-1.2652290614663486,0.2652290614663486,10.0
15800.0,158.0,0.0,,-1.2652262567244277,0.2652262567244277,10.0
15900.0,159.0,0.0,,-1.2652257650866994,0.2652257650866993,10.0
16100.0,161.0,0.0,,-1.2651418643426626,0.2651418643426626,10.0
16400.0,164.0,0.0,,-1.264934658318502,0.2649346583185019,10.0
16800.0,168.0,0.0,,-1.2649326792202114,0.2649326792202113,10.0
16900.0,169.0,0.0,,-1.2648906108463214,0.2648906108463214,10.0
17100.0,171.0,0.0,,-1.264889441834447,0.2648894418344469,10.0
17200.0,172.0,0.0,,-1.2648806401683532,0.2648806401683532,10.0
17300.0,173.0,0.0,,-1.264828987353552,0.2648289873535518,10.0
17400.0,174.0,0.0,,-1.2648086486983852,0.2648086486983851,10.0
17900.0,179.0,0.0,,-1.2647859075935008,0.2647859075935008,10.0
18000.0,180.0,0.0,,-1.264778498579917,0.2647784985799171,10.0
18100.0,181.0,0.0,,-1.2647714500860567,0.2647714500860567,10.0
18400.0,184.0,0.0,,-1.2647698142982038,0.2647698142982038,10.0
18500.0,185.0,0.0,,-1.264762464962287,0.264762464962287,10.0
18600.0,186.0,0.0,,-1.264761968828472,0.2647619688284719,10.0
18700.0,187.0,0.0,,-1.2647613211160098,0.2647613211160098,10.0
18800.0,188.0,0.0,,-1.2647537303594525,0.2647537303594522,10.0
19000.0,190.0,0.0,,-1.264685582556198,0.264685582556198,10.0
19300.0,193.0,0.0,,-1.2646788238622064,0.2646788238622064,10.0
19400.0,194.0,0.0,,-1.264471494505815,0.2644714945058151,10.0
19500.0,195.0,0.0,,-1.264470363813272,0.2644703638132719,10.0
19600.0,196.0,0.0,,-1.264469149308404,0.2644691493084039,10.0
19800.0,198.0,0.0,,-1.2644685025794768,0.2644685025794768,10.0
20000.0,200.0,0.0,,-1.2641343716481437,0.2641343716481437,10.0
20400.0,204.0,0.0,,-1.263983242743902,0.2639832427439019,10.0
20600.0,206.0,0.0,,-1.26396995912045,0.26396995912045,10.0
20700.0,207.0,0.0,,-1.2639354313865776,0.2639354313865776,10.0
20800.0,208.0,0.0,,-1.2639197734003351,0.2639197734003353,10.0
20900.0,209.0,0.0,,-1.263917436118587,0.263917436118587,10.0
21000.0,210.0,0.0,,-1.2637862438538383,0.2637862438538383,10.0
21300.0,213.0,0.0,,-1.263783964922612,0.2637839649226119,10.0
21400.0,214.0,0.0,,-1.2636985085391048,0.2636985085391048,10.0
21600.0,216.0,0.0,,-1.2636947190593837,0.2636947190593834,10.0
21700.0,217.0,0.0,,-1.2636152832823326,0.2636152832823326,10.0
21800.0,218.0,0.0,,-1.2634126760938234,0.2634126760938233,10.0
22100.0,221.0,0.0,,-1.26339567356698,0.26339567356698,10.0
22200.0,222.0,0.0,,-1.2633954793510125,0.2633954793510122,10.0
22400.0,224.0,0.0,,-1.2633952137639872,0.2633952137639872,10.0
22500.0,225.0,0.0,,-1.2633845436735047,0.2633845436735047,10.0
22600.0,226.0,0.0,,-1.263380045916055,0.2633800459160547,10.0
22900.0,229.0,0.0,,-1.2633795188108532,0.2633795188108532,10.0
23000.0,230.0,0.0,,-1.2633792361005929,0.2633792361005926,10.0
23100.0,231.0,0.0,,-1.263379137138076,0.263379137138076,10.0
23200.0,232.0,0.0,,-1.2633790968039826,0.2633790968039826,10.0
23300.0,233.0,0.0,,-1.263355390320461,0.263355390320461,10.0
23400.0,234.0,0.0,,-1.2633339412250022,0.2633339412250022,10.0
23900.0,239.0,0.0,,-1.2633194462256037,0.2633194462256036,10.0
24000.0,240.0,0.0,,-1.261796604228395,0.261796604228395,10.0
24700.0,247.0,0.0,,-1.2617890848641866,0.2617890848641866,10.0
24900.0,249.0,0.0,,-1.26178794469173,0.2617879446917299,10.0
25100.0,251.0,0.0,,-1.261773089212813,0.2617730892128129,10.0
25400.0,254.0,0.0,,-1.2616444648947729,0.2616444648947729,10.0
25500.0,255.0,0.0,,-1.2616422342414666,0.2616422342414666,10.0
25600.0,256.0,0.0,,-1.2616411556077138,0.2616411556077138,10.0
25800.0,258.0,0.0,,-1.2615730504025209,0.2615730504025209,10.0
26000.0,260.0,0.0,,-1.2615455787650307,0.2615455787650307,10.0
26100.0,261.0,0.0,,-1.2615400795071752,0.2615400795071751,10.0
26200.0,262.0,0.0,,-1.2615373281211315,0.2615373281211317,10.0
26300.0,263.0,0.0,,-1.2615066792801266,0.2615066792801266,10.0
26500.0,265.0,0.0,,-1.2614988863443473,0.2614988863443472,10.0
26600.0,266.0,0.0,,-1.261498748015035,0.261498748015035,10.0
26700.0,267.0,0.0,,-1.261490035932458,0.2614900359324581,10.0
26800.0,268.0,0.0,,-1.2614895966048254,0.2614895966048254,10.0
26900.0,269.0,0.0,,-1.2614600178165798,0.2614600178165798,10.0
27000.0,270.0,0.0,,-1.2614568036844065,0.2614568036844062,10.0
27100.0,271.0,0.0,,-1.2614558211099758,0.2614558211099758,10.0
27200.0,272.0,0.0,,-1.2614545872431593,0.2614545872431593,10.0
27300.0,273.0,0.0,,-1.2613948539818494,0.2613948539818493,10.0
27400.0,274.0,0.0,,-1.2613649484600835,0.2613649484600835,10.0
27500.0,275.0,0.0,,-1.2613441129444023,0.2613441129444025,10.0
27800.0,278.0,0.0,,-1.2613440539238094,0.2613440539238094,10.0
27900.0,279.0,0.0,,-1.261336324189833,0.261336324189833,10.0
28200.0,282.0,0.0,,-1.2613363101990145,0.2613363101990145,10.0
28400.0,284.0,0.0,,-1.2613315043926143,0.2613315043926143,10.0
28700.0,287.0,0.0,,-1.2613314676202425,0.2613314676202423,10.0
29100.0,291.0,0.0,,-1.261331467547115,0.261331467547115,10.0
29400.0,294.0,0.0,,-1.2613314632538837,0.2613314632538834,10.0
29600.0,296.0,0.0,,-1.2613314283587396,0.2613314283587395,10.0
29700.0,297.0,0.0,,-1.2613314208945772,0.2613314208945771,10.0
29800.0,298.0,0.0,,-1.261331420321191,0.2613314203211909,10.0
30000.0,300.0,0.0,,-1.261331420313927,0.261331420313927,10.0
30100.0,301.0,0.0,,-1.2613314183179545,0.2613314183179542,10.0
30500.0,305.0,0.0,,-1.2613314119412893,0.2613314119412893,10.0
30700.0,307.0,0.0,,-1.261331410828307,0.2613314108283069,10.0
30900.0,309.0,0.0,,-1.261331410807896,0.2613314108078959,10.0
31100.0,311.0,0.0,,-1.261331410765454,0.2613314107654538,10.0
31300.0,313.0,0.0,,-1.261331410657215,0.2613314106572151,10.0
31400.0,314.0,0.0,,-1.2613314105548978,0.2613314105548978,10.0
31500.0,315.0,0.0,,-1.2613314105027982,0.2613314105027982,10.0
31700.0,317.0,0.0,,-1.2613314104941384,0.2613314104941384,10.0
31800.0,318.0,0.0,,-1.261331410453038,0.261331410453038,10.0
31900.0,319.0,0.0,,-1.2613314104402042,0.2613314104402042,10.0
32100.0,321.0,0.0,,-1.2613314104347222,0.2613314104347222,10.0
32300.0,323.0,0.0,,-1.2613314103856188,0.2613314103856188,10.0
32500.0,325.0,0.0,,-1.2613314103853164,0.2613314103853164,10.0
32600.0,326.0,0.0,,-1.2613314103835949,0.2613314103835948,10.0
32800.0,328.0,0.0,,-1.261331410383583,0.2613314103835831,10.0
32900.0,329.0,0.0,,-1.261331410383282,0.261331410383282,10.0
33100.0,331.0,0.0,,-1.261331410382501,0.2613314103825011,10.0
33200.0,332.0,0.0,,-1.2613314103824962,0.2613314103824962,10.0
33800.0,338.0,0.0,,-1.2613314103824669,0.2613314103824669,10.0
34100.0,341.0,0.0,,-1.261331410382069,0.261331410382069,10.0
34200.0,342.0,0.0,,-1.2613314103820514,0.2613314103820514,10.0
34500.0,345.0,0.0,,-1.2613314103820503,0.2613314103820505,10.0
34600.0,346.0,0.0,,-1.261331410382041,0.261331410382041,10.0
34700.0,347.0,0.0,,-1.2613314103820408,0.2613314103820408,10.0
34800.0,348.0,0.0,,-1.261331410382021,0.261331410382021,10.0
34900.0,349.0,0.0,,-1.261331410382018,0.2613314103820179,10.0
35100.0,351.0,0.0,,-1.2613314103819846,0.2613314103819846,10.0
35200.0,352.0,0.0,,-1.2613314103819833,0.2613314103819832,10.0
35300.0,353.0,0.0,,-1.2613314103819826,0.2613314103819826,10.0
35400.0,354.0,0.0,,-1.261331410381975,0.261331410381975,10.0
35500.0,355.0,0.0,,-1.2613314103819748,0.2613314103819748,10.0
35700.0,357.0,0.0,,-1.2613314103819746,0.2613314103819746,10.0
35800.0,358.0,0.0,,-1.2613314103819744,0.2613314103819744,10.0
36900.0,369.0,0.0,,-1.261331410381974,0.2613314103819739,10.0
100.0,1.0,0.0,,-1.8823159821172069,0.8823159821172069,11.0
200.0,2.0,0.0,,-1.871987978846977,0.8719879788469771,11.0
300.0,3.0,0.0,,-1.8553485323103796,0.8553485323103793,11.0
400.0,4.0,0.0,,-1.843351229081789,0.8433512290817891,11.0
500.0,5.0,0.0,,-1.822707425491411,0.8227074254914111,11.0
600.0,6.0,0.0,,-1.7849850320696825,0.7849850320696825,11.0
700.0,7.0,0.0,,-1.7536886179786282,0.7536886179786282,11.0
900.0,9.0,0.0,,-1.7322115077588185,0.7322115077588185,11.0
1000.0,10.0,0.0,,-1.6977260527520552,0.6977260527520552,11.0
1100.0,11.0,0.0,,-1.6776667052318823,0.6776667052318825,11.0
1200.0,12.0,0.0,,-1.6619558063616435,0.6619558063616435,11.0
1300.0,13.0,0.0,,-1.633043162795538,0.633043162795538,11.0
1400.0,14.0,0.0,,-1.6283173319226478,0.6283173319226478,11.0
1500.0,15.0,0.0,,-1.6076743353101095,0.6076743353101095,11.0
1600.0,16.0,0.0,,-1.5499993586134313,0.5499993586134313,11.0
1700.0,17.0,0.0,,-1.5443238811604831,0.5443238811604831,11.0
1800.0,18.0,0.0,,-1.521728416459854,0.5217284164598541,11.0
1900.0,19.0,0.0,,-1.5203848669240072,0.5203848669240072,11.0
2000.0,20.0,0.0,,-1.4949925112649167,0.4949925112649167,11.0
2100.0,21.0,0.0,,-1.4604928190845587,0.4604928190845587,11.0
2200.0,22.0,0.0,,-1.4441674462082803,0.4441674462082803,11.0
2300.0,23.0,0.0,,-1.4311653403115223,0.4311653403115223,11.0
2400.0,24.0,0.0,,-1.394733503747826,0.3947335037478259,11.0
2500.0,25.0,0.0,,-1.393775495601027,0.3937754956010271,11.0
2600.0,26.0,0.0,,-1.3905976743195974,0.3905976743195973,11.0
2700.0,27.0,0.0,,-1.3788645061471074,0.3788645061471074,11.0
2800.0,28.0,0.0,,-1.3783981926030746,0.3783981926030746,11.0
2900.0,29.0,0.0,,-1.3694461398682578,0.3694461398682578,11.0
3100.0,31.0,0.0,,-1.3639840244805166,0.3639840244805166,11.0
3200.0,32.0,0.0,,-1.3541864325850976,0.3541864325850976,11.0
3700.0,37.0,0.0,,-1.335820862663012,0.3358208626630119,11.0
4100.0,41.0,0.0,,-1.3332428697126053,0.3332428697126053,11.0
4200.0,42.0,0.0,,-1.3200978192616604,0.3200978192616603,11.0
4500.0,45.0,0.0,,-1.3093245248781813,0.3093245248781813,11.0
4800.0,48.0,0.0,,-1.309313376838611,0.3093133768386109,11.0
5400.0,54.0,0.0,,-1.3090811260897115,0.3090811260897115,11.0
5500.0,55.0,0.0,,-1.3076489202545811,0.3076489202545813,11.0
5600.0,56.0,0.0,,-1.3063065471787394,0.3063065471787394,11.0
6600.0,66.0,0.0,,-1.3062535200836105,0.3062535200836105,11.0
7200.0,72.0,0.0,,-1.3060678269094428,0.3060678269094428,11.0
7300.0,73.0,0.0,,-1.3060658813927075,0.3060658813927075,11.0
7700.0,77.0,0.0,,-1.3060620225969997,0.3060620225969996,11.0
7900.0,79.0,0.0,,-1.3059996653367083,0.3059996653367085,11.0
8100.0,81.0,0.0,,-1.3059897021829954,0.3059897021829953,11.0
8300.0,83.0,0.0,,-1.3059645477457331,0.3059645477457333,11.0
8400.0,84.0,0.0,,-1.3059076245060477,0.3059076245060477,11.0
8800.0,88.0,0.0,,-1.3058688155022944,0.3058688155022944,11.0
8900.0,89.0,0.0,,-1.3058674651503035,0.3058674651503037,11.0
9200.0,92.0,0.0,,-1.3058660033117335,0.3058660033117337,11.0
9400.0,94.0,0.0,,-1.3058330642615663,0.3058330642615663,11.0
9700.0,97.0,0.0,,-1.305833033298365,0.305833033298365,11.0
9800.0,98.0,0.0,,-1.3058308878174647,0.3058308878174647,11.0
10100.0,101.0,0.0,,-1.3058302942182634,0.3058302942182633,11.0
10200.0,102.0,0.0,,-1.3058302578374672,0.3058302578374672,11.0
10400.0,104.0,0.0,,-1.3058302501987755,0.3058302501987757,11.0
10500.0,105.0,0.0,,-1.3058302219827451,0.3058302219827453,11.0
10600.0,106.0,0.0,,-1.3058301615631769,0.3058301615631769,11.0
10900.0,109.0,0.0,,-1.3057405070201398,0.3057405070201398,11.0
11200.0,112.0,0.0,,-1.3057320474263232,0.3057320474263232,11.0
11300.0,113.0,0.0,,-1.3057291560871,0.3057291560871,11.0
11400.0,114.0,0.0,,-1.3057251940887618,0.3057251940887617,11.0
11500.0,115.0,0.0,,-1.3057179455529908,0.3057179455529908,11.0
11800.0,118.0,0.0,,-1.3057178153444229,0.3057178153444229,11.0
11900.0,119.0,0.0,,-1.3057177749399838,0.3057177749399837,11.0
12100.0,121.0,0.0,,-1.3056756646596943,0.3056756646596943,11.0
12500.0,125.0,0.0,,-1.305617144134499,0.305617144134499,11.0
12600.0,126.0,0.0,,-1.3056088495233726,0.3056088495233726,11.0
12700.0,127.0,0.0,,-1.305603968868034,0.3056039688680338,11.0
12800.0,128.0,0.0,,-1.3055821288622853,0.3055821288622853,11.0
12900.0,129.0,0.0,,-1.3055728388087653,0.3055728388087653,11.0
13000.0,130.0,0.0,,-1.3055653566246228,0.3055653566246228,11.0
13100.0,131.0,0.0,,-1.3055653565945022,0.3055653565945022,11.0
13200.0,132.0,0.0,,-1.3055640094369247,0.3055640094369247,11.0
13300.0,133.0,0.0,,-1.3055596852603857,0.3055596852603854,11.0
13600.0,136.0,0.0,,-1.305558104415049,0.305558104415049,11.0
13700.0,137.0,0.0,,-1.3055580317926887,0.3055580317926887,11.0
13800.0,138.0,0.0,,-1.3055580028773175,0.3055580028773175,11.0
14800.0,148.0,0.0,,-1.3054915690146491,0.3054915690146491,11.0
15100.0,151.0,0.0,,-1.305459433203268,0.305459433203268,11.0
15200.0,152.0,0.0,,-1.3054575945846905,0.3054575945846904,11.0
15500.0,155.0,0.0,,-1.3054394978915629,0.3054394978915626,11.0
15600.0,156.0,0.0,,-1.3054362903491747,0.3054362903491747,11.0
15900.0,159.0,0.0,,-1.305436162764428,0.305436162764428,11.0
16100.0,161.0,0.0,,-1.3054360827002485,0.3054360827002484,11.0
16200.0,162.0,0.0,,-1.3054360531194982,0.3054360531194982,11.0
16300.0,163.0,0.0,,-1.3054359734526373,0.3054359734526373,11.0
16800.0,168.0,0.0,,-1.305383378463055,0.3053833784630551,11.0
16900.0,169.0,0.0,,-1.3053823665380095,0.3053823665380095,11.0
17200.0,172.0,0.0,,-1.3053805888411587,0.3053805888411587,11.0
17300.0,173.0,0.0,,-1.3053788086655418,0.3053788086655418,11.0
17400.0,174.0,0.0,,-1.3053733684092932,0.3053733684092932,11.0
17500.0,175.0,0.0,,-1.3053729630109443,0.3053729630109443,11.0
17700.0,177.0,0.0,,-1.3053728480754647,0.3053728480754647,11.0
17900.0,179.0,0.0,,-1.3053539031601622,0.3053539031601622,11.0
18200.0,182.0,0.0,,-1.3053538834534268,0.3053538834534268,11.0
18500.0,185.0,0.0,,-1.3053538394235005,0.3053538394235002,11.0
18600.0,186.0,0.0,,-1.3053500773075135,0.3053500773075137,11.0
18800.0,188.0,0.0,,-1.305349154493476,0.3053491544934761,11.0
18900.0,189.0,0.0,,-1.3053482248048,0.3053482248048,11.0
19100.0,191.0,0.0,,-1.305347591730842,0.3053475917308421,11.0
19200.0,192.0,0.0,,-1.3053472620348816,0.3053472620348816,11.0
19600.0,196.0,0.0,,-1.305346803336197,0.305346803336197,11.0
19700.0,197.0,0.0,,-1.3053467894016093,0.3053467894016093,11.0
19800.0,198.0,0.0,,-1.3053466476104674,0.3053466476104673,11.0
20000.0,200.0,0.0,,-1.3053466283480686,0.3053466283480686,11.0
20200.0,202.0,0.0,,-1.3053466186661904,0.3053466186661904,11.0
20300.0,203.0,0.0,,-1.3053466182817886,0.3053466182817885,11.0
20500.0,205.0,0.0,,-1.3053267840482192,0.3053267840482192,11.0
20600.0,206.0,0.0,,-1.3053211655352823,0.3053211655352825,11.0
20700.0,207.0,0.0,,-1.3053211123803967,0.3053211123803967,11.0
20800.0,208.0,0.0,,-1.305321019216804,0.3053210192168041,11.0
20900.0,209.0,0.0,,-1.3051185473867235,0.3051185473867237,11.0
21400.0,214.0,0.0,,-1.3051180988952005,0.3051180988952005,11.0
21700.0,217.0,0.0,,-1.3051177059390269,0.3051177059390266,11.0
22000.0,220.0,0.0,,-1.3050785284938955,0.3050785284938957,11.0
22300.0,223.0,0.0,,-1.3050607489663903,0.3050607489663903,11.0
22500.0,225.0,0.0,,-1.3050272688427191,0.3050272688427191,11.0
22700.0,227.0,0.0,,-1.3049341254572993,0.3049341254572992,11.0
23000.0,230.0,0.0,,-1.3049333371936234,0.3049333371936233,11.0
23200.0,232.0,0.0,,-1.3049307681758708,0.3049307681758708,11.0
23300.0,233.0,0.0,,-1.3049152026681188,0.3049152026681188,11.0
23400.0,234.0,0.0,,-1.3049063086176766,0.3049063086176766,11.0
23500.0,235.0,0.0,,-1.3047086234331344,0.3047086234331344,11.0
23600.0,236.0,0.0,,-1.3046986615215683,0.3046986615215683,11.0
23900.0,239.0,0.0,,-1.304695611822244,0.3046956118222439,11.0
24100.0,241.0,0.0,,-1.304681802227238,0.3046818022272379,11.0
24200.0,242.0,0.0,,-1.30467442448135,0.3046744244813499,11.0
24300.0,243.0,0.0,,-1.3046685661511317,0.3046685661511314,11.0
24600.0,246.0,0.0,,-1.304668487201737,0.3046684872017369,11.0
24700.0,247.0,0.0,,-1.3046684054569595,0.3046684054569595,11.0
24900.0,249.0,0.0,,-1.3046674819181223,0.3046674819181225,11.0
25400.0,254.0,0.0,,-1.304667382615854,0.3046673826158539,11.0
25800.0,258.0,0.0,,-1.3046673257857382,0.3046673257857382,11.0
25900.0,259.0,0.0,,-1.304513865479693,0.304513865479693,11.0
26100.0,261.0,0.0,,-1.304497895808412,0.3044978958084121,11.0
26500.0,265.0,0.0,,-1.3044964898105007,0.3044964898105007,11.0
26600.0,266.0,0.0,,-1.3044949023441117,0.3044949023441117,11.0
26800.0,268.0,0.0,,-1.3044355778604175,0.3044355778604175,11.0
26900.0,269.0,0.0,,-1.304435004897635,0.304435004897635,11.0
27100.0,271.0,0.0,,-1.304432009873652,0.3044320098736519,11.0
27400.0,274.0,0.0,,-1.3044319934441544,0.3044319934441544,11.0
27500.0,275.0,0.0,,-1.3044311185239128,0.3044311185239128,11.0
27600.0,276.0,0.0,,-1.3044310744976853,0.3044310744976852,11.0
27700.0,277.0,0.0,,-1.3044310583214411,0.3044310583214411,11.0
27800.0,278.0,0.0,,-1.3044309421611389,0.3044309421611388,11.0
28000.0,280.0,0.0,,-1.30420879263251,0.3042087926325101,11.0
28200.0,282.0,0.0,,-1.3041882189334686,0.3041882189334686,11.0
28300.0,283.0,0.0,,-1.3041433361187875,0.3041433361187875,11.0
28400.0,284.0,0.0,,-1.3039321072488184,0.3039321072488183,11.0
28700.0,287.0,0.0,,-1.3039278122077782,0.3039278122077782,11.0
28900.0,289.0,0.0,,-1.3039135716029793,0.3039135716029792,11.0
29400.0,294.0,0.0,,-1.3039133952146975,0.3039133952146975,11.0
29600.0,296.0,0.0,,-1.3037614118772858,0.3037614118772858,11.0
30200.0,302.0,0.0,,-1.303726917274383,0.303726917274383,11.0
30600.0,306.0,0.0,,-1.3037256973701143,0.3037256973701143,11.0
30700.0,307.0,0.0,,-1.3037086265410605,0.3037086265410604,11.0
30800.0,308.0,0.0,,-1.3033946460837456,0.3033946460837455,11.0
30900.0,309.0,0.0,,-1.3033946443819058,0.3033946443819058,11.0
31000.0,310.0,0.0,,-1.3033395165019108,0.3033395165019108,11.0
31200.0,312.0,0.0,,-1.3033381141344198,0.3033381141344198,11.0
31300.0,313.0,0.0,,-1.3033283097204302,0.3033283097204302,11.0
31700.0,317.0,0.0,,-1.3033280243881544,0.3033280243881544,11.0
31900.0,319.0,0.0,,-1.303325815940781,0.303325815940781,11.0
32000.0,320.0,0.0,,-1.3032951899353595,0.3032951899353595,11.0
32200.0,322.0,0.0,,-1.303292755748075,0.3032927557480749,11.0
32300.0,323.0,0.0,,-1.303291452874527,0.3032914528745269,11.0
32400.0,324.0,0.0,,-1.3032902645606332,0.3032902645606332,11.0
32500.0,325.0,0.0,,-1.3032838185015112,0.3032838185015112,11.0
32600.0,326.0,0.0,,-1.3032829208074577,0.3032829208074576,11.0
32700.0,327.0,0.0,,-1.3032790767511462,0.3032790767511462,11.0
32900.0,329.0,0.0,,-1.3032788825426322,0.3032788825426322,11.0
33100.0,331.0,0.0,,-1.3032788657787506,0.3032788657787506,11.0
33200.0,332.0,0.0,,-1.303278707376815,0.303278707376815,11.0
33300.0,333.0,0.0,,-1.3032355875183694,0.3032355875183694,11.0
33400.0,334.0,0.0,,-1.3032345945754775,0.3032345945754775,11.0
33500.0,335.0,0.0,,-1.303223707365685,0.3032237073656849,11.0
33800.0,338.0,0.0,,-1.3032214287424142,0.3032214287424142,11.0
33900.0,339.0,0.0,,-1.3032214254307437,0.3032214254307437,11.0
34000.0,340.0,0.0,,-1.3032208622124153,0.3032208622124153,11.0
34100.0,341.0,0.0,,-1.3032105381924537,0.3032105381924534,11.0
34200.0,342.0,0.0,,-1.3031281199504892,0.3031281199504891,11.0
34300.0,343.0,0.0,,-1.3031281186806143,0.3031281186806143,11.0
34400.0,344.0,0.0,,-1.3031268136547214,0.3031268136547214,11.0
34600.0,346.0,0.0,,-1.3031268103982183,0.3031268103982183,11.0
34700.0,347.0,0.0,,-1.3031001046033108,0.3031001046033108,11.0
34800.0,348.0,0.0,,-1.303089209547417,0.3030892095474169,11.0
35000.0,350.0,0.0,,-1.3030765486046252,0.3030765486046252,11.0
35100.0,351.0,0.0,,-1.303065327927174,0.303065327927174,11.0
35200.0,352.0,0.0,,-1.30305763553431,0.30305763553431,11.0
35400.0,354.0,0.0,,-1.303056893234848,0.3030568932348481,11.0
35500.0,355.0,0.0,,-1.303040546951952,0.3030405469519521,11.0
35700.0,357.0,0.0,,-1.3030350934698578,0.3030350934698578,11.0
35800.0,358.0,0.0,,-1.3030161254753625,0.3030161254753625,11.0
36000.0,360.0,0.0,,-1.30301174477504,0.30301174477504,11.0
36100.0,361.0,0.0,,-1.3030084279476757,0.3030084279476757,11.0
36200.0,362.0,0.0,,-1.3030064470221252,0.3030064470221252,11.0
36400.0,364.0,0.0,,-1.303006269590565,0.3030062695905651,11.0
36500.0,365.0,0.0,,-1.3027866801274437,0.3027866801274435,11.0
36800.0,368.0,0.0,,-1.302708855185151,0.3027088551851509,11.0
37300.0,373.0,0.0,,-1.302708643860903,0.302708643860903,11.0
37400.0,374.0,0.0,,-1.3027085459760748,0.3027085459760747,11.0
37600.0,376.0,0.0,,-1.302705103068826,0.3027051030688259,11.0
37700.0,377.0,0.0,,-1.302700438484624,0.3027004384846241,11.0
37800.0,378.0,0.0,,-1.3027001965238851,0.3027001965238851,11.0
38100.0,381.0,0.0,,-1.3027001220818388,0.3027001220818388,11.0
38400.0,384.0,0.0,,-1.302700114092335,0.3027001140923353,11.0
38500.0,385.0,0.0,,-1.3027000971814977,0.3027000971814977,11.0
38700.0,387.0,0.0,,-1.302700085379758,0.3027000853797579,11.0
39200.0,392.0,0.0,,-1.3026923476622758,0.3026923476622758,11.0
39300.0,393.0,0.0,,-1.302692283440393,0.3026922834403927,11.0
39400.0,394.0,0.0,,-1.3026921545719388,0.3026921545719387,11.0
39500.0,395.0,0.0,,-1.3026921515753418,0.3026921515753418,11.0
39700.0,397.0,0.0,,-1.302692056570956,0.3026920565709561,11.0
39800.0,398.0,0.0,,-1.302692055173664,0.302692055173664,11.0
39900.0,399.0,0.0,,-1.302691981076913,0.3026919810769131,11.0
40000.0,400.0,0.0,,-1.3026919156276864,0.3026919156276864,11.0
40200.0,402.0,0.0,,-1.3026919076613168,0.3026919076613168,11.0
40400.0,404.0,0.0,,-1.302691902735349,0.3026919027353489,11.0
40500.0,405.0,0.0,,-1.302691881865721,0.3026918818657209,11.0
40700.0,407.0,0.0,,-1.302668238928861,0.3026682389288611,11.0
40800.0,408.0,0.0,,-1.3025973784192018,0.3025973784192017,11.0
41100.0,411.0,0.0,,-1.3025868379611478,0.3025868379611478,11.0
41200.0,412.0,0.0,,-1.3025852284933113,0.3025852284933112,11.0
41600.0,416.0,0.0,,-1.3025070718158875,0.3025070718158875,11.0
41700.0,417.0,0.0,,-1.3025070094692952,0.3025070094692952,11.0
42000.0,420.0,0.0,,-1.3024832680230354,0.3024832680230354,11.0
42100.0,421.0,0.0,,-1.302479296999146,0.3024792969991461,11.0
42200.0,422.0,0.0,,-1.3024786828929589,0.3024786828929586,11.0
42300.0,423.0,0.0,,-1.3024758737867197,0.3024758737867197,11.0
42400.0,424.0,0.0,,-1.3024570042408632,0.3024570042408632,11.0
42500.0,425.0,0.0,,-1.3024521770935489,0.3024521770935489,11.0
42600.0,426.0,0.0,,-1.3024521083175795,0.3024521083175795,11.0
42700.0,427.0,0.0,,-1.3024490802095277,0.3024490802095276,11.0
43000.0,430.0,0.0,,-1.3024485738326723,0.3024485738326723,11.0
43400.0,434.0,0.0,,-1.3024485230123737,0.3024485230123737,11.0
43500.0,435.0,0.0,,-1.3024484616669612,0.3024484616669611,11.0
43900.0,439.0,0.0,,-1.3024484348839664,0.3024484348839664,11.0
44000.0,440.0,0.0,,-1.3024483696155364,0.3024483696155364,11.0
44500.0,445.0,0.0,,-1.3024483695946816,0.3024483695946816,11.0
44800.0,448.0,0.0,,-1.3024483693238418,0.3024483693238418,11.0
45300.0,453.0,0.0,,-1.3024483693225812,0.3024483693225812,11.0
45400.0,454.0,0.0,,-1.3024483693124265,0.3024483693124264,11.0
45700.0,457.0,0.0,,-1.3024483693092257,0.3024483693092257,11.0
45800.0,458.0,0.0,,-1.3024483692993551,0.3024483692993551,11.0
46200.0,462.0,0.0,,-1.3024483692988076,0.3024483692988076,11.0
46300.0,463.0,0.0,,-1.3023866972992075,0.3023866972992075,11.0
46400.0,464.0,0.0,,-1.3023866963429394,0.3023866963429393,11.0
46500.0,465.0,0.0,,-1.3023846391300726,0.3023846391300726,11.0
46700.0,467.0,0.0,,-1.302384389889422,0.302384389889422,11.0
46800.0,468.0,0.0,,-1.302384386146394,0.3023843861463939,11.0
46900.0,469.0,0.0,,-1.3023843717811772,0.3023843717811771,11.0
47000.0,470.0,0.0,,-1.302345169448197,0.3023451694481969,11.0
47100.0,471.0,0.0,,-1.3023067406797268,0.3023067406797268,11.0
47200.0,472.0,0.0,,-1.3023067400257824,0.3023067400257824,11.0
47800.0,478.0,0.0,,-1.3022975786230144,0.3022975786230144,11.0
47900.0,479.0,0.0,,-1.3022923001021784,0.3022923001021784,11.0
48100.0,481.0,0.0,,-1.3022917754994672,0.3022917754994672,11.0
48300.0,483.0,0.0,,-1.3022917596782129,0.3022917596782128,11.0
48500.0,485.0,0.0,,-1.3022096389424127,0.3022096389424127,11.0
48800.0,488.0,0.0,,-1.3021871659892923,0.3021871659892925,11.0
48900.0,489.0,0.0,,-1.3019628208258662,0.3019628208258662,11.0
49000.0,490.0,0.0,,-1.3018855760651125,0.3018855760651124,11.0
49500.0,495.0,0.0,,-1.3017490631971889,0.3017490631971888,11.0
49700.0,497.0,0.0,,-1.3017490264492613,0.3017490264492612,11.0
49900.0,499.0,0.0,,-1.3017480751445016,0.3017480751445016,11.0
50000.0,500.0,0.0,,-1.3017456993061196,0.3017456993061196,11.0
50100.0,501.0,0.0,,-1.3017445312662577,0.3017445312662576,11.0
50300.0,503.0,0.0,,-1.3017162732827554,0.3017162732827554,11.0
50400.0,504.0,0.0,,-1.3017056519636483,0.3017056519636485,11.0
50700.0,507.0,0.0,,-1.3016013836055609,0.3016013836055606,11.0
50800.0,508.0,0.0,,-1.301600600131931,0.3016006001319309,11.0
51200.0,512.0,0.0,,-1.3015458487080092,0.3015458487080091,11.0
51500.0,515.0,0.0,,-1.3015268215547613,0.3015268215547613,11.0
51600.0,516.0,0.0,,-1.301526729654309,0.3015267296543089,11.0
51700.0,517.0,0.0,,-1.301526544952643,0.3015265449526429,11.0
51900.0,519.0,0.0,,-1.3015007948512802,0.3015007948512802,11.0
52000.0,520.0,0.0,,-1.3014816189793137,0.3014816189793137,11.0
52300.0,523.0,0.0,,-1.3014801896738295,0.3014801896738297,11.0
52700.0,527.0,0.0,,-1.3014797272307923,0.3014797272307923,11.0
53000.0,530.0,0.0,,-1.3014788403891104,0.3014788403891104,11.0
53100.0,531.0,0.0,,-1.3014788240363728,0.3014788240363728,11.0
53200.0,532.0,0.0,,-1.3014788110837978,0.3014788110837978,11.0
53300.0,533.0,0.0,,-1.3014787415469402,0.3014787415469402,11.0
53400.0,534.0,0.0,,-1.3014786727258163,0.3014786727258165,11.0
53700.0,537.0,0.0,,-1.3014786137635903,0.3014786137635905,11.0
53800.0,538.0,0.0,,-1.301478609741631,0.3014786097416311,11.0
53900.0,539.0,0.0,,-1.3014587002746685,0.3014587002746685,11.0
54100.0,541.0,0.0,,-1.301458560086482,0.3014585600864821,11.0
54400.0,544.0,0.0,,-1.286697010886098,0.286697010886098,11.0
54600.0,546.0,0.0,,-1.278825159551342,0.278825159551342,11.0
54700.0,547.0,0.0,,-1.2788137319131443,0.2788137319131445,11.0
54800.0,548.0,0.0,,-1.277212905044875,0.277212905044875,11.0
54900.0,549.0,0.0,,-1.2766797413449376,0.2766797413449375,11.0
55500.0,555.0,0.0,,-1.2766796160484146,0.2766796160484146,11.0
55600.0,556.0,0.0,,-1.2764968158763388,0.2764968158763388,11.0
55700.0,557.0,0.0,,-1.2764521421309534,0.2764521421309533,11.0
55800.0,558.0,0.0,,-1.2762816724356918,0.2762816724356918,11.0
55900.0,559.0,0.0,,-1.2762521346044864,0.2762521346044864,11.0
56000.0,560.0,0.0,,-1.2762245528053269,0.2762245528053269,11.0
56300.0,563.0,0.0,,-1.275977431784782,0.275977431784782,11.0
56500.0,565.0,0.0,,-1.2759759521344152,0.2759759521344151,11.0
56600.0,566.0,0.0,,-1.2759714907907111,0.2759714907907111,11.0
56700.0,567.0,0.0,,-1.2759662828397087,0.2759662828397087,11.0
56800.0,568.0,0.0,,-1.275963953065693,0.275963953065693,11.0
57000.0,570.0,0.0,,-1.2759634704327754,0.2759634704327753,11.0
57100.0,571.0,0.0,,-1.275828916282236,0.275828916282236,11.0
57800.0,578.0,0.0,,-1.2758280817189556,0.2758280817189555,11.0
57900.0,579.0,0.0,,-1.2758253585632762,0.2758253585632761,11.0
58000.0,580.0,0.0,,-1.2756743123121854,0.2756743123121854,11.0
58200.0,582.0,0.0,,-1.275571133863589,0.2755711338635886,11.0
58300.0,583.0,0.0,,-1.2755669801244158,0.2755669801244158,11.0
58500.0,585.0,0.0,,-1.2755627549445432,0.2755627549445432,11.0
58600.0,586.0,0.0,,-1.275557141389518,0.2755571413895179,11.0
58900.0,589.0,0.0,,-1.2754813916566436,0.2754813916566436,11.0
59300.0,593.0,0.0,,-1.2754758345198762,0.2754758345198762,11.0
59400.0,594.0,0.0,,-1.2754757973239663,0.2754757973239663,11.0
59500.0,595.0,0.0,,-1.275475745714975,0.275475745714975,11.0
59700.0,597.0,0.0,,-1.2754757289322445,0.2754757289322445,11.0
59800.0,598.0,0.0,,-1.2754755966633795,0.2754755966633795,11.0
59900.0,599.0,0.0,,-1.2754752979413768,0.2754752979413768,11.0
60100.0,601.0,0.0,,-1.27547515656017,0.2754751565601701,11.0
60200.0,602.0,0.0,,-1.275442969341572,0.2754429693415721,11.0
60800.0,608.0,0.0,,-1.275442904842088,0.2754429048420881,11.0
60900.0,609.0,0.0,,-1.2754412412252605,0.2754412412252605,11.0
61200.0,612.0,0.0,,-1.2754406121149853,0.2754406121149853,11.0
61300.0,613.0,0.0,,-1.275440606863961,0.275440606863961,11.0
61400.0,614.0,0.0,,-1.2754404930786911,0.2754404930786911,11.0
61500.0,615.0,0.0,,-1.27544030278053,0.2754403027805299,11.0
61600.0,616.0,0.0,,-1.2754401183060842,0.2754401183060841,11.0
61800.0,618.0,0.0,,-1.2754400679675733,0.2754400679675732,11.0
61900.0,619.0,0.0,,-1.275440023557716,0.2754400235577159,11.0
62000.0,620.0,0.0,,-1.2754400213386947,0.2754400213386947,11.0
62100.0,621.0,0.0,,-1.2754400172809282,0.2754400172809281,11.0
62300.0,623.0,0.0,,-1.2754399616477003,0.2754399616477003,11.0
62400.0,624.0,0.0,,-1.2754398285333677,0.2754398285333674,11.0
62500.0,625.0,0.0,,-1.2754397680674654,0.2754397680674654,11.0
62600.0,626.0,0.0,,-1.2754395031247727,0.2754395031247727,11.0
62700.0,627.0,0.0,,-1.275439502403949,0.2754395024039491,11.0
62800.0,628.0,0.0,,-1.275431479050891,0.2754314790508909,11.0
63100.0,631.0,0.0,,-1.2754312621367343,0.2754312621367343,11.0
63300.0,633.0,0.0,,-1.2754301571624869,0.2754301571624868,11.0
63400.0,634.0,0.0,,-1.2754293599696434,0.2754293599696433,11.0
63500.0,635.0,0.0,,-1.2754223808888934,0.2754223808888933,11.0
63700.0,637.0,0.0,,-1.2754196568586087,0.2754196568586087,11.0
63900.0,639.0,0.0,,-1.2754192931805144,0.2754192931805144,11.0
64100.0,641.0,0.0,,-1.2754188398540158,0.2754188398540158,11.0
64200.0,642.0,0.0,,-1.275418749008452,0.2754187490084518,11.0
64300.0,643.0,0.0,,-1.2754185587959497,0.2754185587959497,11.0
64400.0,644.0,0.0,,-1.2754173704613414,0.2754173704613414,11.0
64500.0,645.0,0.0,,-1.275417332023147,0.275417332023147,11.0
64600.0,646.0,0.0,,-1.2754170117401178,0.2754170117401178,11.0
64700.0,647.0,0.0,,-1.2754162852250637,0.2754162852250637,11.0
64800.0,648.0,0.0,,-1.2754162802363112,0.2754162802363111,11.0
64900.0,649.0,0.0,,-1.2754157718711088,0.2754157718711087,11.0
65000.0,650.0,0.0,,-1.2754157616347253,0.2754157616347252,11.0
65100.0,651.0,0.0,,-1.275415742880875,0.275415742880875,11.0
65200.0,652.0,0.0,,-1.2754153158897572,0.2754153158897572,11.0
65400.0,654.0,0.0,,-1.2754153077903383,0.2754153077903383,11.0
65500.0,655.0,0.0,,-1.275415306694707,0.2754153066947069,11.0
65600.0,656.0,0.0,,-1.275415280510691,0.2754152805106911,11.0
65700.0,657.0,0.0,,-1.2754152737524374,0.2754152737524373,11.0
65800.0,658.0,0.0,,-1.2754152395780336,0.2754152395780336,11.0
65900.0,659.0,0.0,,-1.2754151889854448,0.2754151889854448,11.0
66100.0,661.0,0.0,,-1.275415023625559,0.275415023625559,11.0
66200.0,662.0,0.0,,-1.2754148765861706,0.2754148765861706,11.0
66300.0,663.0,0.0,,-1.2754148615289973,0.2754148615289973,11.0
66600.0,666.0,0.0,,-1.2754148342540956,0.2754148342540956,11.0
66700.0,667.0,0.0,,-1.275414800489553,0.2754148004895529,11.0
66800.0,668.0,0.0,,-1.275361501725112,0.2753615017251118,11.0
67000.0,670.0,0.0,,-1.275359203362383,0.275359203362383,11.0
67100.0,671.0,0.0,,-1.2753569926004675,0.2753569926004675,11.0
67200.0,672.0,0.0,,-1.2753546454122024,0.2753546454122024,11.0
67500.0,675.0,0.0,,-1.275353969468091,0.2753539694680911,11.0
67600.0,676.0,0.0,,-1.2753453297285764,0.2753453297285764,11.0
67900.0,679.0,0.0,,-1.2753387509698575,0.2753387509698577,11.0
68100.0,681.0,0.0,,-1.2753302649176008,0.2753302649176008,11.0
68200.0,682.0,0.0,,-1.2753280957250015,0.2753280957250017,11.0
68300.0,683.0,0.0,,-1.275327618336395,0.2753276183363951,11.0
68500.0,685.0,0.0,,-1.2753073564436268,0.2753073564436268,11.0
68600.0,686.0,0.0,,-1.2753046489615674,0.2753046489615673,11.0
68800.0,688.0,0.0,,-1.2753025971813146,0.2753025971813145,11.0
68900.0,689.0,0.0,,-1.2753025177381987,0.2753025177381987,11.0
69100.0,691.0,0.0,,-1.2753024918842577,0.2753024918842577,11.0
69300.0,693.0,0.0,,-1.275302427983457,0.275302427983457,11.0
69400.0,694.0,0.0,,-1.2752474866719663,0.2752474866719665,11.0
69500.0,695.0,0.0,,-1.275237375242567,0.275237375242567,11.0
69800.0,698.0,0.0,,-1.2752370234111294,0.2752370234111294,11.0
70100.0,701.0,0.0,,-1.2752358319853476,0.2752358319853476,11.0
70200.0,702.0,0.0,,-1.2751694732707646,0.2751694732707646,11.0
70600.0,706.0,0.0,,-1.2751661709217212,0.2751661709217212,11.0
70800.0,708.0,0.0,,-1.2751661687873792,0.2751661687873792,11.0
70900.0,709.0,0.0,,-1.2751659529639314,0.2751659529639314,11.0
71000.0,710.0,0.0,,-1.2751436653978787,0.2751436653978787,11.0
71100.0,711.0,0.0,,-1.275142405146572,0.275142405146572,11.0
71200.0,712.0,0.0,,-1.2751357561865622,0.2751357561865621,11.0
71300.0,713.0,0.0,,-1.2750540737402376,0.2750540737402376,11.0
71700.0,717.0,0.0,,-1.2750511109935498,0.2750511109935498,11.0
72000.0,720.0,0.0,,-1.2749127257913035,0.2749127257913035,11.0
72200.0,722.0,0.0,,-1.274903293297677,0.2749032932976769,11.0
72300.0,723.0,0.0,,-1.2748166049150944,0.2748166049150944,11.0
72500.0,725.0,0.0,,-1.2747946640987289,0.2747946640987286,11.0
72600.0,726.0,0.0,,-1.2747848845691032,0.2747848845691032,11.0
72800.0,728.0,0.0,,-1.2747685064947247,0.2747685064947247,11.0
72900.0,729.0,0.0,,-1.2747670007120695,0.2747670007120697,11.0
73200.0,732.0,0.0,,-1.2747510960804778,0.2747510960804777,11.0
73400.0,734.0,0.0,,-1.274735760805222,0.2747357608052221,11.0
73500.0,735.0,0.0,,-1.2746884607360935,0.2746884607360935,11.0
73700.0,737.0,0.0,,-1.2746824435792727,0.2746824435792727,11.0
73800.0,738.0,0.0,,-1.2746720070286686,0.2746720070286685,11.0
73900.0,739.0,0.0,,-1.2746480006302772,0.2746480006302771,11.0
74100.0,741.0,0.0,,-1.274550080492015,0.2745500804920149,11.0
74300.0,743.0,0.0,,-1.274519650257442,0.274519650257442,11.0
74400.0,744.0,0.0,,-1.2744958885727231,0.2744958885727233,11.0
74500.0,745.0,0.0,,-1.2744949257229978,0.2744949257229978,11.0
74600.0,746.0,0.0,,-1.274491869201116,0.274491869201116,11.0
74800.0,748.0,0.0,,-1.2744905121575778,0.2744905121575778,11.0
74900.0,749.0,0.0,,-1.2744879780198262,0.2744879780198261,11.0
75200.0,752.0,0.0,,-1.274487975014717,0.2744879750147166,11.0
75500.0,755.0,0.0,,-1.2744879201736774,0.2744879201736774,11.0
75600.0,756.0,0.0,,-1.2744879045110196,0.2744879045110195,11.0
75700.0,757.0,0.0,,-1.2744878234822,0.2744878234822001,11.0
75800.0,758.0,0.0,,-1.2744422982659316,0.2744422982659316,11.0
75900.0,759.0,0.0,,-1.2744393179283926,0.2744393179283926,11.0
76100.0,761.0,0.0,,-1.27443728979929,0.2744372897992899,11.0
76300.0,763.0,0.0,,-1.2744206719646365,0.2744206719646362,11.0
76400.0,764.0,0.0,,-1.274418071236553,0.2744180712365529,11.0
76500.0,765.0,0.0,,-1.2744145391708623,0.2744145391708623,11.0
76700.0,767.0,0.0,,-1.2744145390465764,0.2744145390465764,11.0
76900.0,769.0,0.0,,-1.2743837655912849,0.2743837655912848,11.0
77000.0,770.0,0.0,,-1.2743753644878817,0.2743753644878814,11.0
77100.0,771.0,0.0,,-1.2743735943349035,0.2743735943349035,11.0
77200.0,772.0,0.0,,-1.2743724431332188,0.2743724431332188,11.0
77300.0,773.0,0.0,,-1.2743648942411885,0.2743648942411885,11.0
77400.0,774.0,0.0,,-1.274335112635432,0.2743351126354321,11.0
77800.0,778.0,0.0,,-1.2743348749570125,0.2743348749570122,11.0
77900.0,779.0,0.0,,-1.2743129144069902,0.2743129144069902,11.0
78300.0,783.0,0.0,,-1.2742687359149787,0.2742687359149787,11.0
78800.0,788.0,0.0,,-1.2742678984805098,0.2742678984805098,11.0
79100.0,791.0,0.0,,-1.2742655632509814,0.2742655632509814,11.0
79200.0,792.0,0.0,,-1.2742522565821237,0.2742522565821237,11.0
79300.0,793.0,0.0,,-1.2742230588990826,0.2742230588990826,11.0
79700.0,797.0,0.0,,-1.274222502106361,0.2742225021063609,11.0
79900.0,799.0,0.0,,-1.2742218263054448,0.2742218263054448,11.0
80000.0,800.0,0.0,,-1.2741710296357982,0.2741710296357982,11.0
80100.0,801.0,0.0,,-1.27416984785885,0.2741698478588499,11.0
80200.0,802.0,0.0,,-1.274139415487527,0.2741394154875269,11.0
80500.0,805.0,0.0,,-1.2741388109001393,0.2741388109001392,11.0
80600.0,806.0,0.0,,-1.2740975569661697,0.2740975569661696,11.0
80900.0,809.0,0.0,,-1.2740973558050144,0.2740973558050144,11.0
81000.0,810.0,0.0,,-1.2740423078733003,0.2740423078733003,11.0
81100.0,811.0,0.0,,-1.274015272081485,0.274015272081485,11.0
81200.0,812.0,0.0,,-1.2740099509587788,0.2740099509587788,11.0
81300.0,813.0,0.0,,-1.2740060579474102,0.2740060579474102,11.0
81500.0,815.0,0.0,,-1.274005997904219,0.2740059979042193,11.0
81700.0,817.0,0.0,,-1.2739964174249288,0.2739964174249287,11.0
81800.0,818.0,0.0,,-1.2739891570990247,0.2739891570990247,11.0
81900.0,819.0,0.0,,-1.2739853049473586,0.2739853049473586,11.0
82000.0,820.0,0.0,,-1.273982965417641,0.2739829654176406,11.0
82100.0,821.0,0.0,,-1.2739541785823836,0.2739541785823836,11.0
82200.0,822.0,0.0,,-1.2739447254486431,0.2739447254486431,11.0
82600.0,826.0,0.0,,-1.2739027299923724,0.2739027299923724,11.0
82800.0,828.0,0.0,,-1.2738490316101132,0.2738490316101132,11.0
83100.0,831.0,0.0,,-1.2738390506488886,0.2738390506488886,11.0
83200.0,832.0,0.0,,-1.2737856336182714,0.2737856336182713,11.0
83300.0,833.0,0.0,,-1.2737850351165023,0.2737850351165023,11.0
83400.0,834.0,0.0,,-1.273764049073937,0.273764049073937,11.0
83700.0,837.0,0.0,,-1.2737635378337966,0.2737635378337966,11.0
83800.0,838.0,0.0,,-1.2737616453389946,0.2737616453389946,11.0
83900.0,839.0,0.0,,-1.2737584490722778,0.2737584490722777,11.0
84000.0,840.0,0.0,,-1.273714413372046,0.2737144133720459,11.0
84200.0,842.0,0.0,,-1.2736720992108812,0.2736720992108812,11.0
84400.0,844.0,0.0,,-1.2736652708251262,0.2736652708251261,11.0
84500.0,845.0,0.0,,-1.2736517578272628,0.2736517578272628,11.0
85000.0,850.0,0.0,,-1.2736515103089003,0.2736515103089003,11.0
85100.0,851.0,0.0,,-1.273651510308508,0.273651510308508,11.0
85200.0,852.0,0.0,,-1.273647960291079,0.2736479602910791,11.0
85300.0,853.0,0.0,,-1.2736479090004045,0.2736479090004042,11.0
85400.0,854.0,0.0,,-1.2736438421107683,0.2736438421107683,11.0
85500.0,855.0,0.0,,-1.2736427296578656,0.2736427296578656,11.0
85600.0,856.0,0.0,,-1.273639481433307,0.2736394814333069,11.0
85800.0,858.0,0.0,,-1.2736306042238126,0.2736306042238126,11.0
85900.0,859.0,0.0,,-1.2736305655363611,0.2736305655363611,11.0
86000.0,860.0,0.0,,-1.2736289161062215,0.2736289161062215,11.0
86100.0,861.0,0.0,,-1.2736286751298196,0.2736286751298196,11.0
86300.0,863.0,0.0,,-1.2736285656912605,0.2736285656912602,11.0
86400.0,864.0,0.0,,-1.273628286599588,0.273628286599588,11.0
86500.0,865.0,0.0,,-1.2736278377348784,0.2736278377348784,11.0
86700.0,867.0,0.0,,-1.273627703814306,0.273627703814306,11.0
87500.0,875.0,0.0,,-1.273627700593623,0.2736277005936229,11.0
87700.0,877.0,0.0,,-1.2736277000181464,0.2736277000181464,11.0
87800.0,878.0,0.0,,-1.2736276998226264,0.2736276998226263,11.0
87900.0,879.0,0.0,,-1.2736276993072608,0.2736276993072608,11.0
88000.0,880.0,0.0,,-1.2736276990156017,0.2736276990156014,11.0
88100.0,881.0,0.0,,-1.2736276986790416,0.2736276986790416,11.0
88300.0,883.0,0.0,,-1.273627698678647,0.273627698678647,11.0
88500.0,885.0,0.0,,-1.273627698639998,0.2736276986399981,11.0
88700.0,887.0,0.0,,-1.2736276968870532,0.2736276968870532,11.0
88800.0,888.0,0.0,,-1.2736276967053044,0.2736276967053044,11.0
89000.0,890.0,0.0,,-1.2736276965925843,0.2736276965925843,11.0
89300.0,893.0,0.0,,-1.2736276964885145,0.2736276964885142,11.0
89500.0,895.0,0.0,,-1.2736276955137036,0.2736276955137036,11.0
89800.0,898.0,0.0,,-1.273627695511767,0.2736276955117669,11.0
89900.0,899.0,0.0,,-1.2736276955105528,0.2736276955105527,11.0
90000.0,900.0,0.0,,-1.273627695510522,0.2736276955105219,11.0
90100.0,901.0,0.0,,-1.2736276955099683,0.2736276955099683,11.0
90200.0,902.0,0.0,,-1.2736276955099144,0.2736276955099144,11.0
90500.0,905.0,0.0,,-1.2736276955094632,0.2736276955094632,11.0
90600.0,906.0,0.0,,-1.2736276955051486,0.2736276955051486,11.0
91300.0,913.0,0.0,,-1.2736276955051014,0.2736276955051013,11.0
91400.0,914.0,0.0,,-1.2736276955050374,0.2736276955050374,11.0
91600.0,916.0,0.0,,-1.2736276955049484,0.2736276955049483,11.0
91700.0,917.0,0.0,,-1.2736276955049342,0.2736276955049341,11.0
91800.0,918.0,0.0,,-1.2736276955048995,0.2736276955048997,11.0
92000.0,920.0,0.0,,-1.273627695504899,0.273627695504899,11.0
92100.0,921.0,0.0,,-1.273627695504778,0.273627695504778,11.0
92200.0,922.0,0.0,,-1.2736276955047687,0.2736276955047687,11.0
92300.0,923.0,0.0,,-1.2736276955047665,0.2736276955047665,11.0
92400.0,924.0,0.0,,-1.2736276955046797,0.2736276955046794,11.0
92700.0,927.0,0.0,,-1.273627695504676,0.2736276955046761,11.0
92800.0,928.0,0.0,,-1.2736276955046753,0.2736276955046752,11.0
92900.0,929.0,0.0,,-1.2736276955046324,0.2736276955046324,11.0
93100.0,931.0,0.0,,-1.2736276955046189,0.2736276955046188,11.0
93300.0,933.0,0.0,,-1.2736276955046106,0.2736276955046106,11.0
93400.0,934.0,0.0,,-1.2736276955046013,0.2736276955046013,11.0
93500.0,935.0,0.0,,-1.2736276955046009,0.2736276955046008,11.0
93600.0,936.0,0.0,,-1.2736276955046004,0.2736276955046004,11.0
93700.0,937.0,0.0,,-1.2736276955045918,0.2736276955045917,11.0
93800.0,938.0,0.0,,-1.2736276955045915,0.2736276955045915,11.0
93900.0,939.0,0.0,,-1.273627695504591,0.2736276955045911,11.0
94000.0,940.0,0.0,,-1.2736276955045875,0.2736276955045875,11.0
94100.0,941.0,0.0,,-1.2736276955045862,0.2736276955045862,11.0
94200.0,942.0,0.0,,-1.2736276955045829,0.2736276955045829,11.0
94400.0,944.0,0.0,,-1.2736276955045822,0.2736276955045822,11.0
94500.0,945.0,0.0,,-1.273627695504582,0.273627695504582,11.0
94600.0,946.0,0.0,,-1.2736276955045815,0.2736276955045815,11.0
94700.0,947.0,0.0,,-1.2736276955045809,0.2736276955045806,11.0
95100.0,951.0,0.0,,-1.2736276955045802,0.2736276955045802,11.0
95300.0,953.0,0.0,,-1.27362769550458,0.27362769550458,11.0
95700.0,957.0,0.0,,-1.2736276955045795,0.2736276955045795,11.0
95800.0,958.0,0.0,,-1.273627695504579,0.2736276955045793,11.0
95900.0,959.0,0.0,,-1.2736276955045789,0.2736276955045789,11.0
96100.0,961.0,0.0,,-1.2736276955045789,0.2736276955045786,11.0
96400.0,964.0,0.0,,-1.2736276955045784,0.2736276955045784,11.0
96600.0,966.0,0.0,,-1.2736276955045782,0.2736276955045782,11.0
97800.0,978.0,0.0,,-1.273627695504578,0.273627695504578,11.0
137300.0,1373.0,0.0,,-1.2736276955044443,0.2736276955044445,11.0
137500.0,1375.0,0.0,,-1.2736276955044432,0.2736276955044432,11.0
137600.0,1376.0,0.0,,-1.2736276955044423,0.2736276955044425,11.0
137900.0,1379.0,0.0,,-1.2736276955044414,0.2736276955044414,11.0
141200.0,1412.0,0.0,,-1.2693062123687713,0.2693062123687713,11.0
141300.0,1413.0,0.0,,-1.2693062123685837,0.2693062123685836,11.0
141400.0,1414.0,0.0,,-1.2689496932894566,0.2689496932894566,11.0
141600.0,1416.0,0.0,,-1.268947239503003,0.268947239503003,11.0
141700.0,1417.0,0.0,,-1.2689434069787238,0.2689434069787237,11.0
142000.0,1420.0,0.0,,-1.2689428562587253,0.2689428562587252,11.0
142200.0,1422.0,0.0,,-1.268908682536115,0.2689086825361151,11.0
142400.0,1424.0,0.0,,-1.2688909056311652,0.2688909056311652,11.0
142500.0,1425.0,0.0,,-1.2688541528239925,0.2688541528239923,11.0
142700.0,1427.0,0.0,,-1.2688504533891227,0.2688504533891227,11.0
142800.0,1428.0,0.0,,-1.2688504354239114,0.2688504354239114,11.0
142900.0,1429.0,0.0,,-1.2688446904192037,0.2688446904192036,11.0
143200.0,1432.0,0.0,,-1.2688387733461677,0.2688387733461677,11.0
143400.0,1434.0,0.0,,-1.2688362480613489,0.2688362480613488,11.0
143600.0,1436.0,0.0,,-1.2688360893849309,0.2688360893849308,11.0
143700.0,1437.0,0.0,,-1.2688344687900783,0.2688344687900783,11.0
144100.0,1441.0,0.0,,-1.2688342115123288,0.2688342115123288,11.0
144500.0,1445.0,0.0,,-1.2688338400159256,0.2688338400159256,11.0
144700.0,1447.0,0.0,,-1.2688338326606106,0.2688338326606105,11.0
144800.0,1448.0,0.0,,-1.2687682939418672,0.2687682939418672,11.0
145300.0,1453.0,0.0,,-1.2687682032133196,0.2687682032133196,11.0
145400.0,1454.0,0.0,,-1.2687622768921387,0.2687622768921387,11.0
145600.0,1456.0,0.0,,-1.2687621679564485,0.2687621679564484,11.0
145700.0,1457.0,0.0,,-1.2686894279747494,0.2686894279747494,11.0
145800.0,1458.0,0.0,,-1.2686835773002367,0.2686835773002367,11.0
145900.0,1459.0,0.0,,-1.268683559032731,0.268683559032731,11.0
146100.0,1461.0,0.0,,-1.2686805920550872,0.2686805920550872,11.0
146200.0,1462.0,0.0,,-1.268678267392661,0.2686782673926611,11.0
146300.0,1463.0,0.0,,-1.2686700633690664,0.2686700633690664,11.0
146400.0,1464.0,0.0,,-1.2686695346724983,0.2686695346724983,11.0
146600.0,1466.0,0.0,,-1.2686689999375491,0.2686689999375491,11.0
147000.0,1470.0,0.0,,-1.268512481637038,0.2685124816370381,11.0
147800.0,1478.0,0.0,,-1.268492583686028,0.2684925836860279,11.0
147900.0,1479.0,0.0,,-1.2684803340738149,0.2684803340738149,11.0
148000.0,1480.0,0.0,,-1.268474246193229,0.268474246193229,11.0
148100.0,1481.0,0.0,,-1.2684502629139418,0.2684502629139418,11.0
148700.0,1487.0,0.0,,-1.2684499301039838,0.2684499301039837,11.0
149000.0,1490.0,0.0,,-1.268400524118624,0.268400524118624,11.0
149400.0,1494.0,0.0,,-1.2683792012744886,0.2683792012744885,11.0
149600.0,1496.0,0.0,,-1.2683787019703665,0.2683787019703663,11.0
149800.0,1498.0,0.0,,-1.268374050305873,0.2683740503058729,11.0
150000.0,1500.0,0.0,,-1.268369142370802,0.2683691423708019,11.0
150100.0,1501.0,0.0,,-1.268368656618506,0.2683686566185059,11.0
150200.0,1502.0,0.0,,-1.268368479877436,0.2683684798774359,11.0
150300.0,1503.0,0.0,,-1.2683684235411028,0.2683684235411028,11.0
150400.0,1504.0,0.0,,-1.26836760024243,0.26836760024243,11.0
150600.0,1506.0,0.0,,-1.2683674077669251,0.2683674077669251,11.0
150700.0,1507.0,0.0,,-1.2683673471889052,0.2683673471889052,11.0
150800.0,1508.0,0.0,,-1.268367305559606,0.2683673055596058,11.0
150900.0,1509.0,0.0,,-1.268367199219456,0.268367199219456,11.0
151000.0,1510.0,0.0,,-1.2683671906304852,0.2683671906304852,11.0
151300.0,1513.0,0.0,,-1.2683671830601673,0.2683671830601672,11.0
151400.0,1514.0,0.0,,-1.2683671523479991,0.2683671523479991,11.0
151700.0,1517.0,0.0,,-1.2683671493736963,0.2683671493736965,11.0
151800.0,1518.0,0.0,,-1.2683538236109864,0.2683538236109863,11.0
152000.0,1520.0,0.0,,-1.268341604295734,0.268341604295734,11.0
152100.0,1521.0,0.0,,-1.268336683586963,0.2683366835869629,11.0
152200.0,1522.0,0.0,,-1.268334975949244,0.2683349759492439,11.0
152300.0,1523.0,0.0,,-1.2683309319232057,0.2683309319232057,11.0
152400.0,1524.0,0.0,,-1.2683294245720318,0.2683294245720318,11.0
152500.0,1525.0,0.0,,-1.2683259666013154,0.2683259666013153,11.0
152700.0,1527.0,0.0,,-1.2682419928787887,0.2682419928787887,11.0
152800.0,1528.0,0.0,,-1.2682419491432448,0.2682419491432448,11.0
152900.0,1529.0,0.0,,-1.2682399515457692,0.2682399515457692,11.0
153100.0,1531.0,0.0,,-1.2682379743454526,0.2682379743454526,11.0
153200.0,1532.0,0.0,,-1.268237952017056,0.2682379520170559,11.0
153300.0,1533.0,0.0,,-1.2682360287714374,0.2682360287714374,11.0
153500.0,1535.0,0.0,,-1.2682360148637402,0.2682360148637401,11.0
153800.0,1538.0,0.0,,-1.2682345998357936,0.2682345998357935,11.0
154000.0,1540.0,0.0,,-1.268234599814167,0.2682345998141671,11.0
154100.0,1541.0,0.0,,-1.2682345442086054,0.2682345442086054,11.0
154200.0,1542.0,0.0,,-1.2682345197072984,0.2682345197072984,11.0
154300.0,1543.0,0.0,,-1.2682344353841977,0.2682344353841976,11.0
154400.0,1544.0,0.0,,-1.2682343869719723,0.2682343869719723,11.0
154500.0,1545.0,0.0,,-1.2682337221458504,0.2682337221458504,11.0
154600.0,1546.0,0.0,,-1.2682332223110837,0.2682332223110835,11.0
154700.0,1547.0,0.0,,-1.2682178979770788,0.2682178979770788,11.0
154800.0,1548.0,0.0,,-1.2682177751513013,0.2682177751513013,11.0
154900.0,1549.0,0.0,,-1.2681586073066338,0.2681586073066337,11.0
155100.0,1551.0,0.0,,-1.2681582491149332,0.2681582491149332,11.0
155200.0,1552.0,0.0,,-1.2681579222164072,0.2681579222164072,11.0
155400.0,1554.0,0.0,,-1.268156388544682,0.268156388544682,11.0
155500.0,1555.0,0.0,,-1.2681556987529932,0.2681556987529931,11.0
155700.0,1557.0,0.0,,-1.2681556289292668,0.2681556289292668,11.0
155800.0,1558.0,0.0,,-1.2681552258389286,0.2681552258389286,11.0
155900.0,1559.0,0.0,,-1.2681552018259217,0.2681552018259214,11.0
156000.0,1560.0,0.0,,-1.2680863239610347,0.2680863239610347,11.0
156300.0,1563.0,0.0,,-1.268045179631706,0.268045179631706,11.0
156700.0,1567.0,0.0,,-1.2680056325060556,0.2680056325060556,11.0
156900.0,1569.0,0.0,,-1.2680056317453892,0.2680056317453891,11.0
157000.0,1570.0,0.0,,-1.268003488324961,0.2680034883249607,11.0
157100.0,1571.0,0.0,,-1.2680006616469068,0.2680006616469068,11.0
157300.0,1573.0,0.0,,-1.2680006427207418,0.2680006427207417,11.0
157400.0,1574.0,0.0,,-1.2680006087616142,0.2680006087616142,11.0
157500.0,1575.0,0.0,,-1.267998283797263,0.267998283797263,11.0
157600.0,1576.0,0.0,,-1.2679970811804182,0.2679970811804182,11.0
157700.0,1577.0,0.0,,-1.2679969868032614,0.2679969868032614,11.0
157800.0,1578.0,0.0,,-1.2679942058995448,0.2679942058995448,11.0
157900.0,1579.0,0.0,,-1.2679930267959765,0.2679930267959762,11.0
158100.0,1581.0,0.0,,-1.2679930223828866,0.2679930223828866,11.0
158400.0,1584.0,0.0,,-1.2679929983671334,0.2679929983671334,11.0
158700.0,1587.0,0.0,,-1.2679929981746252,0.2679929981746252,11.0
158800.0,1588.0,0.0,,-1.2679929943385282,0.2679929943385282,11.0
158900.0,1589.0,0.0,,-1.2679929938634886,0.2679929938634886,11.0
159100.0,1591.0,0.0,,-1.2679929938568186,0.2679929938568186,11.0
159200.0,1592.0,0.0,,-1.2679929927467537,0.2679929927467535,11.0
159700.0,1597.0,0.0,,-1.267992992746753,0.267992992746753,11.0
159800.0,1598.0,0.0,,-1.267992992740138,0.2679929927401379,11.0
160000.0,1600.0,0.0,,-1.267992992740016,0.267992992740016,11.0
160300.0,1603.0,0.0,,-1.2679929927230544,0.2679929927230544,11.0
160400.0,1604.0,0.0,,-1.2679284799457071,0.2679284799457071,11.0
160500.0,1605.0,0.0,,-1.267928299436934,0.2679282994369338,11.0
160600.0,1606.0,0.0,,-1.2679282593133647,0.2679282593133647,11.0
160700.0,1607.0,0.0,,-1.2679274880875913,0.2679274880875912,11.0
160900.0,1609.0,0.0,,-1.2679271500353453,0.2679271500353453,11.0
161100.0,1611.0,0.0,,-1.2679190643843552,0.2679190643843552,11.0
161400.0,1614.0,0.0,,-1.2679184138087964,0.2679184138087964,11.0
161600.0,1616.0,0.0,,-1.2679183082186471,0.2679183082186471,11.0
161700.0,1617.0,0.0,,-1.267917897580494,0.2679178975804939,11.0
161800.0,1618.0,0.0,,-1.267895466948699,0.267895466948699,11.0
162000.0,1620.0,0.0,,-1.267890036312926,0.2678900363129259,11.0
162100.0,1621.0,0.0,,-1.267888778452071,0.2678887784520709,11.0
162300.0,1623.0,0.0,,-1.267888595684751,0.267888595684751,11.0
162500.0,1625.0,0.0,,-1.2678884123413727,0.2678884123413727,11.0
162600.0,1626.0,0.0,,-1.2678840402936118,0.2678840402936118,11.0
162800.0,1628.0,0.0,,-1.2678798735381962,0.2678798735381962,11.0
162900.0,1629.0,0.0,,-1.2678751158165738,0.2678751158165737,11.0
163000.0,1630.0,0.0,,-1.2678745452792983,0.2678745452792985,11.0
163100.0,1631.0,0.0,,-1.2678745149888555,0.2678745149888555,11.0
163200.0,1632.0,0.0,,-1.2678743679011453,0.2678743679011452,11.0
163300.0,1633.0,0.0,,-1.2678742820317432,0.2678742820317432,11.0
163500.0,1635.0,0.0,,-1.2678742612234972,0.2678742612234972,11.0
163600.0,1636.0,0.0,,-1.2678742445166755,0.2678742445166757,11.0
163700.0,1637.0,0.0,,-1.26787417954611,0.2678741795461101,11.0
163800.0,1638.0,0.0,,-1.2678708461927362,0.2678708461927361,11.0
163900.0,1639.0,0.0,,-1.2678680825559725,0.2678680825559725,11.0
164200.0,1642.0,0.0,,-1.267866254304881,0.2678662543048811,11.0
164500.0,1645.0,0.0,,-1.267864516933954,0.2678645169339539,11.0
164700.0,1647.0,0.0,,-1.2599752374005146,0.2599752374005146,11.0
164800.0,1648.0,0.0,,-1.2555769718655154,0.2555769718655154,11.0
165100.0,1651.0,0.0,,-1.2555759619985705,0.2555759619985704,11.0
165200.0,1652.0,0.0,,-1.2551951715947878,0.2551951715947878,11.0
165400.0,1654.0,0.0,,-1.2541606184601082,0.2541606184601082,11.0
165500.0,1655.0,0.0,,-1.246332019450714,0.2463320194507141,11.0
165600.0,1656.0,0.0,,-1.2428601101250556,0.2428601101250556,11.0
165700.0,1657.0,0.0,,-1.2428599215877552,0.2428599215877551,11.0
165900.0,1659.0,0.0,,-1.2394549253402414,0.2394549253402413,11.0
166400.0,1664.0,0.0,,-1.2393505711801578,0.2393505711801578,11.0
166600.0,1666.0,0.0,,-1.2385415373959487,0.2385415373959487,11.0
167000.0,1670.0,0.0,,-1.2385273924006603,0.2385273924006603,11.0
167100.0,1671.0,0.0,,-1.2384432890391637,0.2384432890391634,11.0
167400.0,1674.0,0.0,,-1.2383949994840404,0.2383949994840404,11.0
167500.0,1675.0,0.0,,-1.2383312676353828,0.2383312676353828,11.0
167800.0,1678.0,0.0,,-1.2383147459853605,0.2383147459853605,11.0
168000.0,1680.0,0.0,,-1.2383147283081264,0.2383147283081264,11.0
168200.0,1682.0,0.0,,-1.2383137213433275,0.2383137213433277,11.0
168300.0,1683.0,0.0,,-1.2383135412242103,0.2383135412242103,11.0
168400.0,1684.0,0.0,,-1.23829095951654,0.2382909595165399,11.0
168500.0,1685.0,0.0,,-1.2382856434810303,0.2382856434810305,11.0
168800.0,1688.0,0.0,,-1.2382377369080595,0.2382377369080597,11.0
168900.0,1689.0,0.0,,-1.238218011646206,0.238218011646206,11.0
169200.0,1692.0,0.0,,-1.238215187347595,0.238215187347595,11.0
169300.0,1693.0,0.0,,-1.2382056694192989,0.2382056694192988,11.0
169400.0,1694.0,0.0,,-1.2381996914849402,0.2381996914849402,11.0
169500.0,1695.0,0.0,,-1.2381939094679606,0.2381939094679606,11.0
169600.0,1696.0,0.0,,-1.2381937455623826,0.2381937455623826,11.0
169700.0,1697.0,0.0,,-1.2381933791787287,0.2381933791787287,11.0
169900.0,1699.0,0.0,,-1.238133074568443,0.2381330745684426,11.0
170400.0,1704.0,0.0,,-1.2381295596930442,0.2381295596930441,11.0
170700.0,1707.0,0.0,,-1.2381284144323463,0.2381284144323463,11.0
170900.0,1709.0,0.0,,-1.2381272810988804,0.2381272810988803,11.0
171000.0,1710.0,0.0,,-1.238116499256544,0.2381164992565438,11.0
171100.0,1711.0,0.0,,-1.237761435037608,0.237761435037608,11.0
171500.0,1715.0,0.0,,-1.2377587913971495,0.2377587913971495,11.0
171600.0,1716.0,0.0,,-1.2377259273922094,0.2377259273922094,11.0
171700.0,1717.0,0.0,,-1.2377107604055886,0.2377107604055885,11.0
171800.0,1718.0,0.0,,-1.2375376553087691,0.2375376553087691,11.0
172000.0,1720.0,0.0,,-1.2375361464851384,0.2375361464851384,11.0
172200.0,1722.0,0.0,,-1.2375231583148043,0.2375231583148043,11.0
172400.0,1724.0,0.0,,-1.2375177258522303,0.2375177258522303,11.0
172500.0,1725.0,0.0,,-1.2375036370436443,0.2375036370436443,11.0
172600.0,1726.0,0.0,,-1.2374307206446966,0.2374307206446966,11.0
172900.0,1729.0,0.0,,-1.2373427805466328,0.2373427805466328,11.0
173400.0,1734.0,0.0,,-1.237336040826553,0.237336040826553,11.0
173500.0,1735.0,0.0,,-1.237289680220866,0.2372896802208659,11.0
173600.0,1736.0,0.0,,-1.2372480371835468,0.2372480371835468,11.0
173800.0,1738.0,0.0,,-1.2372403910813914,0.2372403910813914,11.0
174100.0,1741.0,0.0,,-1.2372363154605794,0.2372363154605794,11.0
174300.0,1743.0,0.0,,-1.2372360943980114,0.2372360943980114,11.0
174400.0,1744.0,0.0,,-1.2372360863516958,0.2372360863516958,11.0
174500.0,1745.0,0.0,,-1.237196077345574,0.2371960773455741,11.0
174600.0,1746.0,0.0,,-1.2371396382484157,0.2371396382484156,11.0
174700.0,1747.0,0.0,,-1.2371312560225995,0.2371312560225995,11.0
174800.0,1748.0,0.0,,-1.2371140504593312,0.2371140504593312,11.0
175200.0,1752.0,0.0,,-1.2371127631682168,0.2371127631682168,11.0
175300.0,1753.0,0.0,,-1.2371079335216082,0.2371079335216082,11.0
175700.0,1757.0,0.0,,-1.2371078601831484,0.2371078601831484,11.0
175800.0,1758.0,0.0,,-1.2371075833691103,0.2371075833691103,11.0
176000.0,1760.0,0.0,,-1.237106977301679,0.2371069773016789,11.0
176300.0,1763.0,0.0,,-1.2371065592890362,0.2371065592890362,11.0
176400.0,1764.0,0.0,,-1.2371044657599637,0.2371044657599634,11.0
176500.0,1765.0,0.0,,-1.2371036376365263,0.2371036376365263,11.0
176600.0,1766.0,0.0,,-1.237103339329231,0.237103339329231,11.0
176700.0,1767.0,0.0,,-1.2370523540561245,0.2370523540561244,11.0
176800.0,1768.0,0.0,,-1.237051967295942,0.2370519672959421,11.0
176900.0,1769.0,0.0,,-1.2370506371708712,0.2370506371708711,11.0
177000.0,1770.0,0.0,,-1.2370354367018312,0.2370354367018312,11.0
177200.0,1772.0,0.0,,-1.2370353301475754,0.2370353301475753,11.0
177300.0,1773.0,0.0,,-1.2370347286560623,0.2370347286560623,11.0
177500.0,1775.0,0.0,,-1.237034629405598,0.237034629405598,11.0
177700.0,1777.0,0.0,,-1.237026426497502,0.2370264264975019,11.0
177800.0,1778.0,0.0,,-1.2370260729252007,0.2370260729252007,11.0
178000.0,1780.0,0.0,,-1.2370256316058712,0.2370256316058712,11.0
178100.0,1781.0,0.0,,-1.2370238511746066,0.2370238511746065,11.0
178200.0,1782.0,0.0,,-1.237023716214935,0.2370237162149346,11.0
178400.0,1784.0,0.0,,-1.237023694155099,0.2370236941550989,11.0
178500.0,1785.0,0.0,,-1.2370235760264665,0.2370235760264663,11.0
178600.0,1786.0,0.0,,-1.236993140056655,0.2369931400566549,11.0
178900.0,1789.0,0.0,,-1.236992729921267,0.236992729921267,11.0
179100.0,1791.0,0.0,,-1.2369921878430647,0.2369921878430647,11.0
179300.0,1793.0,0.0,,-1.2369672106244014,0.2369672106244014,11.0
179400.0,1794.0,0.0,,-1.2369666689778716,0.2369666689778715,11.0
179500.0,1795.0,0.0,,-1.2369567918224091,0.2369567918224091,11.0
180000.0,1800.0,0.0,,-1.2369532834485597,0.2369532834485597,11.0
180300.0,1803.0,0.0,,-1.2369529132126766,0.2369529132126766,11.0
180500.0,1805.0,0.0,,-1.2369478051774183,0.2369478051774183,11.0
180700.0,1807.0,0.0,,-1.2369469402260194,0.2369469402260193,11.0
181000.0,1810.0,0.0,,-1.236943490082886,0.2369434900828859,11.0
181100.0,1811.0,0.0,,-1.2369406972567445,0.2369406972567445,11.0
181400.0,1814.0,0.0,,-1.2369396733526314,0.2369396733526314,11.0
181500.0,1815.0,0.0,,-1.2368825867307796,0.2368825867307795,11.0
181600.0,1816.0,0.0,,-1.236882418592011,0.2368824185920113,11.0
181700.0,1817.0,0.0,,-1.236870455550984,0.2368704555509839,11.0
181900.0,1819.0,0.0,,-1.2368486170174513,0.2368486170174513,11.0
182200.0,1822.0,0.0,,-1.2367424962452025,0.2367424962452025,11.0
182800.0,1828.0,0.0,,-1.2367424952546116,0.2367424952546115,11.0
182900.0,1829.0,0.0,,-1.2367403019683094,0.2367403019683094,11.0
183100.0,1831.0,0.0,,-1.2367395475700254,0.2367395475700253,11.0
183300.0,1833.0,0.0,,-1.2367394777655236,0.2367394777655236,11.0
183500.0,1835.0,0.0,,-1.2367393536036544,0.2367393536036544,11.0
183600.0,1836.0,0.0,,-1.2367391021905778,0.2367391021905778,11.0
183800.0,1838.0,0.0,,-1.2367391002079924,0.2367391002079923,11.0
184000.0,1840.0,0.0,,-1.2367390086570782,0.2367390086570782,11.0
184100.0,1841.0,0.0,,-1.2367389627894771,0.2367389627894771,11.0
184300.0,1843.0,0.0,,-1.23673895877727,0.2367389587772701,11.0
184500.0,1845.0,0.0,,-1.2367389383940652,0.2367389383940652,11.0
184600.0,1846.0,0.0,,-1.236738918993265,0.2367389189932649,11.0
184700.0,1847.0,0.0,,-1.2367389173274597,0.2367389173274596,11.0
184800.0,1848.0,0.0,,-1.236738911165177,0.2367389111651769,11.0
185100.0,1851.0,0.0,,-1.2367388874200973,0.2367388874200973,11.0
185200.0,1852.0,0.0,,-1.2367388785560425,0.2367388785560424,11.0
185300.0,1853.0,0.0,,-1.2367388765584677,0.2367388765584674,11.0
185400.0,1854.0,0.0,,-1.2367388747551664,0.2367388747551664,11.0
185500.0,1855.0,0.0,,-1.2367388716737426,0.2367388716737426,11.0
185700.0,1857.0,0.0,,-1.2367388712901226,0.2367388712901226,11.0
185800.0,1858.0,0.0,,-1.2367388637999772,0.2367388637999772,11.0
185900.0,1859.0,0.0,,-1.2367388537632404,0.2367388537632404,11.0
186000.0,1860.0,0.0,,-1.2367388404854844,0.2367388404854844,11.0
186500.0,1865.0,0.0,,-1.2367388403550863,0.2367388403550865,11.0
186600.0,1866.0,0.0,,-1.236738840354476,0.2367388403544761,11.0
186700.0,1867.0,0.0,,-1.2367388403475237,0.2367388403475234,11.0
186800.0,1868.0,0.0,,-1.23673884026962,0.23673884026962,11.0
186900.0,1869.0,0.0,,-1.2367388401743058,0.2367388401743058,11.0
187100.0,1871.0,0.0,,-1.236738840160606,0.2367388401606058,11.0
187300.0,1873.0,0.0,,-1.236738840152089,0.2367388401520889,11.0
187400.0,1874.0,0.0,,-1.2367388401443704,0.2367388401443704,11.0
187500.0,1875.0,0.0,,-1.2367388401401622,0.2367388401401622,11.0
187600.0,1876.0,0.0,,-1.2367388401401496,0.2367388401401495,11.0
187700.0,1877.0,0.0,,-1.2367388401382693,0.2367388401382693,11.0
187900.0,1879.0,0.0,,-1.236738840137665,0.2367388401376651,11.0
188000.0,1880.0,0.0,,-1.236738840137632,0.236738840137632,11.0
188400.0,1884.0,0.0,,-1.2367388401376282,0.2367388401376282,11.0
188500.0,1885.0,0.0,,-1.2367388401374717,0.2367388401374714,11.0
188600.0,1886.0,0.0,,-1.236738840137335,0.2367388401373349,11.0
188700.0,1887.0,0.0,,-1.2367388401372257,0.2367388401372254,11.0
188800.0,1888.0,0.0,,-1.2367388401371997,0.2367388401371997,11.0
189100.0,1891.0,0.0,,-1.236738840137186,0.2367388401371859,11.0
189300.0,1893.0,0.0,,-1.2367388401371104,0.2367388401371104,11.0
189500.0,1895.0,0.0,,-1.2367388401370778,0.2367388401370778,11.0
189600.0,1896.0,0.0,,-1.2367388401370765,0.2367388401370764,11.0
189700.0,1897.0,0.0,,-1.2367388401370671,0.2367388401370671,11.0
189800.0,1898.0,0.0,,-1.2367388401370645,0.2367388401370644,11.0
189900.0,1899.0,0.0,,-1.2367388401370636,0.2367388401370636,11.0
190100.0,1901.0,0.0,,-1.2367388401370474,0.2367388401370473,11.0
190200.0,1902.0,0.0,,-1.2367388401370447,0.2367388401370447,11.0
190300.0,1903.0,0.0,,-1.2367388401370445,0.2367388401370445,11.0
190500.0,1905.0,0.0,,-1.2367388401370425,0.2367388401370425,11.0
190800.0,1908.0,0.0,,-1.2367388401370405,0.2367388401370405,11.0
191000.0,1910.0,0.0,,-1.2367388401370405,0.2367388401370402,11.0
191300.0,1913.0,0.0,,-1.2367388401370398,0.2367388401370398,11.0
192100.0,1921.0,0.0,,-1.2367388401370396,0.2367388401370396,11.0
192800.0,1928.0,0.0,,-1.2367388401370394,0.2367388401370393,11.0
100.0,1.0,0.0,,-1.8845380297367624,0.8845380297367624,12.0
200.0,2.0,0.0,,-1.8721326922250523,0.8721326922250523,12.0
400.0,4.0,0.0,,-1.81968860607717,0.81968860607717,12.0
600.0,6.0,0.0,,-1.760752986944186,0.760752986944186,12.0
700.0,7.0,0.0,,-1.718441288347106,0.7184412883471061,12.0
900.0,9.0,0.0,,-1.6989067193344765,0.6989067193344765,12.0
1000.0,10.0,0.0,,-1.6844483176732503,0.6844483176732505,12.0
1100.0,11.0,0.0,,-1.6313902003563638,0.6313902003563638,12.0
1300.0,13.0,0.0,,-1.5782823222035298,0.5782823222035298,12.0
1400.0,14.0,0.0,,-1.5412459460459569,0.5412459460459567,12.0
1600.0,16.0,0.0,,-1.495687588352357,0.495687588352357,12.0
1700.0,17.0,0.0,,-1.4767517803079238,0.4767517803079237,12.0
1800.0,18.0,0.0,,-1.4553865507752466,0.4553865507752466,12.0
2000.0,20.0,0.0,,-1.435536463845516,0.4355364638455161,12.0
2100.0,21.0,0.0,,-1.4074922088087047,0.4074922088087047,12.0
2200.0,22.0,0.0,,-1.4027707323435854,0.4027707323435854,12.0
2300.0,23.0,0.0,,-1.371538599183063,0.3715385991830631,12.0
2400.0,24.0,0.0,,-1.3520849697187292,0.3520849697187291,12.0
2500.0,25.0,0.0,,-1.320645802725796,0.3206458027257959,12.0
2800.0,28.0,0.0,,-1.302857077236811,0.3028570772368111,12.0
2900.0,29.0,0.0,,-1.281666004471556,0.281666004471556,12.0
3000.0,30.0,0.0,,-1.280590279328652,0.2805902793286519,12.0
3100.0,31.0,0.0,,-1.2747332390048092,0.2747332390048091,12.0
3200.0,32.0,0.0,,-1.2568877676327073,0.2568877676327072,12.0
3300.0,33.0,0.0,,-1.245798377096839,0.245798377096839,12.0
3400.0,34.0,0.0,,-1.2314116249973357,0.2314116249973354,12.0
3500.0,35.0,0.0,,-1.2242338881463055,0.2242338881463055,12.0
3600.0,36.0,0.0,,-1.2205286388412475,0.2205286388412477,12.0
3700.0,37.0,0.0,,-1.209272115961985,0.209272115961985,12.0
4100.0,41.0,0.0,,-1.2067015570640014,0.2067015570640014,12.0
4400.0,44.0,0.0,,-1.206303352864421,0.2063033528644209,12.0
4500.0,45.0,0.0,,-1.2062626536814358,0.2062626536814358,12.0
4700.0,47.0,0.0,,-1.2050896894328362,0.2050896894328362,12.0
5500.0,55.0,0.0,,-1.20230089431269,0.20230089431269,12.0
5600.0,56.0,0.0,,-1.201572265512491,0.2015722655124909,12.0
6100.0,61.0,0.0,,-1.201433755004541,0.201433755004541,12.0
6200.0,62.0,0.0,,-1.2014299375163269,0.2014299375163266,12.0
6500.0,65.0,0.0,,-1.201375183312237,0.201375183312237,12.0
6600.0,66.0,0.0,,-1.2013482037892282,0.2013482037892282,12.0
6800.0,68.0,0.0,,-1.2013458834461044,0.2013458834461043,12.0
6900.0,69.0,0.0,,-1.201324833334212,0.2013248333342121,12.0
7400.0,74.0,0.0,,-1.20131763411949,0.20131763411949,12.0
8100.0,81.0,0.0,,-1.2013161594422497,0.2013161594422496,12.0
8200.0,82.0,0.0,,-1.201315917473698,0.201315917473698,12.0
8400.0,84.0,0.0,,-1.2013156559045015,0.2013156559045015,12.0
8500.0,85.0,0.0,,-1.2013156499337323,0.2013156499337323,12.0
8600.0,86.0,0.0,,-1.2013153628807536,0.2013153628807535,12.0
8800.0,88.0,0.0,,-1.2011908622146643,0.2011908622146645,12.0
9500.0,95.0,0.0,,-1.2011889644854554,0.2011889644854554,12.0
9600.0,96.0,0.0,,-1.2011844210421825,0.2011844210421822,12.0
9700.0,97.0,0.0,,-1.2011839145128294,0.2011839145128293,12.0
10800.0,108.0,0.0,,-1.186465989629971,0.1864659896299709,12.0
10900.0,109.0,0.0,,-1.1864466136464578,0.1864466136464577,12.0
11000.0,110.0,0.0,,-1.1853747874126916,0.1853747874126916,12.0
11200.0,112.0,0.0,,-1.1834212566494926,0.1834212566494926,12.0
11300.0,113.0,0.0,,-1.1813796174182427,0.1813796174182427,12.0
11400.0,114.0,0.0,,-1.1781879244490272,0.1781879244490272,12.0
11500.0,115.0,0.0,,-1.1778085531293925,0.1778085531293922,12.0
11600.0,116.0,0.0,,-1.1766152672899113,0.1766152672899112,12.0
11800.0,118.0,0.0,,-1.1685047894757818,0.1685047894757818,12.0
12000.0,120.0,0.0,,-1.1684332905469588,0.1684332905469587,12.0
12200.0,122.0,0.0,,-1.168433182744573,0.168433182744573,12.0
12400.0,124.0,0.0,,-1.1683846295008198,0.1683846295008197,12.0
12500.0,125.0,0.0,,-1.1683491719229662,0.1683491719229661,12.0
12600.0,126.0,0.0,,-1.1683210847733136,0.1683210847733136,12.0
12800.0,128.0,0.0,,-1.1680878119398423,0.1680878119398423,12.0
12900.0,129.0,0.0,,-1.167977986690863,0.167977986690863,12.0
13400.0,134.0,0.0,,-1.1679620577192813,0.1679620577192813,12.0
13900.0,139.0,0.0,,-1.1679615073909682,0.1679615073909681,12.0
14000.0,140.0,0.0,,-1.1679608097855454,0.1679608097855454,12.0
14200.0,142.0,0.0,,-1.1679604436857791,0.1679604436857793,12.0
14400.0,144.0,0.0,,-1.1679603506559295,0.1679603506559295,12.0
14600.0,146.0,0.0,,-1.1679603439419832,0.1679603439419832,12.0
14700.0,147.0,0.0,,-1.1679603401755931,0.1679603401755931,12.0
14800.0,148.0,0.0,,-1.167960338192223,0.167960338192223,12.0
15600.0,156.0,0.0,,-1.1679603377643837,0.1679603377643834,12.0
15700.0,157.0,0.0,,-1.1679603356334738,0.1679603356334738,12.0
15800.0,158.0,0.0,,-1.1679451542956392,0.1679451542956391,12.0
15900.0,159.0,0.0,,-1.16794337655653,0.1679433765565299,12.0
16200.0,162.0,0.0,,-1.16793281478611,0.1679328147861098,12.0
16300.0,163.0,0.0,,-1.1678808356809656,0.1678808356809655,12.0
16400.0,164.0,0.0,,-1.1677874882863946,0.1677874882863945,12.0
16500.0,165.0,0.0,,-1.167739871675296,0.167739871675296,12.0
16900.0,169.0,0.0,,-1.167730237007514,0.167730237007514,12.0
17000.0,170.0,0.0,,-1.1677226502573812,0.1677226502573812,12.0
17100.0,171.0,0.0,,-1.1677171742861363,0.1677171742861363,12.0
17200.0,172.0,0.0,,-1.1677161700930478,0.1677161700930478,12.0
17400.0,174.0,0.0,,-1.167713994027519,0.1677139940275189,12.0
17900.0,179.0,0.0,,-1.1677135711195377,0.1677135711195376,12.0
18600.0,186.0,0.0,,-1.167713539903224,0.1677135399032239,12.0
18700.0,187.0,0.0,,-1.1676517923002463,0.1676517923002463,12.0
18800.0,188.0,0.0,,-1.1675803390883073,0.1675803390883072,12.0
19100.0,191.0,0.0,,-1.1675705587811185,0.1675705587811184,12.0
19300.0,193.0,0.0,,-1.1675689283675883,0.1675689283675883,12.0
19400.0,194.0,0.0,,-1.167542713434217,0.1675427134342169,12.0
19500.0,195.0,0.0,,-1.1675402981323495,0.1675402981323495,12.0
19600.0,196.0,0.0,,-1.16749484316365,0.16749484316365,12.0
19700.0,197.0,0.0,,-1.167331426688082,0.1673314266880821,12.0
20000.0,200.0,0.0,,-1.164667301549002,0.1646673015490021,12.0
20100.0,201.0,0.0,,-1.1646669566173238,0.1646669566173237,12.0
20200.0,202.0,0.0,,-1.164538491866573,0.1645384918665733,12.0
20300.0,203.0,0.0,,-1.1497186791408804,0.1497186791408804,12.0
20400.0,204.0,0.0,,-1.1433605670191798,0.1433605670191797,12.0
20600.0,206.0,0.0,,-1.142800880240668,0.1428008802406679,12.0
20800.0,208.0,0.0,,-1.142196487192245,0.1421964871922449,12.0
20900.0,209.0,0.0,,-1.1419413149151745,0.1419413149151744,12.0
21000.0,210.0,0.0,,-1.140359861971853,0.1403598619718526,12.0
21100.0,211.0,0.0,,-1.1374114335396857,0.1374114335396856,12.0
21400.0,214.0,0.0,,-1.1352442283524455,0.1352442283524455,12.0
21500.0,215.0,0.0,,-1.1327654851677926,0.1327654851677926,12.0
21700.0,217.0,0.0,,-1.1315112378814454,0.1315112378814453,12.0
21800.0,218.0,0.0,,-1.1314394627399813,0.1314394627399813,12.0
21900.0,219.0,0.0,,-1.130753161781648,0.1307531617816479,12.0
22100.0,221.0,0.0,,-1.1307068803483535,0.1307068803483535,12.0
22200.0,222.0,0.0,,-1.1306413643418862,0.1306413643418862,12.0
22300.0,223.0,0.0,,-1.1306165505295227,0.1306165505295227,12.0
22500.0,225.0,0.0,,-1.130434328978711,0.1304343289787113,12.0
23000.0,230.0,0.0,,-1.130428580443568,0.1304285804435681,12.0
23300.0,233.0,0.0,,-1.130428495651998,0.1304284956519978,12.0
23400.0,234.0,0.0,,-1.1304118596079804,0.1304118596079804,12.0
23600.0,236.0,0.0,,-1.13041142195948,0.1304114219594798,12.0
23900.0,239.0,0.0,,-1.1304039178466214,0.1304039178466214,12.0
24100.0,241.0,0.0,,-1.130403765447594,0.130403765447594,12.0
24300.0,243.0,0.0,,-1.1304033182315671,0.1304033182315671,12.0
24500.0,245.0,0.0,,-1.130403040965473,0.130403040965473,12.0
25100.0,251.0,0.0,,-1.1304030184728602,0.1304030184728601,12.0
25200.0,252.0,0.0,,-1.1304030102589324,0.1304030102589324,12.0
25300.0,253.0,0.0,,-1.1304030100383964,0.1304030100383963,12.0
25400.0,254.0,0.0,,-1.130402987900312,0.1304029879003121,12.0
25900.0,259.0,0.0,,-1.130402986722097,0.130402986722097,12.0
26000.0,260.0,0.0,,-1.130402984271155,0.1304029842711549,12.0
26100.0,261.0,0.0,,-1.1304029836256029,0.1304029836256028,12.0
26300.0,263.0,0.0,,-1.1304029803975195,0.1304029803975197,12.0
26800.0,268.0,0.0,,-1.1304029803108546,0.1304029803108546,12.0
26900.0,269.0,0.0,,-1.1304029801030584,0.1304029801030584,12.0
27300.0,273.0,0.0,,-1.1304029801019673,0.1304029801019672,12.0
27400.0,274.0,0.0,,-1.1304029801009503,0.1304029801009503,12.0
27600.0,276.0,0.0,,-1.1304029801005293,0.1304029801005293,12.0
27700.0,277.0,0.0,,-1.1303998439891172,0.1303998439891172,12.0
27800.0,278.0,0.0,,-1.130377943430029,0.1303779434300289,12.0
27900.0,279.0,0.0,,-1.130377657830062,0.1303776578300619,12.0
28100.0,281.0,0.0,,-1.130373952881567,0.130373952881567,12.0
28200.0,282.0,0.0,,-1.130373565080483,0.1303735650804829,12.0
28300.0,283.0,0.0,,-1.1303388197210076,0.1303388197210075,12.0
28400.0,284.0,0.0,,-1.1302075446819624,0.1302075446819623,12.0
28500.0,285.0,0.0,,-1.1301740849444315,0.1301740849444315,12.0
28600.0,286.0,0.0,,-1.1301732817423664,0.1301732817423664,12.0
28900.0,289.0,0.0,,-1.1301732497409136,0.1301732497409136,12.0
29000.0,290.0,0.0,,-1.1301730708768942,0.1301730708768942,12.0
29100.0,291.0,0.0,,-1.1301714447210682,0.1301714447210682,12.0
29200.0,292.0,0.0,,-1.1301713576112304,0.1301713576112304,12.0
29400.0,294.0,0.0,,-1.130171357419458,0.130171357419458,12.0
29500.0,295.0,0.0,,-1.1301713348172022,0.1301713348172022,12.0
29600.0,296.0,0.0,,-1.1301712853220045,0.1301712853220045,12.0
29700.0,297.0,0.0,,-1.1301399541394568,0.1301399541394567,12.0
30000.0,300.0,0.0,,-1.130116141683141,0.1301161416831409,12.0
30200.0,302.0,0.0,,-1.1301160825015013,0.1301160825015013,12.0
30300.0,303.0,0.0,,-1.1301130975789102,0.1301130975789102,12.0
30400.0,304.0,0.0,,-1.1301093420970378,0.1301093420970378,12.0
30600.0,306.0,0.0,,-1.1299993023705026,0.1299993023705026,12.0
30700.0,307.0,0.0,,-1.1299940364740968,0.1299940364740968,12.0
30900.0,309.0,0.0,,-1.1299940343952162,0.1299940343952161,12.0
31000.0,310.0,0.0,,-1.12998219906828,0.1299821990682799,12.0
31100.0,311.0,0.0,,-1.1299816306148984,0.1299816306148984,12.0
31300.0,313.0,0.0,,-1.1299570959764464,0.1299570959764464,12.0
31600.0,316.0,0.0,,-1.1299570514967918,0.1299570514967918,12.0
31700.0,317.0,0.0,,-1.1299545868466685,0.1299545868466682,12.0
31800.0,318.0,0.0,,-1.1299518068785857,0.1299518068785856,12.0
31900.0,319.0,0.0,,-1.129878234713426,0.1298782347134259,12.0
32000.0,320.0,0.0,,-1.1298244408355715,0.1298244408355715,12.0
32500.0,325.0,0.0,,-1.1298076988618764,0.1298076988618763,12.0
32700.0,327.0,0.0,,-1.1298022629760065,0.1298022629760062,12.0
32800.0,328.0,0.0,,-1.1297995491872386,0.1297995491872385,12.0
33000.0,330.0,0.0,,-1.1297892530784135,0.1297892530784137,12.0
33200.0,332.0,0.0,,-1.1297685317219008,0.1297685317219008,12.0
33300.0,333.0,0.0,,-1.1297621629157573,0.1297621629157572,12.0
33400.0,334.0,0.0,,-1.1297587867876868,0.1297587867876868,12.0
33500.0,335.0,0.0,,-1.1297261530236966,0.1297261530236966,12.0
33600.0,336.0,0.0,,-1.1297251038402882,0.1297251038402882,12.0
33700.0,337.0,0.0,,-1.1297220006666635,0.1297220006666637,12.0
33800.0,338.0,0.0,,-1.1296997568893707,0.1296997568893707,12.0
34000.0,340.0,0.0,,-1.1296939945047166,0.1296939945047166,12.0
34100.0,341.0,0.0,,-1.1296905363761702,0.1296905363761702,12.0
34200.0,342.0,0.0,,-1.129686714140009,0.1296867141400093,12.0
34300.0,343.0,0.0,,-1.1296806567428896,0.1296806567428896,12.0
34400.0,344.0,0.0,,-1.1296788459859703,0.1296788459859703,12.0
34500.0,345.0,0.0,,-1.1296784720879784,0.1296784720879784,12.0
34600.0,346.0,0.0,,-1.1296758284919288,0.1296758284919288,12.0
34800.0,348.0,0.0,,-1.1296754358840833,0.1296754358840832,12.0
34900.0,349.0,0.0,,-1.1296751853879434,0.1296751853879434,12.0
35000.0,350.0,0.0,,-1.1296751358352468,0.1296751358352468,12.0
35100.0,351.0,0.0,,-1.129674892478188,0.1296748924781881,12.0
35200.0,352.0,0.0,,-1.12967439893909,0.12967439893909,12.0
35400.0,354.0,0.0,,-1.1296743259181374,0.1296743259181374,12.0
35600.0,356.0,0.0,,-1.1296743220326286,0.1296743220326286,12.0
35700.0,357.0,0.0,,-1.1296740665468816,0.1296740665468816,12.0
35800.0,358.0,0.0,,-1.129674047417815,0.129674047417815,12.0
36000.0,360.0,0.0,,-1.1296740451664005,0.1296740451664004,12.0
36100.0,361.0,0.0,,-1.1296525375810835,0.1296525375810837,12.0
36400.0,364.0,0.0,,-1.1296512778667,0.1296512778667,12.0
36600.0,366.0,0.0,,-1.1296511075284166,0.1296511075284165,12.0
36700.0,367.0,0.0,,-1.1296424480276517,0.1296424480276514,12.0
36900.0,369.0,0.0,,-1.1296424453055358,0.1296424453055358,12.0
37000.0,370.0,0.0,,-1.12964175756122,0.1296417575612201,12.0
37300.0,373.0,0.0,,-1.1296414251752964,0.1296414251752964,12.0
37400.0,374.0,0.0,,-1.1296408572127223,0.1296408572127223,12.0
37700.0,377.0,0.0,,-1.1296408414737225,0.1296408414737224,12.0
37800.0,378.0,0.0,,-1.129639311006937,0.1296393110069369,12.0
37900.0,379.0,0.0,,-1.1296391743145564,0.1296391743145564,12.0
38100.0,381.0,0.0,,-1.1296382661379425,0.1296382661379422,12.0
38400.0,384.0,0.0,,-1.1296377754122788,0.1296377754122788,12.0
38800.0,388.0,0.0,,-1.1296376862283588,0.1296376862283588,12.0
39000.0,390.0,0.0,,-1.1296376422187155,0.1296376422187155,12.0
39200.0,392.0,0.0,,-1.129637010741409,0.1296370107414091,12.0
39400.0,394.0,0.0,,-1.1296369819954517,0.1296369819954517,12.0
39500.0,395.0,0.0,,-1.1296369550503873,0.1296369550503873,12.0
39600.0,396.0,0.0,,-1.1296369005203457,0.1296369005203455,12.0
39700.0,397.0,0.0,,-1.1296368911645118,0.1296368911645118,12.0
39900.0,399.0,0.0,,-1.1296368911099903,0.1296368911099905,12.0
40000.0,400.0,0.0,,-1.129636866650633,0.1296368666506329,12.0
40100.0,401.0,0.0,,-1.129636864033116,0.129636864033116,12.0
40400.0,404.0,0.0,,-1.129636862299295,0.1296368622992949,12.0
40500.0,405.0,0.0,,-1.129601424813468,0.129601424813468,12.0
40600.0,406.0,0.0,,-1.129600647496915,0.1296006474969149,12.0
40700.0,407.0,0.0,,-1.1295977506301855,0.1295977506301857,12.0
41100.0,411.0,0.0,,-1.1295968733372468,0.1295968733372468,12.0
41200.0,412.0,0.0,,-1.1295968117896562,0.1295968117896562,12.0
41400.0,414.0,0.0,,-1.1295948478762334,0.1295948478762334,12.0
41500.0,415.0,0.0,,-1.1295939451412955,0.1295939451412957,12.0
41600.0,416.0,0.0,,-1.1286337189061515,0.1286337189061517,12.0
41700.0,417.0,0.0,,-1.1286336801339565,0.1286336801339562,12.0
41900.0,419.0,0.0,,-1.1285661893404615,0.1285661893404615,12.0
42000.0,420.0,0.0,,-1.128566184625824,0.1285661846258239,12.0
42100.0,421.0,0.0,,-1.1285584728035571,0.1285584728035571,12.0
42200.0,422.0,0.0,,-1.1285532010593795,0.1285532010593797,12.0
42400.0,424.0,0.0,,-1.1285521608153677,0.1285521608153677,12.0
42600.0,426.0,0.0,,-1.128546125242075,0.1285461252420749,12.0
42700.0,427.0,0.0,,-1.1285217943524075,0.1285217943524075,12.0
42900.0,429.0,0.0,,-1.1285154780170197,0.1285154780170194,12.0
43100.0,431.0,0.0,,-1.1284730596495296,0.1284730596495296,12.0
43200.0,432.0,0.0,,-1.1284597188744236,0.1284597188744236,12.0
43400.0,434.0,0.0,,-1.128458181091352,0.1284581810913518,12.0
43500.0,435.0,0.0,,-1.1284581734600443,0.1284581734600443,12.0
43600.0,436.0,0.0,,-1.1284579082766122,0.1284579082766122,12.0
43900.0,439.0,0.0,,-1.128457784414596,0.128457784414596,12.0
44100.0,441.0,0.0,,-1.1284569270778897,0.1284569270778894,12.0
44200.0,442.0,0.0,,-1.1284568473742504,0.1284568473742504,12.0
44400.0,444.0,0.0,,-1.1284568427471489,0.1284568427471488,12.0
44600.0,446.0,0.0,,-1.128456698711353,0.1284566987113526,12.0
44700.0,447.0,0.0,,-1.128456680662549,0.1284566806625489,12.0
44900.0,449.0,0.0,,-1.1284566737464377,0.1284566737464376,12.0
45100.0,451.0,0.0,,-1.1284089793632246,0.1284089793632246,12.0
45600.0,456.0,0.0,,-1.1284049012375277,0.1284049012375276,12.0
45700.0,457.0,0.0,,-1.1284040353226978,0.1284040353226978,12.0
46100.0,461.0,0.0,,-1.1283759512330995,0.1283759512330995,12.0
46400.0,464.0,0.0,,-1.128320992564602,0.128320992564602,12.0
46600.0,466.0,0.0,,-1.1283207932526176,0.1283207932526175,12.0
46700.0,467.0,0.0,,-1.128257223777888,0.128257223777888,12.0
46800.0,468.0,0.0,,-1.128255283155462,0.1282552831554619,12.0
46900.0,469.0,0.0,,-1.1282465766915557,0.1282465766915554,12.0
47100.0,471.0,0.0,,-1.1282462363953278,0.1282462363953278,12.0
47400.0,474.0,0.0,,-1.1282461461742412,0.1282461461742412,12.0
47500.0,475.0,0.0,,-1.1282461267124866,0.1282461267124865,12.0
47600.0,476.0,0.0,,-1.128246113458638,0.1282461134586381,12.0
47700.0,477.0,0.0,,-1.1282461128335015,0.1282461128335015,12.0
48000.0,480.0,0.0,,-1.1282460883740553,0.1282460883740552,12.0
48200.0,482.0,0.0,,-1.128246078729349,0.1282460787293486,12.0
48300.0,483.0,0.0,,-1.1282460660783165,0.1282460660783164,12.0
48500.0,485.0,0.0,,-1.1282126646634594,0.1282126646634593,12.0
48700.0,487.0,0.0,,-1.1282126646633035,0.1282126646633035,12.0
48900.0,489.0,0.0,,-1.128208283317876,0.1282082833178759,12.0
49100.0,491.0,0.0,,-1.1282061315180094,0.1282061315180094,12.0
49200.0,492.0,0.0,,-1.1282010773351117,0.1282010773351116,12.0
49300.0,493.0,0.0,,-1.1280345122529298,0.1280345122529298,12.0
49500.0,495.0,0.0,,-1.1279127840460934,0.1279127840460934,12.0
49600.0,496.0,0.0,,-1.1278790545720438,0.1278790545720438,12.0
49800.0,498.0,0.0,,-1.127859222770112,0.1278592227701118,12.0
50100.0,501.0,0.0,,-1.1277218046611088,0.1277218046611088,12.0
50200.0,502.0,0.0,,-1.127719644349034,0.127719644349034,12.0
50300.0,503.0,0.0,,-1.127717990200987,0.127717990200987,12.0
50500.0,505.0,0.0,,-1.1277059158081215,0.1277059158081215,12.0
50600.0,506.0,0.0,,-1.1276942808586563,0.1276942808586565,12.0
50800.0,508.0,0.0,,-1.127693073106499,0.1276930731064989,12.0
51000.0,510.0,0.0,,-1.1276930396812763,0.1276930396812763,12.0
51100.0,511.0,0.0,,-1.12769302645751,0.12769302645751,12.0
51200.0,512.0,0.0,,-1.1276927085213195,0.1276927085213195,12.0
51300.0,513.0,0.0,,-1.12769251020979,0.1276925102097901,12.0
51400.0,514.0,0.0,,-1.1276925006251617,0.1276925006251617,12.0
51500.0,515.0,0.0,,-1.1276924567435465,0.1276924567435464,12.0
51600.0,516.0,0.0,,-1.1276919490036186,0.1276919490036185,12.0
51700.0,517.0,0.0,,-1.127691624940612,0.1276916249406119,12.0
51800.0,518.0,0.0,,-1.1276916091825644,0.1276916091825644,12.0
52000.0,520.0,0.0,,-1.127691606984049,0.127691606984049,12.0
52500.0,525.0,0.0,,-1.1276915968937171,0.1276915968937171,12.0
52600.0,526.0,0.0,,-1.1276320707645873,0.1276320707645872,12.0
52700.0,527.0,0.0,,-1.1276320354350946,0.1276320354350946,12.0
52800.0,528.0,0.0,,-1.127631293342524,0.1276312933425241,12.0
53000.0,530.0,0.0,,-1.127631267615513,0.1276312676155129,12.0
53100.0,531.0,0.0,,-1.1276306100258604,0.1276306100258604,12.0
53200.0,532.0,0.0,,-1.127630452064594,0.1276304520645941,12.0
53400.0,534.0,0.0,,-1.1276304347215125,0.1276304347215124,12.0
53500.0,535.0,0.0,,-1.127630401353485,0.127630401353485,12.0
53600.0,536.0,0.0,,-1.127630208745822,0.1276302087458221,12.0
53700.0,537.0,0.0,,-1.1276211996901704,0.1276211996901703,12.0
53800.0,538.0,0.0,,-1.1276209705553406,0.1276209705553406,12.0
54000.0,540.0,0.0,,-1.1276097405253065,0.1276097405253062,12.0
54100.0,541.0,0.0,,-1.127576488968951,0.127576488968951,12.0
54200.0,542.0,0.0,,-1.1275748775706622,0.1275748775706622,12.0
54400.0,544.0,0.0,,-1.127574653959842,0.1275746539598419,12.0
54700.0,547.0,0.0,,-1.127574459874642,0.127574459874642,12.0
54800.0,548.0,0.0,,-1.1275743867821515,0.1275743867821515,12.0
55000.0,550.0,0.0,,-1.1275743404618406,0.1275743404618405,12.0
55400.0,554.0,0.0,,-1.1275743404564782,0.1275743404564782,12.0
55500.0,555.0,0.0,,-1.1275743367589794,0.1275743367589794,12.0
55600.0,556.0,0.0,,-1.1275743345614797,0.1275743345614797,12.0
55700.0,557.0,0.0,,-1.127533469307396,0.1275334693073959,12.0
55800.0,558.0,0.0,,-1.1275190382234483,0.1275190382234483,12.0
56100.0,561.0,0.0,,-1.1275190366118633,0.1275190366118632,12.0
56200.0,562.0,0.0,,-1.1275190366044652,0.1275190366044651,12.0
56400.0,564.0,0.0,,-1.1275179158327848,0.1275179158327848,12.0
56500.0,565.0,0.0,,-1.1275178557427257,0.1275178557427256,12.0
56600.0,566.0,0.0,,-1.1275178042696972,0.1275178042696971,12.0
56700.0,567.0,0.0,,-1.127513529792292,0.127513529792292,12.0
56800.0,568.0,0.0,,-1.1275128229929148,0.1275128229929147,12.0
56900.0,569.0,0.0,,-1.127512821400417,0.1275128214004171,12.0
57100.0,571.0,0.0,,-1.1274918162880287,0.1274918162880287,12.0
57400.0,574.0,0.0,,-1.127491798769138,0.1274917987691379,12.0
57600.0,576.0,0.0,,-1.127451718201704,0.1274517182017041,12.0
57800.0,578.0,0.0,,-1.1274508961349257,0.1274508961349256,12.0
57900.0,579.0,0.0,,-1.1274273877636207,0.1274273877636207,12.0
58000.0,580.0,0.0,,-1.1274232067630614,0.1274232067630614,12.0
58200.0,582.0,0.0,,-1.1274232016377812,0.1274232016377812,12.0
58300.0,583.0,0.0,,-1.127404148250698,0.127404148250698,12.0
58400.0,584.0,0.0,,-1.1274041444817149,0.1274041444817146,12.0
58500.0,585.0,0.0,,-1.1273323153029715,0.1273323153029715,12.0
58900.0,589.0,0.0,,-1.127301967458525,0.1273019674585249,12.0
59000.0,590.0,0.0,,-1.127283086111624,0.1272830861116238,12.0
59200.0,592.0,0.0,,-1.1271584529639342,0.1271584529639342,12.0
59300.0,593.0,0.0,,-1.1271511666410683,0.1271511666410685,12.0
59500.0,595.0,0.0,,-1.127130157031724,0.127130157031724,12.0
59800.0,598.0,0.0,,-1.127039912993838,0.127039912993838,12.0
59900.0,599.0,0.0,,-1.127039880188864,0.1270398801888641,12.0
60000.0,600.0,0.0,,-1.1270384123599306,0.1270384123599306,12.0
60100.0,601.0,0.0,,-1.127036602453322,0.127036602453322,12.0
60200.0,602.0,0.0,,-1.1270362822045443,0.1270362822045445,12.0
60300.0,603.0,0.0,,-1.1270176927019335,0.1270176927019337,12.0
60400.0,604.0,0.0,,-1.1269826024354412,0.1269826024354412,12.0
60800.0,608.0,0.0,,-1.1269579736133015,0.1269579736133017,12.0
60900.0,609.0,0.0,,-1.1269578189223093,0.1269578189223092,12.0
61000.0,610.0,0.0,,-1.126629628366734,0.1266296283667338,12.0
61400.0,614.0,0.0,,-1.1264763729474048,0.1264763729474047,12.0
61600.0,616.0,0.0,,-1.1264097104826685,0.1264097104826684,12.0
61900.0,619.0,0.0,,-1.12640747293425,0.1264074729342501,12.0
62000.0,620.0,0.0,,-1.1263375914150586,0.1263375914150586,12.0
62100.0,621.0,0.0,,-1.1263374587745518,0.1263374587745518,12.0
62400.0,624.0,0.0,,-1.1263069659290847,0.1263069659290847,12.0
62700.0,627.0,0.0,,-1.1262992685890911,0.1262992685890911,12.0
62900.0,629.0,0.0,,-1.1262015231413836,0.1262015231413835,12.0
63000.0,630.0,0.0,,-1.1262015217162504,0.1262015217162504,12.0
63200.0,632.0,0.0,,-1.1262006470651176,0.1262006470651175,12.0
63400.0,634.0,0.0,,-1.1261487556690608,0.1261487556690608,12.0
63800.0,638.0,0.0,,-1.126137563556418,0.1261375635564181,12.0
64000.0,640.0,0.0,,-1.1261288236115394,0.1261288236115394,12.0
64300.0,643.0,0.0,,-1.1260924605798783,0.1260924605798783,12.0
64400.0,644.0,0.0,,-1.1260821503782186,0.1260821503782185,12.0
64500.0,645.0,0.0,,-1.1260821088818893,0.1260821088818893,12.0
64600.0,646.0,0.0,,-1.1260810140136244,0.1260810140136243,12.0
64700.0,647.0,0.0,,-1.12607984076477,0.12607984076477,12.0
64800.0,648.0,0.0,,-1.1260770672486824,0.1260770672486824,12.0
65000.0,650.0,0.0,,-1.12607578347488,0.12607578347488,12.0
65100.0,651.0,0.0,,-1.1260756198445825,0.1260756198445825,12.0
65200.0,652.0,0.0,,-1.1260753982893543,0.1260753982893543,12.0
65300.0,653.0,0.0,,-1.1260740454078535,0.1260740454078535,12.0
65500.0,655.0,0.0,,-1.1260739905058708,0.1260739905058707,12.0
65600.0,656.0,0.0,,-1.126073729874722,0.1260737298747221,12.0
65700.0,657.0,0.0,,-1.1260735742412753,0.1260735742412753,12.0
65800.0,658.0,0.0,,-1.1260735607492387,0.1260735607492387,12.0
65900.0,659.0,0.0,,-1.1260727364818748,0.1260727364818747,12.0
66300.0,663.0,0.0,,-1.1260726907689926,0.1260726907689926,12.0
66400.0,664.0,0.0,,-1.1260726122391735,0.1260726122391735,12.0
66700.0,667.0,0.0,,-1.1260723510967452,0.1260723510967452,12.0
66800.0,668.0,0.0,,-1.126072341394072,0.126072341394072,12.0
67000.0,670.0,0.0,,-1.126072310706019,0.1260723107060193,12.0
67100.0,671.0,0.0,,-1.126072310677804,0.1260723106778039,12.0
67200.0,672.0,0.0,,-1.1260723094026854,0.1260723094026854,12.0
67400.0,674.0,0.0,,-1.1260723014448084,0.1260723014448084,12.0
67900.0,679.0,0.0,,-1.1260722833043648,0.1260722833043648,12.0
68000.0,680.0,0.0,,-1.1260722823935727,0.1260722823935727,12.0
68200.0,682.0,0.0,,-1.1260722815419075,0.1260722815419075,12.0
68300.0,683.0,0.0,,-1.1260722796825764,0.1260722796825764,12.0
68500.0,685.0,0.0,,-1.1260722796022724,0.1260722796022724,12.0
68600.0,686.0,0.0,,-1.1260722766322413,0.1260722766322413,12.0
68700.0,687.0,0.0,,-1.1260722766212847,0.1260722766212847,12.0
69000.0,690.0,0.0,,-1.126072275719488,0.1260722757194878,12.0
69200.0,692.0,0.0,,-1.1260722751503418,0.1260722751503418,12.0
69400.0,694.0,0.0,,-1.1260722749174776,0.1260722749174776,12.0
69500.0,695.0,0.0,,-1.1260722746291796,0.1260722746291795,12.0
69800.0,698.0,0.0,,-1.1260722745158396,0.1260722745158395,12.0
70000.0,700.0,0.0,,-1.1260722743274316,0.1260722743274316,12.0
70100.0,701.0,0.0,,-1.1260722743235163,0.1260722743235163,12.0
70400.0,704.0,0.0,,-1.126072274292604,0.1260722742926041,12.0
70500.0,705.0,0.0,,-1.1260722742421427,0.1260722742421427,12.0
70800.0,708.0,0.0,,-1.1260722742194391,0.1260722742194391,12.0
71000.0,710.0,0.0,,-1.1260722742133047,0.1260722742133047,12.0
71100.0,711.0,0.0,,-1.1260722742120668,0.1260722742120668,12.0
71200.0,712.0,0.0,,-1.126072274137418,0.126072274137418,12.0
71300.0,713.0,0.0,,-1.12607227412203,0.1260722741220299,12.0
71500.0,715.0,0.0,,-1.1260722740976448,0.1260722740976447,12.0
71600.0,716.0,0.0,,-1.1260722740804725,0.1260722740804722,12.0
71900.0,719.0,0.0,,-1.126072274077901,0.126072274077901,12.0
72300.0,723.0,0.0,,-1.1260722740728064,0.1260722740728064,12.0
72500.0,725.0,0.0,,-1.126072274038202,0.1260722740382018,12.0
72600.0,726.0,0.0,,-1.1260722740370217,0.1260722740370214,12.0
72700.0,727.0,0.0,,-1.126072274036143,0.126072274036143,12.0
72900.0,729.0,0.0,,-1.1260722740355038,0.1260722740355038,12.0
73200.0,732.0,0.0,,-1.1260722740353637,0.1260722740353637,12.0
73300.0,733.0,0.0,,-1.126072274035356,0.1260722740353559,12.0
73500.0,735.0,0.0,,-1.1260722740349565,0.1260722740349564,12.0
73600.0,736.0,0.0,,-1.1260722740349347,0.1260722740349347,12.0
73700.0,737.0,0.0,,-1.1260722740349298,0.1260722740349298,12.0
73800.0,738.0,0.0,,-1.1260722740348754,0.1260722740348754,12.0
74100.0,741.0,0.0,,-1.1260722740348703,0.1260722740348705,12.0
74500.0,745.0,0.0,,-1.126072274034866,0.1260722740348661,12.0
74600.0,746.0,0.0,,-1.1260722740348592,0.1260722740348592,12.0
75000.0,750.0,0.0,,-1.1260722740348503,0.1260722740348503,12.0
75600.0,756.0,0.0,,-1.126072274034838,0.1260722740348379,12.0
75700.0,757.0,0.0,,-1.1260722740348377,0.1260722740348376,12.0
75800.0,758.0,0.0,,-1.126072274034836,0.1260722740348359,12.0
76100.0,761.0,0.0,,-1.1260722740348337,0.1260722740348336,12.0
76800.0,768.0,0.0,,-1.1260722740348337,0.1260722740348334,12.0
118100.0,1181.0,0.0,,-1.1120475947365218,0.1120475947365218,12.0
118200.0,1182.0,0.0,,-1.107694070488266,0.107694070488266,12.0
118300.0,1183.0,0.0,,-1.1028733184435238,0.1028733184435237,12.0
118400.0,1184.0,0.0,,-1.1022798560324347,0.1022798560324347,12.0
118500.0,1185.0,0.0,,-1.101660959964026,0.1016609599640261,12.0
118600.0,1186.0,0.0,,-1.1016320891813884,0.1016320891813884,12.0
118700.0,1187.0,0.0,,-1.1014875754969518,0.1014875754969517,12.0
118800.0,1188.0,0.0,,-1.0985660458528388,0.0985660458528387,12.0
119000.0,1190.0,0.0,,-1.0981949833875515,0.0981949833875517,12.0
119100.0,1191.0,0.0,,-1.095517913448845,0.095517913448845,12.0
119300.0,1193.0,0.0,,-1.0955144748968093,0.0955144748968093,12.0
119600.0,1196.0,0.0,,-1.0953847750317292,0.0953847750317291,12.0
119700.0,1197.0,0.0,,-1.0949908360820086,0.0949908360820086,12.0
119900.0,1199.0,0.0,,-1.0949896726006707,0.0949896726006707,12.0
120000.0,1200.0,0.0,,-1.094985194199218,0.0949851941992181,12.0
120500.0,1205.0,0.0,,-1.0946682155178522,0.0946682155178522,12.0
120600.0,1206.0,0.0,,-1.094666726251,0.0946667262510001,12.0
120700.0,1207.0,0.0,,-1.0946355926739484,0.0946355926739483,12.0
120800.0,1208.0,0.0,,-1.0945916832150355,0.0945916832150357,12.0
121200.0,1212.0,0.0,,-1.0945623343245137,0.0945623343245136,12.0
121400.0,1214.0,0.0,,-1.0945579596503838,0.0945579596503838,12.0
121500.0,1215.0,0.0,,-1.0945579406108148,0.0945579406108148,12.0
121600.0,1216.0,0.0,,-1.0945562074186088,0.0945562074186088,12.0
121700.0,1217.0,0.0,,-1.0945556794528384,0.0945556794528383,12.0
121900.0,1219.0,0.0,,-1.0945532111573113,0.0945532111573113,12.0
122000.0,1220.0,0.0,,-1.094535461998971,0.0945354619989706,12.0
122200.0,1222.0,0.0,,-1.0945342528402622,0.0945342528402621,12.0
122300.0,1223.0,0.0,,-1.094523718911919,0.094523718911919,12.0
122400.0,1224.0,0.0,,-1.0945236273603929,0.0945236273603926,12.0
122500.0,1225.0,0.0,,-1.0945232233107496,0.0945232233107495,12.0
122700.0,1227.0,0.0,,-1.0945196229317884,0.0945196229317884,12.0
122800.0,1228.0,0.0,,-1.094519480185301,0.0945194801853011,12.0
122900.0,1229.0,0.0,,-1.0945189257780146,0.0945189257780145,12.0
123400.0,1234.0,0.0,,-1.0945187824627107,0.0945187824627107,12.0
123600.0,1236.0,0.0,,-1.0944384952752115,0.0944384952752115,12.0
123900.0,1239.0,0.0,,-1.0944054922163708,0.0944054922163708,12.0
124100.0,1241.0,0.0,,-1.0944051660166907,0.0944051660166906,12.0
124300.0,1243.0,0.0,,-1.0943994136756026,0.0943994136756025,12.0
124400.0,1244.0,0.0,,-1.094392353866762,0.0943923538667621,12.0
124500.0,1245.0,0.0,,-1.094371496320579,0.094371496320579,12.0
124800.0,1248.0,0.0,,-1.094369291874405,0.094369291874405,12.0
124900.0,1249.0,0.0,,-1.094368492297979,0.094368492297979,12.0
125000.0,1250.0,0.0,,-1.0943533313795977,0.0943533313795976,12.0
125200.0,1252.0,0.0,,-1.0943508786955474,0.0943508786955473,12.0
125300.0,1253.0,0.0,,-1.0943503239307393,0.0943503239307392,12.0
125700.0,1257.0,0.0,,-1.0943494451185505,0.0943494451185502,12.0
125800.0,1258.0,0.0,,-1.094349442961708,0.094349442961708,12.0
125900.0,1259.0,0.0,,-1.094349437759757,0.0943494377597569,12.0
126000.0,1260.0,0.0,,-1.0943494031322485,0.0943494031322482,12.0
126100.0,1261.0,0.0,,-1.094349177881092,0.0943491778810921,12.0
126400.0,1264.0,0.0,,-1.094349149620384,0.0943491496203841,12.0
126500.0,1265.0,0.0,,-1.0943490690966935,0.0943490690966935,12.0
126800.0,1268.0,0.0,,-1.0942905229064412,0.0942905229064412,12.0
126900.0,1269.0,0.0,,-1.0942905215035064,0.0942905215035063,12.0
127100.0,1271.0,0.0,,-1.0942898847283573,0.0942898847283573,12.0
127200.0,1272.0,0.0,,-1.0942883176782563,0.0942883176782563,12.0
127400.0,1274.0,0.0,,-1.094284657192861,0.094284657192861,12.0
127600.0,1276.0,0.0,,-1.094258307153397,0.0942583071533966,12.0
127900.0,1279.0,0.0,,-1.0942583062489226,0.0942583062489226,12.0
128000.0,1280.0,0.0,,-1.0942550323814118,0.0942550323814117,12.0
128100.0,1281.0,0.0,,-1.0942548046147706,0.0942548046147706,12.0
128400.0,1284.0,0.0,,-1.094254672373009,0.0942546723730091,12.0
128600.0,1286.0,0.0,,-1.0942546710674332,0.0942546710674332,12.0
128700.0,1287.0,0.0,,-1.0942546602098535,0.0942546602098535,12.0
129300.0,1293.0,0.0,,-1.0942546598020992,0.0942546598020992,12.0
129500.0,1295.0,0.0,,-1.0942546596937537,0.0942546596937534,12.0
129700.0,1297.0,0.0,,-1.0942546595593696,0.0942546595593696,12.0
130000.0,1300.0,0.0,,-1.0942546588333977,0.0942546588333974,12.0
130600.0,1306.0,0.0,,-1.0942546588109598,0.0942546588109598,12.0
130700.0,1307.0,0.0,,-1.094254658695459,0.0942546586954589,12.0
131200.0,1312.0,0.0,,-1.0942509636881907,0.0942509636881907,12.0
131500.0,1315.0,0.0,,-1.0942480261731995,0.0942480261731997,12.0
131700.0,1317.0,0.0,,-1.0942335355155235,0.0942335355155234,12.0
131800.0,1318.0,0.0,,-1.0942335329374648,0.0942335329374648,12.0
131900.0,1319.0,0.0,,-1.0942333621802554,0.0942333621802553,12.0
132000.0,1320.0,0.0,,-1.0942325143617009,0.0942325143617006,12.0
132200.0,1322.0,0.0,,-1.0942314758234055,0.0942314758234057,12.0
132500.0,1325.0,0.0,,-1.0942313061040585,0.0942313061040582,12.0
132600.0,1326.0,0.0,,-1.0942312768265534,0.0942312768265534,12.0
132700.0,1327.0,0.0,,-1.0942312591489494,0.0942312591489493,12.0
132800.0,1328.0,0.0,,-1.0942308868498718,0.0942308868498718,12.0
132900.0,1329.0,0.0,,-1.0942302139326483,0.0942302139326485,12.0
133300.0,1333.0,0.0,,-1.0942299962047088,0.0942299962047088,12.0
133500.0,1335.0,0.0,,-1.0941480306887856,0.0941480306887856,12.0
134000.0,1340.0,0.0,,-1.0941473022763373,0.0941473022763372,12.0
134100.0,1341.0,0.0,,-1.0941470249767582,0.0941470249767582,12.0
134300.0,1343.0,0.0,,-1.0940598151129917,0.0940598151129916,12.0
134800.0,1348.0,0.0,,-1.0940596763330117,0.0940596763330114,12.0
134900.0,1349.0,0.0,,-1.0940591048215194,0.0940591048215193,12.0
135000.0,1350.0,0.0,,-1.09403408589347,0.09403408589347,12.0
135300.0,1353.0,0.0,,-1.0940336399137909,0.0940336399137906,12.0
135400.0,1354.0,0.0,,-1.0940309111330366,0.0940309111330366,12.0
135600.0,1356.0,0.0,,-1.0940308031747137,0.0940308031747136,12.0
135800.0,1358.0,0.0,,-1.0940308026419483,0.0940308026419485,12.0
135900.0,1359.0,0.0,,-1.0940301093552407,0.0940301093552407,12.0
136000.0,1360.0,0.0,,-1.093987790641798,0.093987790641798,12.0
136400.0,1364.0,0.0,,-1.093981660696867,0.093981660696867,12.0
136500.0,1365.0,0.0,,-1.0939814381775603,0.0939814381775603,12.0
136600.0,1366.0,0.0,,-1.093981359762618,0.093981359762618,12.0
136700.0,1367.0,0.0,,-1.0939658420490252,0.0939658420490252,12.0
136800.0,1368.0,0.0,,-1.0939643756404387,0.0939643756404386,12.0
137400.0,1374.0,0.0,,-1.0939285770865403,0.0939285770865403,12.0
137500.0,1375.0,0.0,,-1.0939200045299455,0.0939200045299455,12.0
137600.0,1376.0,0.0,,-1.0939114608304918,0.0939114608304918,12.0
137800.0,1378.0,0.0,,-1.093897594263865,0.0938975942638649,12.0
137900.0,1379.0,0.0,,-1.0938960410739096,0.0938960410739095,12.0
138300.0,1383.0,0.0,,-1.0938959192447368,0.0938959192447368,12.0
138600.0,1386.0,0.0,,-1.09389590742179,0.0938959074217899,12.0
138700.0,1387.0,0.0,,-1.09389587701522,0.09389587701522,12.0
138900.0,1389.0,0.0,,-1.0937711933133698,0.0937711933133698,12.0
139000.0,1390.0,0.0,,-1.0937710310889617,0.0937710310889616,12.0
139200.0,1392.0,0.0,,-1.0937707048077976,0.0937707048077975,12.0
139300.0,1393.0,0.0,,-1.093767015137548,0.093767015137548,12.0
139400.0,1394.0,0.0,,-1.093766990428415,0.093766990428415,12.0
139600.0,1396.0,0.0,,-1.0937654477800358,0.0937654477800358,12.0
140100.0,1401.0,0.0,,-1.0937636882244568,0.0937636882244568,12.0
140200.0,1402.0,0.0,,-1.0937367394082158,0.0937367394082158,12.0
140300.0,1403.0,0.0,,-1.0937366942607385,0.0937366942607385,12.0
140400.0,1404.0,0.0,,-1.0937358727897089,0.0937358727897088,12.0
140500.0,1405.0,0.0,,-1.0937185639261375,0.0937185639261375,12.0
140700.0,1407.0,0.0,,-1.0936875799032646,0.0936875799032646,12.0
140900.0,1409.0,0.0,,-1.09367962669786,0.0936796266978601,12.0
141000.0,1410.0,0.0,,-1.0934837502239425,0.0934837502239425,12.0
142000.0,1420.0,0.0,,-1.093482350577832,0.0934823505778319,12.0
142400.0,1424.0,0.0,,-1.0934822877233856,0.0934822877233856,12.0
142600.0,1426.0,0.0,,-1.0934694599679595,0.0934694599679597,12.0
142700.0,1427.0,0.0,,-1.0934693530841595,0.0934693530841594,12.0
142900.0,1429.0,0.0,,-1.0934658840701337,0.0934658840701334,12.0
143000.0,1430.0,0.0,,-1.0934657702613684,0.0934657702613683,12.0
143100.0,1431.0,0.0,,-1.0934379383212527,0.0934379383212526,12.0
143500.0,1435.0,0.0,,-1.0934353048223722,0.0934353048223721,12.0
143600.0,1436.0,0.0,,-1.0933760588891366,0.0933760588891365,12.0
143700.0,1437.0,0.0,,-1.093373711521747,0.093373711521747,12.0
144000.0,1440.0,0.0,,-1.0933736618340928,0.0933736618340927,12.0
144200.0,1442.0,0.0,,-1.093369075330714,0.0933690753307139,12.0
144500.0,1445.0,0.0,,-1.0933689930275163,0.0933689930275163,12.0
144900.0,1449.0,0.0,,-1.093368910306338,0.0933689103063379,12.0
145000.0,1450.0,0.0,,-1.093367537752472,0.093367537752472,12.0
145200.0,1452.0,0.0,,-1.0933675331892734,0.0933675331892733,12.0
145300.0,1453.0,0.0,,-1.0933675261320583,0.0933675261320583,12.0
145400.0,1454.0,0.0,,-1.0933386056074603,0.0933386056074605,12.0
145700.0,1457.0,0.0,,-1.0933384696477326,0.0933384696477326,12.0
145800.0,1458.0,0.0,,-1.0932444791018927,0.0932444791018927,12.0
146100.0,1461.0,0.0,,-1.0931449442744567,0.0931449442744567,12.0
146300.0,1463.0,0.0,,-1.0931233135977725,0.0931233135977722,12.0
146400.0,1464.0,0.0,,-1.0902910627572844,0.0902910627572843,12.0
146800.0,1468.0,0.0,,-1.0902899829376294,0.0902899829376293,12.0
146900.0,1469.0,0.0,,-1.0902831104989377,0.0902831104989376,12.0
147300.0,1473.0,0.0,,-1.0902629640619177,0.0902629640619177,12.0
147400.0,1474.0,0.0,,-1.0902432003355866,0.0902432003355866,12.0
147700.0,1477.0,0.0,,-1.0900155277641903,0.0900155277641905,12.0
147900.0,1479.0,0.0,,-1.0900154926807837,0.0900154926807834,12.0
148200.0,1482.0,0.0,,-1.0900146482834707,0.0900146482834707,12.0
148300.0,1483.0,0.0,,-1.0900141476399252,0.0900141476399252,12.0
148400.0,1484.0,0.0,,-1.090007308046159,0.0900073080461589,12.0
148500.0,1485.0,0.0,,-1.0900018191089549,0.0900018191089548,12.0
148600.0,1486.0,0.0,,-1.089976945235314,0.0899769452353138,12.0
148700.0,1487.0,0.0,,-1.0899524478719265,0.0899524478719264,12.0
149100.0,1491.0,0.0,,-1.0899499307503455,0.0899499307503455,12.0
149200.0,1492.0,0.0,,-1.0899441296252408,0.0899441296252407,12.0
149300.0,1493.0,0.0,,-1.0898364646050764,0.0898364646050764,12.0
149600.0,1496.0,0.0,,-1.089836427795085,0.0898364277950849,12.0
149700.0,1497.0,0.0,,-1.089835012036655,0.0898350120366549,12.0
150200.0,1502.0,0.0,,-1.0897418425142162,0.0897418425142162,12.0
150600.0,1506.0,0.0,,-1.0897386686570387,0.0897386686570387,12.0
151000.0,1510.0,0.0,,-1.0897312238079968,0.0897312238079968,12.0
151100.0,1511.0,0.0,,-1.0897275828523545,0.0897275828523544,12.0
151200.0,1512.0,0.0,,-1.0897261645830338,0.0897261645830338,12.0
151300.0,1513.0,0.0,,-1.0897259211621222,0.0897259211621221,12.0
151400.0,1514.0,0.0,,-1.0897233395936212,0.0897233395936212,12.0
151800.0,1518.0,0.0,,-1.089722572590623,0.089722572590623,12.0
151900.0,1519.0,0.0,,-1.0897203249504173,0.0897203249504172,12.0
152100.0,1521.0,0.0,,-1.0897174907831049,0.0897174907831048,12.0
152300.0,1523.0,0.0,,-1.0897172493555876,0.0897172493555875,12.0
152400.0,1524.0,0.0,,-1.0897137640119,0.0897137640119001,12.0
152500.0,1525.0,0.0,,-1.08968342498997,0.08968342498997,12.0
152700.0,1527.0,0.0,,-1.0896788465859133,0.0896788465859133,12.0
152800.0,1528.0,0.0,,-1.0896781862017455,0.0896781862017455,12.0
153100.0,1531.0,0.0,,-1.089657638149354,0.0896576381493541,12.0
153400.0,1534.0,0.0,,-1.0896548370120431,0.0896548370120431,12.0
153700.0,1537.0,0.0,,-1.0896541630691354,0.0896541630691354,12.0
153900.0,1539.0,0.0,,-1.089653531851145,0.0896535318511451,12.0
154300.0,1543.0,0.0,,-1.0896094833558387,0.0896094833558387,12.0
154600.0,1546.0,0.0,,-1.089596973567947,0.0895969735679469,12.0
154700.0,1547.0,0.0,,-1.089585164625562,0.0895851646255621,12.0
154800.0,1548.0,0.0,,-1.0895830626451992,0.0895830626451992,12.0
154900.0,1549.0,0.0,,-1.089581255700543,0.0895812557005433,12.0
155400.0,1554.0,0.0,,-1.0895708298300548,0.0895708298300548,12.0
155500.0,1555.0,0.0,,-1.0895698987310114,0.0895698987310114,12.0
155600.0,1556.0,0.0,,-1.0895687527104148,0.0895687527104147,12.0
155800.0,1558.0,0.0,,-1.089566556234104,0.0895665562341041,12.0
155900.0,1559.0,0.0,,-1.0895662274081248,0.0895662274081248,12.0
156000.0,1560.0,0.0,,-1.0895661965039911,0.0895661965039911,12.0
156200.0,1562.0,0.0,,-1.0895657709472413,0.0895657709472412,12.0
156400.0,1564.0,0.0,,-1.0895647533812127,0.0895647533812127,12.0
156800.0,1568.0,0.0,,-1.0895643439125768,0.0895643439125768,12.0
156900.0,1569.0,0.0,,-1.0895638859893833,0.0895638859893832,12.0
157000.0,1570.0,0.0,,-1.089563864073944,0.089563864073944,12.0
157200.0,1572.0,0.0,,-1.0894424821748283,0.0894424821748283,12.0
157300.0,1573.0,0.0,,-1.089442472695898,0.089442472695898,12.0
157400.0,1574.0,0.0,,-1.0894419796647372,0.0894419796647372,12.0
157600.0,1576.0,0.0,,-1.0894409026124798,0.0894409026124798,12.0
157700.0,1577.0,0.0,,-1.0894052500538929,0.0894052500538928,12.0
157900.0,1579.0,0.0,,-1.0894052421385825,0.0894052421385824,12.0
158000.0,1580.0,0.0,,-1.0893990402412352,0.0893990402412352,12.0
158200.0,1582.0,0.0,,-1.0893910809672114,0.0893910809672113,12.0
158400.0,1584.0,0.0,,-1.089389140206911,0.0893891402069106,12.0
158700.0,1587.0,0.0,,-1.0893056322213186,0.0893056322213186,12.0
158900.0,1589.0,0.0,,-1.0893051544546837,0.0893051544546834,12.0
159100.0,1591.0,0.0,,-1.089304687678232,0.0893046876782319,12.0
159200.0,1592.0,0.0,,-1.089299617097581,0.089299617097581,12.0
159400.0,1594.0,0.0,,-1.0892922382961978,0.0892922382961978,12.0
159500.0,1595.0,0.0,,-1.0892920903719083,0.0892920903719083,12.0
159700.0,1597.0,0.0,,-1.0892918754294263,0.0892918754294265,12.0
159800.0,1598.0,0.0,,-1.089291737249155,0.089291737249155,12.0
159900.0,1599.0,0.0,,-1.0892837599801457,0.0892837599801454,12.0
160200.0,1602.0,0.0,,-1.0892834897778263,0.0892834897778263,12.0
160300.0,1603.0,0.0,,-1.0892834616105496,0.0892834616105495,12.0
160400.0,1604.0,0.0,,-1.0892831190892829,0.0892831190892828,12.0
160500.0,1605.0,0.0,,-1.0892831184172065,0.0892831184172062,12.0
160800.0,1608.0,0.0,,-1.0892804516325243,0.0892804516325243,12.0
160900.0,1609.0,0.0,,-1.0892775583954817,0.0892775583954814,12.0
161000.0,1610.0,0.0,,-1.0892774915024896,0.0892774915024896,12.0
161100.0,1611.0,0.0,,-1.0892772612327457,0.0892772612327454,12.0
161200.0,1612.0,0.0,,-1.0892718055353043,0.0892718055353043,12.0
161300.0,1613.0,0.0,,-1.0892717991269445,0.0892717991269445,12.0
161500.0,1615.0,0.0,,-1.0892712301536758,0.0892712301536757,12.0
161700.0,1617.0,0.0,,-1.0892687826836598,0.0892687826836597,12.0
162100.0,1621.0,0.0,,-1.0892488696652056,0.0892488696652056,12.0
162200.0,1622.0,0.0,,-1.0892456469613492,0.0892456469613491,12.0
162500.0,1625.0,0.0,,-1.089221404158291,0.089221404158291,12.0
162600.0,1626.0,0.0,,-1.0892038648524969,0.0892038648524966,12.0
163000.0,1630.0,0.0,,-1.089195409696933,0.0891954096969329,12.0
163100.0,1631.0,0.0,,-1.0891860497400974,0.0891860497400973,12.0
163200.0,1632.0,0.0,,-1.0891851398887369,0.0891851398887366,12.0
163300.0,1633.0,0.0,,-1.0891842211018523,0.0891842211018525,12.0
163400.0,1634.0,0.0,,-1.0891841510142002,0.0891841510142001,12.0
163700.0,1637.0,0.0,,-1.0891841509130444,0.0891841509130444,12.0
163900.0,1639.0,0.0,,-1.0891838813213792,0.0891838813213792,12.0
164100.0,1641.0,0.0,,-1.089183804688169,0.089183804688169,12.0
164400.0,1644.0,0.0,,-1.0891838046815507,0.0891838046815507,12.0
164500.0,1645.0,0.0,,-1.0891837696239572,0.0891837696239572,12.0
164600.0,1646.0,0.0,,-1.089183581932538,0.0891835819325379,12.0
164800.0,1648.0,0.0,,-1.0891835819131623,0.0891835819131623,12.0
164900.0,1649.0,0.0,,-1.0891835723216463,0.0891835723216463,12.0
165000.0,1650.0,0.0,,-1.089183541743684,0.0891835417436839,12.0
165100.0,1651.0,0.0,,-1.0891835227738105,0.0891835227738102,12.0
165200.0,1652.0,0.0,,-1.0891835024925471,0.0891835024925471,12.0
165300.0,1653.0,0.0,,-1.0891834830922509,0.0891834830922506,12.0
165500.0,1655.0,0.0,,-1.089183428460281,0.089183428460281,12.0
165700.0,1657.0,0.0,,-1.0891834250248726,0.0891834250248726,12.0
165900.0,1659.0,0.0,,-1.0891834210473648,0.0891834210473647,12.0
166100.0,1661.0,0.0,,-1.089183420708499,0.0891834207084989,12.0
166300.0,1663.0,0.0,,-1.089183420399888,0.089183420399888,12.0
166400.0,1664.0,0.0,,-1.0891834199064927,0.0891834199064927,12.0
166500.0,1665.0,0.0,,-1.0891834199020398,0.0891834199020398,12.0
166600.0,1666.0,0.0,,-1.089183419890782,0.0891834198907819,12.0
166700.0,1667.0,0.0,,-1.0891834195890655,0.0891834195890657,12.0
166800.0,1668.0,0.0,,-1.0891834195765806,0.0891834195765806,12.0
166900.0,1669.0,0.0,,-1.0891834190604748,0.0891834190604747,12.0
167000.0,1670.0,0.0,,-1.0891834187506615,0.0891834187506617,12.0
167400.0,1674.0,0.0,,-1.0891834187506595,0.0891834187506597,12.0
167500.0,1675.0,0.0,,-1.0891834187167295,0.0891834187167297,12.0
167600.0,1676.0,0.0,,-1.089183418713244,0.089183418713244,12.0
167800.0,1678.0,0.0,,-1.0891834187103606,0.0891834187103606,12.0
167900.0,1679.0,0.0,,-1.0891834187098837,0.0891834187098836,12.0
168100.0,1681.0,0.0,,-1.0891834187081624,0.0891834187081623,12.0
168200.0,1682.0,0.0,,-1.0891834187078506,0.0891834187078506,12.0
168300.0,1683.0,0.0,,-1.0891834186833549,0.0891834186833548,12.0
168400.0,1684.0,0.0,,-1.08918341867709,0.0891834186770899,12.0
168600.0,1686.0,0.0,,-1.0891834186718627,0.0891834186718627,12.0
168800.0,1688.0,0.0,,-1.0891834186696143,0.0891834186696145,12.0
169000.0,1690.0,0.0,,-1.0891834186696108,0.0891834186696107,12.0
169300.0,1693.0,0.0,,-1.089183418668019,0.0891834186680189,12.0
169600.0,1696.0,0.0,,-1.089183418667881,0.089183418667881,12.0
169900.0,1699.0,0.0,,-1.0891834186677782,0.0891834186677782,12.0
170000.0,1700.0,0.0,,-1.089183418667765,0.0891834186677649,12.0
170100.0,1701.0,0.0,,-1.0891834186675782,0.0891834186675781,12.0
170300.0,1703.0,0.0,,-1.0891834186675575,0.0891834186675575,12.0
170400.0,1704.0,0.0,,-1.0891834186674847,0.0891834186674846,12.0
170600.0,1706.0,0.0,,-1.089183418667452,0.089183418667452,12.0
170700.0,1707.0,0.0,,-1.0891834186674485,0.0891834186674485,12.0
170800.0,1708.0,0.0,,-1.0891834186674387,0.0891834186674387,12.0
171100.0,1711.0,0.0,,-1.089183418667435,0.0891834186674349,12.0
171600.0,1716.0,0.0,,-1.0891834186674338,0.0891834186674338,12.0
171800.0,1718.0,0.0,,-1.0891834186674327,0.0891834186674327,12.0
171900.0,1719.0,0.0,,-1.0891834186674318,0.0891834186674318,12.0
172100.0,1721.0,0.0,,-1.0891834186674316,0.0891834186674316,12.0
100.0,1.0,0.0,,-1.8941394578160504,0.8941394578160504,13.0
200.0,2.0,0.0,,-1.8802831696257107,0.8802831696257107,13.0
400.0,4.0,0.0,,-1.8579318312858055,0.8579318312858057,13.0
500.0,5.0,0.0,,-1.8280563077028689,0.8280563077028686,13.0
600.0,6.0,0.0,,-1.7914656386298038,0.7914656386298038,13.0
700.0,7.0,0.0,,-1.7711143852461233,0.7711143852461233,13.0
800.0,8.0,0.0,,-1.746767913597693,0.746767913597693,13.0
900.0,9.0,0.0,,-1.688093412436733,0.688093412436733,13.0
1000.0,10.0,0.0,,-1.6307274858630896,0.6307274858630896,13.0
1100.0,11.0,0.0,,-1.6195902064666976,0.6195902064666976,13.0
1200.0,12.0,0.0,,-1.5751940306132828,0.5751940306132828,13.0
1300.0,13.0,0.0,,-1.5568574524925525,0.5568574524925523,13.0
1500.0,15.0,0.0,,-1.484503829570808,0.4845038295708079,13.0
1800.0,18.0,0.0,,-1.428264567610161,0.4282645676101611,13.0
1900.0,19.0,0.0,,-1.3897714746423506,0.3897714746423506,13.0
2000.0,20.0,0.0,,-1.3863426968547872,0.3863426968547871,13.0
2100.0,21.0,0.0,,-1.3486223143019678,0.3486223143019678,13.0
2300.0,23.0,0.0,,-1.3240531702226497,0.3240531702226497,13.0
2400.0,24.0,0.0,,-1.3239714957098545,0.3239714957098543,13.0
2500.0,25.0,0.0,,-1.284451043257322,0.2844510432573219,13.0
2700.0,27.0,0.0,,-1.2521069913799885,0.2521069913799885,13.0
2800.0,28.0,0.0,,-1.2507001890916567,0.2507001890916567,13.0
2900.0,29.0,0.0,,-1.2110642864623666,0.2110642864623666,13.0
3000.0,30.0,0.0,,-1.2076869237225856,0.2076869237225855,13.0
3100.0,31.0,0.0,,-1.2056273645906632,0.2056273645906632,13.0
3200.0,32.0,0.0,,-1.167193572089669,0.1671935720896686,13.0
3300.0,33.0,0.0,,-1.1552738431865126,0.1552738431865126,13.0
3400.0,34.0,0.0,,-1.15458670789688,0.1545867078968799,13.0
3500.0,35.0,0.0,,-1.154297396664213,0.1542973966642129,13.0
3600.0,36.0,0.0,,-1.15412681673102,0.1541268167310199,13.0
3700.0,37.0,0.0,,-1.1525728368004051,0.1525728368004051,13.0
4100.0,41.0,0.0,,-1.1501521325911548,0.1501521325911547,13.0
4400.0,44.0,0.0,,-1.1488847397900972,0.1488847397900972,13.0
4500.0,45.0,0.0,,-1.1488158547497278,0.1488158547497278,13.0
4900.0,49.0,0.0,,-1.1467395140719627,0.1467395140719627,13.0
5000.0,50.0,0.0,,-1.1464045883115193,0.1464045883115192,13.0
5400.0,54.0,0.0,,-1.1460691510959655,0.1460691510959655,13.0
5600.0,56.0,0.0,,-1.1460479497864506,0.1460479497864506,13.0
5800.0,58.0,0.0,,-1.145741954716991,0.1457419547169909,13.0
6500.0,65.0,0.0,,-1.1457308102241377,0.1457308102241374,13.0
6800.0,68.0,0.0,,-1.145725399453342,0.145725399453342,13.0
6900.0,69.0,0.0,,-1.1455195980301869,0.1455195980301868,13.0
7000.0,70.0,0.0,,-1.1452468059814307,0.1452468059814307,13.0
7700.0,77.0,0.0,,-1.145120974909313,0.1451209749093129,13.0
8300.0,83.0,0.0,,-1.1451176388047546,0.1451176388047546,13.0
8700.0,87.0,0.0,,-1.1448690785132647,0.1448690785132647,13.0
9200.0,92.0,0.0,,-1.1445823824772905,0.1445823824772902,13.0
9700.0,97.0,0.0,,-1.144107822695697,0.1441078226956973,13.0
9900.0,99.0,0.0,,-1.1440901372305294,0.1440901372305294,13.0
10100.0,101.0,0.0,,-1.1440847845509057,0.1440847845509054,13.0
10200.0,102.0,0.0,,-1.1440723596990452,0.1440723596990452,13.0
10700.0,107.0,0.0,,-1.1440707208581165,0.1440707208581164,13.0
11600.0,116.0,0.0,,-1.1434665104020507,0.1434665104020507,13.0
11700.0,117.0,0.0,,-1.1434486282623988,0.1434486282623988,13.0
11800.0,118.0,0.0,,-1.1432792338417304,0.1432792338417303,13.0
12000.0,120.0,0.0,,-1.143197925388396,0.1431979253883959,13.0
12100.0,121.0,0.0,,-1.1431945072885572,0.1431945072885572,13.0
12200.0,122.0,0.0,,-1.1431036832696595,0.1431036832696597,13.0
12700.0,127.0,0.0,,-1.1430806304397905,0.1430806304397904,13.0
12800.0,128.0,0.0,,-1.143036456250489,0.1430364562504893,13.0
12900.0,129.0,0.0,,-1.1430344680410218,0.1430344680410218,13.0
13000.0,130.0,0.0,,-1.143032859247883,0.1430328592478826,13.0
13100.0,131.0,0.0,,-1.1430280337309235,0.1430280337309235,13.0
13400.0,134.0,0.0,,-1.143025995720577,0.143025995720577,13.0
13700.0,137.0,0.0,,-1.143016313554907,0.1430163135549069,13.0
13800.0,138.0,0.0,,-1.1430144563949,0.1430144563949,13.0
14000.0,140.0,0.0,,-1.1430142240839645,0.1430142240839644,13.0
14100.0,141.0,0.0,,-1.143014177273271,0.1430141772732709,13.0
14200.0,142.0,0.0,,-1.1430137741442712,0.1430137741442712,13.0
14400.0,144.0,0.0,,-1.1430137094276485,0.1430137094276484,13.0
14500.0,145.0,0.0,,-1.1430136918359244,0.1430136918359243,13.0
14700.0,147.0,0.0,,-1.1430136315216917,0.1430136315216916,13.0
14800.0,148.0,0.0,,-1.1429808650102555,0.1429808650102555,13.0
15000.0,150.0,0.0,,-1.142953710773208,0.1429537107732079,13.0
15200.0,152.0,0.0,,-1.142946090936244,0.1429460909362438,13.0
15400.0,154.0,0.0,,-1.142869060011603,0.1428690600116029,13.0
15500.0,155.0,0.0,,-1.1428090934111432,0.1428090934111432,13.0
15700.0,157.0,0.0,,-1.1427787945233732,0.1427787945233731,13.0
15800.0,158.0,0.0,,-1.142777904018016,0.1427779040180159,13.0
16000.0,160.0,0.0,,-1.142744592966246,0.1427445929662461,13.0
16300.0,163.0,0.0,,-1.1426431806947073,0.1426431806947072,13.0
16900.0,169.0,0.0,,-1.142632908954815,0.142632908954815,13.0
17100.0,171.0,0.0,,-1.1426327416183195,0.1426327416183195,13.0
17200.0,172.0,0.0,,-1.142632700963925,0.142632700963925,13.0
17300.0,173.0,0.0,,-1.1426309747287575,0.1426309747287577,13.0
17600.0,176.0,0.0,,-1.1426252492359124,0.1426252492359123,13.0
17900.0,179.0,0.0,,-1.1426250810336485,0.1426250810336484,13.0
18100.0,181.0,0.0,,-1.1426250180175055,0.1426250180175057,13.0
18400.0,184.0,0.0,,-1.1426247812239445,0.1426247812239442,13.0
18600.0,186.0,0.0,,-1.1426245595621602,0.1426245595621602,13.0
18800.0,188.0,0.0,,-1.1426244449612044,0.1426244449612044,13.0
19100.0,191.0,0.0,,-1.142624444942668,0.1426244449426679,13.0
19200.0,192.0,0.0,,-1.1426244442730298,0.1426244442730297,13.0
19300.0,193.0,0.0,,-1.1425522511854125,0.1425522511854122,13.0
19500.0,195.0,0.0,,-1.1425471286603297,0.1425471286603297,13.0
19600.0,196.0,0.0,,-1.1425256829785448,0.1425256829785448,13.0
19700.0,197.0,0.0,,-1.1425206353815067,0.1425206353815067,13.0
19900.0,199.0,0.0,,-1.1425117989573224,0.1425117989573223,13.0
20100.0,201.0,0.0,,-1.1425107580657896,0.1425107580657896,13.0
20200.0,202.0,0.0,,-1.1425050827716092,0.1425050827716092,13.0
20400.0,204.0,0.0,,-1.1425047664279049,0.1425047664279046,13.0
20500.0,205.0,0.0,,-1.1425046451609102,0.1425046451609102,13.0
20700.0,207.0,0.0,,-1.1425043331639018,0.1425043331639017,13.0
20800.0,208.0,0.0,,-1.14250432001654,0.1425043200165399,13.0
20900.0,209.0,0.0,,-1.1425042956809974,0.1425042956809974,13.0
21100.0,211.0,0.0,,-1.1425040630885932,0.1425040630885932,13.0
21500.0,215.0,0.0,,-1.142438283832021,0.142438283832021,13.0
21800.0,218.0,0.0,,-1.142405363346588,0.142405363346588,13.0
21900.0,219.0,0.0,,-1.1424013017721428,0.1424013017721428,13.0
22100.0,221.0,0.0,,-1.1423257603272443,0.1423257603272443,13.0
22200.0,222.0,0.0,,-1.142315545806198,0.1423155458061979,13.0
22400.0,224.0,0.0,,-1.14230258880956,0.1423025888095599,13.0
22700.0,227.0,0.0,,-1.1423013756196514,0.1423013756196514,13.0
22800.0,228.0,0.0,,-1.1423000963665393,0.1423000963665392,13.0
22900.0,229.0,0.0,,-1.142255973537494,0.1422559735374939,13.0
23100.0,231.0,0.0,,-1.1422555742787217,0.1422555742787214,13.0
23300.0,233.0,0.0,,-1.1422548456979498,0.1422548456979497,13.0
23400.0,234.0,0.0,,-1.1422086914804264,0.1422086914804263,13.0
23700.0,237.0,0.0,,-1.1422032726427995,0.1422032726427995,13.0
23800.0,238.0,0.0,,-1.1421948413854446,0.1421948413854445,13.0
23900.0,239.0,0.0,,-1.1421787199676567,0.1421787199676567,13.0
24100.0,241.0,0.0,,-1.142175788533456,0.142175788533456,13.0
24200.0,242.0,0.0,,-1.142172570183709,0.1421725701837091,13.0
24300.0,243.0,0.0,,-1.142127916317848,0.1421279163178479,13.0
24400.0,244.0,0.0,,-1.1421272614704818,0.1421272614704818,13.0
24500.0,245.0,0.0,,-1.1421101493057773,0.1421101493057772,13.0
24600.0,246.0,0.0,,-1.1421098046762996,0.1421098046762996,13.0
24700.0,247.0,0.0,,-1.142108185762692,0.142108185762692,13.0
24800.0,248.0,0.0,,-1.1420734570580624,0.1420734570580624,13.0
25000.0,250.0,0.0,,-1.1420734352359831,0.1420734352359831,13.0
25100.0,251.0,0.0,,-1.142070551551591,0.1420705515515909,13.0
25400.0,254.0,0.0,,-1.142068058404988,0.142068058404988,13.0
25600.0,256.0,0.0,,-1.1420621015830537,0.1420621015830536,13.0
25700.0,257.0,0.0,,-1.1420618651760446,0.1420618651760445,13.0
26500.0,265.0,0.0,,-1.1420614188470397,0.1420614188470397,13.0
26600.0,266.0,0.0,,-1.1419852970833102,0.1419852970833102,13.0
27000.0,270.0,0.0,,-1.1419827995618448,0.1419827995618447,13.0
27100.0,271.0,0.0,,-1.1419650539718842,0.1419650539718842,13.0
27300.0,273.0,0.0,,-1.1419606293877778,0.1419606293877777,13.0
27400.0,274.0,0.0,,-1.1419594384899974,0.1419594384899973,13.0
27800.0,278.0,0.0,,-1.1419591133231612,0.1419591133231612,13.0
28200.0,282.0,0.0,,-1.1419591079735292,0.1419591079735291,13.0
28600.0,286.0,0.0,,-1.141959074692868,0.141959074692868,13.0
29100.0,291.0,0.0,,-1.1419590745910086,0.1419590745910086,13.0
29500.0,295.0,0.0,,-1.141959074121178,0.141959074121178,13.0
29600.0,296.0,0.0,,-1.1419590736996832,0.1419590736996832,13.0
30100.0,301.0,0.0,,-1.1419590735483744,0.1419590735483744,13.0
30700.0,307.0,0.0,,-1.1419590735449718,0.1419590735449718,13.0
30900.0,309.0,0.0,,-1.14189638794057,0.1418963879405699,13.0
31000.0,310.0,0.0,,-1.1418863115397149,0.1418863115397148,13.0
31200.0,312.0,0.0,,-1.141880126041967,0.1418801260419671,13.0
31300.0,313.0,0.0,,-1.1418778737736888,0.1418778737736887,13.0
31500.0,315.0,0.0,,-1.1418764250119546,0.1418764250119546,13.0
31600.0,316.0,0.0,,-1.1418518510952012,0.1418518510952011,13.0
31700.0,317.0,0.0,,-1.141847885653376,0.141847885653376,13.0
31900.0,319.0,0.0,,-1.1418307208762113,0.1418307208762113,13.0
32200.0,322.0,0.0,,-1.1418029740467524,0.1418029740467523,13.0
32300.0,323.0,0.0,,-1.1417956462389447,0.1417956462389447,13.0
32400.0,324.0,0.0,,-1.1417682265188105,0.1417682265188105,13.0
32500.0,325.0,0.0,,-1.1417660107831256,0.1417660107831255,13.0
32600.0,326.0,0.0,,-1.141752961619008,0.1417529616190078,13.0
32700.0,327.0,0.0,,-1.1417529278884468,0.1417529278884468,13.0
33000.0,330.0,0.0,,-1.1417509706253108,0.1417509706253108,13.0
33100.0,331.0,0.0,,-1.1417506468370888,0.1417506468370888,13.0
33300.0,333.0,0.0,,-1.1417492423583409,0.1417492423583408,13.0
33400.0,334.0,0.0,,-1.1417482519681013,0.1417482519681012,13.0
33600.0,336.0,0.0,,-1.141746719013815,0.141746719013815,13.0
33700.0,337.0,0.0,,-1.1417456252217528,0.1417456252217528,13.0
34000.0,340.0,0.0,,-1.1417454256651969,0.1417454256651966,13.0
34200.0,342.0,0.0,,-1.14174524344004,0.1417452434400399,13.0
34400.0,344.0,0.0,,-1.1417452110373032,0.1417452110373032,13.0
34700.0,347.0,0.0,,-1.14174519774393,0.1417451977439299,13.0
34800.0,348.0,0.0,,-1.141745144186796,0.141745144186796,13.0
35400.0,354.0,0.0,,-1.1417451292306091,0.1417451292306091,13.0
35500.0,355.0,0.0,,-1.1416822133529831,0.1416822133529831,13.0
35900.0,359.0,0.0,,-1.141675345011291,0.1416753450112911,13.0
36600.0,366.0,0.0,,-1.1416371154183926,0.1416371154183926,13.0
36900.0,369.0,0.0,,-1.141636727145309,0.1416367271453089,13.0
37100.0,371.0,0.0,,-1.1416367129030125,0.1416367129030122,13.0
37200.0,372.0,0.0,,-1.1416335254805905,0.1416335254805905,13.0
37300.0,373.0,0.0,,-1.1416232233420136,0.1416232233420136,13.0
37500.0,375.0,0.0,,-1.141592317644947,0.1415923176449469,13.0
37700.0,377.0,0.0,,-1.1414509687440992,0.1414509687440992,13.0
37900.0,379.0,0.0,,-1.1411260385649515,0.1411260385649515,13.0
38000.0,380.0,0.0,,-1.141112600986381,0.141112600986381,13.0
38200.0,382.0,0.0,,-1.141011638406259,0.1410116384062589,13.0
38300.0,383.0,0.0,,-1.1410100649844654,0.1410100649844654,13.0
38400.0,384.0,0.0,,-1.1409341399769528,0.1409341399769528,13.0
38500.0,385.0,0.0,,-1.140840916999708,0.140840916999708,13.0
38600.0,386.0,0.0,,-1.1401370208415245,0.1401370208415244,13.0
39000.0,390.0,0.0,,-1.1400995857034533,0.1400995857034532,13.0
39100.0,391.0,0.0,,-1.1400140774813023,0.1400140774813023,13.0
39200.0,392.0,0.0,,-1.1399954967333656,0.1399954967333656,13.0
39400.0,394.0,0.0,,-1.1399786812284314,0.1399786812284313,13.0
39500.0,395.0,0.0,,-1.1399751789473151,0.1399751789473151,13.0
39600.0,396.0,0.0,,-1.139676927307838,0.1396769273078379,13.0
40100.0,401.0,0.0,,-1.1394930902990643,0.1394930902990643,13.0
40400.0,404.0,0.0,,-1.1391801788121696,0.1391801788121696,13.0
40500.0,405.0,0.0,,-1.1391800806885422,0.1391800806885421,13.0
40600.0,406.0,0.0,,-1.139171863313106,0.139171863313106,13.0
40800.0,408.0,0.0,,-1.1391597606399284,0.1391597606399284,13.0
40900.0,409.0,0.0,,-1.1387064038905317,0.1387064038905316,13.0
41700.0,417.0,0.0,,-1.138689340070389,0.138689340070389,13.0
42000.0,420.0,0.0,,-1.1386835919135596,0.1386835919135596,13.0
42200.0,422.0,0.0,,-1.1386621262029784,0.1386621262029783,13.0
42500.0,425.0,0.0,,-1.1386607473795407,0.1386607473795407,13.0
42600.0,426.0,0.0,,-1.1385194681169897,0.1385194681169894,13.0
42900.0,429.0,0.0,,-1.138518426205311,0.1385184262053109,13.0
43000.0,430.0,0.0,,-1.1384716604215606,0.1384716604215605,13.0
43300.0,433.0,0.0,,-1.138449564122357,0.1384495641223573,13.0
43400.0,434.0,0.0,,-1.1384468144083997,0.1384468144083996,13.0
43500.0,435.0,0.0,,-1.1384434090541302,0.1384434090541302,13.0
43600.0,436.0,0.0,,-1.1384375851580049,0.1384375851580048,13.0
43700.0,437.0,0.0,,-1.1384373283167712,0.1384373283167712,13.0
43800.0,438.0,0.0,,-1.138437327320445,0.1384373273204449,13.0
43900.0,439.0,0.0,,-1.1384340471614869,0.1384340471614868,13.0
44000.0,440.0,0.0,,-1.13843404273911,0.1384340427391099,13.0
44100.0,441.0,0.0,,-1.1384082083159777,0.1384082083159776,13.0
44200.0,442.0,0.0,,-1.1383937176278391,0.1383937176278391,13.0
44400.0,444.0,0.0,,-1.12536440952785,0.1253644095278498,13.0
44500.0,445.0,0.0,,-1.1226966223018866,0.1226966223018866,13.0
44600.0,446.0,0.0,,-1.1194052689499168,0.1194052689499167,13.0
44800.0,448.0,0.0,,-1.1151184413828448,0.1151184413828447,13.0
44900.0,449.0,0.0,,-1.1139889306383282,0.1139889306383281,13.0
45100.0,451.0,0.0,,-1.1138255976274605,0.1138255976274604,13.0
45200.0,452.0,0.0,,-1.1138122369495844,0.1138122369495844,13.0
45300.0,453.0,0.0,,-1.1137926359682702,0.1137926359682701,13.0
46700.0,467.0,0.0,,-1.1137901266994867,0.1137901266994867,13.0
46900.0,469.0,0.0,,-1.1137884034793524,0.1137884034793523,13.0
47000.0,470.0,0.0,,-1.1137875893096345,0.1137875893096345,13.0
47200.0,472.0,0.0,,-1.1137785564552436,0.1137785564552436,13.0
47400.0,474.0,0.0,,-1.1137775788625064,0.1137775788625063,13.0
47500.0,475.0,0.0,,-1.1137768100880832,0.1137768100880831,13.0
47800.0,478.0,0.0,,-1.1137766380735123,0.1137766380735123,13.0
48000.0,480.0,0.0,,-1.113776483009566,0.113776483009566,13.0
48500.0,485.0,0.0,,-1.1137761925211331,0.1137761925211331,13.0
49000.0,490.0,0.0,,-1.1137761569615547,0.1137761569615547,13.0
49100.0,491.0,0.0,,-1.1137761200436491,0.1137761200436491,13.0
49200.0,492.0,0.0,,-1.1137760311847658,0.1137760311847657,13.0
49400.0,494.0,0.0,,-1.113775996799466,0.113775996799466,13.0
49800.0,498.0,0.0,,-1.1137759958782734,0.1137759958782733,13.0
50000.0,500.0,0.0,,-1.1137759925315038,0.1137759925315038,13.0
50200.0,502.0,0.0,,-1.1137759916323389,0.1137759916323388,13.0
50300.0,503.0,0.0,,-1.1137759899661015,0.1137759899661015,13.0
50400.0,504.0,0.0,,-1.113775989799818,0.113775989799818,13.0
50500.0,505.0,0.0,,-1.1137759892515335,0.1137759892515335,13.0
50700.0,507.0,0.0,,-1.113775989137035,0.1137759891370349,13.0
50800.0,508.0,0.0,,-1.1137759889875365,0.1137759889875364,13.0
51300.0,513.0,0.0,,-1.1137759889666443,0.1137759889666445,13.0
51400.0,514.0,0.0,,-1.1137759889493903,0.1137759889493903,13.0
52100.0,521.0,0.0,,-1.1137759889415348,0.1137759889415348,13.0
52400.0,524.0,0.0,,-1.1137759889362513,0.1137759889362513,13.0
52500.0,525.0,0.0,,-1.113775988931163,0.1137759889311629,13.0
52800.0,528.0,0.0,,-1.1137759889286405,0.1137759889286402,13.0
53300.0,533.0,0.0,,-1.1137759889184424,0.1137759889184424,13.0
54100.0,541.0,0.0,,-1.1137759889181886,0.1137759889181886,13.0
54800.0,548.0,0.0,,-1.1137759889181738,0.1137759889181737,13.0
55000.0,550.0,0.0,,-1.1137759889136347,0.1137759889136347,13.0
55400.0,554.0,0.0,,-1.1137759889136214,0.1137759889136214,13.0
55500.0,555.0,0.0,,-1.1137759889135848,0.1137759889135847,13.0
55600.0,556.0,0.0,,-1.1137759889133885,0.1137759889133884,13.0
55800.0,558.0,0.0,,-1.113775988913212,0.1137759889132119,13.0
56000.0,560.0,0.0,,-1.1137759889130487,0.1137759889130487,13.0
56100.0,561.0,0.0,,-1.1137759889127128,0.1137759889127127,13.0
56200.0,562.0,0.0,,-1.1137759889126988,0.1137759889126988,13.0
56400.0,564.0,0.0,,-1.113775988912557,0.1137759889125569,13.0
57000.0,570.0,0.0,,-1.1137759889125531,0.1137759889125531,13.0
57100.0,571.0,0.0,,-1.1137759889124847,0.1137759889124847,13.0
57300.0,573.0,0.0,,-1.1137759889124492,0.1137759889124492,13.0
57400.0,574.0,0.0,,-1.1137759889124457,0.1137759889124456,13.0
57600.0,576.0,0.0,,-1.113775988912375,0.113775988912375,13.0
58500.0,585.0,0.0,,-1.1137759889123746,0.1137759889123746,13.0
58600.0,586.0,0.0,,-1.1137759889123735,0.1137759889123735,13.0
58700.0,587.0,0.0,,-1.1137759889123733,0.1137759889123732,13.0
58800.0,588.0,0.0,,-1.1137759889123728,0.1137759889123728,13.0
58900.0,589.0,0.0,,-1.1137759889123675,0.1137759889123675,13.0
59300.0,593.0,0.0,,-1.1137759889123673,0.1137759889123672,13.0
59700.0,597.0,0.0,,-1.1137759889123668,0.1137759889123668,13.0
59800.0,598.0,0.0,,-1.1137759889123666,0.1137759889123666,13.0
60700.0,607.0,0.0,,-1.1137759889123662,0.1137759889123661,13.0
75000.0,750.0,0.0,,-1.1105380935896787,0.1105380935896787,13.0
75400.0,754.0,0.0,,-1.10992491730504,0.10992491730504,13.0
75500.0,755.0,0.0,,-1.1098881582424762,0.1098881582424762,13.0
75800.0,758.0,0.0,,-1.109689878097633,0.1096898780976329,13.0
75900.0,759.0,0.0,,-1.1094289385511191,0.1094289385511193,13.0
76000.0,760.0,0.0,,-1.1094079336782658,0.1094079336782658,13.0
76100.0,761.0,0.0,,-1.109405965068248,0.1094059650682479,13.0
76200.0,762.0,0.0,,-1.109259561551652,0.109259561551652,13.0
76600.0,766.0,0.0,,-1.1092516150292318,0.1092516150292317,13.0
76700.0,767.0,0.0,,-1.109245032079146,0.109245032079146,13.0
76800.0,768.0,0.0,,-1.1090390036461204,0.1090390036461204,13.0
76900.0,769.0,0.0,,-1.1082519982423544,0.1082519982423544,13.0
77200.0,772.0,0.0,,-1.1081422053403374,0.1081422053403373,13.0
77400.0,774.0,0.0,,-1.1081389078652566,0.1081389078652566,13.0
77500.0,775.0,0.0,,-1.1078474950830193,0.1078474950830192,13.0
77600.0,776.0,0.0,,-1.1078222714843344,0.1078222714843344,13.0
78100.0,781.0,0.0,,-1.107817034607858,0.1078170346078579,13.0
78200.0,782.0,0.0,,-1.1078116912930074,0.1078116912930073,13.0
78300.0,783.0,0.0,,-1.1077959935899144,0.1077959935899144,13.0
78500.0,785.0,0.0,,-1.1077877146497148,0.1077877146497148,13.0
78600.0,786.0,0.0,,-1.107785457747448,0.1077854577474479,13.0
78700.0,787.0,0.0,,-1.1077852594116178,0.1077852594116177,13.0
79200.0,792.0,0.0,,-1.1077851492822954,0.1077851492822954,13.0
79400.0,794.0,0.0,,-1.1077848158841317,0.1077848158841316,13.0
79600.0,796.0,0.0,,-1.107713370434283,0.1077133704342829,13.0
79900.0,799.0,0.0,,-1.107626806633475,0.1076268066334746,13.0
80100.0,801.0,0.0,,-1.1074779111432118,0.1074779111432118,13.0
80300.0,803.0,0.0,,-1.1074775658995015,0.1074775658995017,13.0
80400.0,804.0,0.0,,-1.1074750809139884,0.1074750809139883,13.0
80500.0,805.0,0.0,,-1.1074433558264314,0.1074433558264313,13.0
80600.0,806.0,0.0,,-1.1074431185890106,0.1074431185890105,13.0
80700.0,807.0,0.0,,-1.10744143491273,0.1074414349127299,13.0
80900.0,809.0,0.0,,-1.1074407289551425,0.1074407289551424,13.0
81000.0,810.0,0.0,,-1.107425137019888,0.1074251370198879,13.0
81200.0,812.0,0.0,,-1.1074241127345623,0.1074241127345625,13.0
81400.0,814.0,0.0,,-1.1074226443257298,0.1074226443257297,13.0
81500.0,815.0,0.0,,-1.1074226181941538,0.1074226181941537,13.0
81700.0,817.0,0.0,,-1.1074221538343316,0.1074221538343316,13.0
81800.0,818.0,0.0,,-1.107422061346377,0.107422061346377,13.0
82000.0,820.0,0.0,,-1.1074216644758668,0.1074216644758667,13.0
82400.0,824.0,0.0,,-1.107421664172418,0.1074216641724179,13.0
82600.0,826.0,0.0,,-1.1074216584662449,0.1074216584662448,13.0
82800.0,828.0,0.0,,-1.1074216558704304,0.1074216558704304,13.0
83500.0,835.0,0.0,,-1.1074216554018954,0.1074216554018954,13.0
83800.0,838.0,0.0,,-1.1073655188590494,0.1073655188590494,13.0
84300.0,843.0,0.0,,-1.1073652801546408,0.1073652801546407,13.0
84400.0,844.0,0.0,,-1.106223068906773,0.1062230689067726,13.0
84900.0,849.0,0.0,,-1.106223068532997,0.106223068532997,13.0
85000.0,850.0,0.0,,-1.1061478957078774,0.1061478957078774,13.0
85200.0,852.0,0.0,,-1.1061462340529262,0.1061462340529262,13.0
85700.0,857.0,0.0,,-1.1060948255216978,0.1060948255216978,13.0
85800.0,858.0,0.0,,-1.106094749164244,0.1060947491642441,13.0
86000.0,860.0,0.0,,-1.1060891506720345,0.1060891506720342,13.0
86100.0,861.0,0.0,,-1.1060886132830376,0.1060886132830376,13.0
86300.0,863.0,0.0,,-1.1060883826727583,0.1060883826727583,13.0
86400.0,864.0,0.0,,-1.1060880248671474,0.1060880248671474,13.0
86700.0,867.0,0.0,,-1.1060775688046267,0.1060775688046267,13.0
86900.0,869.0,0.0,,-1.106077359301867,0.1060773593018669,13.0
87000.0,870.0,0.0,,-1.1060450400520312,0.1060450400520311,13.0
87100.0,871.0,0.0,,-1.1060003670201903,0.1060003670201903,13.0
87200.0,872.0,0.0,,-1.105978688777862,0.1059786887778619,13.0
87300.0,873.0,0.0,,-1.1059644401710842,0.1059644401710842,13.0
87500.0,875.0,0.0,,-1.1058481304792485,0.1058481304792484,13.0
88300.0,883.0,0.0,,-1.1058450340113135,0.1058450340113135,13.0
88400.0,884.0,0.0,,-1.1058438640112345,0.1058438640112344,13.0
88500.0,885.0,0.0,,-1.105842625532166,0.105842625532166,13.0
88800.0,888.0,0.0,,-1.1058418939928,0.1058418939927998,13.0
89200.0,892.0,0.0,,-1.1058418322625154,0.1058418322625154,13.0
89400.0,894.0,0.0,,-1.1057946161622774,0.1057946161622773,13.0
89700.0,897.0,0.0,,-1.105754197124751,0.105754197124751,13.0
89800.0,898.0,0.0,,-1.105644479905259,0.1056444799052589,13.0
90200.0,902.0,0.0,,-1.1056443978718549,0.1056443978718548,13.0
90300.0,903.0,0.0,,-1.1056383377847074,0.1056383377847074,13.0
90600.0,906.0,0.0,,-1.105355193858985,0.1053551938589849,13.0
91000.0,910.0,0.0,,-1.1053551701041588,0.1053551701041588,13.0
91200.0,912.0,0.0,,-1.1053273252274614,0.1053273252274613,13.0
91700.0,917.0,0.0,,-1.105292409446453,0.1052924094464529,13.0
91800.0,918.0,0.0,,-1.1052667230830002,0.1052667230830002,13.0
91900.0,919.0,0.0,,-1.1052541902743984,0.1052541902743984,13.0
92200.0,922.0,0.0,,-1.105243279207777,0.1052432792077773,13.0
92300.0,923.0,0.0,,-1.1052349167162447,0.1052349167162447,13.0
92400.0,924.0,0.0,,-1.1052178305554947,0.1052178305554947,13.0
93200.0,932.0,0.0,,-1.1052177223378852,0.1052177223378851,13.0
93300.0,933.0,0.0,,-1.1052176463692474,0.1052176463692473,13.0
93400.0,934.0,0.0,,-1.105217632328567,0.1052176323285669,13.0
93600.0,936.0,0.0,,-1.1052176188692584,0.1052176188692584,13.0
93700.0,937.0,0.0,,-1.1051900446788945,0.1051900446788942,13.0
93800.0,938.0,0.0,,-1.1051893112360451,0.1051893112360451,13.0
93900.0,939.0,0.0,,-1.1051816852712837,0.1051816852712834,13.0
94000.0,940.0,0.0,,-1.105167278868162,0.1051672788681619,13.0
94100.0,941.0,0.0,,-1.1051519965837433,0.1051519965837433,13.0
94500.0,945.0,0.0,,-1.1051471213560338,0.1051471213560337,13.0
94700.0,947.0,0.0,,-1.1051316792987091,0.1051316792987091,13.0
94800.0,948.0,0.0,,-1.1050771870805869,0.1050771870805868,13.0
94900.0,949.0,0.0,,-1.1050765682438437,0.1050765682438437,13.0
95100.0,951.0,0.0,,-1.1050711860185864,0.1050711860185864,13.0
95200.0,952.0,0.0,,-1.1050513962330744,0.1050513962330743,13.0
95300.0,953.0,0.0,,-1.1050151854062276,0.1050151854062275,13.0
95500.0,955.0,0.0,,-1.1050151542416984,0.1050151542416983,13.0
95600.0,956.0,0.0,,-1.1050128706929838,0.1050128706929838,13.0
95700.0,957.0,0.0,,-1.1049939441872327,0.1049939441872327,13.0
95800.0,958.0,0.0,,-1.1049825446550587,0.1049825446550587,13.0
96000.0,960.0,0.0,,-1.1049817371733146,0.1049817371733146,13.0
96200.0,962.0,0.0,,-1.1049774016730745,0.1049774016730744,13.0
96300.0,963.0,0.0,,-1.10497594952433,0.1049759495243298,13.0
96500.0,965.0,0.0,,-1.104975877617341,0.104975877617341,13.0
96700.0,967.0,0.0,,-1.1049757909191218,0.1049757909191217,13.0
96800.0,968.0,0.0,,-1.1049756985500157,0.1049756985500156,13.0
96900.0,969.0,0.0,,-1.1049756890375233,0.1049756890375233,13.0
97000.0,970.0,0.0,,-1.1049756435268174,0.1049756435268174,13.0
97100.0,971.0,0.0,,-1.1049755779035193,0.1049755779035193,13.0
97300.0,973.0,0.0,,-1.1049755535701755,0.1049755535701755,13.0
97700.0,977.0,0.0,,-1.1049755428199337,0.1049755428199334,13.0
98000.0,980.0,0.0,,-1.104975542651078,0.1049755426510781,13.0
98200.0,982.0,0.0,,-1.1049755417677474,0.1049755417677473,13.0
98300.0,983.0,0.0,,-1.104913384374303,0.104913384374303,13.0
98400.0,984.0,0.0,,-1.104912736786382,0.104912736786382,13.0
98800.0,988.0,0.0,,-1.104490871882814,0.1044908718828141,13.0
99000.0,990.0,0.0,,-1.1044846108127797,0.1044846108127794,13.0
99400.0,994.0,0.0,,-1.103932114568559,0.103932114568559,13.0
99600.0,996.0,0.0,,-1.103604682388961,0.1036046823889609,13.0
99800.0,998.0,0.0,,-1.103183755804554,0.1031837558045538,13.0
100100.0,1001.0,0.0,,-1.1030818727822715,0.1030818727822715,13.0
100300.0,1003.0,0.0,,-1.103069686419306,0.1030696864193061,13.0
100400.0,1004.0,0.0,,-1.1030662481668871,0.1030662481668871,13.0
100500.0,1005.0,0.0,,-1.1030577808454698,0.1030577808454697,13.0
100600.0,1006.0,0.0,,-1.103051458840019,0.1030514588400191,13.0
100700.0,1007.0,0.0,,-1.1028772799554227,0.1028772799554227,13.0
101000.0,1010.0,0.0,,-1.1028762226345066,0.1028762226345065,13.0
101200.0,1012.0,0.0,,-1.102869685182049,0.1028696851820489,13.0
101400.0,1014.0,0.0,,-1.1028659928861495,0.1028659928861497,13.0
101500.0,1015.0,0.0,,-1.102856423129285,0.102856423129285,13.0
102200.0,1022.0,0.0,,-1.1028564184807077,0.1028564184807077,13.0
102300.0,1023.0,0.0,,-1.1028511256164115,0.1028511256164115,13.0
102500.0,1025.0,0.0,,-1.1028461909372818,0.1028461909372817,13.0
102800.0,1028.0,0.0,,-1.1028457174324748,0.1028457174324748,13.0
102900.0,1029.0,0.0,,-1.1028453889813838,0.1028453889813838,13.0
103000.0,1030.0,0.0,,-1.1028453601945138,0.1028453601945138,13.0
103200.0,1032.0,0.0,,-1.1028453369770366,0.1028453369770365,13.0
103300.0,1033.0,0.0,,-1.1028453246328318,0.1028453246328318,13.0
103400.0,1034.0,0.0,,-1.1028453200009816,0.1028453200009815,13.0
103500.0,1035.0,0.0,,-1.10284524749426,0.10284524749426,13.0
103600.0,1036.0,0.0,,-1.1028452420800794,0.1028452420800793,13.0
104100.0,1041.0,0.0,,-1.1028452414747123,0.1028452414747125,13.0
104700.0,1047.0,0.0,,-1.102845241474395,0.102845241474395,13.0
104800.0,1048.0,0.0,,-1.1027839736137566,0.1027839736137565,13.0
105100.0,1051.0,0.0,,-1.1027825966422364,0.1027825966422364,13.0
105400.0,1054.0,0.0,,-1.1027825322485936,0.1027825322485935,13.0
105500.0,1055.0,0.0,,-1.102779986156624,0.102779986156624,13.0
105700.0,1057.0,0.0,,-1.1027798443302164,0.1027798443302163,13.0
105800.0,1058.0,0.0,,-1.1027774856927812,0.1027774856927812,13.0
105900.0,1059.0,0.0,,-1.1027385215613583,0.1027385215613585,13.0
106000.0,1060.0,0.0,,-1.1027343996887569,0.1027343996887568,13.0
106200.0,1062.0,0.0,,-1.102709460977182,0.1027094609771819,13.0
106300.0,1063.0,0.0,,-1.1027094589301851,0.1027094589301851,13.0
106400.0,1064.0,0.0,,-1.1027094589157271,0.1027094589157271,13.0
106500.0,1065.0,0.0,,-1.1027070926847122,0.1027070926847122,13.0
106700.0,1067.0,0.0,,-1.1027067215491149,0.1027067215491148,13.0
106800.0,1068.0,0.0,,-1.1027048954697232,0.1027048954697231,13.0
106900.0,1069.0,0.0,,-1.102703461264007,0.1027034612640069,13.0
107000.0,1070.0,0.0,,-1.1027034523778083,0.1027034523778085,13.0
107300.0,1073.0,0.0,,-1.102567884222954,0.102567884222954,13.0
107600.0,1076.0,0.0,,-1.1025658778989975,0.1025658778989977,13.0
107700.0,1077.0,0.0,,-1.102516134159056,0.1025161341590561,13.0
107800.0,1078.0,0.0,,-1.1025032804417636,0.1025032804417636,13.0
107900.0,1079.0,0.0,,-1.102492496578054,0.102492496578054,13.0
108000.0,1080.0,0.0,,-1.1024812952019376,0.1024812952019376,13.0
108200.0,1082.0,0.0,,-1.1024729550298584,0.1024729550298584,13.0
108600.0,1086.0,0.0,,-1.1024719942353618,0.1024719942353618,13.0
109000.0,1090.0,0.0,,-1.1024718539614495,0.1024718539614495,13.0
109200.0,1092.0,0.0,,-1.1024718467891954,0.1024718467891954,13.0
109300.0,1093.0,0.0,,-1.1023872962940575,0.1023872962940575,13.0
109500.0,1095.0,0.0,,-1.1023847354973788,0.1023847354973788,13.0
109600.0,1096.0,0.0,,-1.102352719275649,0.102352719275649,13.0
109700.0,1097.0,0.0,,-1.1023419915006198,0.1023419915006198,13.0
109800.0,1098.0,0.0,,-1.102340392443904,0.1023403924439041,13.0
109900.0,1099.0,0.0,,-1.1023342395323903,0.1023342395323905,13.0
110300.0,1103.0,0.0,,-1.1023250291150997,0.1023250291150996,13.0
110400.0,1104.0,0.0,,-1.1023124774457207,0.1023124774457207,13.0
110500.0,1105.0,0.0,,-1.1022463079268303,0.1022463079268303,13.0
110800.0,1108.0,0.0,,-1.1022094916855978,0.1022094916855977,13.0
111100.0,1111.0,0.0,,-1.1022075741680135,0.1022075741680137,13.0
111300.0,1113.0,0.0,,-1.1020695001273095,0.1020695001273095,13.0
111400.0,1114.0,0.0,,-1.1020682856224242,0.1020682856224242,13.0
111500.0,1115.0,0.0,,-1.1020124852731918,0.1020124852731918,13.0
111600.0,1116.0,0.0,,-1.101951147899724,0.1019511478997241,13.0
111800.0,1118.0,0.0,,-1.1019490134577423,0.1019490134577423,13.0
111900.0,1119.0,0.0,,-1.1019481873789256,0.1019481873789256,13.0
112000.0,1120.0,0.0,,-1.1019387981807875,0.1019387981807875,13.0
112200.0,1122.0,0.0,,-1.1019211753907083,0.1019211753907083,13.0
112300.0,1123.0,0.0,,-1.101895256301639,0.1018952563016393,13.0
112500.0,1125.0,0.0,,-1.1018914895625682,0.1018914895625682,13.0
112600.0,1126.0,0.0,,-1.1018874466073958,0.1018874466073957,13.0
112700.0,1127.0,0.0,,-1.1018846320679596,0.1018846320679596,13.0
113000.0,1130.0,0.0,,-1.101860591503672,0.1018605915036721,13.0
113300.0,1133.0,0.0,,-1.1018541487275402,0.1018541487275401,13.0
113400.0,1134.0,0.0,,-1.1018537176923775,0.1018537176923777,13.0
113600.0,1136.0,0.0,,-1.101847977981809,0.1018479779818086,13.0
113800.0,1138.0,0.0,,-1.101842777139718,0.1018427771397181,13.0
113900.0,1139.0,0.0,,-1.101842753342246,0.1018427533422459,13.0
114000.0,1140.0,0.0,,-1.101769888699404,0.101769888699404,13.0
114100.0,1141.0,0.0,,-1.1017687779402283,0.1017687779402283,13.0
114200.0,1142.0,0.0,,-1.1017634567519412,0.1017634567519412,13.0
114300.0,1143.0,0.0,,-1.101727884343581,0.1017278843435809,13.0
114500.0,1145.0,0.0,,-1.1015852760305571,0.1015852760305571,13.0
114700.0,1147.0,0.0,,-1.1015832048287189,0.1015832048287188,13.0
114800.0,1148.0,0.0,,-1.1015825016990823,0.1015825016990823,13.0
114900.0,1149.0,0.0,,-1.1015643975476417,0.1015643975476414,13.0
115000.0,1150.0,0.0,,-1.101564313375179,0.1015643133751789,13.0
115100.0,1151.0,0.0,,-1.1015408279216368,0.1015408279216367,13.0
115300.0,1153.0,0.0,,-1.1014944980919803,0.1014944980919805,13.0
115500.0,1155.0,0.0,,-1.1014944956818666,0.1014944956818666,13.0
115800.0,1158.0,0.0,,-1.1014934936958574,0.1014934936958573,13.0
115900.0,1159.0,0.0,,-1.1014894080580273,0.1014894080580273,13.0
116000.0,1160.0,0.0,,-1.101489132445402,0.1014891324454019,13.0
116100.0,1161.0,0.0,,-1.1014843699961292,0.1014843699961292,13.0
116200.0,1162.0,0.0,,-1.1014842492296617,0.1014842492296614,13.0
116400.0,1164.0,0.0,,-1.1014838294754394,0.1014838294754394,13.0
116500.0,1165.0,0.0,,-1.101483745318484,0.101483745318484,13.0
116700.0,1167.0,0.0,,-1.1014832401461268,0.1014832401461267,13.0
116800.0,1168.0,0.0,,-1.1014831759939954,0.1014831759939953,13.0
117000.0,1170.0,0.0,,-1.101482915452368,0.1014829154523679,13.0
117200.0,1172.0,0.0,,-1.1014811839411367,0.1014811839411367,13.0
117900.0,1179.0,0.0,,-1.1014802008846605,0.1014802008846604,13.0
118000.0,1180.0,0.0,,-1.1014798880435137,0.1014798880435134,13.0
118300.0,1183.0,0.0,,-1.101479869597679,0.101479869597679,13.0
118400.0,1184.0,0.0,,-1.1014798219820598,0.1014798219820598,13.0
118600.0,1186.0,0.0,,-1.1014797638870384,0.1014797638870383,13.0
118800.0,1188.0,0.0,,-1.1014797083663976,0.1014797083663976,13.0
119100.0,1191.0,0.0,,-1.1014797082740484,0.1014797082740484,13.0
120200.0,1202.0,0.0,,-1.1014797076292415,0.1014797076292417,13.0
120300.0,1203.0,0.0,,-1.1014797074649008,0.1014797074649007,13.0
120400.0,1204.0,0.0,,-1.1014797073868452,0.1014797073868452,13.0
120500.0,1205.0,0.0,,-1.101479706764533,0.101479706764533,13.0
120600.0,1206.0,0.0,,-1.1014797043552271,0.1014797043552271,13.0
120900.0,1209.0,0.0,,-1.101479703999764,0.1014797039997639,13.0
121100.0,1211.0,0.0,,-1.1014797039990725,0.1014797039990724,13.0
121200.0,1212.0,0.0,,-1.101479703982294,0.1014797039822941,13.0
121500.0,1215.0,0.0,,-1.1014797039118012,0.1014797039118011,13.0
121600.0,1216.0,0.0,,-1.1014797038888031,0.1014797038888033,13.0
121900.0,1219.0,0.0,,-1.101479703878841,0.101479703878841,13.0
122000.0,1220.0,0.0,,-1.1014797038170236,0.1014797038170236,13.0
122100.0,1221.0,0.0,,-1.1014797038117723,0.1014797038117722,13.0
122200.0,1222.0,0.0,,-1.1014797038059092,0.1014797038059092,13.0
122300.0,1223.0,0.0,,-1.101479703794402,0.1014797037944019,13.0
122400.0,1224.0,0.0,,-1.1014797037942006,0.1014797037942005,13.0
122500.0,1225.0,0.0,,-1.101479703793942,0.1014797037939418,13.0
122600.0,1226.0,0.0,,-1.1014797037937172,0.1014797037937171,13.0
122700.0,1227.0,0.0,,-1.1014797037930064,0.1014797037930064,13.0
122900.0,1229.0,0.0,,-1.1014797037929416,0.1014797037929415,13.0
123000.0,1230.0,0.0,,-1.1014797037923485,0.1014797037923485,13.0
123200.0,1232.0,0.0,,-1.1014797037919024,0.1014797037919024,13.0
123600.0,1236.0,0.0,,-1.101479703791512,0.101479703791512,13.0
123700.0,1237.0,0.0,,-1.1014797037906423,0.1014797037906423,13.0
123800.0,1238.0,0.0,,-1.101479703790256,0.1014797037902559,13.0
124000.0,1240.0,0.0,,-1.101479703790208,0.1014797037902079,13.0
124500.0,1245.0,0.0,,-1.101479703790099,0.1014797037900989,13.0
124600.0,1246.0,0.0,,-1.101479703789946,0.1014797037899459,13.0
124900.0,1249.0,0.0,,-1.1014797037899242,0.1014797037899242,13.0
125200.0,1252.0,0.0,,-1.101479703789917,0.1014797037899171,13.0
125400.0,1254.0,0.0,,-1.1014797037899124,0.1014797037899124,13.0
125500.0,1255.0,0.0,,-1.1014797037899096,0.1014797037899095,13.0
125700.0,1257.0,0.0,,-1.1014797037899038,0.1014797037899037,13.0
126300.0,1263.0,0.0,,-1.1014797037899031,0.1014797037899033,13.0
126400.0,1264.0,0.0,,-1.1014797037899031,0.1014797037899031,13.0
126500.0,1265.0,0.0,,-1.101479703789901,0.1014797037899009,13.0
126900.0,1269.0,0.0,,-1.1014797037898996,0.1014797037898995,13.0
127000.0,1270.0,0.0,,-1.101479703789899,0.1014797037898989,13.0
185100.0,1851.0,0.0,,-1.101322941269102,0.1013229412691021,13.0
185200.0,1852.0,0.0,,-1.0930500155470229,0.0930500155470228,13.0
185300.0,1853.0,0.0,,-1.085316142356858,0.085316142356858,13.0
185400.0,1854.0,0.0,,-1.0787076689431725,0.0787076689431722,13.0
185500.0,1855.0,0.0,,-1.0769041317069974,0.0769041317069973,13.0
185700.0,1857.0,0.0,,-1.076889659199501,0.0768896591995009,13.0
186200.0,1862.0,0.0,,-1.076889260763616,0.076889260763616,13.0
186400.0,1864.0,0.0,,-1.07688746175512,0.07688746175512,13.0
186600.0,1866.0,0.0,,-1.076887318992307,0.0768873189923069,13.0
186700.0,1867.0,0.0,,-1.0768871454309763,0.0768871454309763,13.0
186800.0,1868.0,0.0,,-1.0768871346569822,0.0768871346569821,13.0
187000.0,1870.0,0.0,,-1.0768871343641555,0.0768871343641555,13.0
187200.0,1872.0,0.0,,-1.0768871338564048,0.0768871338564047,13.0
188400.0,1884.0,0.0,,-1.0768871336235293,0.0768871336235292,13.0
188700.0,1887.0,0.0,,-1.076887133554547,0.0768871335545466,13.0
188900.0,1889.0,0.0,,-1.0768871335543362,0.0768871335543361,13.0
189100.0,1891.0,0.0,,-1.0768871335452137,0.0768871335452137,13.0
190000.0,1900.0,0.0,,-1.0768871335450894,0.0768871335450893,13.0
190100.0,1901.0,0.0,,-1.0768871335450327,0.0768871335450327,13.0
190200.0,1902.0,0.0,,-1.0768871335449668,0.0768871335449667,13.0
190900.0,1909.0,0.0,,-1.0768871335449657,0.0768871335449654,13.0
191100.0,1911.0,0.0,,-1.0768871335449652,0.0768871335449652,13.0
191200.0,1912.0,0.0,,-1.076887133544965,0.076887133544965,13.0
191600.0,1916.0,0.0,,-1.0768871335449643,0.0768871335449643,13.0
192500.0,1925.0,0.0,,-1.076887133544964,0.0768871335449641,13.0
231000.0,2310.0,0.0,,-1.0709112509711245,0.0709112509711245,13.0
231200.0,2312.0,0.0,,-1.0709024356825307,0.0709024356825307,13.0
231400.0,2314.0,0.0,,-1.0703119046743494,0.0703119046743494,13.0
231700.0,2317.0,0.0,,-1.069449992680115,0.069449992680115,13.0
231900.0,2319.0,0.0,,-1.0689075108839623,0.0689075108839625,13.0
232000.0,2320.0,0.0,,-1.0687140352173672,0.0687140352173671,13.0
232400.0,2324.0,0.0,,-1.0687077869781505,0.0687077869781502,13.0
232500.0,2325.0,0.0,,-1.0686960960327117,0.0686960960327116,13.0
232600.0,2326.0,0.0,,-1.0686937669426029,0.0686937669426026,13.0
232800.0,2328.0,0.0,,-1.06858999256959,0.06858999256959,13.0
233600.0,2336.0,0.0,,-1.0685851114929594,0.0685851114929594,13.0
233800.0,2338.0,0.0,,-1.0685848435956455,0.0685848435956455,13.0
234000.0,2340.0,0.0,,-1.0685824694525043,0.0685824694525043,13.0
234200.0,2342.0,0.0,,-1.0685656931121634,0.0685656931121634,13.0
234400.0,2344.0,0.0,,-1.0685656820155904,0.0685656820155904,13.0
234500.0,2345.0,0.0,,-1.068560274319274,0.0685602743192739,13.0
234800.0,2348.0,0.0,,-1.068559826955619,0.0685598269556189,13.0
234900.0,2349.0,0.0,,-1.068083457262746,0.068083457262746,13.0
235300.0,2353.0,0.0,,-1.068065514325084,0.0680655143250841,13.0
235600.0,2356.0,0.0,,-1.0680654752264211,0.0680654752264211,13.0
235800.0,2358.0,0.0,,-1.0680611726942146,0.0680611726942146,13.0
235900.0,2359.0,0.0,,-1.0680440660503543,0.0680440660503542,13.0
236200.0,2362.0,0.0,,-1.068037062971579,0.0680370629715789,13.0
236400.0,2364.0,0.0,,-1.0680367347524051,0.0680367347524051,13.0
236600.0,2366.0,0.0,,-1.0680233804099115,0.0680233804099117,13.0
236800.0,2368.0,0.0,,-1.068020044541745,0.0680200445417449,13.0
236900.0,2369.0,0.0,,-1.068008944001334,0.068008944001334,13.0
237100.0,2371.0,0.0,,-1.0680067135838325,0.0680067135838322,13.0
237200.0,2372.0,0.0,,-1.0674690231505437,0.0674690231505437,13.0
237500.0,2375.0,0.0,,-1.0674690069798478,0.0674690069798478,13.0
237600.0,2376.0,0.0,,-1.0674209477169778,0.0674209477169778,13.0
237700.0,2377.0,0.0,,-1.0674096209764548,0.0674096209764547,13.0
237800.0,2378.0,0.0,,-1.0673842450429585,0.0673842450429582,13.0
237900.0,2379.0,0.0,,-1.067368220536237,0.0673682205362369,13.0
238000.0,2380.0,0.0,,-1.0662601198981947,0.0662601198981946,13.0
238400.0,2384.0,0.0,,-1.0661023364200164,0.0661023364200164,13.0
238700.0,2387.0,0.0,,-1.0660302779148425,0.0660302779148422,13.0
238800.0,2388.0,0.0,,-1.0660272629944554,0.0660272629944553,13.0
238900.0,2389.0,0.0,,-1.065896648111512,0.0658966481115119,13.0
239000.0,2390.0,0.0,,-1.065885681033427,0.0658856810334269,13.0
239200.0,2392.0,0.0,,-1.0658500952698529,0.0658500952698528,13.0
239600.0,2396.0,0.0,,-1.065849974408852,0.0658499744088518,13.0
239800.0,2398.0,0.0,,-1.065848585252561,0.0658485852525609,13.0
240300.0,2403.0,0.0,,-1.0658484340147047,0.0658484340147047,13.0
241000.0,2410.0,0.0,,-1.0658484318842,0.0658484318841998,13.0
241400.0,2414.0,0.0,,-1.0658484311397562,0.0658484311397562,13.0
241500.0,2415.0,0.0,,-1.0658483790504154,0.0658483790504154,13.0
241600.0,2416.0,0.0,,-1.065786466899993,0.065786466899993,13.0
241800.0,2418.0,0.0,,-1.0657817165913368,0.0657817165913368,13.0
242000.0,2420.0,0.0,,-1.0657798825589324,0.0657798825589324,13.0
242100.0,2421.0,0.0,,-1.0656965424382991,0.0656965424382991,13.0
242200.0,2422.0,0.0,,-1.0656963683126273,0.0656963683126272,13.0
242300.0,2423.0,0.0,,-1.0656956332371652,0.0656956332371652,13.0
242400.0,2424.0,0.0,,-1.0656942448648583,0.0656942448648583,13.0
242600.0,2426.0,0.0,,-1.0656938051319125,0.0656938051319122,13.0
242700.0,2427.0,0.0,,-1.0656936314085597,0.0656936314085596,13.0
242800.0,2428.0,0.0,,-1.0656928678665982,0.0656928678665982,13.0
243000.0,2430.0,0.0,,-1.0656927730513406,0.0656927730513405,13.0
243100.0,2431.0,0.0,,-1.0656927261650757,0.0656927261650754,13.0
243300.0,2433.0,0.0,,-1.0656926854210818,0.0656926854210817,13.0
243600.0,2436.0,0.0,,-1.0656926846117354,0.0656926846117353,13.0
243700.0,2437.0,0.0,,-1.0656926502084447,0.0656926502084447,13.0
243800.0,2438.0,0.0,,-1.0656926479115234,0.0656926479115234,13.0
244800.0,2448.0,0.0,,-1.065692647838653,0.065692647838653,13.0
244900.0,2449.0,0.0,,-1.0656926478386053,0.0656926478386052,13.0
245500.0,2455.0,0.0,,-1.0656813804178495,0.0656813804178495,13.0
245900.0,2459.0,0.0,,-1.0656806832392636,0.0656806832392635,13.0
246000.0,2460.0,0.0,,-1.0656671100313282,0.0656671100313281,13.0
246100.0,2461.0,0.0,,-1.0656669038033817,0.0656669038033817,13.0
246200.0,2462.0,0.0,,-1.0656639484317367,0.0656639484317367,13.0
246400.0,2464.0,0.0,,-1.065663867076827,0.065663867076827,13.0
246600.0,2466.0,0.0,,-1.065647268905756,0.0656472689057561,13.0
246900.0,2469.0,0.0,,-1.0655618047090785,0.0655618047090784,13.0
247000.0,2470.0,0.0,,-1.0654667484943083,0.0654667484943083,13.0
247200.0,2472.0,0.0,,-1.0654657727312955,0.0654657727312955,13.0
247700.0,2477.0,0.0,,-1.0654309191701004,0.0654309191701003,13.0
248400.0,2484.0,0.0,,-1.0653758880019166,0.0653758880019166,13.0
248700.0,2487.0,0.0,,-1.0653758846272563,0.0653758846272565,13.0
248800.0,2488.0,0.0,,-1.0653467972725117,0.0653467972725114,13.0
248900.0,2489.0,0.0,,-1.0653417346959624,0.0653417346959623,13.0
249100.0,2491.0,0.0,,-1.0653417346959149,0.0653417346959148,13.0
249200.0,2492.0,0.0,,-1.065341305092621,0.065341305092621,13.0
249300.0,2493.0,0.0,,-1.065338486106744,0.065338486106744,13.0
249500.0,2495.0,0.0,,-1.0653341855031284,0.0653341855031284,13.0
249800.0,2498.0,0.0,,-1.0653337722238665,0.0653337722238662,13.0
250000.0,2500.0,0.0,,-1.0653331565569908,0.0653331565569907,13.0
250100.0,2501.0,0.0,,-1.065333147570683,0.065333147570683,13.0
250300.0,2503.0,0.0,,-1.065332868441521,0.065332868441521,13.0
250500.0,2505.0,0.0,,-1.0653328637207904,0.0653328637207903,13.0
250800.0,2508.0,0.0,,-1.0653328600152605,0.0653328600152605,13.0
251000.0,2510.0,0.0,,-1.0653328403615694,0.0653328403615693,13.0
251100.0,2511.0,0.0,,-1.0653327074196246,0.0653327074196246,13.0
251400.0,2514.0,0.0,,-1.0653327071906986,0.0653327071906986,13.0
251500.0,2515.0,0.0,,-1.0653327066796856,0.0653327066796856,13.0
251600.0,2516.0,0.0,,-1.06533270667199,0.0653327066719899,13.0
251800.0,2518.0,0.0,,-1.0653327043074206,0.0653327043074205,13.0
251900.0,2519.0,0.0,,-1.0653326982055449,0.0653326982055446,13.0
252000.0,2520.0,0.0,,-1.0653326974590598,0.0653326974590597,13.0
252200.0,2522.0,0.0,,-1.065332697458105,0.065332697458105,13.0
252300.0,2523.0,0.0,,-1.0653326973211672,0.0653326973211672,13.0
252400.0,2524.0,0.0,,-1.0653257454832097,0.0653257454832096,13.0
252600.0,2526.0,0.0,,-1.065285614256129,0.0652856142561291,13.0
252800.0,2528.0,0.0,,-1.0652856126546324,0.0652856126546324,13.0
252900.0,2529.0,0.0,,-1.0652848700000033,0.0652848700000032,13.0
253000.0,2530.0,0.0,,-1.065284154244486,0.0652841542444859,13.0
253100.0,2531.0,0.0,,-1.0652830171111,0.0652830171111,13.0
253200.0,2532.0,0.0,,-1.0652827479935532,0.0652827479935531,13.0
253300.0,2533.0,0.0,,-1.0652577560443823,0.0652577560443823,13.0
253400.0,2534.0,0.0,,-1.0652577341913896,0.0652577341913895,13.0
253700.0,2537.0,0.0,,-1.0652573393381344,0.0652573393381343,13.0
253800.0,2538.0,0.0,,-1.065190759816128,0.0651907598161281,13.0
253900.0,2539.0,0.0,,-1.065152303721883,0.065152303721883,13.0
254000.0,2540.0,0.0,,-1.0651522635622477,0.0651522635622476,13.0
254200.0,2542.0,0.0,,-1.065152199995583,0.065152199995583,13.0
254400.0,2544.0,0.0,,-1.0651501062838766,0.0651501062838766,13.0
254500.0,2545.0,0.0,,-1.0650886875988872,0.0650886875988872,13.0
254700.0,2547.0,0.0,,-1.065082091329149,0.065082091329149,13.0
254800.0,2548.0,0.0,,-1.065082090837882,0.0650820908378819,13.0
254900.0,2549.0,0.0,,-1.065080136530805,0.0650801365308046,13.0
255000.0,2550.0,0.0,,-1.0650782195259547,0.0650782195259547,13.0
255100.0,2551.0,0.0,,-1.06507819397784,0.0650781939778399,13.0
255500.0,2555.0,0.0,,-1.065078030716679,0.0650780307166789,13.0
255700.0,2557.0,0.0,,-1.0650780175552947,0.0650780175552947,13.0
255800.0,2558.0,0.0,,-1.065025017344013,0.065025017344013,13.0
256100.0,2561.0,0.0,,-1.0650234319089311,0.0650234319089311,13.0
256400.0,2564.0,0.0,,-1.0650216690606955,0.0650216690606955,13.0
256500.0,2565.0,0.0,,-1.0650210546523935,0.0650210546523937,13.0
256700.0,2567.0,0.0,,-1.0650210544440777,0.0650210544440774,13.0
256800.0,2568.0,0.0,,-1.0650209258676673,0.0650209258676672,13.0
257000.0,2570.0,0.0,,-1.065020611735916,0.065020611735916,13.0
257100.0,2571.0,0.0,,-1.065020521519901,0.0650205215199009,13.0
257200.0,2572.0,0.0,,-1.065020174472853,0.0650201744728526,13.0
257300.0,2573.0,0.0,,-1.06501472534277,0.0650147253427699,13.0
257500.0,2575.0,0.0,,-1.065013979159133,0.0650139791591333,13.0
257700.0,2577.0,0.0,,-1.0650139504437348,0.0650139504437348,13.0
257800.0,2578.0,0.0,,-1.0650136371288397,0.0650136371288396,13.0
258000.0,2580.0,0.0,,-1.0650132564993458,0.0650132564993457,13.0
258100.0,2581.0,0.0,,-1.0649944897359076,0.0649944897359076,13.0
258200.0,2582.0,0.0,,-1.064994447899421,0.0649944478994211,13.0
258700.0,2587.0,0.0,,-1.0649919258398628,0.0649919258398628,13.0
258800.0,2588.0,0.0,,-1.0649890282704415,0.0649890282704417,13.0
258900.0,2589.0,0.0,,-1.064986833117539,0.0649868331175389,13.0
259100.0,2591.0,0.0,,-1.0649867946446778,0.0649867946446778,13.0
259200.0,2592.0,0.0,,-1.064986204077991,0.0649862040779909,13.0
259400.0,2594.0,0.0,,-1.0649861834343293,0.0649861834343292,13.0
260000.0,2600.0,0.0,,-1.064986150224624,0.064986150224624,13.0
260100.0,2601.0,0.0,,-1.0649344738993611,0.0649344738993611,13.0
260200.0,2602.0,0.0,,-1.0649275803747955,0.0649275803747957,13.0
260800.0,2608.0,0.0,,-1.0649271733088108,0.0649271733088108,13.0
260900.0,2609.0,0.0,,-1.0649203805018228,0.0649203805018228,13.0
261100.0,2611.0,0.0,,-1.0649203650896035,0.0649203650896037,13.0
261400.0,2614.0,0.0,,-1.0649182257548646,0.0649182257548646,13.0
261500.0,2615.0,0.0,,-1.0649165042197473,0.0649165042197472,13.0
261600.0,2616.0,0.0,,-1.0649149321873106,0.0649149321873105,13.0
261900.0,2619.0,0.0,,-1.0649148909267467,0.0649148909267467,13.0
262400.0,2624.0,0.0,,-1.064914882437431,0.064914882437431,13.0
262800.0,2628.0,0.0,,-1.0649147966509014,0.0649147966509013,13.0
263300.0,2633.0,0.0,,-1.064914795909351,0.064914795909351,13.0
263400.0,2634.0,0.0,,-1.064914791672004,0.064914791672004,13.0
263500.0,2635.0,0.0,,-1.0649147897374869,0.0649147897374868,13.0
263600.0,2636.0,0.0,,-1.0649147894795994,0.0649147894795993,13.0
263700.0,2637.0,0.0,,-1.0649147887988866,0.0649147887988865,13.0
263800.0,2638.0,0.0,,-1.0649147886964825,0.0649147886964824,13.0
264100.0,2641.0,0.0,,-1.0649147886942203,0.0649147886942205,13.0
264300.0,2643.0,0.0,,-1.0649147880068914,0.0649147880068914,13.0
264500.0,2645.0,0.0,,-1.0649147879756788,0.0649147879756788,13.0
265000.0,2650.0,0.0,,-1.0649147879650784,0.0649147879650784,13.0
265400.0,2654.0,0.0,,-1.064914787962668,0.0649147879626681,13.0
265600.0,2656.0,0.0,,-1.0649045354266176,0.0649045354266175,13.0
265700.0,2657.0,0.0,,-1.064904429628565,0.064904429628565,13.0
265800.0,2658.0,0.0,,-1.0649041084037052,0.0649041084037052,13.0
265900.0,2659.0,0.0,,-1.064904030329887,0.0649040303298866,13.0
266000.0,2660.0,0.0,,-1.0649039314612991,0.0649039314612991,13.0
266100.0,2661.0,0.0,,-1.06490364669474,0.0649036466947401,13.0
266600.0,2666.0,0.0,,-1.0649033871042035,0.0649033871042035,13.0
266700.0,2667.0,0.0,,-1.064858251259016,0.0648582512590161,13.0
266900.0,2669.0,0.0,,-1.0648582510210882,0.0648582510210882,13.0
267000.0,2670.0,0.0,,-1.0648567624583234,0.0648567624583233,13.0
267100.0,2671.0,0.0,,-1.064856623666981,0.0648566236669809,13.0
267200.0,2672.0,0.0,,-1.064855226252192,0.0648552262521919,13.0
267400.0,2674.0,0.0,,-1.064854951762948,0.0648549517629479,13.0
267600.0,2676.0,0.0,,-1.0648546744497158,0.0648546744497158,13.0
267800.0,2678.0,0.0,,-1.0648309790893655,0.0648309790893655,13.0
268000.0,2680.0,0.0,,-1.0648258304568574,0.0648258304568574,13.0
268100.0,2681.0,0.0,,-1.064825826510785,0.064825826510785,13.0
268300.0,2683.0,0.0,,-1.0648252412531156,0.0648252412531156,13.0
268500.0,2685.0,0.0,,-1.0648245808720982,0.0648245808720981,13.0
268700.0,2687.0,0.0,,-1.0648242210064516,0.0648242210064515,13.0
268900.0,2689.0,0.0,,-1.0648236209218056,0.0648236209218056,13.0
269000.0,2690.0,0.0,,-1.0648231878823555,0.0648231878823557,13.0
269400.0,2694.0,0.0,,-1.0648227735846951,0.0648227735846951,13.0
269500.0,2695.0,0.0,,-1.0647577946941431,0.0647577946941433,13.0
270000.0,2700.0,0.0,,-1.0647577943963624,0.0647577943963624,13.0
270200.0,2702.0,0.0,,-1.0646249539445218,0.0646249539445218,13.0
270300.0,2703.0,0.0,,-1.0646117108810893,0.0646117108810893,13.0
270400.0,2704.0,0.0,,-1.064597178157327,0.0645971781573266,13.0
270500.0,2705.0,0.0,,-1.064590352871739,0.064590352871739,13.0
270600.0,2706.0,0.0,,-1.064589505630345,0.0645895056303449,13.0
270700.0,2707.0,0.0,,-1.0645892299246529,0.0645892299246526,13.0
270900.0,2709.0,0.0,,-1.0645891790868935,0.0645891790868935,13.0
271000.0,2710.0,0.0,,-1.0645891673814678,0.0645891673814678,13.0
271100.0,2711.0,0.0,,-1.0645890896639751,0.0645890896639751,13.0
271200.0,2712.0,0.0,,-1.0645886876199473,0.0645886876199473,13.0
271400.0,2714.0,0.0,,-1.0645885980049128,0.0645885980049127,13.0
271500.0,2715.0,0.0,,-1.064588231374002,0.064588231374002,13.0
271700.0,2717.0,0.0,,-1.0645881221457258,0.0645881221457258,13.0
272200.0,2722.0,0.0,,-1.0645881214025004,0.0645881214025003,13.0
272300.0,2723.0,0.0,,-1.0645881200351683,0.0645881200351683,13.0
272700.0,2727.0,0.0,,-1.0645881156965455,0.0645881156965455,13.0
273400.0,2734.0,0.0,,-1.064588115356048,0.0645881153560481,13.0
273600.0,2736.0,0.0,,-1.0645881152908678,0.0645881152908678,13.0
273700.0,2737.0,0.0,,-1.0645881152056782,0.0645881152056782,13.0
273900.0,2739.0,0.0,,-1.0645881151693442,0.0645881151693441,13.0
274000.0,2740.0,0.0,,-1.0645255289385744,0.0645255289385744,13.0
274100.0,2741.0,0.0,,-1.0645223654686569,0.0645223654686568,13.0
274700.0,2747.0,0.0,,-1.0645215338059837,0.0645215338059834,13.0
274800.0,2748.0,0.0,,-1.0645135600313436,0.0645135600313435,13.0
274900.0,2749.0,0.0,,-1.0644935022499515,0.0644935022499515,13.0
275500.0,2755.0,0.0,,-1.0644918014151925,0.0644918014151922,13.0
275600.0,2756.0,0.0,,-1.064484074864267,0.064484074864267,13.0
275700.0,2757.0,0.0,,-1.0644833006678818,0.0644833006678817,13.0
275800.0,2758.0,0.0,,-1.064483285735364,0.0644832857353641,13.0
275900.0,2759.0,0.0,,-1.064481772862209,0.0644817728622086,13.0
276100.0,2761.0,0.0,,-1.0644766121940783,0.0644766121940785,13.0
276200.0,2762.0,0.0,,-1.0644754831613206,0.0644754831613205,13.0
276300.0,2763.0,0.0,,-1.0644665868603846,0.0644665868603846,13.0
276400.0,2764.0,0.0,,-1.0644592425511448,0.0644592425511447,13.0
276800.0,2768.0,0.0,,-1.06444872801619,0.06444872801619,13.0
276900.0,2769.0,0.0,,-1.0644477935090892,0.0644477935090892,13.0
277100.0,2771.0,0.0,,-1.0644378869138111,0.0644378869138111,13.0
277400.0,2774.0,0.0,,-1.06443759202051,0.06443759202051,13.0
277500.0,2775.0,0.0,,-1.064435614672429,0.0644356146724289,13.0
277600.0,2776.0,0.0,,-1.064435455845531,0.0644354558455309,13.0
277700.0,2777.0,0.0,,-1.0644345003783504,0.0644345003783504,13.0
277800.0,2778.0,0.0,,-1.0644344923970812,0.0644344923970812,13.0
277900.0,2779.0,0.0,,-1.0644343347951557,0.0644343347951557,13.0
278000.0,2780.0,0.0,,-1.0644342844396506,0.0644342844396506,13.0
278100.0,2781.0,0.0,,-1.0644282395798703,0.0644282395798705,13.0
278200.0,2782.0,0.0,,-1.064423353368648,0.064423353368648,13.0
278300.0,2783.0,0.0,,-1.0644232192453116,0.0644232192453115,13.0
278400.0,2784.0,0.0,,-1.0644216914493787,0.0644216914493787,13.0
278500.0,2785.0,0.0,,-1.064408548247507,0.0644085482475069,13.0
278600.0,2786.0,0.0,,-1.0644049642559337,0.0644049642559336,13.0
279200.0,2792.0,0.0,,-1.0644048929961156,0.0644048929961156,13.0
279400.0,2794.0,0.0,,-1.0644047582937377,0.0644047582937374,13.0
279500.0,2795.0,0.0,,-1.0644047460059685,0.0644047460059684,13.0
279700.0,2797.0,0.0,,-1.0644045703516714,0.0644045703516713,13.0
280000.0,2800.0,0.0,,-1.0644045311039525,0.0644045311039522,13.0
280400.0,2804.0,0.0,,-1.0644045277537617,0.0644045277537614,13.0
280500.0,2805.0,0.0,,-1.0643653236860369,0.0643653236860368,13.0
280800.0,2808.0,0.0,,-1.064362640796101,0.0643626407961013,13.0
280900.0,2809.0,0.0,,-1.0643591801138963,0.0643591801138963,13.0
281000.0,2810.0,0.0,,-1.06435833416906,0.0643583341690601,13.0
281400.0,2814.0,0.0,,-1.0643582879429965,0.0643582879429964,13.0
281500.0,2815.0,0.0,,-1.0643562974101737,0.0643562974101734,13.0
281800.0,2818.0,0.0,,-1.0643560439076716,0.0643560439076715,13.0
281900.0,2819.0,0.0,,-1.064354695614551,0.0643546956145513,13.0
282000.0,2820.0,0.0,,-1.0643543828622732,0.0643543828622732,13.0
282200.0,2822.0,0.0,,-1.0643537212097751,0.0643537212097751,13.0
282500.0,2825.0,0.0,,-1.064353071957267,0.0643530719572669,13.0
282700.0,2827.0,0.0,,-1.0643530592117934,0.0643530592117933,13.0
282800.0,2828.0,0.0,,-1.0643530442008502,0.0643530442008502,13.0
283000.0,2830.0,0.0,,-1.0643529518174426,0.0643529518174426,13.0
283500.0,2835.0,0.0,,-1.064352951792969,0.064352951792969,13.0
283600.0,2836.0,0.0,,-1.0643529398950418,0.0643529398950417,13.0
283700.0,2837.0,0.0,,-1.0643529356715464,0.0643529356715464,13.0
283900.0,2839.0,0.0,,-1.0643529349633467,0.0643529349633467,13.0
284000.0,2840.0,0.0,,-1.064352933461478,0.0643529334614778,13.0
284200.0,2842.0,0.0,,-1.064352932252241,0.0643529322522409,13.0
284400.0,2844.0,0.0,,-1.0643529321402565,0.0643529321402565,13.0
284500.0,2845.0,0.0,,-1.0643529265986549,0.0643529265986548,13.0
284800.0,2848.0,0.0,,-1.062846964988972,0.062846964988972,13.0
285000.0,2850.0,0.0,,-1.0628466483350438,0.0628466483350438,13.0
285200.0,2852.0,0.0,,-1.0628434135245626,0.0628434135245625,13.0
285300.0,2853.0,0.0,,-1.062843172088895,0.0628431720888949,13.0
285400.0,2854.0,0.0,,-1.0628395667157595,0.0628395667157595,13.0
285600.0,2856.0,0.0,,-1.0628395261959127,0.0628395261959127,13.0
285700.0,2857.0,0.0,,-1.0627865810092914,0.0627865810092913,13.0
285800.0,2858.0,0.0,,-1.062782545912423,0.0627825459124229,13.0
286100.0,2861.0,0.0,,-1.0627721922555904,0.0627721922555903,13.0
286300.0,2863.0,0.0,,-1.062772070086296,0.0627720700862959,13.0
286400.0,2864.0,0.0,,-1.0627660599823714,0.0627660599823713,13.0
286700.0,2867.0,0.0,,-1.0627401825198008,0.0627401825198008,13.0
286900.0,2869.0,0.0,,-1.0626897049914714,0.0626897049914714,13.0
287100.0,2871.0,0.0,,-1.0626700381861944,0.0626700381861944,13.0
287300.0,2873.0,0.0,,-1.0626691322930084,0.0626691322930084,13.0
287400.0,2874.0,0.0,,-1.0626670099281363,0.0626670099281363,13.0
287500.0,2875.0,0.0,,-1.0626660236320438,0.0626660236320437,13.0
287700.0,2877.0,0.0,,-1.0626659230436828,0.0626659230436827,13.0
287800.0,2878.0,0.0,,-1.0626618273118624,0.0626618273118624,13.0
288400.0,2884.0,0.0,,-1.0626615533770416,0.0626615533770416,13.0
289100.0,2891.0,0.0,,-1.0626614524202893,0.0626614524202893,13.0
289800.0,2898.0,0.0,,-1.0626610059119508,0.0626610059119507,13.0
289900.0,2899.0,0.0,,-1.0626609984524162,0.0626609984524162,13.0
290200.0,2902.0,0.0,,-1.0620265901645007,0.0620265901645007,13.0
290800.0,2908.0,0.0,,-1.0620201449899007,0.0620201449899007,13.0
290900.0,2909.0,0.0,,-1.061998314239886,0.0619983142398861,13.0
291000.0,2910.0,0.0,,-1.059675870991902,0.059675870991902,13.0
291300.0,2913.0,0.0,,-1.059600761993045,0.0596007619930449,13.0
291600.0,2916.0,0.0,,-1.0593447345041176,0.0593447345041175,13.0
291700.0,2917.0,0.0,,-1.0589475123487024,0.0589475123487024,13.0
292000.0,2920.0,0.0,,-1.0588993330694434,0.0588993330694433,13.0
292400.0,2924.0,0.0,,-1.0585714031064883,0.0585714031064883,13.0
292500.0,2925.0,0.0,,-1.058430743600849,0.0584307436008491,13.0
292900.0,2929.0,0.0,,-1.0583700381889507,0.0583700381889507,13.0
293000.0,2930.0,0.0,,-1.0583523916688955,0.0583523916688957,13.0
293500.0,2935.0,0.0,,-1.0583517757392815,0.0583517757392815,13.0
293600.0,2936.0,0.0,,-1.0583458753579071,0.0583458753579071,13.0
293800.0,2938.0,0.0,,-1.0583443450851469,0.0583443450851468,13.0
294000.0,2940.0,0.0,,-1.0583375777293909,0.0583375777293908,13.0
294600.0,2946.0,0.0,,-1.0583373165200574,0.0583373165200573,13.0
294700.0,2947.0,0.0,,-1.0583373127524554,0.0583373127524553,13.0
295100.0,2951.0,0.0,,-1.05833709057874,0.0583370905787401,13.0
295200.0,2952.0,0.0,,-1.0583369330881065,0.0583369330881065,13.0
295300.0,2953.0,0.0,,-1.058324830101346,0.0583248301013461,13.0
295400.0,2954.0,0.0,,-1.0583247039138208,0.0583247039138208,13.0
295600.0,2956.0,0.0,,-1.058324340742011,0.058324340742011,13.0
296000.0,2960.0,0.0,,-1.0573507726871871,0.0573507726871871,13.0
296200.0,2962.0,0.0,,-1.0569451365317637,0.0569451365317636,13.0
296400.0,2964.0,0.0,,-1.05694507698871,0.0569450769887098,13.0
296700.0,2967.0,0.0,,-1.056759832715011,0.0567598327150109,13.0
296800.0,2968.0,0.0,,-1.0566786629960232,0.0566786629960232,13.0
297000.0,2970.0,0.0,,-1.0566595692337,0.0566595692336999,13.0
297200.0,2972.0,0.0,,-1.056171808340922,0.0561718083409219,13.0
297500.0,2975.0,0.0,,-1.0561705127862635,0.0561705127862635,13.0
297700.0,2977.0,0.0,,-1.0561661341996662,0.0561661341996662,13.0
297800.0,2978.0,0.0,,-1.0561571295625412,0.0561571295625411,13.0
298100.0,2981.0,0.0,,-1.0561363691703705,0.0561363691703704,13.0
298300.0,2983.0,0.0,,-1.0561360074361914,0.0561360074361914,13.0
299300.0,2993.0,0.0,,-1.0560897861186067,0.0560897861186067,13.0
299600.0,2996.0,0.0,,-1.0560687069982115,0.0560687069982115,13.0
299800.0,2998.0,0.0,,-1.0560444418774504,0.0560444418774503,13.0
100.0,1.0,0.0,,-1.8724888872410252,0.8724888872410255,14.0
300.0,3.0,0.0,,-1.8593095367856076,0.8593095367856074,14.0
400.0,4.0,0.0,,-1.838346005088361,0.8383460050883613,14.0
500.0,5.0,0.0,,-1.775142595379295,0.775142595379295,14.0
700.0,7.0,0.0,,-1.719062675069276,0.7190626750692761,14.0
800.0,8.0,0.0,,-1.7001649965691272,0.7001649965691272,14.0
900.0,9.0,0.0,,-1.6809906733539195,0.6809906733539197,14.0
1000.0,10.0,0.0,,-1.6571981195386054,0.6571981195386054,14.0
1100.0,11.0,0.0,,-1.6287741816763803,0.6287741816763803,14.0
1200.0,12.0,0.0,,-1.5861529473312168,0.5861529473312168,14.0
1300.0,13.0,0.0,,-1.5543576070599312,0.5543576070599312,14.0
1400.0,14.0,0.0,,-1.5421877860568884,0.5421877860568884,14.0
1500.0,15.0,0.0,,-1.4991576092188716,0.4991576092188716,14.0
1600.0,16.0,0.0,,-1.480313831141143,0.480313831141143,14.0
1700.0,17.0,0.0,,-1.4395953935586787,0.4395953935586787,14.0
1800.0,18.0,0.0,,-1.4064430656056652,0.4064430656056652,14.0
1900.0,19.0,0.0,,-1.368097529661589,0.3680975296615889,14.0
2000.0,20.0,0.0,,-1.3200139986663415,0.3200139986663417,14.0
2200.0,22.0,0.0,,-1.3135767519254098,0.3135767519254098,14.0
2300.0,23.0,0.0,,-1.2937405795597403,0.2937405795597403,14.0
2400.0,24.0,0.0,,-1.271835737750776,0.2718357377507758,14.0
2500.0,25.0,0.0,,-1.2670501343495932,0.2670501343495932,14.0
2600.0,26.0,0.0,,-1.2303750519375232,0.2303750519375231,14.0
2700.0,27.0,0.0,,-1.21926564200249,0.2192656420024898,14.0
2800.0,28.0,0.0,,-1.1880395351430448,0.1880395351430448,14.0
3000.0,30.0,0.0,,-1.1278023785899598,0.1278023785899598,14.0
3300.0,33.0,0.0,,-1.1204796289196397,0.1204796289196394,14.0
3500.0,35.0,0.0,,-1.1065943093721091,0.1065943093721093,14.0
3600.0,36.0,0.0,,-1.105792540650901,0.105792540650901,14.0
3800.0,38.0,0.0,,-1.098753557149261,0.098753557149261,14.0
3900.0,39.0,0.0,,-1.095727253476085,0.0957272534760849,14.0
4000.0,40.0,0.0,,-1.0842373027898964,0.0842373027898963,14.0
4300.0,43.0,0.0,,-1.08304041955915,0.08304041955915,14.0
4400.0,44.0,0.0,,-1.0829906819220338,0.0829906819220338,14.0
4500.0,45.0,0.0,,-1.0724933001110075,0.0724933001110075,14.0
4800.0,48.0,0.0,,-1.0724787502645017,0.0724787502645016,14.0
5100.0,51.0,0.0,,-1.0705765773740523,0.0705765773740525,14.0
5500.0,55.0,0.0,,-1.069000954311759,0.0690009543117589,14.0
5600.0,56.0,0.0,,-1.0688418748008035,0.0688418748008035,14.0
6400.0,64.0,0.0,,-1.0682643042314803,0.0682643042314803,14.0
6900.0,69.0,0.0,,-1.0680600697084714,0.0680600697084714,14.0
7500.0,75.0,0.0,,-1.0680508556429915,0.0680508556429915,14.0
7700.0,77.0,0.0,,-1.0676670127770622,0.0676670127770622,14.0
7800.0,78.0,0.0,,-1.067617882722964,0.0676178827229638,14.0
8300.0,83.0,0.0,,-1.066362384093262,0.0663623840932621,14.0
8500.0,85.0,0.0,,-1.06630869597994,0.0663086959799399,14.0
8900.0,89.0,0.0,,-1.064906624865058,0.064906624865058,14.0
9100.0,91.0,0.0,,-1.064691997992218,0.064691997992218,14.0
9400.0,94.0,0.0,,-1.064682521011521,0.0646825210115209,14.0
10200.0,102.0,0.0,,-1.064682498911999,0.0646824989119989,14.0
10300.0,103.0,0.0,,-1.064682417642696,0.0646824176426961,14.0
10400.0,104.0,0.0,,-1.0646313968874208,0.0646313968874208,14.0
10600.0,106.0,0.0,,-1.0646133699964275,0.0646133699964275,14.0
10700.0,107.0,0.0,,-1.0645968498324587,0.0645968498324587,14.0
11500.0,115.0,0.0,,-1.064594470215357,0.0645944702153569,14.0
11800.0,118.0,0.0,,-1.064591955940496,0.0645919559404959,14.0
11900.0,119.0,0.0,,-1.0645913591549585,0.0645913591549585,14.0
12200.0,122.0,0.0,,-1.0645912604777423,0.0645912604777423,14.0
12500.0,125.0,0.0,,-1.0645911472677194,0.0645911472677194,14.0
13000.0,130.0,0.0,,-1.0645908912613602,0.0645908912613602,14.0
14500.0,145.0,0.0,,-1.064590880071022,0.0645908800710219,14.0
14700.0,147.0,0.0,,-1.0645908744794823,0.0645908744794823,14.0
15100.0,151.0,0.0,,-1.06459087364348,0.0645908736434799,14.0
15200.0,152.0,0.0,,-1.0645908731400977,0.0645908731400977,14.0
15400.0,154.0,0.0,,-1.0645908571331804,0.0645908571331803,14.0
15500.0,155.0,0.0,,-1.064590855146139,0.0645908551461389,14.0
15600.0,156.0,0.0,,-1.0645908544406402,0.0645908544406401,14.0
15900.0,159.0,0.0,,-1.064590851644167,0.0645908516441666,14.0
16000.0,160.0,0.0,,-1.0645908509386053,0.0645908509386052,14.0
16200.0,162.0,0.0,,-1.0645908496881271,0.0645908496881273,14.0
16300.0,163.0,0.0,,-1.0645908493452332,0.0645908493452331,14.0
16500.0,165.0,0.0,,-1.0645908488593907,0.0645908488593907,14.0
17000.0,170.0,0.0,,-1.0645908484581568,0.0645908484581567,14.0
17600.0,176.0,0.0,,-1.0645908484535334,0.0645908484535333,14.0
17900.0,179.0,0.0,,-1.0645908484410749,0.0645908484410746,14.0
18000.0,180.0,0.0,,-1.0645908484279003,0.0645908484279003,14.0
19400.0,194.0,0.0,,-1.0645908484263005,0.0645908484263004,14.0
19900.0,199.0,0.0,,-1.06459084842402,0.0645908484240198,14.0
21800.0,218.0,0.0,,-1.0457480376127828,0.0457480376127827,14.0
22200.0,222.0,0.0,,-1.0408791288212225,0.0408791288212224,14.0
22300.0,223.0,0.0,,-1.040343608592543,0.040343608592543,14.0
22500.0,225.0,0.0,,-1.0400136292199873,0.0400136292199873,14.0
22600.0,226.0,0.0,,-1.0343450456817989,0.0343450456817988,14.0
22700.0,227.0,0.0,,-1.0322478626468017,0.0322478626468016,14.0
23000.0,230.0,0.0,,-1.027854214521789,0.027854214521789,14.0
23200.0,232.0,0.0,,-1.0277020276680964,0.0277020276680963,14.0
23300.0,233.0,0.0,,-1.0277020210569945,0.0277020210569944,14.0
23600.0,236.0,0.0,,-1.0277020029481003,0.0277020029481003,14.0
24700.0,247.0,0.0,,-1.0277019931677742,0.0277019931677742,14.0
25000.0,250.0,0.0,,-1.027701993089883,0.0277019930898829,14.0
25200.0,252.0,0.0,,-1.027701993071655,0.0277019930716551,14.0
25500.0,255.0,0.0,,-1.0277019930623996,0.0277019930623996,14.0
25600.0,256.0,0.0,,-1.0277019930600158,0.0277019930600157,14.0
26000.0,260.0,0.0,,-1.0277019930591038,0.0277019930591038,14.0
26200.0,262.0,0.0,,-1.0277019930579574,0.0277019930579573,14.0
26600.0,266.0,0.0,,-1.0277019930555151,0.0277019930555151,14.0
26800.0,268.0,0.0,,-1.0277019930554252,0.0277019930554252,14.0
27000.0,270.0,0.0,,-1.0277019930551468,0.0277019930551467,14.0
27200.0,272.0,0.0,,-1.0277019930551374,0.0277019930551374,14.0
27300.0,273.0,0.0,,-1.0277019930551126,0.0277019930551125,14.0
27600.0,276.0,0.0,,-1.0277019930551123,0.0277019930551123,14.0
27700.0,277.0,0.0,,-1.0277019930551057,0.0277019930551054,14.0
27800.0,278.0,0.0,,-1.0277019930550986,0.0277019930550985,14.0
28400.0,284.0,0.0,,-1.0277019930550968,0.0277019930550967,14.0
28600.0,286.0,0.0,,-1.0277019930550964,0.0277019930550963,14.0
29100.0,291.0,0.0,,-1.0277019930550957,0.0277019930550956,14.0
29300.0,293.0,0.0,,-1.027701993055095,0.027701993055095,14.0
100.0,1.0,0.0,,-1.8602155902477784,0.8602155902477784,15.0
300.0,3.0,0.0,,-1.7968923911012435,0.7968923911012435,15.0
700.0,7.0,0.0,,-1.7524814529468609,0.7524814529468609,15.0
800.0,8.0,0.0,,-1.7260140177400531,0.7260140177400531,15.0
900.0,9.0,0.0,,-1.6824864588216824,0.6824864588216824,15.0
1000.0,10.0,0.0,,-1.6810090124746973,0.6810090124746973,15.0
1100.0,11.0,0.0,,-1.6234893770200416,0.6234893770200416,15.0
1200.0,12.0,0.0,,-1.593875931269138,0.593875931269138,15.0
1300.0,13.0,0.0,,-1.5855182862231472,0.5855182862231472,15.0
1500.0,15.0,0.0,,-1.5429432283737494,0.5429432283737494,15.0
1700.0,17.0,0.0,,-1.5175395897349828,0.5175395897349828,15.0
1800.0,18.0,0.0,,-1.5073113165947316,0.5073113165947316,15.0
1900.0,19.0,0.0,,-1.4719077427878575,0.4719077427878577,15.0
2000.0,20.0,0.0,,-1.4478129875047672,0.4478129875047671,15.0
2100.0,21.0,0.0,,-1.4292569398028248,0.4292569398028247,15.0
2400.0,24.0,0.0,,-1.3924898827635557,0.3924898827635557,15.0
2600.0,26.0,0.0,,-1.3924058840829343,0.3924058840829343,15.0
2700.0,27.0,0.0,,-1.386813589968948,0.386813589968948,15.0
2800.0,28.0,0.0,,-1.3765754621237374,0.3765754621237374,15.0
2900.0,29.0,0.0,,-1.3682245731594067,0.3682245731594067,15.0
3100.0,31.0,0.0,,-1.350414575902026,0.350414575902026,15.0
3200.0,32.0,0.0,,-1.3494156801844852,0.3494156801844852,15.0
3300.0,33.0,0.0,,-1.3432592110419423,0.3432592110419423,15.0
3400.0,34.0,0.0,,-1.3301358924999065,0.3301358924999062,15.0
3500.0,35.0,0.0,,-1.324661954201785,0.324661954201785,15.0
4000.0,40.0,0.0,,-1.3134637341208666,0.3134637341208666,15.0
4100.0,41.0,0.0,,-1.3131588312726792,0.3131588312726792,15.0
4300.0,43.0,0.0,,-1.2996844382943262,0.2996844382943262,15.0
4500.0,45.0,0.0,,-1.2883202505208031,0.2883202505208031,15.0
4700.0,47.0,0.0,,-1.286568331508914,0.286568331508914,15.0
4800.0,48.0,0.0,,-1.2857852465778503,0.2857852465778503,15.0
4900.0,49.0,0.0,,-1.2851354225635032,0.2851354225635032,15.0
5100.0,51.0,0.0,,-1.2850999146403197,0.2850999146403197,15.0
5200.0,52.0,0.0,,-1.2844578142176135,0.2844578142176135,15.0
5500.0,55.0,0.0,,-1.284407038556655,0.284407038556655,15.0
5600.0,56.0,0.0,,-1.2843360641139911,0.2843360641139911,15.0
5800.0,58.0,0.0,,-1.2843185260029677,0.2843185260029675,15.0
6100.0,61.0,0.0,,-1.284307679897056,0.2843076798970561,15.0
6200.0,62.0,0.0,,-1.284303289879798,0.2843032898797979,15.0
6400.0,64.0,0.0,,-1.2841973043845898,0.2841973043845898,15.0
6700.0,67.0,0.0,,-1.284189833445674,0.284189833445674,15.0
6900.0,69.0,0.0,,-1.2841705936308645,0.2841705936308643,15.0
7300.0,73.0,0.0,,-1.2827881511471722,0.2827881511471721,15.0
7400.0,74.0,0.0,,-1.2825204228070184,0.2825204228070184,15.0
7500.0,75.0,0.0,,-1.2819513372894749,0.2819513372894748,15.0
7800.0,78.0,0.0,,-1.281860504102621,0.281860504102621,15.0
8100.0,81.0,0.0,,-1.266081663968444,0.266081663968444,15.0
8400.0,84.0,0.0,,-1.259595909274269,0.259595909274269,15.0
8500.0,85.0,0.0,,-1.2581579804973138,0.2581579804973137,15.0
8600.0,86.0,0.0,,-1.257234193492343,0.257234193492343,15.0
8800.0,88.0,0.0,,-1.2572320600266162,0.2572320600266162,15.0
8900.0,89.0,0.0,,-1.250441861809302,0.250441861809302,15.0
9000.0,90.0,0.0,,-1.250017307250704,0.2500173072507039,15.0
9100.0,91.0,0.0,,-1.2476242202002876,0.2476242202002876,15.0
9200.0,92.0,0.0,,-1.2474374750764785,0.2474374750764785,15.0
9400.0,94.0,0.0,,-1.2473323207997853,0.2473323207997853,15.0
9700.0,97.0,0.0,,-1.2472007941320495,0.2472007941320495,15.0
10100.0,101.0,0.0,,-1.2471889897723551,0.2471889897723551,15.0
10200.0,102.0,0.0,,-1.2471723430839494,0.2471723430839494,15.0
10600.0,106.0,0.0,,-1.2471705442599648,0.2471705442599647,15.0
10900.0,109.0,0.0,,-1.2471680902019644,0.2471680902019644,15.0
11000.0,110.0,0.0,,-1.247167136285196,0.2471671362851959,15.0
11300.0,113.0,0.0,,-1.2471670657650529,0.2471670657650526,15.0
11400.0,114.0,0.0,,-1.2471669939558214,0.2471669939558214,15.0
11500.0,115.0,0.0,,-1.2471668858821046,0.2471668858821045,15.0
11600.0,116.0,0.0,,-1.2471667865253322,0.2471667865253322,15.0
12700.0,127.0,0.0,,-1.2470958931747358,0.2470958931747358,15.0
13200.0,132.0,0.0,,-1.2470756404448264,0.2470756404448264,15.0
13500.0,135.0,0.0,,-1.2470714959382945,0.2470714959382944,15.0
13700.0,137.0,0.0,,-1.2470711516646562,0.2470711516646562,15.0
13800.0,138.0,0.0,,-1.2470707877450289,0.2470707877450288,15.0
14000.0,140.0,0.0,,-1.247069132891706,0.247069132891706,15.0
14100.0,141.0,0.0,,-1.2470673878569358,0.2470673878569358,15.0
14200.0,142.0,0.0,,-1.2470503655939962,0.2470503655939961,15.0
14300.0,143.0,0.0,,-1.247034115361093,0.2470341153610931,15.0
14400.0,144.0,0.0,,-1.2470178248277732,0.2470178248277732,15.0
14500.0,145.0,0.0,,-1.246887869204093,0.246887869204093,15.0
15500.0,155.0,0.0,,-1.2468874248626376,0.2468874248626376,15.0
15900.0,159.0,0.0,,-1.2467589393241565,0.2467589393241562,15.0
16100.0,161.0,0.0,,-1.2467574681291302,0.2467574681291302,15.0
16200.0,162.0,0.0,,-1.246736146121307,0.2467361461213069,15.0
16400.0,164.0,0.0,,-1.2467279101380326,0.2467279101380326,15.0
16500.0,165.0,0.0,,-1.2467231723454075,0.2467231723454075,15.0
16700.0,167.0,0.0,,-1.2467216903760154,0.2467216903760154,15.0
16800.0,168.0,0.0,,-1.246704030943963,0.2467040309439629,15.0
17300.0,173.0,0.0,,-1.246703269539492,0.2467032695394919,15.0
17400.0,174.0,0.0,,-1.2467023747963142,0.2467023747963141,15.0
17600.0,176.0,0.0,,-1.2467023176048029,0.2467023176048028,15.0
17800.0,178.0,0.0,,-1.2467022094058666,0.2467022094058666,15.0
17900.0,179.0,0.0,,-1.246702025888645,0.2467020258886449,15.0
18000.0,180.0,0.0,,-1.2467020157404007,0.2467020157404007,15.0
18100.0,181.0,0.0,,-1.2467019274706173,0.2467019274706172,15.0
18200.0,182.0,0.0,,-1.2466128776568803,0.2466128776568803,15.0
18500.0,185.0,0.0,,-1.2466070821525628,0.2466070821525627,15.0
18600.0,186.0,0.0,,-1.246606510881759,0.246606510881759,15.0
18800.0,188.0,0.0,,-1.2466049193717093,0.2466049193717092,15.0
19000.0,190.0,0.0,,-1.2466033622026018,0.2466033622026018,15.0
19100.0,191.0,0.0,,-1.2466027447846777,0.2466027447846774,15.0
19200.0,192.0,0.0,,-1.246578449427126,0.2465784494271259,15.0
19300.0,193.0,0.0,,-1.246554331909015,0.2465543319090153,15.0
19700.0,197.0,0.0,,-1.2465395567522304,0.2465395567522303,15.0
19900.0,199.0,0.0,,-1.2465367646895338,0.2465367646895337,15.0
20000.0,200.0,0.0,,-1.246536509197718,0.246536509197718,15.0
20100.0,201.0,0.0,,-1.246437187925789,0.2464371879257889,15.0
20700.0,207.0,0.0,,-1.2464293850075192,0.2464293850075192,15.0
20800.0,208.0,0.0,,-1.2464177330218127,0.2464177330218127,15.0
20900.0,209.0,0.0,,-1.2447903233281807,0.2447903233281807,15.0
21000.0,210.0,0.0,,-1.2443724635142406,0.2443724635142405,15.0
21400.0,214.0,0.0,,-1.2443720238025755,0.2443720238025757,15.0
21600.0,216.0,0.0,,-1.244046722085668,0.2440467220856679,15.0
21700.0,217.0,0.0,,-1.2439027718471696,0.2439027718471695,15.0
21900.0,219.0,0.0,,-1.2439027718088955,0.2439027718088955,15.0
22000.0,220.0,0.0,,-1.243788950723394,0.2437889507233941,15.0
22100.0,221.0,0.0,,-1.2436708519211248,0.2436708519211248,15.0
22200.0,222.0,0.0,,-1.242929842624333,0.2429298426243329,15.0
22300.0,223.0,0.0,,-1.2427736000611571,0.2427736000611573,15.0
22500.0,225.0,0.0,,-1.242754946769115,0.242754946769115,15.0
22600.0,226.0,0.0,,-1.2427412453363906,0.2427412453363906,15.0
22900.0,229.0,0.0,,-1.242496057647711,0.2424960576477111,15.0
23600.0,236.0,0.0,,-1.2424655493553756,0.2424655493553755,15.0
23800.0,238.0,0.0,,-1.2424605599528258,0.2424605599528257,15.0
23900.0,239.0,0.0,,-1.242458456050885,0.2424584560508849,15.0
24000.0,240.0,0.0,,-1.2424412587173252,0.2424412587173252,15.0
24100.0,241.0,0.0,,-1.242441206217325,0.2424412062173249,15.0
24200.0,242.0,0.0,,-1.242437774850044,0.2424377748500441,15.0
24600.0,246.0,0.0,,-1.242437744815326,0.2424377448153261,15.0
24700.0,247.0,0.0,,-1.2424294107403746,0.2424294107403746,15.0
24800.0,248.0,0.0,,-1.242392519079952,0.2423925190799518,15.0
25000.0,250.0,0.0,,-1.2423900908833572,0.2423900908833571,15.0
25200.0,252.0,0.0,,-1.2423644660879378,0.2423644660879378,15.0
25400.0,254.0,0.0,,-1.2423314676021486,0.2423314676021486,15.0
25500.0,255.0,0.0,,-1.242309517128552,0.2423095171285521,15.0
25800.0,258.0,0.0,,-1.2423066950492585,0.2423066950492582,15.0
25900.0,259.0,0.0,,-1.2423004620902889,0.2423004620902888,15.0
26000.0,260.0,0.0,,-1.2408669082380943,0.2408669082380943,15.0
26600.0,266.0,0.0,,-1.240773207810959,0.240773207810959,15.0
26700.0,267.0,0.0,,-1.240756060650289,0.2407560606502889,15.0
26800.0,268.0,0.0,,-1.2407517778963866,0.2407517778963865,15.0
26900.0,269.0,0.0,,-1.2407244648093452,0.2407244648093451,15.0
27000.0,270.0,0.0,,-1.2407230849218074,0.2407230849218073,15.0
27100.0,271.0,0.0,,-1.2407080568381743,0.2407080568381745,15.0
27300.0,273.0,0.0,,-1.240705114644191,0.2407051146441909,15.0
27600.0,276.0,0.0,,-1.2406911974993635,0.2406911974993635,15.0
27700.0,277.0,0.0,,-1.2406138298039189,0.2406138298039188,15.0
28000.0,280.0,0.0,,-1.2405816223591206,0.2405816223591206,15.0
28100.0,281.0,0.0,,-1.2405810761046965,0.2405810761046964,15.0
28200.0,282.0,0.0,,-1.2405798369984788,0.2405798369984788,15.0
28300.0,283.0,0.0,,-1.240579787602185,0.2405797876021846,15.0
28500.0,285.0,0.0,,-1.2405520497062914,0.2405520497062914,15.0
28600.0,286.0,0.0,,-1.240550377611086,0.240550377611086,15.0
28700.0,287.0,0.0,,-1.2403597757635323,0.2403597757635325,15.0
29100.0,291.0,0.0,,-1.2403521368594022,0.2403521368594021,15.0
29300.0,293.0,0.0,,-1.2403344642214411,0.2403344642214411,15.0
29400.0,294.0,0.0,,-1.2403344620417531,0.2403344620417531,15.0
29500.0,295.0,0.0,,-1.240266121660694,0.240266121660694,15.0
29800.0,298.0,0.0,,-1.240223340709864,0.2402233407098639,15.0
30100.0,301.0,0.0,,-1.240222885225269,0.240222885225269,15.0
30200.0,302.0,0.0,,-1.2402228258059065,0.2402228258059064,15.0
30300.0,303.0,0.0,,-1.2402227972847597,0.2402227972847594,15.0
30400.0,304.0,0.0,,-1.240222780942766,0.2402227809427659,15.0
30500.0,305.0,0.0,,-1.2402227660272092,0.2402227660272091,15.0
30600.0,306.0,0.0,,-1.2402221664956157,0.2402221664956154,15.0
31000.0,310.0,0.0,,-1.240222107867531,0.240222107867531,15.0
31100.0,311.0,0.0,,-1.2402220894083464,0.2402220894083464,15.0
31200.0,312.0,0.0,,-1.2402220653471556,0.2402220653471556,15.0
31400.0,314.0,0.0,,-1.240222064990035,0.240222064990035,15.0
31500.0,315.0,0.0,,-1.2402220156549395,0.2402220156549395,15.0
31600.0,316.0,0.0,,-1.240222015619192,0.2402220156191921,15.0
32100.0,321.0,0.0,,-1.2402220117781213,0.2402220117781213,15.0
32200.0,322.0,0.0,,-1.2402220107948518,0.2402220107948518,15.0
32300.0,323.0,0.0,,-1.240222010511074,0.2402220105110739,15.0
32400.0,324.0,0.0,,-1.24022201048554,0.2402220104855401,15.0
32600.0,326.0,0.0,,-1.2402220103158466,0.2402220103158465,15.0
32800.0,328.0,0.0,,-1.240222010315046,0.2402220103150461,15.0
32900.0,329.0,0.0,,-1.2402220103111337,0.2402220103111336,15.0
33000.0,330.0,0.0,,-1.2400451329663578,0.2400451329663577,15.0
33200.0,332.0,0.0,,-1.2279348223488762,0.2279348223488762,15.0
33300.0,333.0,0.0,,-1.2182047018897189,0.2182047018897188,15.0
33600.0,336.0,0.0,,-1.215693205630736,0.2156932056307361,15.0
33800.0,338.0,0.0,,-1.2156932042173576,0.2156932042173576,15.0
33900.0,339.0,0.0,,-1.21559372146004,0.21559372146004,15.0
34000.0,340.0,0.0,,-1.2155048327994915,0.2155048327994917,15.0
34100.0,341.0,0.0,,-1.215175495110508,0.215175495110508,15.0
34400.0,344.0,0.0,,-1.208955319095718,0.2089553190957178,15.0
34500.0,345.0,0.0,,-1.2040264259482392,0.2040264259482391,15.0
34600.0,346.0,0.0,,-1.2036054219746508,0.2036054219746508,15.0
34800.0,348.0,0.0,,-1.2035141009665649,0.2035141009665648,15.0
34900.0,349.0,0.0,,-1.2032091662376825,0.2032091662376822,15.0
35100.0,351.0,0.0,,-1.2031605152993263,0.2031605152993263,15.0
35200.0,352.0,0.0,,-1.202856215190156,0.202856215190156,15.0
35300.0,353.0,0.0,,-1.2021500888190622,0.2021500888190621,15.0
35400.0,354.0,0.0,,-1.2016645775225916,0.2016645775225916,15.0
35600.0,356.0,0.0,,-1.2014178548638466,0.2014178548638465,15.0
35700.0,357.0,0.0,,-1.2012872008882414,0.2012872008882413,15.0
36100.0,361.0,0.0,,-1.2012823597971696,0.2012823597971695,15.0
36300.0,363.0,0.0,,-1.2012812667809245,0.2012812667809245,15.0
36400.0,364.0,0.0,,-1.2012805016581307,0.2012805016581307,15.0
36500.0,365.0,0.0,,-1.2012801652842553,0.2012801652842553,15.0
36600.0,366.0,0.0,,-1.2012801273217253,0.2012801273217253,15.0
36700.0,367.0,0.0,,-1.201280102489605,0.2012801024896049,15.0
36800.0,368.0,0.0,,-1.2012792293601358,0.2012792293601357,15.0
37000.0,370.0,0.0,,-1.2012791737150883,0.2012791737150885,15.0
37300.0,373.0,0.0,,-1.2012790166547198,0.2012790166547198,15.0
37400.0,374.0,0.0,,-1.201278988069734,0.2012789880697341,15.0
37600.0,376.0,0.0,,-1.2012789202039829,0.2012789202039828,15.0
37800.0,378.0,0.0,,-1.2012789116812688,0.2012789116812687,15.0
37900.0,379.0,0.0,,-1.2012788876516187,0.2012788876516187,15.0
38000.0,380.0,0.0,,-1.201278817186341,0.2012788171863413,15.0
38200.0,382.0,0.0,,-1.2012787805715346,0.2012787805715346,15.0
38300.0,383.0,0.0,,-1.2012787549723023,0.2012787549723025,15.0
38400.0,384.0,0.0,,-1.2012787118329689,0.2012787118329688,15.0
38500.0,385.0,0.0,,-1.2012786574848429,0.2012786574848428,15.0
38900.0,389.0,0.0,,-1.2012786472404506,0.2012786472404506,15.0
39000.0,390.0,0.0,,-1.2012786192138456,0.2012786192138456,15.0
39100.0,391.0,0.0,,-1.201278613902924,0.2012786139029241,15.0
39200.0,392.0,0.0,,-1.201278609385887,0.2012786093858869,15.0
39300.0,393.0,0.0,,-1.2012786032042222,0.2012786032042222,15.0
39400.0,394.0,0.0,,-1.2012265039604677,0.2012265039604677,15.0
39900.0,399.0,0.0,,-1.2012251396903946,0.2012251396903945,15.0
40000.0,400.0,0.0,,-1.2012250812191383,0.2012250812191385,15.0
40100.0,401.0,0.0,,-1.2012183212478356,0.2012183212478355,15.0
40300.0,403.0,0.0,,-1.201217999850107,0.2012179998501069,15.0
40400.0,404.0,0.0,,-1.20121790122758,0.2012179012275801,15.0
40600.0,406.0,0.0,,-1.2012175417334512,0.2012175417334512,15.0
40700.0,407.0,0.0,,-1.2012144133868443,0.2012144133868443,15.0
40900.0,409.0,0.0,,-1.2011833182520015,0.2011833182520015,15.0
41100.0,411.0,0.0,,-1.201174049585684,0.2011740495856839,15.0
41200.0,412.0,0.0,,-1.201174049113659,0.2011740491136593,15.0
41300.0,413.0,0.0,,-1.2011732586311157,0.2011732586311154,15.0
41400.0,414.0,0.0,,-1.201172187171562,0.2011721871715619,15.0
41500.0,415.0,0.0,,-1.2011721862942633,0.2011721862942632,15.0
41600.0,416.0,0.0,,-1.2011721755255762,0.2011721755255762,15.0
41700.0,417.0,0.0,,-1.2011721755098896,0.2011721755098896,15.0
41800.0,418.0,0.0,,-1.2011719490375217,0.2011719490375216,15.0
42000.0,420.0,0.0,,-1.2011718851429778,0.2011718851429778,15.0
42100.0,421.0,0.0,,-1.201171596496037,0.201171596496037,15.0
42200.0,422.0,0.0,,-1.2011715896417154,0.2011715896417154,15.0
42400.0,424.0,0.0,,-1.201171565392125,0.2011715653921251,15.0
42500.0,425.0,0.0,,-1.201171551535403,0.2011715515354026,15.0
42900.0,429.0,0.0,,-1.201171551415909,0.2011715514159089,15.0
43100.0,431.0,0.0,,-1.201171551259022,0.2011715512590219,15.0
43400.0,434.0,0.0,,-1.2011715511278669,0.2011715511278669,15.0
43500.0,435.0,0.0,,-1.201171551105872,0.201171551105872,15.0
43600.0,436.0,0.0,,-1.2011715507937883,0.2011715507937883,15.0
43900.0,439.0,0.0,,-1.201171550505529,0.2011715505055289,15.0
44200.0,442.0,0.0,,-1.2011715504997365,0.2011715504997364,15.0
44300.0,443.0,0.0,,-1.201171550464529,0.201171550464529,15.0
44500.0,445.0,0.0,,-1.2011715503470994,0.2011715503470994,15.0
44800.0,448.0,0.0,,-1.2011715503459464,0.2011715503459463,15.0
45000.0,450.0,0.0,,-1.2011715503309612,0.2011715503309612,15.0
45100.0,451.0,0.0,,-1.2011715503164364,0.2011715503164364,15.0
45500.0,455.0,0.0,,-1.201171550315455,0.2011715503154549,15.0
45600.0,456.0,0.0,,-1.201171550315078,0.2011715503150779,15.0
45900.0,459.0,0.0,,-1.2011418726437402,0.2011418726437401,15.0
46100.0,461.0,0.0,,-1.2011418661660007,0.2011418661660007,15.0
46400.0,464.0,0.0,,-1.2011394859930613,0.2011394859930613,15.0
46500.0,465.0,0.0,,-1.201134277875325,0.2011342778753246,15.0
46600.0,466.0,0.0,,-1.2011241396932948,0.2011241396932948,15.0
46700.0,467.0,0.0,,-1.2010481614357662,0.2010481614357662,15.0
47000.0,470.0,0.0,,-1.2009640527870669,0.2009640527870668,15.0
47200.0,472.0,0.0,,-1.2009569631524328,0.2009569631524328,15.0
47400.0,474.0,0.0,,-1.2009497464396055,0.2009497464396057,15.0
47500.0,475.0,0.0,,-1.200949155765989,0.200949155765989,15.0
47600.0,476.0,0.0,,-1.2009386871168388,0.2009386871168388,15.0
47700.0,477.0,0.0,,-1.2009384503985854,0.2009384503985853,15.0
47800.0,478.0,0.0,,-1.2009384439169208,0.2009384439169208,15.0
47900.0,479.0,0.0,,-1.200938300714348,0.2009383007143479,15.0
48000.0,480.0,0.0,,-1.2008679605548878,0.2008679605548877,15.0
48300.0,483.0,0.0,,-1.2008679604943384,0.2008679604943384,15.0
48400.0,484.0,0.0,,-1.2008677067823663,0.2008677067823663,15.0
48600.0,486.0,0.0,,-1.2008581043271074,0.2008581043271073,15.0
48700.0,487.0,0.0,,-1.2008547826448548,0.2008547826448548,15.0
48900.0,489.0,0.0,,-1.2008547659277815,0.2008547659277815,15.0
49200.0,492.0,0.0,,-1.2008546025814557,0.2008546025814557,15.0
49400.0,494.0,0.0,,-1.2008545662207422,0.2008545662207421,15.0
49500.0,495.0,0.0,,-1.200854563380335,0.2008545633803349,15.0
49800.0,498.0,0.0,,-1.2008545400569923,0.2008545400569923,15.0
49900.0,499.0,0.0,,-1.2008545222770666,0.2008545222770665,15.0
50200.0,502.0,0.0,,-1.2008545202751548,0.2008545202751548,15.0
50300.0,503.0,0.0,,-1.2008545023543633,0.2008545023543633,15.0
50400.0,504.0,0.0,,-1.200854492132204,0.2008544921322039,15.0
50600.0,506.0,0.0,,-1.2008544902756595,0.2008544902756595,15.0
50900.0,509.0,0.0,,-1.2008544882991097,0.2008544882991094,15.0
51200.0,512.0,0.0,,-1.2008544881466834,0.2008544881466833,15.0
51500.0,515.0,0.0,,-1.2008544880293812,0.2008544880293812,15.0
51700.0,517.0,0.0,,-1.200854487922366,0.2008544879223659,15.0
51900.0,519.0,0.0,,-1.2008000633860016,0.2008000633860016,15.0
52200.0,522.0,0.0,,-1.2007987314155335,0.2007987314155337,15.0
52300.0,523.0,0.0,,-1.200798587813993,0.200798587813993,15.0
52500.0,525.0,0.0,,-1.2007985494811213,0.2007985494811213,15.0
52600.0,526.0,0.0,,-1.200798500361662,0.2007985003616621,15.0
52700.0,527.0,0.0,,-1.2007984584988367,0.2007984584988367,15.0
52900.0,529.0,0.0,,-1.2007984360180337,0.2007984360180337,15.0
53000.0,530.0,0.0,,-1.2007984355443375,0.2007984355443377,15.0
53100.0,531.0,0.0,,-1.2007873511503555,0.2007873511503555,15.0
53200.0,532.0,0.0,,-1.2007800407482287,0.2007800407482287,15.0
53300.0,533.0,0.0,,-1.2007800384622924,0.2007800384622924,15.0
53400.0,534.0,0.0,,-1.2007797731937424,0.2007797731937424,15.0
53600.0,536.0,0.0,,-1.200774761375178,0.200774761375178,15.0
53900.0,539.0,0.0,,-1.200774745471291,0.2007747454712909,15.0
54100.0,541.0,0.0,,-1.2007744525029287,0.2007744525029287,15.0
55200.0,552.0,0.0,,-1.2007744454654263,0.2007744454654263,15.0
55300.0,553.0,0.0,,-1.2007744446962667,0.2007744446962667,15.0
55400.0,554.0,0.0,,-1.20077444310769,0.2007744431076901,15.0
55700.0,557.0,0.0,,-1.2007134113477451,0.2007134113477453,15.0
55900.0,559.0,0.0,,-1.200713404444075,0.200713404444075,15.0
56000.0,560.0,0.0,,-1.2007131177038126,0.2007131177038126,15.0
56100.0,561.0,0.0,,-1.200698394609401,0.2006983946094009,15.0
56500.0,565.0,0.0,,-1.2006718643659622,0.2006718643659621,15.0
56900.0,569.0,0.0,,-1.2006640450057844,0.2006640450057843,15.0
57200.0,572.0,0.0,,-1.2006613726024589,0.2006613726024588,15.0
57300.0,573.0,0.0,,-1.2006613725191504,0.2006613725191504,15.0
57500.0,575.0,0.0,,-1.2006609979449725,0.2006609979449722,15.0
57800.0,578.0,0.0,,-1.2006606465929694,0.2006606465929694,15.0
57900.0,579.0,0.0,,-1.1995648998786008,0.1995648998786008,15.0
58000.0,580.0,0.0,,-1.1995648966121388,0.1995648966121388,15.0
58100.0,581.0,0.0,,-1.1995585561734177,0.1995585561734176,15.0
58200.0,582.0,0.0,,-1.1994801424390171,0.1994801424390171,15.0
58300.0,583.0,0.0,,-1.1994801238432742,0.1994801238432741,15.0
58500.0,585.0,0.0,,-1.1994538065445275,0.1994538065445275,15.0
58600.0,586.0,0.0,,-1.1994537841421036,0.1994537841421035,15.0
58700.0,587.0,0.0,,-1.1993744880759751,0.1993744880759751,15.0
58800.0,588.0,0.0,,-1.1993720885847448,0.1993720885847447,15.0
59100.0,591.0,0.0,,-1.1993707638831137,0.1993707638831134,15.0
59400.0,594.0,0.0,,-1.1993658953231874,0.1993658953231873,15.0
59500.0,595.0,0.0,,-1.1993638592032947,0.1993638592032947,15.0
59700.0,597.0,0.0,,-1.199362600143261,0.1993626001432609,15.0
59800.0,598.0,0.0,,-1.1993594226803803,0.1993594226803803,15.0
59900.0,599.0,0.0,,-1.1993557997998714,0.1993557997998714,15.0
60100.0,601.0,0.0,,-1.1993550000899762,0.1993550000899762,15.0
60200.0,602.0,0.0,,-1.199354973222068,0.1993549732220678,15.0
60300.0,603.0,0.0,,-1.1993540488276984,0.1993540488276983,15.0
60400.0,604.0,0.0,,-1.1993537656639577,0.1993537656639574,15.0
60600.0,606.0,0.0,,-1.199353579466217,0.1993535794662166,15.0
60700.0,607.0,0.0,,-1.19935344531109,0.1993534453110899,15.0
60800.0,608.0,0.0,,-1.199353385427806,0.199353385427806,15.0
61000.0,610.0,0.0,,-1.1993533812928812,0.1993533812928811,15.0
61100.0,611.0,0.0,,-1.1993533276905577,0.1993533276905577,15.0
61200.0,612.0,0.0,,-1.19935332769054,0.1993533276905399,15.0
61300.0,613.0,0.0,,-1.1992418990827634,0.1992418990827633,15.0
61600.0,616.0,0.0,,-1.1992313410699529,0.1992313410699528,15.0
61700.0,617.0,0.0,,-1.1992282702989003,0.1992282702989003,15.0
61800.0,618.0,0.0,,-1.1992272656964538,0.1992272656964537,15.0
62300.0,623.0,0.0,,-1.199225310588084,0.1992253105880839,15.0
62500.0,625.0,0.0,,-1.1991109040062835,0.1991109040062837,15.0
62700.0,627.0,0.0,,-1.1991106932003508,0.1991106932003508,15.0
63000.0,630.0,0.0,,-1.1991090436725274,0.1991090436725273,15.0
63200.0,632.0,0.0,,-1.1991046311833466,0.1991046311833466,15.0
63400.0,634.0,0.0,,-1.199000537558064,0.1990005375580639,15.0
63700.0,637.0,0.0,,-1.198969067355448,0.198969067355448,15.0
63900.0,639.0,0.0,,-1.1989664350584468,0.1989664350584468,15.0
64000.0,640.0,0.0,,-1.1988619154449356,0.1988619154449356,15.0
64200.0,642.0,0.0,,-1.1988571623579136,0.1988571623579136,15.0
64300.0,643.0,0.0,,-1.198856123219049,0.1988561232190493,15.0
64600.0,646.0,0.0,,-1.1988558720774718,0.1988558720774718,15.0
64700.0,647.0,0.0,,-1.1988558273802223,0.1988558273802223,15.0
64800.0,648.0,0.0,,-1.198855456172888,0.1988554561728879,15.0
64900.0,649.0,0.0,,-1.198855250552049,0.1988552505520489,15.0
65100.0,651.0,0.0,,-1.1988552266515975,0.1988552266515975,15.0
65200.0,652.0,0.0,,-1.198855209679809,0.198855209679809,15.0
65300.0,653.0,0.0,,-1.1988551455895606,0.1988551455895606,15.0
65400.0,654.0,0.0,,-1.198855134478746,0.1988551344787459,15.0
65500.0,655.0,0.0,,-1.198855065807981,0.198855065807981,15.0
65600.0,656.0,0.0,,-1.1988550613022604,0.1988550613022603,15.0
65800.0,658.0,0.0,,-1.1988550612461777,0.1988550612461777,15.0
66000.0,660.0,0.0,,-1.1988550543001606,0.1988550543001606,15.0
66500.0,665.0,0.0,,-1.198855052918102,0.1988550529181021,15.0
66600.0,666.0,0.0,,-1.1988550519118963,0.1988550519118963,15.0
66700.0,667.0,0.0,,-1.1988550509426956,0.1988550509426956,15.0
67900.0,679.0,0.0,,-1.1988399611403335,0.1988399611403335,15.0
68000.0,680.0,0.0,,-1.1988216593904788,0.1988216593904788,15.0
68100.0,681.0,0.0,,-1.198726126468936,0.1987261264689359,15.0
68200.0,682.0,0.0,,-1.198683840234063,0.1986838402340629,15.0
68300.0,683.0,0.0,,-1.1986139320854503,0.1986139320854505,15.0
68400.0,684.0,0.0,,-1.1986099573406808,0.1986099573406807,15.0
68600.0,686.0,0.0,,-1.1986092639059462,0.1986092639059462,15.0
68800.0,688.0,0.0,,-1.1986069567432691,0.1986069567432693,15.0
69000.0,690.0,0.0,,-1.1986045706822015,0.1986045706822015,15.0
69300.0,693.0,0.0,,-1.1986038577273117,0.1986038577273117,15.0
69600.0,696.0,0.0,,-1.1986021915716731,0.1986021915716731,15.0
69800.0,698.0,0.0,,-1.1986020231256616,0.1986020231256615,15.0
70000.0,700.0,0.0,,-1.1986019921046895,0.1986019921046895,15.0
70500.0,705.0,0.0,,-1.1986019860471293,0.1986019860471293,15.0
70700.0,707.0,0.0,,-1.1986018364749966,0.1986018364749966,15.0
70800.0,708.0,0.0,,-1.1986018348334695,0.1986018348334697,15.0
70900.0,709.0,0.0,,-1.1986018320946423,0.1986018320946425,15.0
71000.0,710.0,0.0,,-1.1986018140544603,0.1986018140544603,15.0
71100.0,711.0,0.0,,-1.1986018137026069,0.1986018137026066,15.0
71300.0,713.0,0.0,,-1.1986018133296052,0.1986018133296052,15.0
71400.0,714.0,0.0,,-1.1986018119901185,0.1986018119901185,15.0
72000.0,720.0,0.0,,-1.198601811990059,0.198601811990059,15.0
72200.0,722.0,0.0,,-1.198601811892906,0.198601811892906,15.0
72400.0,724.0,0.0,,-1.1986018117503976,0.1986018117503976,15.0
72900.0,729.0,0.0,,-1.198601811740045,0.198601811740045,15.0
73200.0,732.0,0.0,,-1.1986018117389587,0.1986018117389587,15.0
73400.0,734.0,0.0,,-1.1986018117317148,0.1986018117317147,15.0
73500.0,735.0,0.0,,-1.1986018117018915,0.1986018117018917,15.0
73600.0,736.0,0.0,,-1.1986018117007942,0.1986018117007941,15.0
73900.0,739.0,0.0,,-1.198601811700663,0.1986018117006629,15.0
74000.0,740.0,0.0,,-1.198601811700293,0.198601811700293,15.0
74100.0,741.0,0.0,,-1.1985913229437075,0.1985913229437077,15.0
74200.0,742.0,0.0,,-1.1985911589199616,0.1985911589199616,15.0
74300.0,743.0,0.0,,-1.1985415470166194,0.1985415470166194,15.0
74700.0,747.0,0.0,,-1.198541221287246,0.1985412212872459,15.0
74800.0,748.0,0.0,,-1.1985412191543197,0.1985412191543196,15.0
74900.0,749.0,0.0,,-1.198507844032513,0.1985078440325129,15.0
75000.0,750.0,0.0,,-1.1985078440290835,0.1985078440290837,15.0
75100.0,751.0,0.0,,-1.1982640263734383,0.1982640263734383,15.0
75500.0,755.0,0.0,,-1.1974878264291575,0.1974878264291575,15.0
75800.0,758.0,0.0,,-1.1974694888110202,0.1974694888110202,15.0
75900.0,759.0,0.0,,-1.1974688072991722,0.1974688072991721,15.0
76000.0,760.0,0.0,,-1.1974662996117555,0.1974662996117555,15.0
76100.0,761.0,0.0,,-1.1974293197320534,0.1974293197320533,15.0
76200.0,762.0,0.0,,-1.1974253001581454,0.1974253001581454,15.0
76500.0,765.0,0.0,,-1.1974039085690684,0.1974039085690684,15.0
76600.0,766.0,0.0,,-1.1973370870818554,0.1973370870818553,15.0
76700.0,767.0,0.0,,-1.197329127526557,0.1973291275265569,15.0
77000.0,770.0,0.0,,-1.1973244047399998,0.1973244047399998,15.0
77100.0,771.0,0.0,,-1.1973232227298212,0.1973232227298211,15.0
77400.0,774.0,0.0,,-1.1972774905002113,0.1972774905002112,15.0
77600.0,776.0,0.0,,-1.1972686925645926,0.1972686925645925,15.0
77700.0,777.0,0.0,,-1.1972686752570216,0.1972686752570216,15.0
77800.0,778.0,0.0,,-1.197251574049276,0.1972515740492759,15.0
77900.0,779.0,0.0,,-1.197235006224232,0.197235006224232,15.0
78000.0,780.0,0.0,,-1.1972349992776088,0.1972349992776088,15.0
78200.0,782.0,0.0,,-1.197204257562805,0.197204257562805,15.0
78400.0,784.0,0.0,,-1.1971997410096489,0.1971997410096486,15.0
78500.0,785.0,0.0,,-1.1971984514075815,0.1971984514075815,15.0
78800.0,788.0,0.0,,-1.197181633654344,0.1971816336543439,15.0
79200.0,792.0,0.0,,-1.1971815901639695,0.1971815901639697,15.0
79300.0,793.0,0.0,,-1.1971499399894387,0.1971499399894387,15.0
79400.0,794.0,0.0,,-1.1750939806844531,0.1750939806844531,15.0
79800.0,798.0,0.0,,-1.175028341643728,0.1750283416437279,15.0
79900.0,799.0,0.0,,-1.174686683619134,0.1746866836191341,15.0
80000.0,800.0,0.0,,-1.1731154503549608,0.1731154503549608,15.0
80100.0,801.0,0.0,,-1.167777796897035,0.1677777968970353,15.0
80300.0,803.0,0.0,,-1.1654297023133,0.1654297023133,15.0
80500.0,805.0,0.0,,-1.1640970017263057,0.1640970017263054,15.0
80700.0,807.0,0.0,,-1.1630722072678168,0.1630722072678168,15.0
81000.0,810.0,0.0,,-1.1628349122768742,0.1628349122768742,15.0
81100.0,811.0,0.0,,-1.1625782003726166,0.1625782003726166,15.0
81500.0,815.0,0.0,,-1.1623593114187156,0.1623593114187156,15.0
81700.0,817.0,0.0,,-1.1623353695445355,0.1623353695445355,15.0
81800.0,818.0,0.0,,-1.1620752116669504,0.1620752116669503,15.0
82000.0,820.0,0.0,,-1.162068114262364,0.1620681142623639,15.0
82100.0,821.0,0.0,,-1.162014378365391,0.1620143783653909,15.0
82300.0,823.0,0.0,,-1.1614287429718648,0.1614287429718648,15.0
82600.0,826.0,0.0,,-1.1613700871321633,0.1613700871321632,15.0
82700.0,827.0,0.0,,-1.1613691036877904,0.1613691036877904,15.0
82800.0,828.0,0.0,,-1.161367367901731,0.1613673679017306,15.0
82900.0,829.0,0.0,,-1.161366592649782,0.161366592649782,15.0
83000.0,830.0,0.0,,-1.1613664995824438,0.1613664995824437,15.0
83200.0,832.0,0.0,,-1.1613457615422154,0.1613457615422153,15.0
83900.0,839.0,0.0,,-1.1613380741256585,0.1613380741256582,15.0
84000.0,840.0,0.0,,-1.1613361040411254,0.1613361040411254,15.0
84100.0,841.0,0.0,,-1.1613356688793317,0.1613356688793314,15.0
84200.0,842.0,0.0,,-1.1613346234466764,0.1613346234466763,15.0
84300.0,843.0,0.0,,-1.16133341557482,0.16133341557482,15.0
84400.0,844.0,0.0,,-1.1613318780188833,0.1613318780188832,15.0
84500.0,845.0,0.0,,-1.1613318523954956,0.1613318523954956,15.0
84600.0,846.0,0.0,,-1.161331360076742,0.1613313600767421,15.0
84700.0,847.0,0.0,,-1.1613307016272454,0.1613307016272454,15.0
84900.0,849.0,0.0,,-1.161320919618598,0.161320919618598,15.0
85100.0,851.0,0.0,,-1.161320307265575,0.1613203072655749,15.0
85200.0,852.0,0.0,,-1.1613202139953058,0.1613202139953058,15.0
85500.0,855.0,0.0,,-1.1613201716450996,0.1613201716450996,15.0
85600.0,856.0,0.0,,-1.161320103323084,0.161320103323084,15.0
86100.0,861.0,0.0,,-1.1613201003428857,0.1613201003428854,15.0
86200.0,862.0,0.0,,-1.161320094278989,0.1613200942789889,15.0
86700.0,867.0,0.0,,-1.161320092935585,0.1613200929355849,15.0
86800.0,868.0,0.0,,-1.1613200924922464,0.1613200924922464,15.0
87200.0,872.0,0.0,,-1.1613200924125553,0.1613200924125553,15.0
87400.0,874.0,0.0,,-1.160854432352768,0.1608544323527678,15.0
87700.0,877.0,0.0,,-1.160854431284796,0.1608544312847959,15.0
87800.0,878.0,0.0,,-1.1608544290664022,0.1608544290664022,15.0
87900.0,879.0,0.0,,-1.160853764287899,0.1608537642878991,15.0
88000.0,880.0,0.0,,-1.160853059402358,0.160853059402358,15.0
88200.0,882.0,0.0,,-1.1608505188195988,0.1608505188195987,15.0
88300.0,883.0,0.0,,-1.160849431893806,0.160849431893806,15.0
88600.0,886.0,0.0,,-1.1608494305681296,0.1608494305681296,15.0
88700.0,887.0,0.0,,-1.160821149240366,0.1608211492403659,15.0
88900.0,889.0,0.0,,-1.1608202100114755,0.1608202100114757,15.0
89000.0,890.0,0.0,,-1.160813173693083,0.1608131736930829,15.0
89400.0,894.0,0.0,,-1.1608125056750165,0.1608125056750164,15.0
89500.0,895.0,0.0,,-1.1608124627850116,0.1608124627850116,15.0
89600.0,896.0,0.0,,-1.160795403965094,0.160795403965094,15.0
89700.0,897.0,0.0,,-1.1607894418429614,0.1607894418429614,15.0
89900.0,899.0,0.0,,-1.1607875387223716,0.1607875387223716,15.0
90000.0,900.0,0.0,,-1.160786491001871,0.160786491001871,15.0
90100.0,901.0,0.0,,-1.160784189779419,0.1607841897794193,15.0
90200.0,902.0,0.0,,-1.1607831996544988,0.1607831996544988,15.0
90500.0,905.0,0.0,,-1.1607825273037666,0.1607825273037666,15.0
90800.0,908.0,0.0,,-1.1607789861312732,0.1607789861312731,15.0
90900.0,909.0,0.0,,-1.1607756897956172,0.1607756897956171,15.0
91000.0,910.0,0.0,,-1.1607754879797711,0.1607754879797711,15.0
91100.0,911.0,0.0,,-1.1607749247524553,0.1607749247524552,15.0
91200.0,912.0,0.0,,-1.1607748450644289,0.1607748450644288,15.0
91300.0,913.0,0.0,,-1.1607738383410624,0.1607738383410624,15.0
91500.0,915.0,0.0,,-1.1607000712562852,0.1607000712562851,15.0
91900.0,919.0,0.0,,-1.160698141302111,0.1606981413021109,15.0
92000.0,920.0,0.0,,-1.1606981310875866,0.1606981310875865,15.0
92300.0,923.0,0.0,,-1.1606960554805326,0.1606960554805325,15.0
92500.0,925.0,0.0,,-1.160690758566962,0.1606907585669621,15.0
92700.0,927.0,0.0,,-1.160680253326108,0.160680253326108,15.0
92900.0,929.0,0.0,,-1.1606792047346006,0.1606792047346006,15.0
93000.0,930.0,0.0,,-1.1606398579740946,0.1606398579740946,15.0
93200.0,932.0,0.0,,-1.160615613910926,0.160615613910926,15.0
93300.0,933.0,0.0,,-1.160613795246184,0.1606137952461841,15.0
93400.0,934.0,0.0,,-1.1605790336903246,0.1605790336903245,15.0
93500.0,935.0,0.0,,-1.1605766168468867,0.1605766168468867,15.0
93600.0,936.0,0.0,,-1.160574577267407,0.1605745772674069,15.0
93700.0,937.0,0.0,,-1.1605728170265808,0.1605728170265807,15.0
93800.0,938.0,0.0,,-1.1605726141835953,0.1605726141835952,15.0
93900.0,939.0,0.0,,-1.1605709248690768,0.1605709248690767,15.0
94000.0,940.0,0.0,,-1.160570118009856,0.160570118009856,15.0
94100.0,941.0,0.0,,-1.160568720400987,0.1605687204009869,15.0
94300.0,943.0,0.0,,-1.1605680419335758,0.1605680419335757,15.0
94400.0,944.0,0.0,,-1.1605677871194848,0.1605677871194848,15.0
94700.0,947.0,0.0,,-1.1605672928047617,0.1605672928047614,15.0
95200.0,952.0,0.0,,-1.160567239097427,0.1605672390974273,15.0
95800.0,958.0,0.0,,-1.160567239038717,0.1605672390387169,15.0
96300.0,963.0,0.0,,-1.160515944837138,0.160515944837138,15.0
96700.0,967.0,0.0,,-1.1605121886740584,0.1605121886740583,15.0
96800.0,968.0,0.0,,-1.160511842066779,0.160511842066779,15.0
97000.0,970.0,0.0,,-1.160509627345741,0.1605096273457409,15.0
97200.0,972.0,0.0,,-1.160508659819746,0.160508659819746,15.0
97400.0,974.0,0.0,,-1.160506783606926,0.160506783606926,15.0
97500.0,975.0,0.0,,-1.1605058535888164,0.1605058535888164,15.0
97600.0,976.0,0.0,,-1.160504813690859,0.1605048136908589,15.0
97700.0,977.0,0.0,,-1.1605047321851676,0.1605047321851676,15.0
97800.0,978.0,0.0,,-1.1605040855411453,0.1605040855411452,15.0
97900.0,979.0,0.0,,-1.1605034944268229,0.1605034944268228,15.0
98000.0,980.0,0.0,,-1.160503159894686,0.160503159894686,15.0
98100.0,981.0,0.0,,-1.1605031491053284,0.1605031491053283,15.0
98200.0,982.0,0.0,,-1.1605029959609232,0.1605029959609232,15.0
98400.0,984.0,0.0,,-1.1605028479598585,0.1605028479598584,15.0
98800.0,988.0,0.0,,-1.1605026900859114,0.1605026900859114,15.0
99100.0,991.0,0.0,,-1.1605005251804594,0.1605005251804594,15.0
99300.0,993.0,0.0,,-1.1604998769823982,0.1604998769823982,15.0
99400.0,994.0,0.0,,-1.1604997989009838,0.1604997989009837,15.0
99600.0,996.0,0.0,,-1.1604996359642257,0.1604996359642254,15.0
99700.0,997.0,0.0,,-1.1604994040180046,0.1604994040180045,15.0
99800.0,998.0,0.0,,-1.160499311266718,0.1604993112667179,15.0
99900.0,999.0,0.0,,-1.1604985083646555,0.1604985083646557,15.0
100100.0,1001.0,0.0,,-1.149791965348265,0.1497919653482651,15.0
100900.0,1009.0,0.0,,-1.148127612393146,0.1481276123931458,15.0
101100.0,1011.0,0.0,,-1.1358414621299957,0.1358414621299957,15.0
101300.0,1013.0,0.0,,-1.13584093783584,0.13584093783584,15.0
101700.0,1017.0,0.0,,-1.135095529721545,0.135095529721545,15.0
101800.0,1018.0,0.0,,-1.1314337824857428,0.1314337824857427,15.0
101900.0,1019.0,0.0,,-1.1290146489604345,0.1290146489604344,15.0
102100.0,1021.0,0.0,,-1.128787155576403,0.128787155576403,15.0
102300.0,1023.0,0.0,,-1.1286614334935052,0.1286614334935052,15.0
102500.0,1025.0,0.0,,-1.128007515360471,0.1280075153604709,15.0
102600.0,1026.0,0.0,,-1.1266987681681486,0.1266987681681486,15.0
102900.0,1029.0,0.0,,-1.126064531943367,0.1260645319433671,15.0
103200.0,1032.0,0.0,,-1.1259990118598335,0.1259990118598335,15.0
103400.0,1034.0,0.0,,-1.1259990007641876,0.1259990007641875,15.0
103600.0,1036.0,0.0,,-1.1259989835663904,0.1259989835663904,15.0
103700.0,1037.0,0.0,,-1.1259874486444934,0.1259874486444934,15.0
103900.0,1039.0,0.0,,-1.1259834370666613,0.1259834370666612,15.0
104000.0,1040.0,0.0,,-1.1259826033217422,0.1259826033217421,15.0
104300.0,1043.0,0.0,,-1.1259824841938393,0.1259824841938392,15.0
104400.0,1044.0,0.0,,-1.1259749639393142,0.1259749639393141,15.0
104500.0,1045.0,0.0,,-1.1259441687538183,0.1259441687538183,15.0
104600.0,1046.0,0.0,,-1.125944122566474,0.1259441225664739,15.0
104700.0,1047.0,0.0,,-1.1259441173397733,0.1259441173397733,15.0
104800.0,1048.0,0.0,,-1.1259432137278933,0.1259432137278933,15.0
104900.0,1049.0,0.0,,-1.125941157049909,0.1259411570499089,15.0
105100.0,1051.0,0.0,,-1.1259348130755389,0.1259348130755389,15.0
105200.0,1052.0,0.0,,-1.1259315079259542,0.1259315079259542,15.0
105300.0,1053.0,0.0,,-1.1259245100822353,0.1259245100822352,15.0
105400.0,1054.0,0.0,,-1.1259239436936317,0.1259239436936314,15.0
105500.0,1055.0,0.0,,-1.1259231724343424,0.1259231724343423,15.0
105800.0,1058.0,0.0,,-1.125923153681581,0.125923153681581,15.0
105900.0,1059.0,0.0,,-1.12592244909424,0.1259224490942401,15.0
106000.0,1060.0,0.0,,-1.1259218825529689,0.1259218825529688,15.0
106200.0,1062.0,0.0,,-1.1259213608715952,0.1259213608715952,15.0
106300.0,1063.0,0.0,,-1.1259208401290148,0.1259208401290148,15.0
106400.0,1064.0,0.0,,-1.125919746431835,0.1259197464318346,15.0
106600.0,1066.0,0.0,,-1.1259195689334691,0.1259195689334691,15.0
106700.0,1067.0,0.0,,-1.1259186868677966,0.1259186868677966,15.0
106800.0,1068.0,0.0,,-1.125917298410822,0.1259172984108221,15.0
107000.0,1070.0,0.0,,-1.12591661428957,0.12591661428957,15.0
107500.0,1075.0,0.0,,-1.1259160598627518,0.1259160598627517,15.0
107700.0,1077.0,0.0,,-1.12584313540872,0.1258431354087199,15.0
108400.0,1084.0,0.0,,-1.1258431262829618,0.1258431262829618,15.0
109000.0,1090.0,0.0,,-1.1258430622679698,0.1258430622679698,15.0
109100.0,1091.0,0.0,,-1.1258361439668363,0.1258361439668363,15.0
109300.0,1093.0,0.0,,-1.125835209901541,0.1258352099015409,15.0
109500.0,1095.0,0.0,,-1.1258350007213545,0.1258350007213544,15.0
109600.0,1096.0,0.0,,-1.1258337688375395,0.1258337688375397,15.0
109700.0,1097.0,0.0,,-1.1258225951322078,0.1258225951322078,15.0
109900.0,1099.0,0.0,,-1.1258198041169591,0.1258198041169591,15.0
110200.0,1102.0,0.0,,-1.1258196392102715,0.1258196392102715,15.0
110300.0,1103.0,0.0,,-1.125819265564889,0.1258192655648891,15.0
110400.0,1104.0,0.0,,-1.1258192643055764,0.1258192643055764,15.0
110900.0,1109.0,0.0,,-1.1258192617493297,0.1258192617493296,15.0
111100.0,1111.0,0.0,,-1.1258192238929474,0.1258192238929474,15.0
111500.0,1115.0,0.0,,-1.1257789509101006,0.1257789509101006,15.0
111700.0,1117.0,0.0,,-1.1257772451317818,0.1257772451317818,15.0
111800.0,1118.0,0.0,,-1.1257772451221304,0.1257772451221304,15.0
112100.0,1121.0,0.0,,-1.125777190545413,0.125777190545413,15.0
112300.0,1123.0,0.0,,-1.1257769215158575,0.1257769215158577,15.0
112700.0,1127.0,0.0,,-1.125776915767943,0.1257769157679429,15.0
112800.0,1128.0,0.0,,-1.1257769118330696,0.1257769118330696,15.0
112900.0,1129.0,0.0,,-1.1257523498922613,0.1257523498922612,15.0
113000.0,1130.0,0.0,,-1.1257520540313422,0.1257520540313421,15.0
113200.0,1132.0,0.0,,-1.1257516324130168,0.1257516324130168,15.0
113300.0,1133.0,0.0,,-1.125751562605792,0.1257515626057921,15.0
113400.0,1134.0,0.0,,-1.1257514241088,0.1257514241088,15.0
113700.0,1137.0,0.0,,-1.125751408065279,0.125751408065279,15.0
113800.0,1138.0,0.0,,-1.1257513938616954,0.1257513938616954,15.0
114000.0,1140.0,0.0,,-1.1257513071748555,0.1257513071748557,15.0
114300.0,1143.0,0.0,,-1.125751269884948,0.1257512698849479,15.0
114400.0,1144.0,0.0,,-1.125751252597358,0.1257512525973581,15.0
114500.0,1145.0,0.0,,-1.1257465423115451,0.1257465423115451,15.0
114900.0,1149.0,0.0,,-1.125742065283856,0.1257420652838559,15.0
115000.0,1150.0,0.0,,-1.125737325953137,0.1257373259531369,15.0
115100.0,1151.0,0.0,,-1.125736662741631,0.1257366627416309,15.0
115200.0,1152.0,0.0,,-1.1257300100871146,0.1257300100871146,15.0
115300.0,1153.0,0.0,,-1.1257052150663192,0.1257052150663191,15.0
115400.0,1154.0,0.0,,-1.1257037394021758,0.1257037394021758,15.0
115500.0,1155.0,0.0,,-1.1257037179268967,0.1257037179268967,15.0
115800.0,1158.0,0.0,,-1.125693146245022,0.1256931462450221,15.0
116200.0,1162.0,0.0,,-1.1255857548456698,0.1255857548456698,15.0
116300.0,1163.0,0.0,,-1.1255851893301991,0.1255851893301991,15.0
116500.0,1165.0,0.0,,-1.1255663000992295,0.1255663000992295,15.0
116700.0,1167.0,0.0,,-1.1255612434921924,0.1255612434921924,15.0
116900.0,1169.0,0.0,,-1.1255612426835186,0.1255612426835186,15.0
117000.0,1170.0,0.0,,-1.1255605140826752,0.1255605140826752,15.0
117100.0,1171.0,0.0,,-1.1255583723712377,0.1255583723712374,15.0
117200.0,1172.0,0.0,,-1.125558170249427,0.125558170249427,15.0
117300.0,1173.0,0.0,,-1.1255578940984194,0.1255578940984194,15.0
117600.0,1176.0,0.0,,-1.125557887004863,0.125557887004863,15.0
117900.0,1179.0,0.0,,-1.125557829914002,0.1255578299140021,15.0
118100.0,1181.0,0.0,,-1.1255570863570878,0.1255570863570878,15.0
118400.0,1184.0,0.0,,-1.1255570823901584,0.1255570823901584,15.0
118500.0,1185.0,0.0,,-1.1255570403349533,0.1255570403349533,15.0
118600.0,1186.0,0.0,,-1.124692021982101,0.124692021982101,15.0
118900.0,1189.0,0.0,,-1.1246548893369506,0.1246548893369505,15.0
119000.0,1190.0,0.0,,-1.1244167391479265,0.1244167391479265,15.0
119400.0,1194.0,0.0,,-1.1244009213126065,0.1244009213126062,15.0
119500.0,1195.0,0.0,,-1.1243466372482422,0.1243466372482422,15.0
119700.0,1197.0,0.0,,-1.124318689009465,0.1243186890094649,15.0
119800.0,1198.0,0.0,,-1.1243166933201196,0.1243166933201196,15.0
119900.0,1199.0,0.0,,-1.1243166926074533,0.1243166926074532,15.0
120000.0,1200.0,0.0,,-1.1242882975970714,0.1242882975970713,15.0
120100.0,1201.0,0.0,,-1.1242830739561418,0.1242830739561418,15.0
120700.0,1207.0,0.0,,-1.1242830559151529,0.1242830559151528,15.0
120800.0,1208.0,0.0,,-1.1242819732963405,0.1242819732963402,15.0
120900.0,1209.0,0.0,,-1.124281824755532,0.1242818247555319,15.0
121100.0,1211.0,0.0,,-1.1242814273951756,0.1242814273951755,15.0
121300.0,1213.0,0.0,,-1.1242814158812076,0.1242814158812075,15.0
121600.0,1216.0,0.0,,-1.1242813690313072,0.1242813690313071,15.0
121700.0,1217.0,0.0,,-1.1242808791290893,0.1242808791290892,15.0
121800.0,1218.0,0.0,,-1.1242808768169517,0.1242808768169516,15.0
122100.0,1221.0,0.0,,-1.12421663946481,0.1242166394648101,15.0
122300.0,1223.0,0.0,,-1.1242166368961173,0.1242166368961172,15.0
122700.0,1227.0,0.0,,-1.1242154203981736,0.1242154203981735,15.0
122900.0,1229.0,0.0,,-1.124215404821182,0.1242154048211821,15.0
123000.0,1230.0,0.0,,-1.1242152720078569,0.1242152720078568,15.0
123100.0,1231.0,0.0,,-1.1242141426031644,0.1242141426031644,15.0
123300.0,1233.0,0.0,,-1.1241839027135616,0.1241839027135616,15.0
123500.0,1235.0,0.0,,-1.124183615622543,0.1241836156225433,15.0
123600.0,1236.0,0.0,,-1.1241747129066302,0.1241747129066301,15.0
123700.0,1237.0,0.0,,-1.1241747026017164,0.1241747026017163,15.0
123800.0,1238.0,0.0,,-1.1241739068451928,0.1241739068451928,15.0
123900.0,1239.0,0.0,,-1.1241702289874858,0.1241702289874857,15.0
124000.0,1240.0,0.0,,-1.1241666412330429,0.1241666412330426,15.0
124100.0,1241.0,0.0,,-1.1241665408010282,0.1241665408010281,15.0
124300.0,1243.0,0.0,,-1.124166515346403,0.1241665153464031,15.0
124400.0,1244.0,0.0,,-1.1241648949189564,0.1241648949189564,15.0
124600.0,1246.0,0.0,,-1.1241646367732094,0.1241646367732094,15.0
124900.0,1249.0,0.0,,-1.124164460365635,0.1241644603656351,15.0
125200.0,1252.0,0.0,,-1.124164456582179,0.1241644565821789,15.0
125500.0,1255.0,0.0,,-1.1241644504153718,0.1241644504153718,15.0
125600.0,1256.0,0.0,,-1.1241644421914851,0.1241644421914851,15.0
125800.0,1258.0,0.0,,-1.124164440046413,0.124164440046413,15.0
126000.0,1260.0,0.0,,-1.124164439936819,0.1241644399368189,15.0
126100.0,1261.0,0.0,,-1.1241644399363917,0.1241644399363917,15.0
126200.0,1262.0,0.0,,-1.1241644381618243,0.1241644381618243,15.0
126300.0,1263.0,0.0,,-1.124164436976136,0.1241644369761358,15.0
126400.0,1264.0,0.0,,-1.1241644369291754,0.1241644369291754,15.0
126500.0,1265.0,0.0,,-1.1241644368873562,0.1241644368873562,15.0
126800.0,1268.0,0.0,,-1.1241644368809716,0.1241644368809715,15.0
127000.0,1270.0,0.0,,-1.1241644368531565,0.1241644368531564,15.0
127600.0,1276.0,0.0,,-1.124164436844601,0.1241644368446011,15.0
127900.0,1279.0,0.0,,-1.1241644368352202,0.1241644368352201,15.0
128200.0,1282.0,0.0,,-1.124164436832466,0.1241644368324659,15.0
128400.0,1284.0,0.0,,-1.1241644368321193,0.1241644368321193,15.0
128500.0,1285.0,0.0,,-1.124164436831121,0.124164436831121,15.0
128600.0,1286.0,0.0,,-1.1241644368307009,0.1241644368307006,15.0
128700.0,1287.0,0.0,,-1.124164436830616,0.124164436830616,15.0
129100.0,1291.0,0.0,,-1.1241394044691702,0.1241394044691701,15.0
129700.0,1297.0,0.0,,-1.12413413369645,0.1241341336964501,15.0
129800.0,1298.0,0.0,,-1.1239588690739335,0.1239588690739337,15.0
130100.0,1301.0,0.0,,-1.1239537280360936,0.1239537280360936,15.0
130300.0,1303.0,0.0,,-1.1239329441858303,0.1239329441858303,15.0
130400.0,1304.0,0.0,,-1.1239326739722948,0.1239326739722948,15.0
130500.0,1305.0,0.0,,-1.1238775916986623,0.1238775916986625,15.0
130700.0,1307.0,0.0,,-1.123877531706393,0.1238775317063929,15.0
130800.0,1308.0,0.0,,-1.123854949154976,0.123854949154976,15.0
131000.0,1310.0,0.0,,-1.1238108934157487,0.1238108934157486,15.0
131300.0,1313.0,0.0,,-1.1232697389839947,0.1232697389839947,15.0
131600.0,1316.0,0.0,,-1.1223196963730346,0.1223196963730346,15.0
131700.0,1317.0,0.0,,-1.12046676395679,0.12046676395679,15.0
131800.0,1318.0,0.0,,-1.111759132006105,0.1117591320061053,15.0
131900.0,1319.0,0.0,,-1.102561270599658,0.1025612705996581,15.0
132000.0,1320.0,0.0,,-1.100165535679051,0.1001655356790509,15.0
132100.0,1321.0,0.0,,-1.0993676712788436,0.0993676712788436,15.0
132200.0,1322.0,0.0,,-1.099314039035586,0.099314039035586,15.0
132400.0,1324.0,0.0,,-1.0946024631374804,0.0946024631374804,15.0
132600.0,1326.0,0.0,,-1.0936044544883174,0.0936044544883174,15.0
132800.0,1328.0,0.0,,-1.09360404459995,0.0936040445999499,15.0
132900.0,1329.0,0.0,,-1.092775395694446,0.0927753956944461,15.0
133100.0,1331.0,0.0,,-1.0927482566157412,0.0927482566157411,15.0
133300.0,1333.0,0.0,,-1.0925040651251865,0.0925040651251862,15.0
133400.0,1334.0,0.0,,-1.09232828523089,0.0923282852308899,15.0
133500.0,1335.0,0.0,,-1.0923008958748543,0.0923008958748543,15.0
133900.0,1339.0,0.0,,-1.0922925560815022,0.0922925560815022,15.0
134100.0,1341.0,0.0,,-1.0922911061769194,0.0922911061769193,15.0
134500.0,1345.0,0.0,,-1.0922905159640972,0.0922905159640972,15.0
134900.0,1349.0,0.0,,-1.0922900281693533,0.0922900281693532,15.0
135100.0,1351.0,0.0,,-1.0922896536385491,0.0922896536385491,15.0
135200.0,1352.0,0.0,,-1.0918999741028466,0.0918999741028465,15.0
135700.0,1357.0,0.0,,-1.0918376439346982,0.0918376439346981,15.0
135900.0,1359.0,0.0,,-1.0917879885324313,0.0917879885324313,15.0
136100.0,1361.0,0.0,,-1.091768347431737,0.091768347431737,15.0
136300.0,1363.0,0.0,,-1.091742246024409,0.091742246024409,15.0
136700.0,1367.0,0.0,,-1.0917422440262974,0.0917422440262973,15.0
137100.0,1371.0,0.0,,-1.0917422429362833,0.0917422429362833,15.0
137200.0,1372.0,0.0,,-1.0917422422679846,0.0917422422679845,15.0
137300.0,1373.0,0.0,,-1.0917422333624944,0.0917422333624944,15.0
137500.0,1375.0,0.0,,-1.0917422317266705,0.0917422317266702,15.0
137600.0,1376.0,0.0,,-1.091742231576886,0.0917422315768858,15.0
137700.0,1377.0,0.0,,-1.0917422261512315,0.0917422261512317,15.0
138000.0,1380.0,0.0,,-1.0917422256103833,0.0917422256103832,15.0
138100.0,1381.0,0.0,,-1.091689012396116,0.091689012396116,15.0
138200.0,1382.0,0.0,,-1.091687805399744,0.0916878053997438,15.0
138300.0,1383.0,0.0,,-1.091687382507163,0.0916873825071629,15.0
138500.0,1385.0,0.0,,-1.091686373597099,0.0916863735970989,15.0
138800.0,1388.0,0.0,,-1.091668949647439,0.0916689496474389,15.0
139100.0,1391.0,0.0,,-1.0916689470847047,0.0916689470847047,15.0
139200.0,1392.0,0.0,,-1.0916680579368825,0.0916680579368822,15.0
139300.0,1393.0,0.0,,-1.0916667638507238,0.0916667638507238,15.0
139400.0,1394.0,0.0,,-1.091663038828829,0.0916630388288293,15.0
139600.0,1396.0,0.0,,-1.0916625689142083,0.0916625689142085,15.0
139700.0,1397.0,0.0,,-1.0916624003516335,0.0916624003516335,15.0
140000.0,1400.0,0.0,,-1.0916622287406097,0.0916622287406094,15.0
140100.0,1401.0,0.0,,-1.091662155639744,0.0916621556397441,15.0
140300.0,1403.0,0.0,,-1.0916621484728002,0.0916621484728001,15.0
140400.0,1404.0,0.0,,-1.0916620558641037,0.0916620558641037,15.0
140500.0,1405.0,0.0,,-1.091060353954275,0.0910603539542749,15.0
140600.0,1406.0,0.0,,-1.0907527543611897,0.0907527543611894,15.0
140800.0,1408.0,0.0,,-1.090725035733635,0.0907250357336351,15.0
141000.0,1410.0,0.0,,-1.090688585660743,0.0906885856607429,15.0
141200.0,1412.0,0.0,,-1.0906474648242617,0.0906474648242616,15.0
141300.0,1413.0,0.0,,-1.0906432189310011,0.0906432189310011,15.0
141500.0,1415.0,0.0,,-1.0906357514937977,0.0906357514937976,15.0
141600.0,1416.0,0.0,,-1.090628615054301,0.0906286150543009,15.0
141700.0,1417.0,0.0,,-1.0906266763289845,0.0906266763289844,15.0
141800.0,1418.0,0.0,,-1.0906247374392433,0.0906247374392432,15.0
141900.0,1419.0,0.0,,-1.0906206717495024,0.0906206717495023,15.0
142000.0,1420.0,0.0,,-1.0906190599941257,0.0906190599941254,15.0
142200.0,1422.0,0.0,,-1.090615795390706,0.090615795390706,15.0
142300.0,1423.0,0.0,,-1.0905535774665716,0.0905535774665715,15.0
142500.0,1425.0,0.0,,-1.0904768695714655,0.0904768695714655,15.0
142600.0,1426.0,0.0,,-1.0904411262051414,0.0904411262051414,15.0
142800.0,1428.0,0.0,,-1.090440880035538,0.090440880035538,15.0
143000.0,1430.0,0.0,,-1.0904406280885777,0.0904406280885776,15.0
143200.0,1432.0,0.0,,-1.0904291069432264,0.0904291069432263,15.0
143500.0,1435.0,0.0,,-1.090400646439447,0.0904006464394469,15.0
143600.0,1436.0,0.0,,-1.0903999815231211,0.0903999815231213,15.0
143800.0,1438.0,0.0,,-1.0903999163415652,0.0903999163415651,15.0
143900.0,1439.0,0.0,,-1.0903978616094407,0.0903978616094407,15.0
144000.0,1440.0,0.0,,-1.0903930775659645,0.0903930775659642,15.0
144300.0,1443.0,0.0,,-1.0903925313244225,0.0903925313244222,15.0
144400.0,1444.0,0.0,,-1.0903914681373956,0.0903914681373956,15.0
144500.0,1445.0,0.0,,-1.0903723610834684,0.0903723610834683,15.0
144600.0,1446.0,0.0,,-1.0903721364046983,0.0903721364046985,15.0
144700.0,1447.0,0.0,,-1.0903682914561177,0.0903682914561174,15.0
144800.0,1448.0,0.0,,-1.090367547059896,0.0903675470598959,15.0
145000.0,1450.0,0.0,,-1.090355252969805,0.090355252969805,15.0
145100.0,1451.0,0.0,,-1.090340674468934,0.0903406744689341,15.0
145300.0,1453.0,0.0,,-1.0903405781202826,0.0903405781202826,15.0
145500.0,1455.0,0.0,,-1.0903394124030814,0.0903394124030814,15.0
145800.0,1458.0,0.0,,-1.0903394018453445,0.0903394018453445,15.0
146200.0,1462.0,0.0,,-1.0903393468828302,0.0903393468828301,15.0
146300.0,1463.0,0.0,,-1.0903392079796088,0.0903392079796088,15.0
146400.0,1464.0,0.0,,-1.0903390679318437,0.0903390679318436,15.0
146700.0,1467.0,0.0,,-1.090339061260877,0.0903390612608769,15.0
147100.0,1471.0,0.0,,-1.0903091996381284,0.0903091996381284,15.0
147200.0,1472.0,0.0,,-1.090306465131893,0.090306465131893,15.0
147600.0,1476.0,0.0,,-1.0903063248019906,0.0903063248019906,15.0
147800.0,1478.0,0.0,,-1.0903060867328511,0.0903060867328513,15.0
147900.0,1479.0,0.0,,-1.090305558278189,0.0903055582781893,15.0
148100.0,1481.0,0.0,,-1.0903050428235166,0.0903050428235165,15.0
148400.0,1484.0,0.0,,-1.0903045584958992,0.0903045584958992,15.0
148500.0,1485.0,0.0,,-1.0903045578029915,0.0903045578029915,15.0
148600.0,1486.0,0.0,,-1.090304049608852,0.090304049608852,15.0
148700.0,1487.0,0.0,,-1.0903034290272844,0.0903034290272843,15.0
148800.0,1488.0,0.0,,-1.090303138642164,0.090303138642164,15.0
149100.0,1491.0,0.0,,-1.0903019388887336,0.0903019388887336,15.0
149300.0,1493.0,0.0,,-1.0903018618619729,0.0903018618619728,15.0
149700.0,1497.0,0.0,,-1.0903018129311428,0.0903018129311428,15.0
150500.0,1505.0,0.0,,-1.0903018124244623,0.0903018124244623,15.0
150600.0,1506.0,0.0,,-1.090301812386941,0.090301812386941,15.0
150700.0,1507.0,0.0,,-1.090301811886902,0.0903018118869019,15.0
151000.0,1510.0,0.0,,-1.0903018115517624,0.0903018115517624,15.0
151200.0,1512.0,0.0,,-1.0903018051183402,0.0903018051183401,15.0
151300.0,1513.0,0.0,,-1.0903018024427622,0.0903018024427622,15.0
151600.0,1516.0,0.0,,-1.0903018022537811,0.0903018022537811,15.0
151700.0,1517.0,0.0,,-1.090301802219113,0.0903018022191131,15.0
151900.0,1519.0,0.0,,-1.090301802141331,0.0903018021413311,15.0
152000.0,1520.0,0.0,,-1.090301801978948,0.0903018019789481,15.0
152400.0,1524.0,0.0,,-1.0903018019787654,0.0903018019787653,15.0
152500.0,1525.0,0.0,,-1.0902829081184189,0.0902829081184186,15.0
153100.0,1531.0,0.0,,-1.090273204469724,0.0902732044697238,15.0
153200.0,1532.0,0.0,,-1.0902700778755186,0.0902700778755185,15.0
153800.0,1538.0,0.0,,-1.090269628977404,0.0902696289774038,15.0
153900.0,1539.0,0.0,,-1.0902694211953592,0.0902694211953591,15.0
154200.0,1542.0,0.0,,-1.0902692885947245,0.0902692885947242,15.0
154300.0,1543.0,0.0,,-1.0902218628061089,0.0902218628061086,15.0
154400.0,1544.0,0.0,,-1.090092721108791,0.0900927211087909,15.0
154900.0,1549.0,0.0,,-1.090090523256616,0.090090523256616,15.0
155000.0,1550.0,0.0,,-1.0900899189779596,0.0900899189779596,15.0
155400.0,1554.0,0.0,,-1.0900856765320768,0.0900856765320767,15.0
155600.0,1556.0,0.0,,-1.090084945469038,0.090084945469038,15.0
155700.0,1557.0,0.0,,-1.090082163181663,0.090082163181663,15.0
156000.0,1560.0,0.0,,-1.0900808619688216,0.0900808619688215,15.0
156100.0,1561.0,0.0,,-1.0900806883218126,0.0900806883218126,15.0
156200.0,1562.0,0.0,,-1.0900731899400142,0.0900731899400142,15.0
156300.0,1563.0,0.0,,-1.0900348546912757,0.0900348546912757,15.0
156700.0,1567.0,0.0,,-1.0899975624669116,0.0899975624669116,15.0
157200.0,1572.0,0.0,,-1.089965014312745,0.089965014312745,15.0
157500.0,1575.0,0.0,,-1.0899641229734596,0.0899641229734595,15.0
157700.0,1577.0,0.0,,-1.089959705151182,0.089959705151182,15.0
157800.0,1578.0,0.0,,-1.08995595257018,0.08995595257018,15.0
157900.0,1579.0,0.0,,-1.089950825258147,0.0899508252581469,15.0
158300.0,1583.0,0.0,,-1.0899490092983133,0.0899490092983132,15.0
158500.0,1585.0,0.0,,-1.089948752752981,0.0899487527529809,15.0
158600.0,1586.0,0.0,,-1.0899479513511174,0.0899479513511174,15.0
158900.0,1589.0,0.0,,-1.0899477459076454,0.0899477459076454,15.0
159100.0,1591.0,0.0,,-1.0899474951973454,0.0899474951973453,15.0
159500.0,1595.0,0.0,,-1.089947474408823,0.0899474744088228,15.0
159800.0,1598.0,0.0,,-1.08994747393112,0.0899474739311199,15.0
160200.0,1602.0,0.0,,-1.08994747253235,0.0899474725323499,15.0
160300.0,1603.0,0.0,,-1.0898901426880778,0.0898901426880778,15.0
160700.0,1607.0,0.0,,-1.0898872134473638,0.0898872134473638,15.0
160900.0,1609.0,0.0,,-1.0898868565236923,0.0898868565236923,15.0
161100.0,1611.0,0.0,,-1.0898592180943592,0.0898592180943591,15.0
161500.0,1615.0,0.0,,-1.0898587582324162,0.0898587582324161,15.0
161600.0,1616.0,0.0,,-1.0898579209266548,0.0898579209266547,15.0
161700.0,1617.0,0.0,,-1.0897610867840533,0.0897610867840532,15.0
162000.0,1620.0,0.0,,-1.0897610677147176,0.0897610677147175,15.0
162200.0,1622.0,0.0,,-1.0897493029855168,0.0897493029855167,15.0
162300.0,1623.0,0.0,,-1.0897492888380316,0.0897492888380315,15.0
162700.0,1627.0,0.0,,-1.0897488963756992,0.0897488963756991,15.0
162800.0,1628.0,0.0,,-1.0897465419591272,0.0897465419591272,15.0
162900.0,1629.0,0.0,,-1.0897465410045264,0.0897465410045263,15.0
163000.0,1630.0,0.0,,-1.0897465091430496,0.0897465091430496,15.0
163200.0,1632.0,0.0,,-1.0897464041980534,0.0897464041980533,15.0
163300.0,1633.0,0.0,,-1.0897464041362004,0.0897464041362003,15.0
163400.0,1634.0,0.0,,-1.0897463667224816,0.0897463667224816,15.0
163500.0,1635.0,0.0,,-1.089746340217763,0.0897463402177629,15.0
164000.0,1640.0,0.0,,-1.089746340152886,0.0897463401528859,15.0
164200.0,1642.0,0.0,,-1.0897463388709916,0.0897463388709916,15.0
164400.0,1644.0,0.0,,-1.089683867189015,0.089683867189015,15.0
164600.0,1646.0,0.0,,-1.089683827177652,0.0896838271776518,15.0
164800.0,1648.0,0.0,,-1.0896835501915396,0.0896835501915396,15.0
165100.0,1651.0,0.0,,-1.089682079473108,0.0896820794731081,15.0
165400.0,1654.0,0.0,,-1.0896380871430706,0.0896380871430706,15.0
165700.0,1657.0,0.0,,-1.089593834260698,0.0895938342606978,15.0
165800.0,1658.0,0.0,,-1.0895934948581338,0.0895934948581338,15.0
165900.0,1659.0,0.0,,-1.0895916732081732,0.0895916732081731,15.0
166000.0,1660.0,0.0,,-1.0895916315172,0.0895916315172,15.0
166200.0,1662.0,0.0,,-1.0895886822353027,0.0895886822353027,15.0
166400.0,1664.0,0.0,,-1.0895886701975768,0.0895886701975767,15.0
166600.0,1666.0,0.0,,-1.0895886701497446,0.0895886701497445,15.0
166700.0,1667.0,0.0,,-1.0895885496369928,0.0895885496369928,15.0
167400.0,1674.0,0.0,,-1.0895446063907572,0.0895446063907572,15.0
167500.0,1675.0,0.0,,-1.0895443861786387,0.0895443861786386,15.0
167700.0,1677.0,0.0,,-1.0895413617838354,0.0895413617838354,15.0
167800.0,1678.0,0.0,,-1.0895396053438915,0.0895396053438914,15.0
167900.0,1679.0,0.0,,-1.0895394646322405,0.0895394646322405,15.0
168000.0,1680.0,0.0,,-1.0895381142353884,0.0895381142353883,15.0
168200.0,1682.0,0.0,,-1.0895375952476352,0.0895375952476351,15.0
168300.0,1683.0,0.0,,-1.0895356019747582,0.0895356019747581,15.0
168400.0,1684.0,0.0,,-1.0895349254941225,0.0895349254941224,15.0
168500.0,1685.0,0.0,,-1.0895335752626647,0.0895335752626647,15.0
168700.0,1687.0,0.0,,-1.0895243195275148,0.0895243195275148,15.0
168900.0,1689.0,0.0,,-1.0895143757580064,0.0895143757580063,15.0
169000.0,1690.0,0.0,,-1.0895143632592148,0.0895143632592148,15.0
169100.0,1691.0,0.0,,-1.0895125366509584,0.0895125366509583,15.0
169300.0,1693.0,0.0,,-1.0895125133055483,0.0895125133055485,15.0
169400.0,1694.0,0.0,,-1.0895122902031236,0.0895122902031235,15.0
169900.0,1699.0,0.0,,-1.0895122841206424,0.0895122841206423,15.0
170400.0,1704.0,0.0,,-1.08951227372917,0.08951227372917,15.0
170500.0,1705.0,0.0,,-1.0895122717933592,0.0895122717933591,15.0
171100.0,1711.0,0.0,,-1.0895122715151326,0.0895122715151326,15.0
171200.0,1712.0,0.0,,-1.0895122706218536,0.0895122706218536,15.0
171300.0,1713.0,0.0,,-1.089512270568436,0.0895122705684359,15.0
171600.0,1716.0,0.0,,-1.0895122705630644,0.0895122705630644,15.0
171800.0,1718.0,0.0,,-1.089512270519546,0.0895122705195461,15.0
171900.0,1719.0,0.0,,-1.0895122702885092,0.0895122702885091,15.0
172600.0,1726.0,0.0,,-1.089512270256079,0.0895122702560793,15.0
172800.0,1728.0,0.0,,-1.089512270229301,0.0895122702293009,15.0
172900.0,1729.0,0.0,,-1.0895122702226412,0.0895122702226411,15.0
173000.0,1730.0,0.0,,-1.0895122702225175,0.0895122702225177,15.0
173500.0,1735.0,0.0,,-1.0895122702224205,0.0895122702224204,15.0
173700.0,1737.0,0.0,,-1.0895122702219997,0.0895122702219994,15.0
173900.0,1739.0,0.0,,-1.089512270221058,0.089512270221058,15.0
174100.0,1741.0,0.0,,-1.0895122702206763,0.0895122702206763,15.0
174200.0,1742.0,0.0,,-1.0895122702206623,0.0895122702206623,15.0
174300.0,1743.0,0.0,,-1.0895122702202569,0.0895122702202566,15.0
174600.0,1746.0,0.0,,-1.0895122702201954,0.0895122702201953,15.0
174800.0,1748.0,0.0,,-1.0895122702201885,0.0895122702201882,15.0
175600.0,1756.0,0.0,,-1.0895122702201805,0.0895122702201802,15.0
175900.0,1759.0,0.0,,-1.0895122702201778,0.0895122702201778,15.0
176000.0,1760.0,0.0,,-1.0895122702201727,0.0895122702201727,15.0
176100.0,1761.0,0.0,,-1.0894644215601752,0.0894644215601752,15.0
176200.0,1762.0,0.0,,-1.0894631653602604,0.0894631653602604,15.0
176600.0,1766.0,0.0,,-1.089462507364913,0.0894625073649126,15.0
176700.0,1767.0,0.0,,-1.0894505242492516,0.0894505242492516,15.0
177000.0,1770.0,0.0,,-1.089449297309251,0.0894492973092511,15.0
177100.0,1771.0,0.0,,-1.0894474149871007,0.0894474149871007,15.0
177200.0,1772.0,0.0,,-1.0894425422624705,0.0894425422624705,15.0
177300.0,1773.0,0.0,,-1.0894420385243802,0.0894420385243801,15.0
177400.0,1774.0,0.0,,-1.089441974799924,0.089441974799924,15.0
177500.0,1775.0,0.0,,-1.089440838280722,0.0894408382807221,15.0
177700.0,1777.0,0.0,,-1.0894407927013594,0.0894407927013594,15.0
177800.0,1778.0,0.0,,-1.0894407916694715,0.0894407916694715,15.0
178000.0,1780.0,0.0,,-1.0894407897815812,0.0894407897815812,15.0
178100.0,1781.0,0.0,,-1.0894361749649448,0.0894361749649448,15.0
178500.0,1785.0,0.0,,-1.0893781747266948,0.0893781747266948,15.0
179000.0,1790.0,0.0,,-1.0893781558367115,0.0893781558367117,15.0
179100.0,1791.0,0.0,,-1.089377541023628,0.0893775410236279,15.0
179200.0,1792.0,0.0,,-1.089310657969626,0.0893106579696259,15.0
179500.0,1795.0,0.0,,-1.0893086613686198,0.0893086613686198,15.0
179600.0,1796.0,0.0,,-1.0893066690477995,0.0893066690477997,15.0
179700.0,1797.0,0.0,,-1.0893058142420389,0.0893058142420386,15.0
180000.0,1800.0,0.0,,-1.089305732442049,0.0893057324420489,15.0
180200.0,1802.0,0.0,,-1.08930552803924,0.08930552803924,15.0
180300.0,1803.0,0.0,,-1.0893048701341193,0.0893048701341192,15.0
180500.0,1805.0,0.0,,-1.089304234943057,0.089304234943057,15.0
180600.0,1806.0,0.0,,-1.0893039631014645,0.0893039631014642,15.0
180800.0,1808.0,0.0,,-1.0893039626339431,0.0893039626339431,15.0
180900.0,1809.0,0.0,,-1.0893039449103088,0.0893039449103088,15.0
181200.0,1812.0,0.0,,-1.0893039422880408,0.0893039422880408,15.0
181500.0,1815.0,0.0,,-1.0893039412660117,0.0893039412660114,15.0
181700.0,1817.0,0.0,,-1.0893039396604038,0.0893039396604038,15.0
181800.0,1818.0,0.0,,-1.0893039396227304,0.0893039396227304,15.0
181900.0,1819.0,0.0,,-1.0893039393393216,0.0893039393393215,15.0
182100.0,1821.0,0.0,,-1.0893039393175423,0.0893039393175423,15.0
182300.0,1823.0,0.0,,-1.089303939311724,0.089303939311724,15.0
182400.0,1824.0,0.0,,-1.0893039392617188,0.0893039392617187,15.0
182600.0,1826.0,0.0,,-1.0893039392590604,0.0893039392590604,15.0
183200.0,1832.0,0.0,,-1.0893039392571953,0.0893039392571952,15.0
183500.0,1835.0,0.0,,-1.089303939256992,0.0893039392569918,15.0
183600.0,1836.0,0.0,,-1.0893039392569237,0.0893039392569237,15.0
183800.0,1838.0,0.0,,-1.089303939256879,0.089303939256879,15.0
183900.0,1839.0,0.0,,-1.0893039392568469,0.0893039392568468,15.0
184100.0,1841.0,0.0,,-1.0893039392567587,0.0893039392567587,15.0
184200.0,1842.0,0.0,,-1.089303939256723,0.0893039392567229,15.0
184300.0,1843.0,0.0,,-1.0893039392567043,0.0893039392567043,15.0
184400.0,1844.0,0.0,,-1.0893039392566963,0.0893039392566963,15.0
184500.0,1845.0,0.0,,-1.0892441734427554,0.0892441734427553,15.0
184700.0,1847.0,0.0,,-1.0892441087786149,0.0892441087786146,15.0
184800.0,1848.0,0.0,,-1.0891493905235567,0.0891493905235567,15.0
185000.0,1850.0,0.0,,-1.0891471347894297,0.0891471347894294,15.0
185100.0,1851.0,0.0,,-1.0891412894923669,0.0891412894923668,15.0
185400.0,1854.0,0.0,,-1.0891412811368644,0.0891412811368643,15.0
185500.0,1855.0,0.0,,-1.0891398523211056,0.0891398523211055,15.0
185600.0,1856.0,0.0,,-1.0891398212320278,0.0891398212320278,15.0
186100.0,1861.0,0.0,,-1.0891395954801195,0.0891395954801197,15.0
186300.0,1863.0,0.0,,-1.089139577516928,0.0891395775169281,15.0
186600.0,1866.0,0.0,,-1.0891395768901495,0.0891395768901495,15.0
186700.0,1867.0,0.0,,-1.0891395763811396,0.0891395763811395,15.0
187000.0,1870.0,0.0,,-1.089139576266433,0.0891395762664333,15.0
187100.0,1871.0,0.0,,-1.0891395474271506,0.0891395474271505,15.0
187400.0,1874.0,0.0,,-1.0891395465963591,0.0891395465963591,15.0
187500.0,1875.0,0.0,,-1.0891395465225306,0.0891395465225306,15.0
187800.0,1878.0,0.0,,-1.089139546504258,0.0891395465042581,15.0
188200.0,1882.0,0.0,,-1.0891395464974332,0.0891395464974331,15.0
188400.0,1884.0,0.0,,-1.089139546491156,0.0891395464911559,15.0
188600.0,1886.0,0.0,,-1.0891395464911198,0.0891395464911197,15.0
188700.0,1887.0,0.0,,-1.089139546490874,0.0891395464908739,15.0
188800.0,1888.0,0.0,,-1.0891395464897138,0.0891395464897137,15.0
188900.0,1889.0,0.0,,-1.0891395464895637,0.0891395464895636,15.0
189000.0,1890.0,0.0,,-1.0891255522897816,0.0891255522897815,15.0
189100.0,1891.0,0.0,,-1.0891248502087532,0.0891248502087531,15.0
189200.0,1892.0,0.0,,-1.0891247221392852,0.0891247221392852,15.0
189300.0,1893.0,0.0,,-1.0891246838301956,0.0891246838301955,15.0
189400.0,1894.0,0.0,,-1.0891243183495,0.0891243183495,15.0
189500.0,1895.0,0.0,,-1.0891226493088852,0.0891226493088852,15.0
189800.0,1898.0,0.0,,-1.089086025742772,0.0890860257427721,15.0
190400.0,1904.0,0.0,,-1.0890855369681571,0.0890855369681571,15.0
190500.0,1905.0,0.0,,-1.0890767117901194,0.0890767117901194,15.0
190700.0,1907.0,0.0,,-1.0890736192149024,0.0890736192149024,15.0
190800.0,1908.0,0.0,,-1.0890688776153044,0.0890688776153043,15.0
190900.0,1909.0,0.0,,-1.0890687199449611,0.0890687199449611,15.0
191000.0,1910.0,0.0,,-1.089064467422945,0.089064467422945,15.0
191100.0,1911.0,0.0,,-1.089063893481636,0.0890638934816361,15.0
191400.0,1914.0,0.0,,-1.0890564495187167,0.0890564495187167,15.0
191500.0,1915.0,0.0,,-1.08905550366867,0.0890555036686699,15.0
191800.0,1918.0,0.0,,-1.089055203961318,0.0890552039613179,15.0
192200.0,1922.0,0.0,,-1.089055156266585,0.0890551562665848,15.0
192400.0,1924.0,0.0,,-1.0890551554474293,0.0890551554474292,15.0
192600.0,1926.0,0.0,,-1.0890551515728204,0.0890551515728204,15.0
192700.0,1927.0,0.0,,-1.089055151569454,0.0890551515694539,15.0
192800.0,1928.0,0.0,,-1.0890551505042854,0.0890551505042853,15.0
192900.0,1929.0,0.0,,-1.0890551434900195,0.0890551434900195,15.0
193300.0,1933.0,0.0,,-1.0890551423070711,0.0890551423070713,15.0
193400.0,1934.0,0.0,,-1.0890551408394575,0.0890551408394575,15.0
193600.0,1936.0,0.0,,-1.0890511938317664,0.0890511938317664,15.0
194300.0,1943.0,0.0,,-1.0890511189591685,0.0890511189591682,15.0
194400.0,1944.0,0.0,,-1.0890509533270312,0.0890509533270311,15.0
194500.0,1945.0,0.0,,-1.089050901566091,0.0890509015660909,15.0
194600.0,1946.0,0.0,,-1.0890501331774454,0.0890501331774453,15.0
194700.0,1947.0,0.0,,-1.0890497730809112,0.0890497730809112,15.0
194800.0,1948.0,0.0,,-1.08904969321939,0.08904969321939,15.0
195400.0,1954.0,0.0,,-1.089049669103178,0.0890496691031781,15.0
195500.0,1955.0,0.0,,-1.0890496647998484,0.0890496647998484,15.0
195700.0,1957.0,0.0,,-1.0890496425543403,0.0890496425543403,15.0
196200.0,1962.0,0.0,,-1.0890496418290758,0.0890496418290758,15.0
196300.0,1963.0,0.0,,-1.0889930023049377,0.0889930023049376,15.0
196500.0,1965.0,0.0,,-1.0889930010173632,0.0889930010173631,15.0
196700.0,1967.0,0.0,,-1.0889929260580409,0.0889929260580408,15.0
196800.0,1968.0,0.0,,-1.0889892984177816,0.0889892984177815,15.0
197100.0,1971.0,0.0,,-1.0889301180939206,0.0889301180939206,15.0
197600.0,1976.0,0.0,,-1.0889291879986138,0.0889291879986138,15.0
197800.0,1978.0,0.0,,-1.0889182331876055,0.0889182331876057,15.0
198100.0,1981.0,0.0,,-1.0888781720863805,0.0888781720863804,15.0
198500.0,1985.0,0.0,,-1.0888686913834051,0.0888686913834051,15.0
198600.0,1986.0,0.0,,-1.0888685806062943,0.0888685806062943,15.0
198700.0,1987.0,0.0,,-1.0888683842733748,0.0888683842733748,15.0
199000.0,1990.0,0.0,,-1.0888681550108257,0.0888681550108256,15.0
199400.0,1994.0,0.0,,-1.0888678034548918,0.0888678034548917,15.0
199700.0,1997.0,0.0,,-1.0888620720475577,0.0888620720475577,15.0
200100.0,2001.0,0.0,,-1.0888612527517632,0.0888612527517631,15.0
200200.0,2002.0,0.0,,-1.0888610636664584,0.0888610636664584,15.0
200300.0,2003.0,0.0,,-1.0888605415977135,0.0888605415977135,15.0
200400.0,2004.0,0.0,,-1.0888604788533882,0.0888604788533882,15.0
200500.0,2005.0,0.0,,-1.0888601582606978,0.0888601582606978,15.0
200900.0,2009.0,0.0,,-1.0888436419366312,0.0888436419366311,15.0
201000.0,2010.0,0.0,,-1.0888406040512058,0.0888406040512057,15.0
201200.0,2012.0,0.0,,-1.088818354990766,0.0888183549907659,15.0
201300.0,2013.0,0.0,,-1.0888182890875464,0.0888182890875464,15.0
201400.0,2014.0,0.0,,-1.0888178640740231,0.0888178640740231,15.0
201500.0,2015.0,0.0,,-1.0888175135700613,0.0888175135700612,15.0
201600.0,2016.0,0.0,,-1.088815120228886,0.088815120228886,15.0
201700.0,2017.0,0.0,,-1.088808093103306,0.0888080931033059,15.0
201800.0,2018.0,0.0,,-1.0888076504628623,0.0888076504628623,15.0
202000.0,2020.0,0.0,,-1.088807598274225,0.0888075982742249,15.0
202100.0,2021.0,0.0,,-1.0888070469482265,0.0888070469482262,15.0
202300.0,2023.0,0.0,,-1.088807020186903,0.0888070201869029,15.0
202400.0,2024.0,0.0,,-1.0888069815873307,0.0888069815873306,15.0
202600.0,2026.0,0.0,,-1.088806953442188,0.088806953442188,15.0
202700.0,2027.0,0.0,,-1.0888069248366563,0.0888069248366563,15.0
203000.0,2030.0,0.0,,-1.088806873727143,0.088806873727143,15.0
203100.0,2031.0,0.0,,-1.0888067277198803,0.0888067277198803,15.0
203300.0,2033.0,0.0,,-1.0888066894917328,0.0888066894917327,15.0
203500.0,2035.0,0.0,,-1.0888066725436365,0.0888066725436362,15.0
203600.0,2036.0,0.0,,-1.0888066687286817,0.0888066687286814,15.0
203700.0,2037.0,0.0,,-1.088806646934758,0.0888066469347579,15.0
203800.0,2038.0,0.0,,-1.0888066167335924,0.0888066167335923,15.0
203900.0,2039.0,0.0,,-1.0887653176898533,0.0887653176898533,15.0
204000.0,2040.0,0.0,,-1.0887650071836228,0.0887650071836227,15.0
204200.0,2042.0,0.0,,-1.088764580607377,0.0887645806073766,15.0
204500.0,2045.0,0.0,,-1.0887645359440703,0.0887645359440703,15.0
204600.0,2046.0,0.0,,-1.0887644438344743,0.0887644438344743,15.0
204800.0,2048.0,0.0,,-1.0887331572940724,0.0887331572940723,15.0
204900.0,2049.0,0.0,,-1.0887331477747106,0.0887331477747106,15.0
205000.0,2050.0,0.0,,-1.0887327949136685,0.0887327949136682,15.0
205100.0,2051.0,0.0,,-1.088732272281328,0.0887322722813279,15.0
205400.0,2054.0,0.0,,-1.0887322719707,0.0887322719707,15.0
205500.0,2055.0,0.0,,-1.088732267042232,0.0887322670422321,15.0
205700.0,2057.0,0.0,,-1.0887322510282538,0.0887322510282537,15.0
205900.0,2059.0,0.0,,-1.0887322442654668,0.0887322442654667,15.0
206000.0,2060.0,0.0,,-1.0887322437793905,0.0887322437793904,15.0
206300.0,2063.0,0.0,,-1.0887322435177502,0.0887322435177502,15.0
206600.0,2066.0,0.0,,-1.08873223787206,0.08873223787206,15.0
206700.0,2067.0,0.0,,-1.0887322378443405,0.0887322378443402,15.0
206900.0,2069.0,0.0,,-1.0887322374168722,0.0887322374168722,15.0
207100.0,2071.0,0.0,,-1.0887322370260375,0.0887322370260375,15.0
207300.0,2073.0,0.0,,-1.0887322366437495,0.0887322366437497,15.0
207400.0,2074.0,0.0,,-1.0887322364799947,0.0887322364799947,15.0
207500.0,2075.0,0.0,,-1.0887322364404406,0.0887322364404405,15.0
207800.0,2078.0,0.0,,-1.0887322361368073,0.0887322361368072,15.0
207900.0,2079.0,0.0,,-1.0886946744637802,0.0886946744637802,15.0
208000.0,2080.0,0.0,,-1.088694674282466,0.0886946742824661,15.0
208100.0,2081.0,0.0,,-1.0886940587601373,0.0886940587601372,15.0
208300.0,2083.0,0.0,,-1.0886868659581823,0.0886868659581823,15.0
208600.0,2086.0,0.0,,-1.0886828126999653,0.0886828126999652,15.0
208900.0,2089.0,0.0,,-1.0886657334117031,0.0886657334117031,15.0
209900.0,2099.0,0.0,,-1.0886656792703229,0.0886656792703228,15.0
210200.0,2102.0,0.0,,-1.0886656564801565,0.0886656564801564,15.0
210300.0,2103.0,0.0,,-1.0886656029758204,0.0886656029758203,15.0
210500.0,2105.0,0.0,,-1.0886656025109234,0.0886656025109233,15.0
210800.0,2108.0,0.0,,-1.088620660766554,0.088620660766554,15.0
210900.0,2109.0,0.0,,-1.0885925189567738,0.0885925189567737,15.0
211200.0,2112.0,0.0,,-1.0885812224513438,0.0885812224513438,15.0
211300.0,2113.0,0.0,,-1.0884464950980026,0.0884464950980026,15.0
211400.0,2114.0,0.0,,-1.088444502279842,0.0884445022798421,15.0
211500.0,2115.0,0.0,,-1.0884429782917155,0.0884429782917155,15.0
211900.0,2119.0,0.0,,-1.0884419742631497,0.0884419742631494,15.0
212000.0,2120.0,0.0,,-1.088441181174994,0.0884411811749941,15.0
212300.0,2123.0,0.0,,-1.088441125308356,0.0884411253083561,15.0
212700.0,2127.0,0.0,,-1.0884411233343123,0.0884411233343123,15.0
212800.0,2128.0,0.0,,-1.0884407526565767,0.0884407526565767,15.0
212900.0,2129.0,0.0,,-1.0884407246638317,0.0884407246638316,15.0
213000.0,2130.0,0.0,,-1.0884400395526168,0.0884400395526168,15.0
213100.0,2131.0,0.0,,-1.088439992124323,0.088439992124323,15.0
213300.0,2133.0,0.0,,-1.0884399321395413,0.0884399321395412,15.0
213400.0,2134.0,0.0,,-1.0884398085354448,0.0884398085354447,15.0
213700.0,2137.0,0.0,,-1.0884397596012767,0.0884397596012767,15.0
213900.0,2139.0,0.0,,-1.088430237561201,0.0884302375612009,15.0
214000.0,2140.0,0.0,,-1.088424655289164,0.0884246552891638,15.0
214200.0,2142.0,0.0,,-1.0883910519731443,0.0883910519731443,15.0
214400.0,2144.0,0.0,,-1.0883834118930602,0.0883834118930602,15.0
214500.0,2145.0,0.0,,-1.0883728462648627,0.0883728462648627,15.0
214600.0,2146.0,0.0,,-1.088334561435452,0.088334561435452,15.0
214800.0,2148.0,0.0,,-1.0883109319928983,0.0883109319928985,15.0
214900.0,2149.0,0.0,,-1.0883064273286085,0.0883064273286082,15.0
215000.0,2150.0,0.0,,-1.088261874077476,0.0882618740774761,15.0
215100.0,2151.0,0.0,,-1.0882609255425184,0.0882609255425184,15.0
215200.0,2152.0,0.0,,-1.0882496695205897,0.0882496695205896,15.0
215300.0,2153.0,0.0,,-1.0882489696524829,0.0882489696524828,15.0
215400.0,2154.0,0.0,,-1.0882459594522966,0.0882459594522966,15.0
215500.0,2155.0,0.0,,-1.0882454192509474,0.0882454192509474,15.0
215600.0,2156.0,0.0,,-1.0882454171875786,0.0882454171875786,15.0
215700.0,2157.0,0.0,,-1.0882454009435234,0.0882454009435234,15.0
216000.0,2160.0,0.0,,-1.0882452714047464,0.0882452714047463,15.0
216100.0,2161.0,0.0,,-1.08824514821361,0.0882451482136099,15.0
216300.0,2163.0,0.0,,-1.0882450881245591,0.0882450881245593,15.0
216600.0,2166.0,0.0,,-1.0882450812104123,0.0882450812104125,15.0
216700.0,2167.0,0.0,,-1.0882450508625536,0.0882450508625536,15.0
216900.0,2169.0,0.0,,-1.0882450170479616,0.0882450170479616,15.0
217000.0,2170.0,0.0,,-1.088244990915033,0.0882449909150326,15.0
217300.0,2173.0,0.0,,-1.0882449502287916,0.0882449502287916,15.0
217400.0,2174.0,0.0,,-1.08824494268268,0.0882449426826801,15.0
217500.0,2175.0,0.0,,-1.0882449235224665,0.0882449235224662,15.0
217600.0,2176.0,0.0,,-1.0882449194833832,0.0882449194833832,15.0
217700.0,2177.0,0.0,,-1.0882449176949345,0.0882449176949342,15.0
217800.0,2178.0,0.0,,-1.0882448999246082,0.0882448999246081,15.0
217900.0,2179.0,0.0,,-1.088244899298044,0.088244899298044,15.0
218000.0,2180.0,0.0,,-1.088244864870464,0.0882448648704641,15.0
218500.0,2185.0,0.0,,-1.0882448558632862,0.0882448558632862,15.0
218600.0,2186.0,0.0,,-1.0882448515001548,0.0882448515001548,15.0
218700.0,2187.0,0.0,,-1.0881893149265705,0.0881893149265704,15.0
218900.0,2189.0,0.0,,-1.088188948783859,0.0881889487838589,15.0
219000.0,2190.0,0.0,,-1.088188456110018,0.0881884561100181,15.0
219200.0,2192.0,0.0,,-1.0881878298782968,0.0881878298782967,15.0
219300.0,2193.0,0.0,,-1.0881864376357349,0.0881864376357348,15.0
219600.0,2196.0,0.0,,-1.0881863025153065,0.0881863025153064,15.0
219700.0,2197.0,0.0,,-1.088186215811882,0.088186215811882,15.0
219900.0,2199.0,0.0,,-1.0881861845474663,0.0881861845474665,15.0
220000.0,2200.0,0.0,,-1.0881861613573938,0.0881861613573937,15.0
220200.0,2202.0,0.0,,-1.0881861330898783,0.0881861330898783,15.0
220300.0,2203.0,0.0,,-1.0881861291597668,0.0881861291597667,15.0
220400.0,2204.0,0.0,,-1.0881861166342663,0.0881861166342663,15.0
220500.0,2205.0,0.0,,-1.0881861084348026,0.0881861084348025,15.0
220600.0,2206.0,0.0,,-1.0881860453553989,0.0881860453553988,15.0
220900.0,2209.0,0.0,,-1.0881860326106565,0.0881860326106565,15.0
221100.0,2211.0,0.0,,-1.0881859824601263,0.0881859824601265,15.0
221700.0,2217.0,0.0,,-1.0881852978140731,0.0881852978140731,15.0
222000.0,2220.0,0.0,,-1.088185268900104,0.0881852689001041,15.0
222200.0,2222.0,0.0,,-1.088185264350117,0.088185264350117,15.0
222300.0,2223.0,0.0,,-1.0881852602727955,0.0881852602727957,15.0
222600.0,2226.0,0.0,,-1.088181475340222,0.0881814753402221,15.0
222700.0,2227.0,0.0,,-1.0881814752203811,0.0881814752203811,15.0
222900.0,2229.0,0.0,,-1.088180600854514,0.088180600854514,15.0
223100.0,2231.0,0.0,,-1.0881805084362697,0.0881805084362694,15.0
223200.0,2232.0,0.0,,-1.0881805083710974,0.0881805083710973,15.0
223300.0,2233.0,0.0,,-1.0881805082653675,0.0881805082653675,15.0
223500.0,2235.0,0.0,,-1.0881805045340116,0.0881805045340116,15.0
223700.0,2237.0,0.0,,-1.0881805040246175,0.0881805040246175,15.0
223800.0,2238.0,0.0,,-1.0881805036232033,0.0881805036232032,15.0
223900.0,2239.0,0.0,,-1.0881805034084375,0.0881805034084377,15.0
224200.0,2242.0,0.0,,-1.0881805021452586,0.0881805021452586,15.0
224400.0,2244.0,0.0,,-1.0881805017517412,0.0881805017517411,15.0
224500.0,2245.0,0.0,,-1.0881805012163004,0.0881805012163003,15.0
224800.0,2248.0,0.0,,-1.088180500878044,0.0881805008780438,15.0
224900.0,2249.0,0.0,,-1.0881805007897132,0.0881805007897131,15.0
225000.0,2250.0,0.0,,-1.088120039313569,0.088120039313569,15.0
225200.0,2252.0,0.0,,-1.0881190095895903,0.0881190095895905,15.0
225400.0,2254.0,0.0,,-1.0881188313723966,0.0881188313723966,15.0
225600.0,2256.0,0.0,,-1.088118824314482,0.0881188243144819,15.0
225700.0,2257.0,0.0,,-1.0881187069070832,0.0881187069070832,15.0
226000.0,2260.0,0.0,,-1.088118697593651,0.0881186975936509,15.0
226600.0,2266.0,0.0,,-1.0881186956254172,0.0881186956254171,15.0
226800.0,2268.0,0.0,,-1.0881186955777682,0.0881186955777681,15.0
226900.0,2269.0,0.0,,-1.0881186950902908,0.0881186950902908,15.0
227000.0,2270.0,0.0,,-1.0881186950491897,0.0881186950491894,15.0
227200.0,2272.0,0.0,,-1.0881186942711805,0.0881186942711804,15.0
227300.0,2273.0,0.0,,-1.088118694215737,0.088118694215737,15.0
227400.0,2274.0,0.0,,-1.0881186939445338,0.0881186939445337,15.0
227600.0,2276.0,0.0,,-1.0881186936109937,0.0881186936109936,15.0
227800.0,2278.0,0.0,,-1.0881186935429552,0.0881186935429552,15.0
227900.0,2279.0,0.0,,-1.0880554194648553,0.0880554194648552,15.0
228200.0,2282.0,0.0,,-1.0880551748809266,0.0880551748809266,15.0
228300.0,2283.0,0.0,,-1.0880548506308478,0.0880548506308478,15.0
228600.0,2286.0,0.0,,-1.0880546610185706,0.0880546610185706,15.0
228700.0,2287.0,0.0,,-1.0880542785626743,0.0880542785626743,15.0
229000.0,2290.0,0.0,,-1.088054065518964,0.0880540655189641,15.0
229200.0,2292.0,0.0,,-1.0880540430379255,0.0880540430379255,15.0
229300.0,2293.0,0.0,,-1.0880540136537658,0.0880540136537657,15.0
229400.0,2294.0,0.0,,-1.088053937352692,0.088053937352692,15.0
229500.0,2295.0,0.0,,-1.088053673814538,0.0880536738145381,15.0
229600.0,2296.0,0.0,,-1.088053583035299,0.088053583035299,15.0
229700.0,2297.0,0.0,,-1.0879807048703782,0.0879807048703782,15.0
230100.0,2301.0,0.0,,-1.0879790492148227,0.0879790492148226,15.0
230300.0,2303.0,0.0,,-1.0879788147538407,0.0879788147538407,15.0
230400.0,2304.0,0.0,,-1.0879785402231636,0.0879785402231636,15.0
230500.0,2305.0,0.0,,-1.0879767916712442,0.0879767916712441,15.0
230800.0,2308.0,0.0,,-1.0879766733502456,0.0879766733502456,15.0
230900.0,2309.0,0.0,,-1.087976659325177,0.0879766593251769,15.0
231000.0,2310.0,0.0,,-1.0879765156580854,0.0879765156580854,15.0
231100.0,2311.0,0.0,,-1.0879761633129592,0.0879761633129592,15.0
232000.0,2320.0,0.0,,-1.0879758406418465,0.0879758406418464,15.0
232200.0,2322.0,0.0,,-1.0879754793953098,0.0879754793953098,15.0
232600.0,2326.0,0.0,,-1.087975476712857,0.0879754767128573,15.0
232800.0,2328.0,0.0,,-1.0879752355399528,0.0879752355399527,15.0
233000.0,2330.0,0.0,,-1.087932945418734,0.0879329454187338,15.0
233100.0,2331.0,0.0,,-1.0879325197622218,0.0879325197622218,15.0
233300.0,2333.0,0.0,,-1.0879268527641248,0.0879268527641248,15.0
233400.0,2334.0,0.0,,-1.0879098141822887,0.0879098141822887,15.0
233500.0,2335.0,0.0,,-1.0878752407566892,0.0878752407566891,15.0
233900.0,2339.0,0.0,,-1.0878749612234049,0.0878749612234048,15.0
234400.0,2344.0,0.0,,-1.0878749520885058,0.0878749520885058,15.0
234500.0,2345.0,0.0,,-1.0878744644181635,0.0878744644181637,15.0
234800.0,2348.0,0.0,,-1.087874060950299,0.087874060950299,15.0
234900.0,2349.0,0.0,,-1.0878738419555611,0.0878738419555611,15.0
235000.0,2350.0,0.0,,-1.0878737429526186,0.0878737429526186,15.0
235100.0,2351.0,0.0,,-1.0878737382194834,0.0878737382194834,15.0
235200.0,2352.0,0.0,,-1.0878734920401911,0.0878734920401913,15.0
235300.0,2353.0,0.0,,-1.0878728608777568,0.0878728608777568,15.0
235600.0,2356.0,0.0,,-1.0878244416535174,0.0878244416535174,15.0
236200.0,2362.0,0.0,,-1.0878243713216922,0.0878243713216921,15.0
236300.0,2363.0,0.0,,-1.0878236906269705,0.0878236906269704,15.0
236700.0,2367.0,0.0,,-1.087823655919756,0.087823655919756,15.0
236800.0,2368.0,0.0,,-1.0878235576543518,0.0878235576543517,15.0
236900.0,2369.0,0.0,,-1.0878234240944264,0.0878234240944264,15.0
237200.0,2372.0,0.0,,-1.087823365834568,0.0878233658345679,15.0
237800.0,2378.0,0.0,,-1.0878233650235931,0.0878233650235931,15.0
237900.0,2379.0,0.0,,-1.0878233576201006,0.0878233576201006,15.0
238100.0,2381.0,0.0,,-1.087823340726946,0.0878233407269459,15.0
238200.0,2382.0,0.0,,-1.08782333923589,0.08782333923589,15.0
238300.0,2383.0,0.0,,-1.08782333848809,0.0878233384880899,15.0
238400.0,2384.0,0.0,,-1.0878233311280168,0.0878233311280167,15.0
238600.0,2386.0,0.0,,-1.08782331584362,0.0878233158436199,15.0
238800.0,2388.0,0.0,,-1.0878233077925985,0.0878233077925985,15.0
238900.0,2389.0,0.0,,-1.0878232815337707,0.0878232815337707,15.0
239000.0,2390.0,0.0,,-1.0878232803564096,0.0878232803564096,15.0
239100.0,2391.0,0.0,,-1.0878232802034302,0.0878232802034302,15.0
239300.0,2393.0,0.0,,-1.087823269840123,0.0878232698401226,15.0
239600.0,2396.0,0.0,,-1.0878232666149,0.0878232666148999,15.0
239800.0,2398.0,0.0,,-1.0878232628341653,0.0878232628341653,15.0
239900.0,2399.0,0.0,,-1.0878232627456734,0.0878232627456734,15.0
240100.0,2401.0,0.0,,-1.0878232627450235,0.0878232627450237,15.0
240200.0,2402.0,0.0,,-1.0878232624640594,0.0878232624640593,15.0
240300.0,2403.0,0.0,,-1.0878232614454018,0.0878232614454017,15.0
240400.0,2404.0,0.0,,-1.087823067843697,0.0878230678436973,15.0
240500.0,2405.0,0.0,,-1.0878230671714808,0.0878230671714808,15.0
240600.0,2406.0,0.0,,-1.0877780592506396,0.0877780592506396,15.0
240800.0,2408.0,0.0,,-1.0877706250422057,0.0877706250422054,15.0
240900.0,2409.0,0.0,,-1.0877683923378518,0.0877683923378518,15.0
241000.0,2410.0,0.0,,-1.0876627473592757,0.0876627473592757,15.0
241100.0,2411.0,0.0,,-1.0876585702909949,0.0876585702909948,15.0
241400.0,2414.0,0.0,,-1.0876452319153942,0.0876452319153942,15.0
241800.0,2418.0,0.0,,-1.087644075768346,0.0876440757683461,15.0
241900.0,2419.0,0.0,,-1.0876432340705766,0.0876432340705766,15.0
242300.0,2423.0,0.0,,-1.0876005228097716,0.0876005228097716,15.0
242400.0,2424.0,0.0,,-1.0875671441013006,0.0875671441013006,15.0
242500.0,2425.0,0.0,,-1.0875671336949746,0.0875671336949746,15.0
242800.0,2428.0,0.0,,-1.0875671227266963,0.0875671227266965,15.0
242900.0,2429.0,0.0,,-1.0875652417966686,0.0875652417966685,15.0
243100.0,2431.0,0.0,,-1.087564472936734,0.0875644729367339,15.0
243900.0,2439.0,0.0,,-1.087564438168458,0.0875644381684579,15.0
244300.0,2443.0,0.0,,-1.0875644376765057,0.0875644376765056,15.0
244400.0,2444.0,0.0,,-1.087564406943417,0.0875644069434169,15.0
244500.0,2445.0,0.0,,-1.0875644006980698,0.0875644006980698,15.0
244900.0,2449.0,0.0,,-1.087564395221818,0.0875643952218181,15.0
245000.0,2450.0,0.0,,-1.0875643901322698,0.0875643901322698,15.0
245200.0,2452.0,0.0,,-1.087564305134054,0.087564305134054,15.0
245600.0,2456.0,0.0,,-1.0875643001651685,0.0875643001651682,15.0
245800.0,2458.0,0.0,,-1.0875642818669091,0.0875642818669091,15.0
245900.0,2459.0,0.0,,-1.0875642818206293,0.0875642818206292,15.0
246000.0,2460.0,0.0,,-1.087564280496362,0.0875642804963618,15.0
246100.0,2461.0,0.0,,-1.0875642794545834,0.0875642794545834,15.0
246300.0,2463.0,0.0,,-1.087564279287331,0.087564279287331,15.0
246500.0,2465.0,0.0,,-1.0875642792729892,0.0875642792729891,15.0
246600.0,2466.0,0.0,,-1.0875596344340963,0.0875596344340963,15.0
246700.0,2467.0,0.0,,-1.0875048376887702,0.0875048376887701,15.0
246900.0,2469.0,0.0,,-1.087504805836396,0.087504805836396,15.0
247000.0,2470.0,0.0,,-1.0875047354836809,0.0875047354836806,15.0
247100.0,2471.0,0.0,,-1.087501692742143,0.087501692742143,15.0
247500.0,2475.0,0.0,,-1.0875015195451292,0.0875015195451291,15.0
247700.0,2477.0,0.0,,-1.087501518340403,0.0875015183404033,15.0
247800.0,2478.0,0.0,,-1.0875014942862786,0.0875014942862786,15.0
247900.0,2479.0,0.0,,-1.0874992264012484,0.0874992264012484,15.0
248000.0,2480.0,0.0,,-1.0874991745568503,0.0874991745568503,15.0
248100.0,2481.0,0.0,,-1.0874988769577325,0.0874988769577322,15.0
248200.0,2482.0,0.0,,-1.0874988567715924,0.0874988567715924,15.0
248300.0,2483.0,0.0,,-1.087498767980724,0.0874987679807239,15.0
248400.0,2484.0,0.0,,-1.0874985364224727,0.0874985364224727,15.0
248600.0,2486.0,0.0,,-1.087498528563592,0.0874985285635918,15.0
248700.0,2487.0,0.0,,-1.087498489806387,0.087498489806387,15.0
248800.0,2488.0,0.0,,-1.0874984886719763,0.0874984886719763,15.0
248900.0,2489.0,0.0,,-1.0874984561280163,0.0874984561280163,15.0
249000.0,2490.0,0.0,,-1.0874984090169335,0.0874984090169335,15.0
249100.0,2491.0,0.0,,-1.08749837924684,0.08749837924684,15.0
249200.0,2492.0,0.0,,-1.0874983710690505,0.0874983710690504,15.0
249300.0,2493.0,0.0,,-1.0874983465333976,0.0874983465333976,15.0
249500.0,2495.0,0.0,,-1.0874983432701544,0.0874983432701543,15.0
249600.0,2496.0,0.0,,-1.0874983320251412,0.0874983320251412,15.0
249700.0,2497.0,0.0,,-1.0874973236712075,0.0874973236712075,15.0
249800.0,2498.0,0.0,,-1.087497172919362,0.0874971729193621,15.0
249900.0,2499.0,0.0,,-1.0874971729164404,0.0874971729164404,15.0
250100.0,2501.0,0.0,,-1.0874970618467932,0.0874970618467931,15.0
250300.0,2503.0,0.0,,-1.0874970559980086,0.0874970559980086,15.0
250400.0,2504.0,0.0,,-1.087489928548859,0.087489928548859,15.0
250500.0,2505.0,0.0,,-1.0874899176793225,0.0874899176793224,15.0
250600.0,2506.0,0.0,,-1.0874898634604715,0.0874898634604717,15.0
250800.0,2508.0,0.0,,-1.0874898064632992,0.0874898064632991,15.0
250900.0,2509.0,0.0,,-1.0874897174327034,0.0874897174327034,15.0
251000.0,2510.0,0.0,,-1.0874897168943949,0.0874897168943948,15.0
251100.0,2511.0,0.0,,-1.0874896778283114,0.0874896778283114,15.0
251600.0,2516.0,0.0,,-1.0874896768322424,0.0874896768322424,15.0
251700.0,2517.0,0.0,,-1.0874896687855258,0.0874896687855257,15.0
251900.0,2519.0,0.0,,-1.0874896665535108,0.0874896665535107,15.0
252000.0,2520.0,0.0,,-1.0874896656737705,0.0874896656737702,15.0
252100.0,2521.0,0.0,,-1.087489660168138,0.0874896601681378,15.0
252200.0,2522.0,0.0,,-1.0874894196149845,0.0874894196149844,15.0
252400.0,2524.0,0.0,,-1.0874894140646791,0.0874894140646791,15.0
252500.0,2525.0,0.0,,-1.0874894040329686,0.0874894040329685,15.0
252600.0,2526.0,0.0,,-1.0874893888113677,0.0874893888113677,15.0
252700.0,2527.0,0.0,,-1.0874627833634811,0.0874627833634813,15.0
252800.0,2528.0,0.0,,-1.087461586225532,0.0874615862255321,15.0
253200.0,2532.0,0.0,,-1.08746102915176,0.0874610291517601,15.0
253500.0,2535.0,0.0,,-1.0874605780471611,0.0874605780471611,15.0
254000.0,2540.0,0.0,,-1.087460570023085,0.087460570023085,15.0
254100.0,2541.0,0.0,,-1.0874605459185651,0.0874605459185651,15.0
254200.0,2542.0,0.0,,-1.0874600288416083,0.0874600288416083,15.0
254400.0,2544.0,0.0,,-1.0874586461632465,0.0874586461632462,15.0
254700.0,2547.0,0.0,,-1.087458376490484,0.0874583764904839,15.0
254800.0,2548.0,0.0,,-1.087457898073542,0.0874578980735421,15.0
254900.0,2549.0,0.0,,-1.0874577505577812,0.0874577505577811,15.0
255100.0,2551.0,0.0,,-1.0874571888201603,0.0874571888201602,15.0
255500.0,2555.0,0.0,,-1.0874571147574958,0.0874571147574958,15.0
255700.0,2557.0,0.0,,-1.0874559684260183,0.0874559684260183,15.0
255800.0,2558.0,0.0,,-1.087451792634607,0.087451792634607,15.0
256300.0,2563.0,0.0,,-1.0874517531865626,0.0874517531865626,15.0
256400.0,2564.0,0.0,,-1.087448396472473,0.087448396472473,15.0
256600.0,2566.0,0.0,,-1.0874481780192191,0.0874481780192191,15.0
256900.0,2569.0,0.0,,-1.087448099572412,0.087448099572412,15.0
257000.0,2570.0,0.0,,-1.0874476116227971,0.0874476116227971,15.0
257600.0,2576.0,0.0,,-1.087447429564023,0.087447429564023,15.0
257700.0,2577.0,0.0,,-1.08744741818722,0.08744741818722,15.0
257800.0,2578.0,0.0,,-1.087447363056592,0.0874473630565919,15.0
257900.0,2579.0,0.0,,-1.0874467898823077,0.0874467898823077,15.0
258000.0,2580.0,0.0,,-1.0874467541183594,0.0874467541183594,15.0
258200.0,2582.0,0.0,,-1.08744673139961,0.0874467313996101,15.0
258400.0,2584.0,0.0,,-1.0874466570237853,0.0874466570237852,15.0
258700.0,2587.0,0.0,,-1.0874466345873557,0.0874466345873556,15.0
258800.0,2588.0,0.0,,-1.0874466177516429,0.0874466177516428,15.0
258900.0,2589.0,0.0,,-1.0874465920553766,0.0874465920553766,15.0
259000.0,2590.0,0.0,,-1.0874465902802075,0.0874465902802075,15.0
259200.0,2592.0,0.0,,-1.0874465812297345,0.0874465812297344,15.0
259400.0,2594.0,0.0,,-1.0874465780203144,0.0874465780203144,15.0
259500.0,2595.0,0.0,,-1.0874465779698763,0.0874465779698763,15.0
259600.0,2596.0,0.0,,-1.0874465745673318,0.0874465745673318,15.0
259700.0,2597.0,0.0,,-1.087446405261003,0.0874464052610028,15.0
260000.0,2600.0,0.0,,-1.0874464024550985,0.0874464024550985,15.0
260200.0,2602.0,0.0,,-1.087446400546639,0.0874464005466393,15.0
260300.0,2603.0,0.0,,-1.0874463977944913,0.0874463977944912,15.0
260400.0,2604.0,0.0,,-1.087446397016989,0.0874463970169889,15.0
260500.0,2605.0,0.0,,-1.0874463936058392,0.0874463936058391,15.0
261100.0,2611.0,0.0,,-1.0874401188790774,0.0874401188790774,15.0
261300.0,2613.0,0.0,,-1.087440098043429,0.0874400980434289,15.0
261400.0,2614.0,0.0,,-1.087440098030339,0.0874400980303389,15.0
261600.0,2616.0,0.0,,-1.0874400968409192,0.0874400968409192,15.0
261700.0,2617.0,0.0,,-1.0874400802222568,0.0874400802222568,15.0
261800.0,2618.0,0.0,,-1.087440061718162,0.0874400617181621,15.0
261900.0,2619.0,0.0,,-1.087440061117094,0.087440061117094,15.0
262300.0,2623.0,0.0,,-1.0874400611045738,0.0874400611045738,15.0
262600.0,2626.0,0.0,,-1.0874400610733108,0.0874400610733108,15.0
262700.0,2627.0,0.0,,-1.0874400605751204,0.0874400605751204,15.0
262800.0,2628.0,0.0,,-1.0874400605594208,0.0874400605594207,15.0
262900.0,2629.0,0.0,,-1.087440060553004,0.0874400605530041,15.0
263000.0,2630.0,0.0,,-1.0874400605004428,0.0874400605004428,15.0
263100.0,2631.0,0.0,,-1.087440060438074,0.087440060438074,15.0
263200.0,2632.0,0.0,,-1.0874395828459988,0.0874395828459988,15.0
263400.0,2634.0,0.0,,-1.0874393647141591,0.0874393647141591,15.0
263500.0,2635.0,0.0,,-1.087439364569817,0.087439364569817,15.0
263600.0,2636.0,0.0,,-1.0874388427787527,0.0874388427787526,15.0
263700.0,2637.0,0.0,,-1.0874369216233184,0.0874369216233184,15.0
263800.0,2638.0,0.0,,-1.0874357021607306,0.0874357021607306,15.0
264100.0,2641.0,0.0,,-1.0874357021010457,0.0874357021010456,15.0
264200.0,2642.0,0.0,,-1.0874330443093547,0.0874330443093547,15.0
264400.0,2644.0,0.0,,-1.0874310983999758,0.0874310983999757,15.0
264500.0,2645.0,0.0,,-1.087424962803104,0.087424962803104,15.0
264600.0,2646.0,0.0,,-1.0874194546258995,0.0874194546258995,15.0
264800.0,2648.0,0.0,,-1.0874192013298067,0.0874192013298067,15.0
264900.0,2649.0,0.0,,-1.0874192007797867,0.0874192007797867,15.0
265300.0,2653.0,0.0,,-1.0874191603826877,0.0874191603826877,15.0
265700.0,2657.0,0.0,,-1.08741916003228,0.08741916003228,15.0
265900.0,2659.0,0.0,,-1.0874191536478195,0.0874191536478197,15.0
266200.0,2662.0,0.0,,-1.087419152007707,0.087419152007707,15.0
266300.0,2663.0,0.0,,-1.0874191518126148,0.0874191518126148,15.0
266400.0,2664.0,0.0,,-1.0874191516755465,0.0874191516755462,15.0
266500.0,2665.0,0.0,,-1.0874191506557622,0.0874191506557622,15.0
266800.0,2668.0,0.0,,-1.0874191506547424,0.0874191506547423,15.0
266900.0,2669.0,0.0,,-1.087419150650344,0.0874191506503441,15.0
267000.0,2670.0,0.0,,-1.087419150634931,0.0874191506349313,15.0
267100.0,2671.0,0.0,,-1.0874189602319226,0.0874189602319226,15.0
267400.0,2674.0,0.0,,-1.0874189602316913,0.0874189602316912,15.0
267500.0,2675.0,0.0,,-1.087418960004642,0.087418960004642,15.0
267600.0,2676.0,0.0,,-1.0874189550681927,0.0874189550681927,15.0
267900.0,2679.0,0.0,,-1.0874189537867789,0.0874189537867786,15.0
268000.0,2680.0,0.0,,-1.0874189477348657,0.0874189477348656,15.0
268100.0,2681.0,0.0,,-1.087418947482604,0.0874189474826039,15.0
268200.0,2682.0,0.0,,-1.087415204552478,0.0874152045524778,15.0
268400.0,2684.0,0.0,,-1.0874151925237925,0.0874151925237924,15.0
268500.0,2685.0,0.0,,-1.0874151849508085,0.0874151849508084,15.0
268600.0,2686.0,0.0,,-1.0874151651257138,0.0874151651257137,15.0
268700.0,2687.0,0.0,,-1.0874151540938883,0.0874151540938883,15.0
268800.0,2688.0,0.0,,-1.0874151540537955,0.0874151540537957,15.0
269100.0,2691.0,0.0,,-1.087415152514202,0.0874151525142019,15.0
269200.0,2692.0,0.0,,-1.0874151525141889,0.0874151525141888,15.0
269300.0,2693.0,0.0,,-1.0874151449900693,0.0874151449900693,15.0
269400.0,2694.0,0.0,,-1.0874151092968474,0.0874151092968473,15.0
269500.0,2695.0,0.0,,-1.087415108444558,0.087415108444558,15.0
269700.0,2697.0,0.0,,-1.087415101633704,0.0874151016337039,15.0
269800.0,2698.0,0.0,,-1.087415098581382,0.0874150985813819,15.0
269900.0,2699.0,0.0,,-1.087415098390128,0.087415098390128,15.0
270000.0,2700.0,0.0,,-1.0874150980645811,0.0874150980645811,15.0
270200.0,2702.0,0.0,,-1.0874150980393924,0.0874150980393924,15.0
270500.0,2705.0,0.0,,-1.0874149037229603,0.0874149037229603,15.0
270800.0,2708.0,0.0,,-1.0874149030052318,0.0874149030052318,15.0
270900.0,2709.0,0.0,,-1.0874149029973732,0.0874149029973732,15.0
271000.0,2710.0,0.0,,-1.0874149017507686,0.0874149017507686,15.0
271100.0,2711.0,0.0,,-1.0874148942423396,0.0874148942423396,15.0
271700.0,2717.0,0.0,,-1.0874148875543663,0.0874148875543663,15.0
271800.0,2718.0,0.0,,-1.0874148870126372,0.0874148870126372,15.0
271900.0,2719.0,0.0,,-1.087414882185609,0.0874148821856093,15.0
272000.0,2720.0,0.0,,-1.0874148821811984,0.0874148821811984,15.0
272100.0,2721.0,0.0,,-1.087414877272481,0.0874148772724809,15.0
272200.0,2722.0,0.0,,-1.0874148477485033,0.0874148477485032,15.0
272500.0,2725.0,0.0,,-1.0874029133550245,0.0874029133550244,15.0
272600.0,2726.0,0.0,,-1.087360124906998,0.0873601249069979,15.0
272700.0,2727.0,0.0,,-1.08735473299566,0.0873547329956598,15.0
272800.0,2728.0,0.0,,-1.0873547329844144,0.0873547329844144,15.0
272900.0,2729.0,0.0,,-1.0873547268927442,0.0873547268927441,15.0
273100.0,2731.0,0.0,,-1.087354667060188,0.0873546670601881,15.0
273200.0,2732.0,0.0,,-1.073487542866124,0.0734875428661241,15.0
273500.0,2735.0,0.0,,-1.073487542706447,0.0734875427064469,15.0
273600.0,2736.0,0.0,,-1.0577827452227904,0.0577827452227903,15.0
273800.0,2738.0,0.0,,-1.0577549742519865,0.0577549742519862,15.0
274000.0,2740.0,0.0,,-1.055809751249518,0.0558097512495181,15.0
274400.0,2744.0,0.0,,-1.055803590557353,0.055803590557353,15.0
274500.0,2745.0,0.0,,-1.0557830198425426,0.0557830198425426,15.0
274600.0,2746.0,0.0,,-1.0556266951072033,0.0556266951072033,15.0
274900.0,2749.0,0.0,,-1.0556220001455237,0.0556220001455236,15.0
275100.0,2751.0,0.0,,-1.0556130036849645,0.0556130036849644,15.0
275200.0,2752.0,0.0,,-1.055603843402439,0.055603843402439,15.0
275400.0,2754.0,0.0,,-1.055593799644441,0.0555937996444411,15.0
275800.0,2758.0,0.0,,-1.0555865756470562,0.0555865756470561,15.0
276300.0,2763.0,0.0,,-1.0555865576397558,0.0555865576397558,15.0
276400.0,2764.0,0.0,,-1.0555793834814915,0.0555793834814917,15.0
276600.0,2766.0,0.0,,-1.0555785344129838,0.0555785344129837,15.0
277000.0,2770.0,0.0,,-1.0555710280351664,0.0555710280351664,15.0
277400.0,2774.0,0.0,,-1.0555707169429585,0.0555707169429584,15.0
277600.0,2776.0,0.0,,-1.055570654375001,0.0555706543750009,15.0
277700.0,2777.0,0.0,,-1.0555701841276126,0.0555701841276126,15.0
278100.0,2781.0,0.0,,-1.0555701456687918,0.0555701456687918,15.0
278200.0,2782.0,0.0,,-1.055570134391148,0.0555701343911478,15.0
278300.0,2783.0,0.0,,-1.0555700279048092,0.0555700279048092,15.0
278600.0,2786.0,0.0,,-1.0555699940903145,0.0555699940903142,15.0
278700.0,2787.0,0.0,,-1.05556966688386,0.0555696668838598,15.0
278800.0,2788.0,0.0,,-1.0555696645228865,0.0555696645228864,15.0
278900.0,2789.0,0.0,,-1.0555695330184378,0.0555695330184378,15.0
279000.0,2790.0,0.0,,-1.0555694999817098,0.0555694999817097,15.0
279300.0,2793.0,0.0,,-1.0555671885698177,0.0555671885698176,15.0
279400.0,2794.0,0.0,,-1.0555670547358342,0.0555670547358342,15.0
279600.0,2796.0,0.0,,-1.0555670312318464,0.0555670312318463,15.0
279700.0,2797.0,0.0,,-1.055567015672216,0.0555670156722161,15.0
279800.0,2798.0,0.0,,-1.055566982501653,0.0555669825016529,15.0
279900.0,2799.0,0.0,,-1.0555646672591483,0.0555646672591485,15.0
280600.0,2806.0,0.0,,-1.0555646627137023,0.0555646627137023,15.0
280700.0,2807.0,0.0,,-1.055564657975451,0.0555646579754509,15.0
280800.0,2808.0,0.0,,-1.0555646559176417,0.0555646559176414,15.0
280900.0,2809.0,0.0,,-1.0555645909223188,0.0555645909223188,15.0
281000.0,2810.0,0.0,,-1.0555645906536717,0.0555645906536717,15.0
281400.0,2814.0,0.0,,-1.054993558654597,0.0549935586545973,15.0
281600.0,2816.0,0.0,,-1.054667835509715,0.0546678355097149,15.0
281900.0,2819.0,0.0,,-1.054603653511408,0.054603653511408,15.0
282000.0,2820.0,0.0,,-1.0545887291773763,0.0545887291773763,15.0
282100.0,2821.0,0.0,,-1.0545859884395732,0.0545859884395731,15.0
282200.0,2822.0,0.0,,-1.0545853561235776,0.0545853561235776,15.0
282400.0,2824.0,0.0,,-1.0545754165393315,0.0545754165393317,15.0
282600.0,2826.0,0.0,,-1.0545753373058242,0.0545753373058242,15.0
282900.0,2829.0,0.0,,-1.0545740374209052,0.0545740374209051,15.0
283100.0,2831.0,0.0,,-1.054573708508885,0.0545737085088853,15.0
283500.0,2835.0,0.0,,-1.0545736171795033,0.0545736171795032,15.0
283800.0,2838.0,0.0,,-1.0545183567265493,0.0545183567265492,15.0
284100.0,2841.0,0.0,,-1.0545183567231229,0.0545183567231226,15.0
284200.0,2842.0,0.0,,-1.0545148024999678,0.0545148024999677,15.0
284700.0,2847.0,0.0,,-1.0545074761151108,0.0545074761151107,15.0
284900.0,2849.0,0.0,,-1.0545072191440588,0.0545072191440587,15.0
285000.0,2850.0,0.0,,-1.0545033250547218,0.0545033250547217,15.0
285200.0,2852.0,0.0,,-1.054503281877165,0.0545032818771649,15.0
285400.0,2854.0,0.0,,-1.0545031104117932,0.0545031104117932,15.0
285500.0,2855.0,0.0,,-1.0545025647760782,0.0545025647760781,15.0
285600.0,2856.0,0.0,,-1.0545025138977837,0.0545025138977834,15.0
285800.0,2858.0,0.0,,-1.054502445289934,0.054502445289934,15.0
285900.0,2859.0,0.0,,-1.0545024390709212,0.0545024390709212,15.0
286000.0,2860.0,0.0,,-1.0545024382004833,0.0545024382004832,15.0
286200.0,2862.0,0.0,,-1.054502425109595,0.0545024251095949,15.0
286400.0,2864.0,0.0,,-1.0545023768116144,0.0545023768116144,15.0
286700.0,2867.0,0.0,,-1.0545023676230627,0.0545023676230627,15.0
286900.0,2869.0,0.0,,-1.0545023650529726,0.0545023650529725,15.0
287000.0,2870.0,0.0,,-1.0545023649061316,0.0545023649061315,15.0
287100.0,2871.0,0.0,,-1.0545023599650434,0.0545023599650433,15.0
287200.0,2872.0,0.0,,-1.0545023247788885,0.0545023247788885,15.0
287300.0,2873.0,0.0,,-1.0545023247259553,0.0545023247259552,15.0
287400.0,2874.0,0.0,,-1.0545023194550065,0.0545023194550065,15.0
287500.0,2875.0,0.0,,-1.0545023172025842,0.0545023172025842,15.0
287600.0,2876.0,0.0,,-1.054502316750733,0.054502316750733,15.0
287800.0,2878.0,0.0,,-1.0545023159582876,0.0545023159582875,15.0
287900.0,2879.0,0.0,,-1.05450231444636,0.0545023144463598,15.0
288000.0,2880.0,0.0,,-1.0545023140963368,0.0545023140963367,15.0
288100.0,2881.0,0.0,,-1.054502313328931,0.054502313328931,15.0
288200.0,2882.0,0.0,,-1.0545023043651542,0.0545023043651542,15.0
288300.0,2883.0,0.0,,-1.0545023042535149,0.0545023042535146,15.0
288400.0,2884.0,0.0,,-1.0544694960466223,0.0544694960466225,15.0
288600.0,2886.0,0.0,,-1.054466923302851,0.0544669233028509,15.0
288800.0,2888.0,0.0,,-1.0544664658659153,0.0544664658659153,15.0
289000.0,2890.0,0.0,,-1.0544631948201777,0.0544631948201774,15.0
289100.0,2891.0,0.0,,-1.0544199442212676,0.0544199442212676,15.0
289200.0,2892.0,0.0,,-1.054419765760868,0.054419765760868,15.0
289300.0,2893.0,0.0,,-1.0544197451404258,0.0544197451404258,15.0
289500.0,2895.0,0.0,,-1.0544184110880934,0.0544184110880934,15.0
289600.0,2896.0,0.0,,-1.054417423706821,0.0544174237068209,15.0
289700.0,2897.0,0.0,,-1.0543932222209935,0.0543932222209935,15.0
289800.0,2898.0,0.0,,-1.0543932222073853,0.0543932222073852,15.0
289900.0,2899.0,0.0,,-1.054373234354387,0.054373234354387,15.0
290000.0,2900.0,0.0,,-1.054354614588202,0.0543546145882021,15.0
290300.0,2903.0,0.0,,-1.0543530975320476,0.0543530975320476,15.0
290400.0,2904.0,0.0,,-1.0543530726699677,0.0543530726699674,15.0
290500.0,2905.0,0.0,,-1.0543516479184043,0.0543516479184045,15.0
290900.0,2909.0,0.0,,-1.054351635510077,0.054351635510077,15.0
291100.0,2911.0,0.0,,-1.05435138053683,0.05435138053683,15.0
291200.0,2912.0,0.0,,-1.0543513781566771,0.0543513781566771,15.0
291300.0,2913.0,0.0,,-1.0543513688335662,0.0543513688335661,15.0
291400.0,2914.0,0.0,,-1.054351351690101,0.054351351690101,15.0
291500.0,2915.0,0.0,,-1.0543513418749302,0.0543513418749301,15.0
291700.0,2917.0,0.0,,-1.0543513409424834,0.0543513409424833,15.0
291800.0,2918.0,0.0,,-1.054351328662453,0.054351328662453,15.0
291900.0,2919.0,0.0,,-1.054351328654202,0.0543513286542021,15.0
292000.0,2920.0,0.0,,-1.054351318579274,0.0543513185792741,15.0
292200.0,2922.0,0.0,,-1.0543513163685252,0.0543513163685251,15.0
292300.0,2923.0,0.0,,-1.0543513148902073,0.0543513148902072,15.0
292400.0,2924.0,0.0,,-1.054347862808425,0.054347862808425,15.0
292600.0,2926.0,0.0,,-1.0543478627951852,0.0543478627951852,15.0
292700.0,2927.0,0.0,,-1.054347822631544,0.0543478226315441,15.0
292900.0,2929.0,0.0,,-1.054347773111664,0.0543477731116639,15.0
293000.0,2930.0,0.0,,-1.0543476554742042,0.0543476554742041,15.0
293100.0,2931.0,0.0,,-1.0543476516172616,0.0543476516172616,15.0
293200.0,2932.0,0.0,,-1.0543476494663264,0.0543476494663264,15.0
293400.0,2934.0,0.0,,-1.0543476256363005,0.0543476256363004,15.0
293500.0,2935.0,0.0,,-1.0543475823440065,0.0543475823440064,15.0
293600.0,2936.0,0.0,,-1.0543475734301633,0.0543475734301632,15.0
293700.0,2937.0,0.0,,-1.0543475734229486,0.0543475734229486,15.0
293900.0,2939.0,0.0,,-1.0543475620377436,0.0543475620377436,15.0
294000.0,2940.0,0.0,,-1.0543475546799934,0.0543475546799934,15.0
294100.0,2941.0,0.0,,-1.0543475504339848,0.0543475504339847,15.0
294300.0,2943.0,0.0,,-1.0543475502358275,0.0543475502358277,15.0
294500.0,2945.0,0.0,,-1.0543475502006263,0.0543475502006263,15.0
294700.0,2947.0,0.0,,-1.0543475499690211,0.0543475499690211,15.0
294800.0,2948.0,0.0,,-1.054347549894449,0.054347549894449,15.0
294900.0,2949.0,0.0,,-1.054347549813587,0.054347549813587,15.0
295000.0,2950.0,0.0,,-1.0543471445239072,0.0543471445239072,15.0
295200.0,2952.0,0.0,,-1.0543471422494342,0.0543471422494341,15.0
295400.0,2954.0,0.0,,-1.0543471383649898,0.0543471383649898,15.0
295500.0,2955.0,0.0,,-1.0543471383647365,0.0543471383647364,15.0
295600.0,2956.0,0.0,,-1.0543471343847444,0.0543471343847443,15.0
295700.0,2957.0,0.0,,-1.054346915474316,0.0543469154743159,15.0
295800.0,2958.0,0.0,,-1.0543469154729297,0.0543469154729294,15.0
296000.0,2960.0,0.0,,-1.0543469111757742,0.0543469111757741,15.0
296100.0,2961.0,0.0,,-1.0543469072187135,0.0543469072187137,15.0
296200.0,2962.0,0.0,,-1.054346905421486,0.054346905421486,15.0
296300.0,2963.0,0.0,,-1.0543468422108466,0.0543468422108466,15.0
296600.0,2966.0,0.0,,-1.054346842186055,0.0543468421860546,15.0
296700.0,2967.0,0.0,,-1.0543468362688777,0.0543468362688774,15.0
296800.0,2968.0,0.0,,-1.0543468335495292,0.0543468335495291,15.0
296900.0,2969.0,0.0,,-1.0543468315129558,0.0543468315129558,15.0
297000.0,2970.0,0.0,,-1.0543468240708216,0.0543468240708215,15.0
297100.0,2971.0,0.0,,-1.0543468237754052,0.0543468237754052,15.0
297300.0,2973.0,0.0,,-1.0543468235912334,0.0543468235912334,15.0
297400.0,2974.0,0.0,,-1.0543468228715551,0.0543468228715553,15.0
297700.0,2977.0,0.0,,-1.0543468224603147,0.0543468224603147,15.0
297800.0,2978.0,0.0,,-1.0543468222183676,0.0543468222183676,15.0
297900.0,2979.0,0.0,,-1.0543468221806027,0.0543468221806027,15.0
298000.0,2980.0,0.0,,-1.054346821149924,0.054346821149924,15.0
298200.0,2982.0,0.0,,-1.0543468194992454,0.0543468194992453,15.0
298400.0,2984.0,0.0,,-1.0543468194988823,0.0543468194988823,15.0
298500.0,2985.0,0.0,,-1.054346819274108,0.0543468192741081,15.0
298600.0,2986.0,0.0,,-1.0543468175159274,0.0543468175159274,15.0
298800.0,2988.0,0.0,,-1.0543467939721622,0.0543467939721622,15.0
299100.0,2991.0,0.0,,-1.0543467938405642,0.0543467938405641,15.0
299200.0,2992.0,0.0,,-1.0543467934285082,0.0543467934285082,15.0
299300.0,2993.0,0.0,,-1.054346791411706,0.0543467914117059,15.0
299400.0,2994.0,0.0,,-1.054346791350476,0.054346791350476,15.0
299500.0,2995.0,0.0,,-1.0543467901500945,0.0543467901500944,15.0
299600.0,2996.0,0.0,,-1.054346789907051,0.0543467899070513,15.0
299700.0,2997.0,0.0,,-1.0543467879373485,0.0543467879373482,15.0
299800.0,2998.0,0.0,,-1.0543466323440438,0.0543466323440438,15.0
299900.0,2999.0,0.0,,-1.0543465026011911,0.0543465026011913,15.0
