eval,gen,hv,igd+,icmop,cv,run
100.0,1.0,0.1962217445323681,0.315576914540753,0.1962217445323681,0.0,1.0
200.0,2.0,0.2414913876093136,0.2366700564590849,0.2414913876093136,0.0,1.0
300.0,3.0,0.2722013511049353,0.214446244870058,0.2722013511049353,0.0,1.0
400.0,4.0,0.3033203337147775,0.2009786427888889,0.3033203337147775,0.0,1.0
500.0,5.0,0.3346873306159769,0.1565690580403115,0.3346873306159769,0.0,1.0
600.0,6.0,0.3666087377480387,0.1431413099398459,0.3666087377480387,0.0,1.0
700.0,7.0,0.3789415710590398,0.1303573244237269,0.3789415710590398,0.0,1.0
800.0,8.0,0.409177854650639,0.1056773614049241,0.409177854650639,0.0,1.0
900.0,9.0,0.4219640665116352,0.0974535596263799,0.4219640665116352,0.0,1.0
1000.0,10.0,0.4248854010315043,0.0960293384966769,0.4248854010315043,0.0,1.0
1100.0,11.0,0.4275937478468178,0.0938045125758729,0.4275937478468178,0.0,1.0
1200.0,12.0,0.4302963273283507,0.0909776724450574,0.4302963273283507,0.0,1.0
1300.0,13.0,0.4396341156608926,0.0828272124872144,0.4396341156608926,0.0,1.0
1400.0,14.0,0.4437179669689158,0.0800479933827572,0.4437179669689158,0.0,1.0
1500.0,15.0,0.4441606792686692,0.0796608996117331,0.4441606792686692,0.0,1.0
1600.0,16.0,0.4444567104004158,0.0806068823971667,0.4444567104004158,0.0,1.0
1700.0,17.0,0.4468373453273522,0.078469224508304,0.4468373453273522,0.0,1.0
1800.0,18.0,0.4497764811170532,0.0767050832309529,0.4497764811170532,0.0,1.0
1900.0,19.0,0.4567201029464141,0.064453898704749,0.4567201029464141,0.0,1.0
2000.0,20.0,0.4570158703710107,0.0629016894471126,0.4570158703710107,0.0,1.0
2100.0,21.0,0.4639668965727552,0.0587388350729598,0.4639668965727552,0.0,1.0
2200.0,22.0,0.4667851179780843,0.0568025291679794,0.4667851179780843,0.0,1.0
2300.0,23.0,0.4665506632644403,0.056744970028917,0.4665506632644403,0.0,1.0
2500.0,25.0,0.4660227890955447,0.0577184689985103,0.4660227890955447,0.0,1.0
2600.0,26.0,0.4681184884924803,0.0580453386911751,0.4681184884924803,0.0,1.0
2700.0,27.0,0.4713931581358038,0.0552903514741892,0.4713931581358038,0.0,1.0
2800.0,28.0,0.4715286309029917,0.0548345387192157,0.4715286309029917,0.0,1.0
2900.0,29.0,0.4735781528482763,0.0542882539257307,0.4735781528482763,0.0,1.0
3000.0,30.0,0.4751894402940005,0.0530734904542582,0.4751894402940005,0.0,1.0
3200.0,32.0,0.4733450976067072,0.0535474408753508,0.4733450976067072,0.0,1.0
3400.0,34.0,0.474726184090203,0.0525772305640442,0.474726184090203,0.0,1.0
3500.0,35.0,0.4747539970254447,0.0525556868268956,0.4747539970254447,0.0,1.0
3600.0,36.0,0.4746893170733163,0.0522502271332383,0.4746893170733163,0.0,1.0
3700.0,37.0,0.475213510402665,0.0516755644735064,0.475213510402665,0.0,1.0
3800.0,38.0,0.4761418176788674,0.0517659479218505,0.4761418176788674,0.0,1.0
3900.0,39.0,0.4762544651268001,0.0515870202208679,0.4762544651268001,0.0,1.0
4000.0,40.0,0.4766155848996645,0.0517375345326615,0.4766155848996645,0.0,1.0
4100.0,41.0,0.4784283311213965,0.0508906156532196,0.4784283311213965,0.0,1.0
4200.0,42.0,0.4803112620302278,0.0499409693573091,0.4803112620302278,0.0,1.0
4400.0,44.0,0.4789334364853653,0.0519917862672366,0.4789334364853653,0.0,1.0
4500.0,45.0,0.4820759933104727,0.0498941900240142,0.4820759933104727,0.0,1.0
4700.0,47.0,0.4815653573895778,0.0509256459453348,0.4815653573895778,0.0,1.0
4800.0,48.0,0.4822970857642542,0.0503344906073707,0.4822970857642542,0.0,1.0
5000.0,50.0,0.4820994724910084,0.0495294429677316,0.4820994724910084,0.0,1.0
5100.0,51.0,0.4829501219114923,0.0484943708978011,0.4829501219114923,0.0,1.0
5200.0,52.0,0.4845501841016246,0.0496221959822635,0.4845501841016246,0.0,1.0
5300.0,53.0,0.4842964454806424,0.0481967678586089,0.4842964454806424,0.0,1.0
5400.0,54.0,0.4843342448332401,0.048332330661012,0.4843342448332401,0.0,1.0
5600.0,56.0,0.4858702679843917,0.0482764651983688,0.4858702679843917,0.0,1.0
5800.0,58.0,0.482991962549165,0.0491819471678451,0.482991962549165,0.0,1.0
5900.0,59.0,0.4839473197158655,0.049300193638527,0.4839473197158655,0.0,1.0
6000.0,60.0,0.485767345535905,0.0489981785676437,0.485767345535905,0.0,1.0
6300.0,63.0,0.4828604582285908,0.0497009572132926,0.4828604582285908,0.0,1.0
6400.0,64.0,0.489552654515751,0.0457305403020212,0.489552654515751,0.0,1.0
6500.0,65.0,0.489546981229385,0.0456750103220489,0.489546981229385,0.0,1.0
6800.0,68.0,0.4868034321293434,0.049166395638417,0.4868034321293434,0.0,1.0
6900.0,69.0,0.4893218818908038,0.0479240026264578,0.4893218818908038,0.0,1.0
7100.0,71.0,0.4900516327755229,0.0474987517379194,0.4900516327755229,0.0,1.0
7300.0,73.0,0.4929852688614994,0.0452960998267622,0.4929852688614994,0.0,1.0
7500.0,75.0,0.4902130458009502,0.0474273744198624,0.4902130458009502,0.0,1.0
7600.0,76.0,0.4912471623705956,0.0472563720478275,0.4912471623705956,0.0,1.0
7800.0,78.0,0.4913227339369493,0.0477245255762571,0.4913227339369493,0.0,1.0
7900.0,79.0,0.4900886764507442,0.047220424181594,0.4900886764507442,0.0,1.0
8000.0,80.0,0.4919483089337423,0.0460635881402734,0.4919483089337423,0.0,1.0
8100.0,81.0,0.4944330587368815,0.0443486711221365,0.4944330587368815,0.0,1.0
8200.0,82.0,0.4952602443757239,0.0431831009853996,0.4952602443757239,0.0,1.0
8300.0,83.0,0.4948767329854119,0.0427427608912113,0.4948767329854119,0.0,1.0
8500.0,85.0,0.4936810040437334,0.0451169237046872,0.4936810040437334,0.0,1.0
8600.0,86.0,0.4938389506637101,0.0442804242201579,0.4938389506637101,0.0,1.0
8700.0,87.0,0.4915901700635404,0.0441717442231582,0.4915901700635404,0.0,1.0
8800.0,88.0,0.4921886042400231,0.0437693133618509,0.4921886042400231,0.0,1.0
8900.0,89.0,0.4955945992387132,0.0415170619082862,0.4955945992387132,0.0,1.0
9000.0,90.0,0.4962919992117862,0.0403014182903949,0.4962919992117862,0.0,1.0
9200.0,92.0,0.4949123759161164,0.0404986115267846,0.4949123759161164,0.0,1.0
9500.0,95.0,0.4903208693081346,0.0434735873703111,0.4903208693081346,0.0,1.0
9600.0,96.0,0.4909841398148911,0.042868309057063,0.4909841398148911,0.0,1.0
9700.0,97.0,0.4946726485636016,0.0404822626897404,0.4946726485636016,0.0,1.0
9800.0,98.0,0.4963937546202262,0.0400794096367282,0.4963937546202262,0.0,1.0
10000.0,100.0,0.4932558027617029,0.0420042385063144,0.4932558027617029,0.0,1.0
10100.0,101.0,0.4942869063500053,0.0407548098421882,0.4942869063500053,0.0,1.0
10200.0,102.0,0.4954796090978842,0.0402238692526205,0.4954796090978842,0.0,1.0
10300.0,103.0,0.4963862599169029,0.0393757063041766,0.4963862599169029,0.0,1.0
10500.0,105.0,0.4968310098679872,0.0413556472225213,0.4968310098679872,0.0,1.0
10800.0,108.0,0.4955783375153066,0.0409950778033604,0.4955783375153066,0.0,1.0
10900.0,109.0,0.4957674583503696,0.0413382557094354,0.4957674583503696,0.0,1.0
11000.0,110.0,0.4973802071030394,0.0405398440483235,0.4973802071030394,0.0,1.0
11200.0,112.0,0.4988270174239168,0.0393067282933256,0.4988270174239168,0.0,1.0
11600.0,116.0,0.4983223781462851,0.0403251347384705,0.4983223781462851,0.0,1.0
11700.0,117.0,0.4997831854574724,0.0394477974729706,0.4997831854574724,0.0,1.0
11800.0,118.0,0.5015450180038394,0.0383959563248007,0.5015450180038394,0.0,1.0
11900.0,119.0,0.5027922084817927,0.0384125670375228,0.5027922084817927,0.0,1.0
12000.0,120.0,0.5043540356248613,0.0376389325593519,0.5043540356248613,0.0,1.0
12200.0,122.0,0.5035620042420401,0.0380881531377932,0.5035620042420401,0.0,1.0
12500.0,125.0,0.5031971589598725,0.0386531287326939,0.5031971589598725,0.0,1.0
12600.0,126.0,0.5027784003495912,0.038498032520708,0.5027784003495912,0.0,1.0
12700.0,127.0,0.5036956664990748,0.0382713658300058,0.5036956664990748,0.0,1.0
12800.0,128.0,0.5037776226880373,0.0380085823865542,0.5037776226880373,0.0,1.0
12900.0,129.0,0.5045390032400132,0.0375479181236032,0.5045390032400132,0.0,1.0
13200.0,132.0,0.5026650586929251,0.0383976338142314,0.5026650586929251,0.0,1.0
13400.0,134.0,0.503780600623024,0.0373750324949803,0.503780600623024,0.0,1.0
13500.0,135.0,0.5039206207846727,0.0374547821478244,0.5039206207846727,0.0,1.0
13700.0,137.0,0.5036522920405627,0.0377398336736104,0.5036522920405627,0.0,1.0
13800.0,138.0,0.5045648975362419,0.037287741506008,0.5045648975362419,0.0,1.0
14000.0,140.0,0.5043278332955331,0.0387530257660081,0.5043278332955331,0.0,1.0
14300.0,143.0,0.5035528668393721,0.0391962709107102,0.5035528668393721,0.0,1.0
14400.0,144.0,0.5051226465912031,0.0375867462495324,0.5051226465912031,0.0,1.0
14500.0,145.0,0.5053348480123468,0.036969603458252,0.5053348480123468,0.0,1.0
14800.0,148.0,0.4984591034647789,0.0415802855236387,0.4984591034647789,0.0,1.0
14900.0,149.0,0.4998131279832963,0.0413765773338873,0.4998131279832963,0.0,1.0
15000.0,150.0,0.5024902356678222,0.039155582413996,0.5024902356678222,0.0,1.0
15100.0,151.0,0.504190370299334,0.0385694934721379,0.504190370299334,0.0,1.0
15400.0,154.0,0.5017619897269278,0.039630194890386,0.5017619897269278,0.0,1.0
15500.0,155.0,0.5009517453564407,0.0394655242216852,0.5009517453564407,0.0,1.0
15600.0,156.0,0.5005907132788047,0.0389991171318607,0.5005907132788047,0.0,1.0
15700.0,157.0,0.5007690565920332,0.0391000966805354,0.5007690565920332,0.0,1.0
15800.0,158.0,0.5000212531168632,0.0388036938270258,0.5000212531168632,0.0,1.0
16100.0,161.0,0.4984088717333378,0.0404897411355386,0.4984088717333378,0.0,1.0
16200.0,162.0,0.5010967734190171,0.041057637724085,0.5010967734190171,0.0,1.0
16400.0,164.0,0.4991735638810347,0.0458190399090169,0.4991735638810347,0.0,1.0
16600.0,166.0,0.4997340209561908,0.0402046435869118,0.4997340209561908,0.0,1.0
16700.0,167.0,0.5038645104700151,0.0391925271307843,0.5038645104700151,0.0,1.0
16800.0,168.0,0.5041827059956224,0.0391217323311492,0.5041827059956224,0.0,1.0
16900.0,169.0,0.5045562068358572,0.0394749893184007,0.5045562068358572,0.0,1.0
17000.0,170.0,0.5053470436163259,0.0377487424911791,0.5053470436163259,0.0,1.0
17200.0,172.0,0.5039733243416885,0.0380424987693225,0.5039733243416885,0.0,1.0
17400.0,174.0,0.5026811072822948,0.037926660914776,0.5026811072822948,0.0,1.0
17500.0,175.0,0.5040672146232726,0.0373510211064372,0.5040672146232726,0.0,1.0
17800.0,178.0,0.5017759868356221,0.038375615750266,0.5017759868356221,0.0,1.0
18100.0,181.0,0.4990477821255986,0.0390961352503372,0.4990477821255986,0.0,1.0
18200.0,182.0,0.4994411290793072,0.0391343795634537,0.4994411290793072,0.0,1.0
18400.0,184.0,0.5009800208474039,0.0389814971193851,0.5009800208474039,0.0,1.0
18600.0,186.0,0.5008487109882199,0.039579959819429,0.5008487109882199,0.0,1.0
18700.0,187.0,0.5017134059610764,0.0387273770679054,0.5017134059610764,0.0,1.0
18800.0,188.0,0.5019991302757635,0.0381582461938865,0.5019991302757635,0.0,1.0
18900.0,189.0,0.5029975338362143,0.0373718776131649,0.5029975338362143,0.0,1.0
19000.0,190.0,0.5036608378974107,0.0376070686788206,0.5036608378974107,0.0,1.0
19200.0,192.0,0.5044321555667243,0.0381346514669981,0.5044321555667243,0.0,1.0
19300.0,193.0,0.5052334825628302,0.0378991936799695,0.5052334825628302,0.0,1.0
19500.0,195.0,0.5028746939775298,0.0412321319163033,0.5028746939775298,0.0,1.0
19600.0,196.0,0.5042265252505994,0.0442331446546573,0.5042265252505994,0.0,1.0
19700.0,197.0,0.5046320478452094,0.0438809666126049,0.5046320478452094,0.0,1.0
19900.0,199.0,0.505118707326958,0.0437102086406116,0.505118707326958,0.0,1.0
20100.0,201.0,0.5036823119165312,0.0445229549560929,0.5036823119165312,0.0,1.0
20400.0,204.0,0.4999386579634567,0.0447438057773876,0.4999386579634567,0.0,1.0
20500.0,205.0,0.5001032206801549,0.0448384898197821,0.5001032206801549,0.0,1.0
20600.0,206.0,0.5049048479360494,0.0417738984548413,0.5049048479360494,0.0,1.0
20800.0,208.0,0.5023939826655133,0.0437231941268246,0.5023939826655133,0.0,1.0
20900.0,209.0,0.5018848702674297,0.0436008605069932,0.5018848702674297,0.0,1.0
21200.0,212.0,0.4974846849516184,0.0442102366708025,0.4974846849516184,0.0,1.0
21400.0,214.0,0.4977026471874664,0.0441722486464178,0.4977026471874664,0.0,1.0
21500.0,215.0,0.4988171412944479,0.043848744404083,0.4988171412944479,0.0,1.0
21600.0,216.0,0.4985731077649111,0.0436098909737916,0.4985731077649111,0.0,1.0
21800.0,218.0,0.5007381371936872,0.0413022302233347,0.5007381371936872,0.0,1.0
21900.0,219.0,0.5016232113250745,0.0431102402630029,0.5016232113250745,0.0,1.0
22100.0,221.0,0.5021324464303044,0.0421988264817565,0.5021324464303044,0.0,1.0
22300.0,223.0,0.5026718442387893,0.0426521977196471,0.5026718442387893,0.0,1.0
22400.0,224.0,0.503972095324189,0.0421704947659257,0.503972095324189,0.0,1.0
22500.0,225.0,0.5056781291050694,0.0413888135957673,0.5056781291050694,0.0,1.0
22700.0,227.0,0.5042875136152315,0.0415394287481407,0.5042875136152315,0.0,1.0
22800.0,228.0,0.5041956564584702,0.041208199036821,0.5041956564584702,0.0,1.0
23100.0,231.0,0.500257413427502,0.0415871997276556,0.500257413427502,0.0,1.0
23200.0,232.0,0.5029831549532994,0.0404784339501863,0.5029831549532994,0.0,1.0
23400.0,234.0,0.5039012634161723,0.0417668437605997,0.5039012634161723,0.0,1.0
23700.0,237.0,0.5022861830420308,0.0431510744324744,0.5022861830420308,0.0,1.0
23800.0,238.0,0.5051837173358087,0.0416481725455023,0.5051837173358087,0.0,1.0
24100.0,241.0,0.5042531447783065,0.0434150655858696,0.5042531447783065,0.0,1.0
24200.0,242.0,0.5051910026702376,0.043351422888107,0.5051910026702376,0.0,1.0
24400.0,244.0,0.5016828134106105,0.0425670323326295,0.5016828134106105,0.0,1.0
24500.0,245.0,0.5021900676782141,0.0426457660914082,0.5021900676782141,0.0,1.0
24600.0,246.0,0.5043005423671307,0.0426198252246234,0.5043005423671307,0.0,1.0
24900.0,249.0,0.5019235035195951,0.0439032787236553,0.5019235035195951,0.0,1.0
25000.0,250.0,0.5029728678741996,0.0434961627346238,0.5029728678741996,0.0,1.0
25100.0,251.0,0.5077074785837883,0.0428079644726551,0.5077074785837883,0.0,1.0
25200.0,252.0,0.5079892851489208,0.0415435346108621,0.5079892851489208,0.0,1.0
25300.0,253.0,0.5078608037110779,0.0386028914063627,0.5078608037110779,0.0,1.0
25600.0,256.0,0.503522818174896,0.0389001293616647,0.503522818174896,0.0,1.0
25700.0,257.0,0.5039965124483402,0.0385410222922655,0.5039965124483402,0.0,1.0
25900.0,259.0,0.5031061861423961,0.0423565840444697,0.5031061861423961,0.0,1.0
26000.0,260.0,0.5051126775256098,0.0409553228759775,0.5051126775256098,0.0,1.0
26100.0,261.0,0.503847951896737,0.0408002414240689,0.503847951896737,0.0,1.0
26200.0,262.0,0.5036319626253513,0.0406082149234675,0.5036319626253513,0.0,1.0
26300.0,263.0,0.506244281539099,0.0385463317626519,0.506244281539099,0.0,1.0
26600.0,266.0,0.5078404937581416,0.0399885864534229,0.5078404937581416,0.0,1.0
26700.0,267.0,0.506878498039643,0.0395838616467667,0.506878498039643,0.0,1.0
26800.0,268.0,0.5084116737592014,0.038572423340038,0.5084116737592014,0.0,1.0
27000.0,270.0,0.5086775349533342,0.0369100338735372,0.5086775349533342,0.0,1.0
27100.0,271.0,0.5090413771752246,0.0357681377018724,0.5090413771752246,0.0,1.0
27200.0,272.0,0.5097435264093433,0.0350716892750712,0.5097435264093433,0.0,1.0
27300.0,273.0,0.5091077574515511,0.0345848610075646,0.5091077574515511,0.0,1.0
27400.0,274.0,0.5099069965471511,0.0338270361780242,0.5099069965471511,0.0,1.0
27600.0,276.0,0.5093672086917291,0.0343771769397991,0.5093672086917291,0.0,1.0
27700.0,277.0,0.5110356553449272,0.0342086150813918,0.5110356553449272,0.0,1.0
27800.0,278.0,0.5116770028717417,0.0344374403145886,0.5116770028717417,0.0,1.0
27900.0,279.0,0.5120984536492496,0.0348856029090339,0.5120984536492496,0.0,1.0
28200.0,282.0,0.5108511821654051,0.0357063075157556,0.5108511821654051,0.0,1.0
28400.0,284.0,0.5092827252047155,0.0361004798490931,0.5092827252047155,0.0,1.0
28600.0,286.0,0.5093363169685441,0.0364860918487717,0.5093363169685441,0.0,1.0
28700.0,287.0,0.5097948092487078,0.0359914484688849,0.5097948092487078,0.0,1.0
28800.0,288.0,0.5108897190450147,0.0356941475970763,0.5108897190450147,0.0,1.0
29200.0,292.0,0.5056070919345388,0.0431363614157302,0.5056070919345388,0.0,1.0
29300.0,293.0,0.5054569661441637,0.0427565885244929,0.5054569661441637,0.0,1.0
29400.0,294.0,0.5050300511601257,0.0401616123502772,0.5050300511601257,0.0,1.0
29500.0,295.0,0.5053386225179386,0.0392419717739673,0.5053386225179386,0.0,1.0
29800.0,298.0,0.5044365484043977,0.0398412561366534,0.5044365484043977,0.0,1.0
29900.0,299.0,0.5046744253156248,0.0401265346761936,0.5046744253156248,0.0,1.0
30100.0,301.0,0.5063157274134478,0.039718653290113,0.5063157274134478,0.0,1.0
30300.0,303.0,0.5058578845970833,0.0395724452073494,0.5058578845970833,0.0,1.0
30400.0,304.0,0.5078165244012945,0.0383552226950789,0.5078165244012945,0.0,1.0
30500.0,305.0,0.5089712655146343,0.0379742281579992,0.5089712655146343,0.0,1.0
30600.0,306.0,0.5081587153982418,0.0373908979983367,0.5081587153982418,0.0,1.0
30700.0,307.0,0.5084967931640024,0.037732572945922,0.5084967931640024,0.0,1.0
30900.0,309.0,0.5084853389964015,0.038342006410147,0.5084853389964015,0.0,1.0
31000.0,310.0,0.5108258247433728,0.0368945971164409,0.5108258247433728,0.0,1.0
31700.0,317.0,0.503601088383315,0.0431856611980238,0.503601088383315,0.0,1.0
31900.0,319.0,0.5033925904056932,0.0436486767885779,0.5033925904056932,0.0,1.0
32000.0,320.0,0.5034172413576851,0.0431486418875033,0.5034172413576851,0.0,1.0
32300.0,323.0,0.503536893620436,0.0419531413226321,0.503536893620436,0.0,1.0
32600.0,326.0,0.4982271943999235,0.0456510506342005,0.4982271943999235,0.0,1.0
32800.0,328.0,0.4981668490433815,0.046078444160526,0.4981668490433815,0.0,1.0
32900.0,329.0,0.4997672891720583,0.0448172572924546,0.4997672891720583,0.0,1.0
33100.0,331.0,0.4988973514002003,0.0460404052639041,0.4988973514002003,0.0,1.0
33200.0,332.0,0.5007590637746551,0.0450475623812709,0.5007590637746551,0.0,1.0
33300.0,333.0,0.4994792135352541,0.0421937366705117,0.4994792135352541,0.0,1.0
33500.0,335.0,0.5003499551016601,0.0404665034324933,0.5003499551016601,0.0,1.0
33700.0,337.0,0.5016877013825729,0.0404362877280129,0.5016877013825729,0.0,1.0
33800.0,338.0,0.5016678118312091,0.0398054371553311,0.5016678118312091,0.0,1.0
33900.0,339.0,0.5025893683587849,0.038685218310728,0.5025893683587849,0.0,1.0
34100.0,341.0,0.5006224754506315,0.0405485926710718,0.5006224754506315,0.0,1.0
34500.0,345.0,0.4989016592123058,0.0436126067519114,0.4989016592123058,0.0,1.0
34700.0,347.0,0.5003557019163347,0.0436467388646302,0.5003557019163347,0.0,1.0
34800.0,348.0,0.4995138335265934,0.0434553713924413,0.4995138335265934,0.0,1.0
34900.0,349.0,0.5010675253904566,0.039999244099502,0.5010675253904566,0.0,1.0
35000.0,350.0,0.5031852664396768,0.038505160332889,0.5031852664396768,0.0,1.0
35200.0,352.0,0.5020533109918052,0.0381473954407644,0.5020533109918052,0.0,1.0
35400.0,354.0,0.5025116972827426,0.0385262295055186,0.5025116972827426,0.0,1.0
35500.0,355.0,0.5049788346172656,0.0376791825186136,0.5049788346172656,0.0,1.0
35600.0,356.0,0.5047404572821781,0.0375503242492188,0.5047404572821781,0.0,1.0
35700.0,357.0,0.5062126766172632,0.0364857294234435,0.5062126766172632,0.0,1.0
35900.0,359.0,0.5043714432217086,0.0363964717721858,0.5043714432217086,0.0,1.0
36000.0,360.0,0.5045319489634066,0.0360162301876923,0.5045319489634066,0.0,1.0
36200.0,362.0,0.504519954113059,0.0371981083205714,0.504519954113059,0.0,1.0
36400.0,364.0,0.5065199431943711,0.0355193092063587,0.5065199431943711,0.0,1.0
36500.0,365.0,0.5065656714093301,0.0352186021406763,0.5065656714093301,0.0,1.0
36600.0,366.0,0.5069693538196043,0.035615666221885,0.5069693538196043,0.0,1.0
36700.0,367.0,0.5072311397406923,0.0356679414571365,0.5072311397406923,0.0,1.0
36800.0,368.0,0.5071316852080829,0.0354660059350004,0.5071316852080829,0.0,1.0
36900.0,369.0,0.507996656035719,0.0352516976104111,0.507996656035719,0.0,1.0
37000.0,370.0,0.5069064527525043,0.0349784484980275,0.5069064527525043,0.0,1.0
37200.0,372.0,0.5070222147821232,0.0365294657627183,0.5070222147821232,0.0,1.0
37600.0,376.0,0.504208670297361,0.0393618177296341,0.504208670297361,0.0,1.0
37700.0,377.0,0.5049533869117224,0.0374673190215903,0.5049533869117224,0.0,1.0
37900.0,379.0,0.5031236481940908,0.0378992464185014,0.5031236481940908,0.0,1.0
38100.0,381.0,0.5017135400537773,0.0397449954392244,0.5017135400537773,0.0,1.0
38200.0,382.0,0.5037687813910822,0.0388371016152212,0.5037687813910822,0.0,1.0
38300.0,383.0,0.5038278646351391,0.0393890756196929,0.5038278646351391,0.0,1.0
38500.0,385.0,0.503266024675331,0.0401360668974278,0.503266024675331,0.0,1.0
38800.0,388.0,0.5041497318605227,0.0401507223024825,0.5041497318605227,0.0,1.0
39000.0,390.0,0.5045363029208245,0.040861753554547,0.5045363029208245,0.0,1.0
39100.0,391.0,0.5051824832374007,0.0380148505098537,0.5051824832374007,0.0,1.0
39200.0,392.0,0.5054080504833213,0.0377043945987049,0.5054080504833213,0.0,1.0
39300.0,393.0,0.5081582043447432,0.036295951418806,0.5081582043447432,0.0,1.0
39600.0,396.0,0.5052458928288158,0.0399930604157186,0.5052458928288158,0.0,1.0
39800.0,398.0,0.504380927854428,0.0393964286314631,0.504380927854428,0.0,1.0
39900.0,399.0,0.5041171164621973,0.0390787089603698,0.5041171164621973,0.0,1.0
40100.0,401.0,0.5042765625614051,0.0396881361389813,0.5042765625614051,0.0,1.0
40200.0,402.0,0.5049094666205616,0.0394194002461019,0.5049094666205616,0.0,1.0
40300.0,403.0,0.506426960642034,0.0382021928007592,0.506426960642034,0.0,1.0
40400.0,404.0,0.5067617348464444,0.0385634720285007,0.5067617348464444,0.0,1.0
40500.0,405.0,0.5070042977708374,0.037995800016063,0.5070042977708374,0.0,1.0
40800.0,408.0,0.5043334310614479,0.0400206683252445,0.5043334310614479,0.0,1.0
40900.0,409.0,0.5052331917840192,0.0390500449162077,0.5052331917840192,0.0,1.0
41100.0,411.0,0.5045634564564412,0.0399974187938678,0.5045634564564412,0.0,1.0
41200.0,412.0,0.5050179263958834,0.0410277540534533,0.5050179263958834,0.0,1.0
41500.0,415.0,0.499095504203378,0.0429312730653965,0.499095504203378,0.0,1.0
41600.0,416.0,0.5021363165971798,0.0423026899524352,0.5021363165971798,0.0,1.0
41700.0,417.0,0.5028987750086787,0.0425710943661162,0.5028987750086787,0.0,1.0
41800.0,418.0,0.5031827687647885,0.0426603410523559,0.5031827687647885,0.0,1.0
42000.0,420.0,0.5022732182505942,0.0428826033145651,0.5022732182505942,0.0,1.0
42100.0,421.0,0.5033384845472028,0.0420457066185073,0.5033384845472028,0.0,1.0
42200.0,422.0,0.5036206913844855,0.0389897368890857,0.5036206913844855,0.0,1.0
42300.0,423.0,0.5047985698224631,0.0391364874691147,0.5047985698224631,0.0,1.0
42600.0,426.0,0.4992548090990217,0.0435861150360274,0.4992548090990217,0.0,1.0
42700.0,427.0,0.49992461971925,0.0431564169041707,0.49992461971925,0.0,1.0
42800.0,428.0,0.5013307855186478,0.0422074598296315,0.5013307855186478,0.0,1.0
42900.0,429.0,0.5025593245147078,0.0414772614229726,0.5025593245147078,0.0,1.0
43100.0,431.0,0.5045326891383481,0.0426665364045886,0.5045326891383481,0.0,1.0
43200.0,432.0,0.506419695489654,0.0424311589640214,0.506419695489654,0.0,1.0
43800.0,438.0,0.4977912375078563,0.0439227688208633,0.4977912375078563,0.0,1.0
43900.0,439.0,0.499422006241077,0.0429061791246152,0.499422006241077,0.0,1.0
44100.0,441.0,0.5021205916794101,0.0418090663446385,0.5021205916794101,0.0,1.0
44500.0,445.0,0.4967388781700841,0.0446714907685336,0.4967388781700841,0.0,1.0
44600.0,446.0,0.4995377380092004,0.0433996941312141,0.4995377380092004,0.0,1.0
44700.0,447.0,0.5014120686303055,0.0416649196674929,0.5014120686303055,0.0,1.0
44900.0,449.0,0.5006804840397595,0.0416510334166301,0.5006804840397595,0.0,1.0
45000.0,450.0,0.501440128550801,0.0411621156722266,0.501440128550801,0.0,1.0
45200.0,452.0,0.502219704671663,0.0401971700317427,0.502219704671663,0.0,1.0
45400.0,454.0,0.5014250122906467,0.0408268965552086,0.5014250122906467,0.0,1.0
45500.0,455.0,0.502388532757356,0.0423248795398527,0.502388532757356,0.0,1.0
45600.0,456.0,0.5028897084492231,0.0420615698416175,0.5028897084492231,0.0,1.0
46000.0,460.0,0.4960669991019643,0.0443267396818055,0.4960669991019643,0.0,1.0
46200.0,462.0,0.4983502873443165,0.0439615475239911,0.4983502873443165,0.0,1.0
46300.0,463.0,0.4956673849676589,0.0437809883252801,0.4956673849676589,0.0,1.0
46400.0,464.0,0.4962883411489653,0.043725921793015,0.4962883411489653,0.0,1.0
46500.0,465.0,0.4987341273460007,0.0430952729024954,0.4987341273460007,0.0,1.0
46600.0,466.0,0.5015966233836235,0.040793865208086,0.5015966233836235,0.0,1.0
46800.0,468.0,0.5002836395657362,0.0411991951026127,0.5002836395657362,0.0,1.0
46900.0,469.0,0.5009843601448751,0.0412400562060984,0.5009843601448751,0.0,1.0
47200.0,472.0,0.4982423180078331,0.0420105732738189,0.4982423180078331,0.0,1.0
47300.0,473.0,0.4997477140987151,0.0415590327948101,0.4997477140987151,0.0,1.0
47400.0,474.0,0.5026697763085484,0.0397343108917625,0.5026697763085484,0.0,1.0
47600.0,476.0,0.5034874206831483,0.039023372993469,0.5034874206831483,0.0,1.0
47700.0,477.0,0.5034709494235239,0.0386926406061718,0.5034709494235239,0.0,1.0
47800.0,478.0,0.5050154541095375,0.0377036217998201,0.5050154541095375,0.0,1.0
48100.0,481.0,0.504717401171684,0.0373959492884928,0.504717401171684,0.0,1.0
48300.0,483.0,0.5063140484138334,0.036847730890318,0.5063140484138334,0.0,1.0
48400.0,484.0,0.506533056845565,0.0360155194874272,0.506533056845565,0.0,1.0
48500.0,485.0,0.5054889864023678,0.0356219913756094,0.5054889864023678,0.0,1.0
48600.0,486.0,0.5065064438558823,0.0354600312306665,0.5065064438558823,0.0,1.0
48700.0,487.0,0.5075731834478255,0.0347498830028932,0.5075731834478255,0.0,1.0
48900.0,489.0,0.5045201676818147,0.0378919100966081,0.5045201676818147,0.0,1.0
49000.0,490.0,0.5054094791966741,0.036964931967809,0.5054094791966741,0.0,1.0
49200.0,492.0,0.5038171588015503,0.0385172036049716,0.5038171588015503,0.0,1.0
49300.0,493.0,0.5048231416838423,0.0380781369174016,0.5048231416838423,0.0,1.0
49400.0,494.0,0.506801555641866,0.0361726380017957,0.506801555641866,0.0,1.0
49600.0,496.0,0.506424422721017,0.0363622207301354,0.506424422721017,0.0,1.0
49700.0,497.0,0.5087760213382951,0.0350562960253297,0.5087760213382951,0.0,1.0
50000.0,500.0,0.5069789452437725,0.0352101463180635,0.5069789452437725,0.0,1.0
50100.0,501.0,0.5070625153999866,0.0349144925933636,0.5070625153999866,0.0,1.0
50200.0,502.0,0.5072851142949033,0.0352901659268047,0.5072851142949033,0.0,1.0
50400.0,504.0,0.5082315870744656,0.0347453429091764,0.5082315870744656,0.0,1.0
50700.0,507.0,0.5084271395445813,0.0348553986665208,0.5084271395445813,0.0,1.0
50800.0,508.0,0.5087238384395759,0.035005672752369,0.5087238384395759,0.0,1.0
51100.0,511.0,0.5089501919833236,0.0348761279270707,0.5089501919833236,0.0,1.0
51500.0,515.0,0.5065808958509764,0.0379342119350473,0.5065808958509764,0.0,1.0
51600.0,516.0,0.507913065757014,0.0360673272530621,0.507913065757014,0.0,1.0
51900.0,519.0,0.5074037167864933,0.0379057337567563,0.5074037167864933,0.0,1.0
52000.0,520.0,0.5077379335907477,0.0376177598270638,0.5077379335907477,0.0,1.0
52500.0,525.0,0.5007290218849882,0.0418646386448197,0.5007290218849882,0.0,1.0
52800.0,528.0,0.5003049861842848,0.04207283583837,0.5003049861842848,0.0,1.0
52900.0,529.0,0.5010771416925666,0.0419142811275612,0.5010771416925666,0.0,1.0
53000.0,530.0,0.5043872750258146,0.0400111762887568,0.5043872750258146,0.0,1.0
53100.0,531.0,0.5025317720225998,0.0383283917090277,0.5025317720225998,0.0,1.0
53200.0,532.0,0.5029991988009789,0.0392096174492342,0.5029991988009789,0.0,1.0
53400.0,534.0,0.5015425247248384,0.0394979456576291,0.5015425247248384,0.0,1.0
53500.0,535.0,0.5023696430377084,0.0394705120356053,0.5023696430377084,0.0,1.0
53700.0,537.0,0.4986812295120125,0.0383830020593978,0.4986812295120125,0.0,1.0
53800.0,538.0,0.501426767896399,0.0362409416033484,0.501426767896399,0.0,1.0
53900.0,539.0,0.5046608852469873,0.0349713103974366,0.5046608852469873,0.0,1.0
54200.0,542.0,0.501954867753453,0.0362875515644265,0.501954867753453,0.0,1.0
54300.0,543.0,0.5031628528200686,0.0354664455070455,0.5031628528200686,0.0,1.0
54400.0,544.0,0.5045485150354215,0.0357666662681352,0.5045485150354215,0.0,1.0
54700.0,547.0,0.5054224121177218,0.0367724811286267,0.5054224121177218,0.0,1.0
55000.0,550.0,0.5027277276449345,0.0383627252753176,0.5027277276449345,0.0,1.0
55300.0,553.0,0.4998465318059609,0.0400994305658834,0.4998465318059609,0.0,1.0
55400.0,554.0,0.500133338767658,0.0401497577469297,0.500133338767658,0.0,1.0
55500.0,555.0,0.4995790417782185,0.0397702959378807,0.4995790417782185,0.0,1.0
55600.0,556.0,0.4996715959717989,0.0396698918460333,0.4996715959717989,0.0,1.0
55700.0,557.0,0.5000392834915863,0.0383555945696395,0.5000392834915863,0.0,1.0
55800.0,558.0,0.5005720556802907,0.039491760570777,0.5005720556802907,0.0,1.0
55900.0,559.0,0.5019182678957778,0.0393405860177759,0.5019182678957778,0.0,1.0
56100.0,561.0,0.5013623366692728,0.0393143291101606,0.5013623366692728,0.0,1.0
56400.0,564.0,0.5014721513303447,0.0391268533838396,0.5014721513303447,0.0,1.0
56600.0,566.0,0.5002816889746795,0.0393523245677396,0.5002816889746795,0.0,1.0
56700.0,567.0,0.5014585784692311,0.0389419605826249,0.5014585784692311,0.0,1.0
56800.0,568.0,0.5017046290058654,0.0387548780686993,0.5017046290058654,0.0,1.0
57100.0,571.0,0.5006467728411259,0.0398601666505076,0.5006467728411259,0.0,1.0
57300.0,573.0,0.5006520585661626,0.0399135110045032,0.5006520585661626,0.0,1.0
57400.0,574.0,0.5022574321997612,0.040498861809768,0.5022574321997612,0.0,1.0
57500.0,575.0,0.5029368723389076,0.0408178734450302,0.5029368723389076,0.0,1.0
57600.0,576.0,0.5026456544639254,0.0408026371413951,0.5026456544639254,0.0,1.0
57700.0,577.0,0.5027094400800137,0.0410844114241412,0.5027094400800137,0.0,1.0
57900.0,579.0,0.5025699050867679,0.0406122460327,0.5025699050867679,0.0,1.0
58200.0,582.0,0.5005944662140939,0.0406893460057628,0.5005944662140939,0.0,1.0
58300.0,583.0,0.5005797862853676,0.0405674526791599,0.5005797862853676,0.0,1.0
58400.0,584.0,0.5019629548501054,0.0388863508970867,0.5019629548501054,0.0,1.0
58700.0,587.0,0.4986094421975506,0.0405903430210569,0.4986094421975506,0.0,1.0
58800.0,588.0,0.5003812124985852,0.0397330822647271,0.5003812124985852,0.0,1.0
58900.0,589.0,0.5003724258510015,0.0397029293438281,0.5003724258510015,0.0,1.0
59200.0,592.0,0.4993842319130649,0.0417009894770599,0.4993842319130649,0.0,1.0
59300.0,593.0,0.5009391639885988,0.0403244708065975,0.5009391639885988,0.0,1.0
59400.0,594.0,0.5017792829809091,0.0394485226432673,0.5017792829809091,0.0,1.0
59600.0,596.0,0.5023120354112877,0.0387137470308541,0.5023120354112877,0.0,1.0
60000.0,600.0,0.4971407875426875,0.0425769531439273,0.4971407875426875,0.0,1.0
60200.0,602.0,0.493871815492794,0.0448932087556206,0.493871815492794,0.0,1.0
60400.0,604.0,0.4919887300680824,0.0461691625337472,0.4919887300680824,0.0,1.0
60600.0,606.0,0.4900245037276741,0.0474403210509669,0.4900245037276741,0.0,1.0
60700.0,607.0,0.4935039395466952,0.0452521749675053,0.4935039395466952,0.0,1.0
60800.0,608.0,0.4952685210994043,0.0441777560945413,0.4952685210994043,0.0,1.0
60900.0,609.0,0.4979354513824657,0.0420843892618648,0.4979354513824657,0.0,1.0
61100.0,611.0,0.4971440361198807,0.0437690336221245,0.4971440361198807,0.0,1.0
61200.0,612.0,0.498005089635596,0.0415868549592214,0.498005089635596,0.0,1.0
61300.0,613.0,0.4985630315967868,0.0414847392585849,0.4985630315967868,0.0,1.0
61400.0,614.0,0.4979375628803282,0.0412777401892034,0.4979375628803282,0.0,1.0
61500.0,615.0,0.4989629190800919,0.0403640915277568,0.4989629190800919,0.0,1.0
61700.0,617.0,0.4987237765337862,0.0409706180006586,0.4987237765337862,0.0,1.0
62000.0,620.0,0.4946949144726605,0.0441998742704667,0.4946949144726605,0.0,1.0
62300.0,623.0,0.4933531151710866,0.0460281147603325,0.4933531151710866,0.0,1.0
62500.0,625.0,0.493241783517672,0.0454574299272009,0.493241783517672,0.0,1.0
62600.0,626.0,0.4934459781811677,0.0451169630802811,0.4934459781811677,0.0,1.0
62700.0,627.0,0.4952772661661236,0.0442529487241308,0.4952772661661236,0.0,1.0
62800.0,628.0,0.4967510807355216,0.0432011143548145,0.4967510807355216,0.0,1.0
62900.0,629.0,0.4971261816887507,0.0429838603606415,0.4971261816887507,0.0,1.0
63200.0,632.0,0.4958787531616067,0.0459783743713263,0.4958787531616067,0.0,1.0
63300.0,633.0,0.4991059379343498,0.0443110869253023,0.4991059379343498,0.0,1.0
63400.0,634.0,0.5001745855266914,0.0434073253594524,0.5001745855266914,0.0,1.0
63500.0,635.0,0.4995905910050573,0.0418725426733082,0.4995905910050573,0.0,1.0
63600.0,636.0,0.5001618032775249,0.0402300057419191,0.5001618032775249,0.0,1.0
63900.0,639.0,0.4980376863989782,0.0410294735173108,0.4980376863989782,0.0,1.0
64200.0,642.0,0.4984758424972119,0.0407211540056697,0.4984758424972119,0.0,1.0
64400.0,644.0,0.4954039725555501,0.0422495935882579,0.4954039725555501,0.0,1.0
64500.0,645.0,0.496113891900552,0.0416411402377394,0.496113891900552,0.0,1.0
64600.0,646.0,0.4966600960030781,0.0406465005766573,0.4966600960030781,0.0,1.0
64800.0,648.0,0.495976621632721,0.0432607603040809,0.495976621632721,0.0,1.0
65000.0,650.0,0.4967734716250491,0.0435257392317862,0.4967734716250491,0.0,1.0
65100.0,651.0,0.498264759845347,0.043299095370352,0.498264759845347,0.0,1.0
65200.0,652.0,0.4985934920029575,0.0423441175749726,0.4985934920029575,0.0,1.0
65400.0,654.0,0.4945406395280085,0.0449621690477621,0.4945406395280085,0.0,1.0
65600.0,656.0,0.493754343633767,0.0451851235041437,0.493754343633767,0.0,1.0
65800.0,658.0,0.4953377551591517,0.0442528021452769,0.4953377551591517,0.0,1.0
66000.0,660.0,0.4933908783868846,0.0465536312223516,0.4933908783868846,0.0,1.0
66100.0,661.0,0.4950440468841111,0.0446918853817732,0.4950440468841111,0.0,1.0
66200.0,662.0,0.4981395934517425,0.0458328937668416,0.4981395934517425,0.0,1.0
66400.0,664.0,0.4959910247026731,0.0489581064726926,0.4959910247026731,0.0,1.0
66600.0,666.0,0.4967957909947405,0.0491470099871862,0.4967957909947405,0.0,1.0
66700.0,667.0,0.4952594811776779,0.0478438594936735,0.4952594811776779,0.0,1.0
66800.0,668.0,0.4965983357934153,0.0475293442655442,0.4965983357934153,0.0,1.0
66900.0,669.0,0.4966649262575933,0.0481017955699106,0.4966649262575933,0.0,1.0
67000.0,670.0,0.4967509297457893,0.0475984831985858,0.4967509297457893,0.0,1.0
67100.0,671.0,0.4980626448017536,0.0475847184920295,0.4980626448017536,0.0,1.0
67200.0,672.0,0.4991904078012643,0.0466988340866278,0.4991904078012643,0.0,1.0
67300.0,673.0,0.500398029955795,0.0480962547399799,0.500398029955795,0.0,1.0
67400.0,674.0,0.5024027796750983,0.047584966848809,0.5024027796750983,0.0,1.0
67500.0,675.0,0.49882207297894,0.0456523483730972,0.49882207297894,0.0,1.0
67600.0,676.0,0.497845225137516,0.0451796537004133,0.497845225137516,0.0,1.0
67700.0,677.0,0.4986847868935342,0.0431041575324239,0.4986847868935342,0.0,1.0
67800.0,678.0,0.4996596542292764,0.0431939791024976,0.4996596542292764,0.0,1.0
67900.0,679.0,0.5009150432959771,0.0422975085768979,0.5009150432959771,0.0,1.0
68100.0,681.0,0.4994169361487152,0.0424190035797231,0.4994169361487152,0.0,1.0
68300.0,683.0,0.5003208651337877,0.0411244416896735,0.5003208651337877,0.0,1.0
68400.0,684.0,0.5034612574200406,0.0398822116463719,0.5034612574200406,0.0,1.0
68600.0,686.0,0.5040564203671553,0.0395195942196796,0.5040564203671553,0.0,1.0
68800.0,688.0,0.5048300256621764,0.0397866677769794,0.5048300256621764,0.0,1.0
68900.0,689.0,0.5044533805590597,0.0392927235915261,0.5044533805590597,0.0,1.0
69000.0,690.0,0.5025462725716348,0.0390964963851511,0.5025462725716348,0.0,1.0
69200.0,692.0,0.5020731217599741,0.0384216472613292,0.5020731217599741,0.0,1.0
69300.0,693.0,0.5032169814271632,0.0379434994994472,0.5032169814271632,0.0,1.0
69500.0,695.0,0.504865890091956,0.0376014060744299,0.504865890091956,0.0,1.0
69700.0,697.0,0.5031523836852559,0.0385550412694571,0.5031523836852559,0.0,1.0
69800.0,698.0,0.5029998999498235,0.0384850114759494,0.5029998999498235,0.0,1.0
69900.0,699.0,0.5033785676665324,0.0380677821101849,0.5033785676665324,0.0,1.0
70000.0,700.0,0.5036063579112571,0.0381127753192071,0.5036063579112571,0.0,1.0
100.0,1.0,0.1654813369961126,0.3271335990178089,0.1654813369961126,0.0,2.0
200.0,2.0,0.1740126538227936,0.3235064524363287,0.1740126538227936,0.0,2.0
300.0,3.0,0.2359868331890622,0.2792376736251036,0.2359868331890622,0.0,2.0
400.0,4.0,0.2656586613277389,0.2239619725676432,0.2656586613277389,0.0,2.0
500.0,5.0,0.3069828713109153,0.1802302116137006,0.3069828713109153,0.0,2.0
600.0,6.0,0.3227596657103778,0.1729674296791751,0.3227596657103778,0.0,2.0
700.0,7.0,0.3422394505689233,0.1650183852081486,0.3422394505689233,0.0,2.0
800.0,8.0,0.3617726282566533,0.1557602328535714,0.3617726282566533,0.0,2.0
900.0,9.0,0.3825101407448358,0.1294255337001561,0.3825101407448358,0.0,2.0
1000.0,10.0,0.391189255604455,0.1190185721305977,0.391189255604455,0.0,2.0
1100.0,11.0,0.4032747345147598,0.1137427478660417,0.4032747345147598,0.0,2.0
1200.0,12.0,0.4098478542799408,0.1072951128286898,0.4098478542799408,0.0,2.0
1300.0,13.0,0.4169412466251765,0.1033663617945677,0.4169412466251765,0.0,2.0
1400.0,14.0,0.4216363404545986,0.0969604444353211,0.4216363404545986,0.0,2.0
1500.0,15.0,0.4266872534293312,0.089301933378578,0.4266872534293312,0.0,2.0
1600.0,16.0,0.4313791582896554,0.0851932991384296,0.4313791582896554,0.0,2.0
1700.0,17.0,0.4357459756189219,0.0826371719771846,0.4357459756189219,0.0,2.0
1800.0,18.0,0.4394824686028625,0.0800692542997873,0.4394824686028625,0.0,2.0
1900.0,19.0,0.4433155991717921,0.078137450131842,0.4433155991717921,0.0,2.0
2000.0,20.0,0.4465621367850719,0.07647314865822,0.4465621367850719,0.0,2.0
2100.0,21.0,0.4468809929625517,0.0756871063031809,0.4468809929625517,0.0,2.0
2200.0,22.0,0.4556372775817804,0.0682770444737454,0.4556372775817804,0.0,2.0
2300.0,23.0,0.4576159990982049,0.0665328928363435,0.4576159990982049,0.0,2.0
2400.0,24.0,0.4614835629604826,0.0640487980524296,0.4614835629604826,0.0,2.0
2500.0,25.0,0.4615111733985539,0.064095516587339,0.4615111733985539,0.0,2.0
2800.0,28.0,0.46374262036153,0.0633151951603881,0.46374262036153,0.0,2.0
3000.0,30.0,0.4623414732482124,0.0714220424770603,0.4623414732482124,0.0,2.0
3100.0,31.0,0.4633525099722489,0.0718641041290312,0.4633525099722489,0.0,2.0
3200.0,32.0,0.4656569667282463,0.0702295323673086,0.4656569667282463,0.0,2.0
3300.0,33.0,0.4677669291047878,0.0692580319712955,0.4677669291047878,0.0,2.0
3400.0,34.0,0.4717404890290199,0.0664638973441863,0.4717404890290199,0.0,2.0
3500.0,35.0,0.4733348723767391,0.0645621511181712,0.4733348723767391,0.0,2.0
3600.0,36.0,0.4734331284909371,0.064480847376948,0.4734331284909371,0.0,2.0
3700.0,37.0,0.475723041575807,0.063059388080064,0.475723041575807,0.0,2.0
3800.0,38.0,0.4758969547465347,0.0631618452233817,0.4758969547465347,0.0,2.0
3900.0,39.0,0.4778450742824642,0.0609183400076672,0.4778450742824642,0.0,2.0
4100.0,41.0,0.4766031094942253,0.0613888818139639,0.4766031094942253,0.0,2.0
4200.0,42.0,0.4780225301784093,0.060443131196855,0.4780225301784093,0.0,2.0
4300.0,43.0,0.4823147707439371,0.0536923107896452,0.4823147707439371,0.0,2.0
4400.0,44.0,0.4835782639293511,0.0500566101731869,0.4835782639293511,0.0,2.0
4500.0,45.0,0.4864241627623251,0.049741244144255,0.4864241627623251,0.0,2.0
4700.0,47.0,0.4864372189978241,0.0494888424699086,0.4864372189978241,0.0,2.0
4800.0,48.0,0.488630892359384,0.0483057814653195,0.488630892359384,0.0,2.0
4900.0,49.0,0.4886734949490951,0.0483970260382674,0.4886734949490951,0.0,2.0
5000.0,50.0,0.4890493648620557,0.047839525314538,0.4890493648620557,0.0,2.0
5100.0,51.0,0.4892251180611787,0.0484817596412051,0.4892251180611787,0.0,2.0
5200.0,52.0,0.4906217019024698,0.0482630786389304,0.4906217019024698,0.0,2.0
5300.0,53.0,0.4929072312494076,0.047310682105003,0.4929072312494076,0.0,2.0
5400.0,54.0,0.4931804559404823,0.0468885742551114,0.4931804559404823,0.0,2.0
5500.0,55.0,0.4933659633298201,0.0472778390414656,0.4933659633298201,0.0,2.0
5700.0,57.0,0.4926222889385294,0.0476486792397708,0.4926222889385294,0.0,2.0
5800.0,58.0,0.4912445726866496,0.0476309285571565,0.4912445726866496,0.0,2.0
5900.0,59.0,0.4920267613528211,0.0475643158070842,0.4920267613528211,0.0,2.0
6100.0,61.0,0.4917998421259718,0.0489117794995312,0.4917998421259718,0.0,2.0
6200.0,62.0,0.4931504327973575,0.0484427762093732,0.4931504327973575,0.0,2.0
6300.0,63.0,0.494941452396741,0.0466838680602134,0.494941452396741,0.0,2.0
6400.0,64.0,0.4951775009149494,0.0462147152083204,0.4951775009149494,0.0,2.0
6500.0,65.0,0.4940683552071106,0.045672545672696,0.4940683552071106,0.0,2.0
6600.0,66.0,0.4962614433160194,0.0451618710609182,0.4962614433160194,0.0,2.0
6700.0,67.0,0.496375870217622,0.0449040513389672,0.496375870217622,0.0,2.0
6800.0,68.0,0.496438205797114,0.0445064768777345,0.496438205797114,0.0,2.0
6900.0,69.0,0.4982126974461508,0.0427168422751217,0.4982126974461508,0.0,2.0
7100.0,71.0,0.4955019892404094,0.0440520560781762,0.4955019892404094,0.0,2.0
7300.0,73.0,0.4940194379953255,0.0441696503658059,0.4940194379953255,0.0,2.0
7400.0,74.0,0.4945664203410709,0.0436811345216819,0.4945664203410709,0.0,2.0
7600.0,76.0,0.4943010692345806,0.0434243671528536,0.4943010692345806,0.0,2.0
7700.0,77.0,0.4945376446432902,0.0428996599296111,0.4945376446432902,0.0,2.0
7800.0,78.0,0.4950790426478118,0.0429441796740716,0.4950790426478118,0.0,2.0
8000.0,80.0,0.4938345225696287,0.0428970266928823,0.4938345225696287,0.0,2.0
8100.0,81.0,0.4924515976301921,0.0424144524068457,0.4924515976301921,0.0,2.0
8200.0,82.0,0.49308078319807,0.0421130328145153,0.49308078319807,0.0,2.0
8300.0,83.0,0.4941102190513888,0.0414126987985147,0.4941102190513888,0.0,2.0
8400.0,84.0,0.4947400842318232,0.0410117641162307,0.4947400842318232,0.0,2.0
8500.0,85.0,0.4950505277949956,0.0401066027148601,0.4950505277949956,0.0,2.0
8600.0,86.0,0.4954594712368753,0.0406591948279543,0.4954594712368753,0.0,2.0
8800.0,88.0,0.4978187694820348,0.0413984626402361,0.4978187694820348,0.0,2.0
9100.0,91.0,0.4946288069945274,0.0462641807711997,0.4946288069945274,0.0,2.0
9200.0,92.0,0.4950737013348058,0.0452022116823034,0.4950737013348058,0.0,2.0
9400.0,94.0,0.4941745977087916,0.0446772315283372,0.4941745977087916,0.0,2.0
9500.0,95.0,0.4981597544839899,0.0430590507532684,0.4981597544839899,0.0,2.0
9800.0,98.0,0.4978346865786582,0.0447128943917102,0.4978346865786582,0.0,2.0
9900.0,99.0,0.4965281143228207,0.0429954408277245,0.4965281143228207,0.0,2.0
10100.0,101.0,0.4976244870186073,0.0427324416312689,0.4976244870186073,0.0,2.0
10200.0,102.0,0.4968319857491426,0.0422374076993539,0.4968319857491426,0.0,2.0
10400.0,104.0,0.5010952806964505,0.0412267909061875,0.5010952806964505,0.0,2.0
10700.0,107.0,0.4997300256099193,0.0413936409238886,0.4997300256099193,0.0,2.0
10900.0,109.0,0.4998189470145582,0.0422685708534116,0.4998189470145582,0.0,2.0
11000.0,110.0,0.5023072515866623,0.0413964390262347,0.5023072515866623,0.0,2.0
11300.0,113.0,0.5001126296285392,0.0419916123671969,0.5001126296285392,0.0,2.0
11400.0,114.0,0.5004459659971956,0.0422193707366098,0.5004459659971956,0.0,2.0
11500.0,115.0,0.5003068025614464,0.0417559160452716,0.5003068025614464,0.0,2.0
11700.0,117.0,0.5006828718016662,0.0423787856764395,0.5006828718016662,0.0,2.0
11900.0,119.0,0.5010480230459611,0.0434628658160566,0.5010480230459611,0.0,2.0
12100.0,121.0,0.50098458771585,0.04313258352208,0.50098458771585,0.0,2.0
12400.0,124.0,0.4977208272023317,0.0458074098324992,0.4977208272023317,0.0,2.0
12600.0,126.0,0.4978331549687914,0.0456301741588828,0.4978331549687914,0.0,2.0
12700.0,127.0,0.4999272168692042,0.0434777156896568,0.4999272168692042,0.0,2.0
12800.0,128.0,0.5018163376732585,0.043430103469659,0.5018163376732585,0.0,2.0
13100.0,131.0,0.4984753568471551,0.0440807243432364,0.4984753568471551,0.0,2.0
13200.0,132.0,0.4995459018205604,0.0428540844115946,0.4995459018205604,0.0,2.0
13300.0,133.0,0.5032668355576868,0.0422036476276065,0.5032668355576868,0.0,2.0
13500.0,135.0,0.5022808334441716,0.0441880741167981,0.5022808334441716,0.0,2.0
13600.0,136.0,0.5008458995474173,0.0435587222011753,0.5008458995474173,0.0,2.0
13700.0,137.0,0.5014152068821652,0.0436216936488029,0.5014152068821652,0.0,2.0
13800.0,138.0,0.5016610250429301,0.0430390667048775,0.5016610250429301,0.0,2.0
14000.0,140.0,0.5002946313575972,0.0419077282064338,0.5002946313575972,0.0,2.0
14100.0,141.0,0.501913273943644,0.0407447720576396,0.501913273943644,0.0,2.0
14300.0,143.0,0.5000239459307445,0.0414056038275882,0.5000239459307445,0.0,2.0
14400.0,144.0,0.5007327202814947,0.0406185519302042,0.5007327202814947,0.0,2.0
14500.0,145.0,0.5016211386328504,0.0404524913200478,0.5016211386328504,0.0,2.0
14700.0,147.0,0.5009012885906738,0.040800771597515,0.5009012885906738,0.0,2.0
14800.0,148.0,0.5009204594023082,0.0405620278456019,0.5009204594023082,0.0,2.0
15100.0,151.0,0.4966716017311742,0.0449509115596141,0.4966716017311742,0.0,2.0
15300.0,153.0,0.4954577368191399,0.0461580167576519,0.4954577368191399,0.0,2.0
15400.0,154.0,0.4971954819635028,0.0448319770657543,0.4971954819635028,0.0,2.0
15600.0,156.0,0.4969861660208219,0.0442714644904495,0.4969861660208219,0.0,2.0
15700.0,157.0,0.5008981950678749,0.0418838852737577,0.5008981950678749,0.0,2.0
15800.0,158.0,0.5044787269031237,0.0389414772667991,0.5044787269031237,0.0,2.0
16000.0,160.0,0.5000573943092196,0.0393976479778328,0.5000573943092196,0.0,2.0
16400.0,164.0,0.4972035862367612,0.0430163522934079,0.4972035862367612,0.0,2.0
16600.0,166.0,0.4951510357772948,0.0430923706460671,0.4951510357772948,0.0,2.0
16700.0,167.0,0.4959399652052537,0.0428072180225595,0.4959399652052537,0.0,2.0
16800.0,168.0,0.4959912077122776,0.0424967725318958,0.4959912077122776,0.0,2.0
16900.0,169.0,0.4958547922331683,0.0419849276147413,0.4958547922331683,0.0,2.0
17000.0,170.0,0.4965948651327707,0.0418062695953599,0.4965948651327707,0.0,2.0
17300.0,173.0,0.494757106218755,0.043584406191145,0.494757106218755,0.0,2.0
17400.0,174.0,0.4946691660671506,0.0429372534946992,0.4946691660671506,0.0,2.0
17700.0,177.0,0.4981936659539894,0.0422111774479005,0.4981936659539894,0.0,2.0
17800.0,178.0,0.4984761237390624,0.0417247825747591,0.4984761237390624,0.0,2.0
17900.0,179.0,0.4988908610452303,0.0421389452623157,0.4988908610452303,0.0,2.0
18300.0,183.0,0.499663333866955,0.0411292655948311,0.499663333866955,0.0,2.0
18400.0,184.0,0.4999176689673493,0.0410175135222825,0.4999176689673493,0.0,2.0
18600.0,186.0,0.4998887500810233,0.040960611640749,0.4998887500810233,0.0,2.0
18800.0,188.0,0.4982572472289469,0.0426591171735146,0.4982572472289469,0.0,2.0
18900.0,189.0,0.5018209995783806,0.0409608799665791,0.5018209995783806,0.0,2.0
19100.0,191.0,0.4993871655068564,0.0415934900028919,0.4993871655068564,0.0,2.0
19300.0,193.0,0.4990732623736276,0.0426260979731568,0.4990732623736276,0.0,2.0
19400.0,194.0,0.5017154121654002,0.0403379587677539,0.5017154121654002,0.0,2.0
19500.0,195.0,0.5028698401428402,0.0399642492346998,0.5028698401428402,0.0,2.0
19600.0,196.0,0.503122572844944,0.0393612405542907,0.503122572844944,0.0,2.0
19800.0,198.0,0.5020724274316133,0.0400256759401203,0.5020724274316133,0.0,2.0
19900.0,199.0,0.5032168040350953,0.0393595260403302,0.5032168040350953,0.0,2.0
20000.0,200.0,0.5033789597873249,0.0396281175978591,0.5033789597873249,0.0,2.0
20100.0,201.0,0.5037012658377333,0.0396393378923631,0.5037012658377333,0.0,2.0
20200.0,202.0,0.5048849033999245,0.0389235340309802,0.5048849033999245,0.0,2.0
20300.0,203.0,0.5047695988536064,0.038854968134482,0.5047695988536064,0.0,2.0
20400.0,204.0,0.5038970369606753,0.0388288637432989,0.5038970369606753,0.0,2.0
20600.0,206.0,0.5042057309938701,0.038916569068163,0.5042057309938701,0.0,2.0
20800.0,208.0,0.5038991336411162,0.0396009323170495,0.5038991336411162,0.0,2.0
20900.0,209.0,0.5052400844021538,0.0389721493460447,0.5052400844021538,0.0,2.0
21100.0,211.0,0.5034758332960317,0.0392310751971994,0.5034758332960317,0.0,2.0
21400.0,214.0,0.4997242869048497,0.0416486624817987,0.4997242869048497,0.0,2.0
21600.0,216.0,0.500805863663265,0.0424781189096039,0.500805863663265,0.0,2.0
21800.0,218.0,0.4988968134534037,0.0421037565807692,0.4988968134534037,0.0,2.0
21900.0,219.0,0.4991936057550569,0.0434398019175462,0.4991936057550569,0.0,2.0
22000.0,220.0,0.5003729498642453,0.0413288448332835,0.5003729498642453,0.0,2.0
22100.0,221.0,0.5008681494005439,0.0408169296077638,0.5008681494005439,0.0,2.0
22200.0,222.0,0.5016322471098592,0.0400309108797033,0.5016322471098592,0.0,2.0
22400.0,224.0,0.5023001075679747,0.040025448267999,0.5023001075679747,0.0,2.0
22600.0,226.0,0.5019010191050617,0.0405160540808384,0.5019010191050617,0.0,2.0
22700.0,227.0,0.5021864636684237,0.0403405746850988,0.5021864636684237,0.0,2.0
22800.0,228.0,0.5049281808954659,0.0391882146656049,0.5049281808954659,0.0,2.0
23100.0,231.0,0.5034214621431532,0.0403039945014175,0.5034214621431532,0.0,2.0
23300.0,233.0,0.5048554557145535,0.0395370251504885,0.5048554557145535,0.0,2.0
23400.0,234.0,0.5069100737067119,0.038674108495605,0.5069100737067119,0.0,2.0
23700.0,237.0,0.5031872038183307,0.0405462931071529,0.5031872038183307,0.0,2.0
24000.0,240.0,0.5019241185419528,0.0428975320703299,0.5019241185419528,0.0,2.0
24200.0,242.0,0.4981648323567375,0.0429429021962288,0.4981648323567375,0.0,2.0
24400.0,244.0,0.4973564154138597,0.0436627019109306,0.4973564154138597,0.0,2.0
24500.0,245.0,0.4990565000067728,0.0436928521418722,0.4990565000067728,0.0,2.0
24700.0,247.0,0.499710729628023,0.0428939762702756,0.499710729628023,0.0,2.0
24800.0,248.0,0.5023789877172519,0.040909663033306,0.5023789877172519,0.0,2.0
25200.0,252.0,0.4941226246694603,0.0450655891905452,0.4941226246694603,0.0,2.0
25400.0,254.0,0.4944985142921367,0.0457404078376053,0.4944985142921367,0.0,2.0
25500.0,255.0,0.4987428254281607,0.0411046952006187,0.4987428254281607,0.0,2.0
25600.0,256.0,0.5015683114047259,0.0401443526192163,0.5015683114047259,0.0,2.0
25700.0,257.0,0.5025123275362848,0.0400203972911238,0.5025123275362848,0.0,2.0
26000.0,260.0,0.501278856240845,0.0404875053691293,0.501278856240845,0.0,2.0
26100.0,261.0,0.5020433839432763,0.039671666964767,0.5020433839432763,0.0,2.0
26200.0,262.0,0.5022049347054705,0.0395123433621434,0.5022049347054705,0.0,2.0
26700.0,267.0,0.5006445457272385,0.0417917500263742,0.5006445457272385,0.0,2.0
26800.0,268.0,0.4986367080651133,0.0417576818457542,0.4986367080651133,0.0,2.0
27000.0,270.0,0.5009668686991603,0.040851184892325,0.5009668686991603,0.0,2.0
27100.0,271.0,0.5022769479850456,0.0404585281306296,0.5022769479850456,0.0,2.0
27200.0,272.0,0.5027761061765011,0.0390409536848885,0.5027761061765011,0.0,2.0
27300.0,273.0,0.5032340171026382,0.0389398465125391,0.5032340171026382,0.0,2.0
27500.0,275.0,0.5064013546156774,0.038011921557806,0.5064013546156774,0.0,2.0
27900.0,279.0,0.5026454084930432,0.0406046926790994,0.5026454084930432,0.0,2.0
28000.0,280.0,0.5039002808415802,0.0398383393603802,0.5039002808415802,0.0,2.0
28200.0,282.0,0.5008200863064107,0.0419686762042555,0.5008200863064107,0.0,2.0
28400.0,284.0,0.5041558042637135,0.0404657489104282,0.5041558042637135,0.0,2.0
28600.0,286.0,0.5024382658200222,0.0433174377102832,0.5024382658200222,0.0,2.0
28800.0,288.0,0.5027097701606115,0.0433389572772883,0.5027097701606115,0.0,2.0
28900.0,289.0,0.503324310262555,0.042501491466596,0.503324310262555,0.0,2.0
29000.0,290.0,0.5035851022312138,0.0421458846531624,0.5035851022312138,0.0,2.0
29100.0,291.0,0.5033030290886369,0.0419513070283942,0.5033030290886369,0.0,2.0
29200.0,292.0,0.5025341503441818,0.040904307221576,0.5025341503441818,0.0,2.0
29400.0,294.0,0.5028785035182646,0.0416888884553466,0.5028785035182646,0.0,2.0
29700.0,297.0,0.5050261835997883,0.0393484931955134,0.5050261835997883,0.0,2.0
29800.0,298.0,0.505818459530044,0.039091622316726,0.505818459530044,0.0,2.0
30000.0,300.0,0.5049378382306379,0.0388947875001908,0.5049378382306379,0.0,2.0
30100.0,301.0,0.5049943225394798,0.0394953676013673,0.5049943225394798,0.0,2.0
30200.0,302.0,0.5057926816912888,0.0377315537736289,0.5057926816912888,0.0,2.0
30400.0,304.0,0.5053596382856335,0.041427743477307,0.5053596382856335,0.0,2.0
30500.0,305.0,0.5049004218908681,0.0411846317369612,0.5049004218908681,0.0,2.0
30700.0,307.0,0.5045198799335141,0.0418468486202228,0.5045198799335141,0.0,2.0
30800.0,308.0,0.507460752879802,0.0407658439040655,0.507460752879802,0.0,2.0
30900.0,309.0,0.5087787098830032,0.0400014993397194,0.5087787098830032,0.0,2.0
31100.0,311.0,0.5084197547178442,0.0386895282198288,0.5084197547178442,0.0,2.0
31200.0,312.0,0.5071885422942737,0.0380840797544374,0.5071885422942737,0.0,2.0
31500.0,315.0,0.5039211896042428,0.0395094657028623,0.5039211896042428,0.0,2.0
31800.0,318.0,0.5030401121736132,0.0392844517004834,0.5030401121736132,0.0,2.0
32000.0,320.0,0.5010335447180877,0.040052134076147,0.5010335447180877,0.0,2.0
32100.0,321.0,0.5016330677377109,0.0411435832771814,0.5016330677377109,0.0,2.0
32200.0,322.0,0.5031764300228427,0.0403949471999398,0.5031764300228427,0.0,2.0
32300.0,323.0,0.5041108111216089,0.0408502830707568,0.5041108111216089,0.0,2.0
32400.0,324.0,0.5032164313105161,0.039957795039812,0.5032164313105161,0.0,2.0
32500.0,325.0,0.5043854704889956,0.039962289521511,0.5043854704889956,0.0,2.0
32600.0,326.0,0.5059794831273291,0.0399031127623651,0.5059794831273291,0.0,2.0
32700.0,327.0,0.5060066894352312,0.0424417605739193,0.5060066894352312,0.0,2.0
32800.0,328.0,0.5083145775902856,0.0409565449458691,0.5083145775902856,0.0,2.0
32900.0,329.0,0.5072744887179951,0.0409479198848639,0.5072744887179951,0.0,2.0
33100.0,331.0,0.5079863711663213,0.0417873935277265,0.5079863711663213,0.0,2.0
33200.0,332.0,0.5072931589134096,0.0367620889677181,0.5072931589134096,0.0,2.0
33300.0,333.0,0.5067975547922731,0.0363201058375241,0.5067975547922731,0.0,2.0
33400.0,334.0,0.5071768609092536,0.0362570271415775,0.5071768609092536,0.0,2.0
33700.0,337.0,0.5067439405079652,0.0380235713750866,0.5067439405079652,0.0,2.0
33900.0,339.0,0.5051516243485089,0.0382416395506524,0.5051516243485089,0.0,2.0
34000.0,340.0,0.5047486697076735,0.0381031344348816,0.5047486697076735,0.0,2.0
34100.0,341.0,0.5052165689800406,0.0378721650663576,0.5052165689800406,0.0,2.0
34200.0,342.0,0.5058173534192975,0.0381870233544033,0.5058173534192975,0.0,2.0
34300.0,343.0,0.5050091280942757,0.038054441512853,0.5050091280942757,0.0,2.0
34500.0,345.0,0.5040676170552333,0.0384883830877445,0.5040676170552333,0.0,2.0
34600.0,346.0,0.5051500446811497,0.0377993950024338,0.5051500446811497,0.0,2.0
34700.0,347.0,0.505640268260356,0.0373648431721125,0.505640268260356,0.0,2.0
35000.0,350.0,0.5040437335092466,0.0368972695043324,0.5040437335092466,0.0,2.0
35200.0,352.0,0.5036621510698789,0.0376685623732317,0.5036621510698789,0.0,2.0
35300.0,353.0,0.5049909801714036,0.0367296635956391,0.5049909801714036,0.0,2.0
35700.0,357.0,0.5015994545502022,0.0400006500443429,0.5015994545502022,0.0,2.0
35800.0,358.0,0.5032456833920029,0.0393895284499662,0.5032456833920029,0.0,2.0
36000.0,360.0,0.5003013708465416,0.0400360961659954,0.5003013708465416,0.0,2.0
36100.0,361.0,0.5002687564903524,0.0399935499545933,0.5002687564903524,0.0,2.0
36200.0,362.0,0.4999524130561586,0.0399641215689093,0.4999524130561586,0.0,2.0
36400.0,364.0,0.5012688047074915,0.0391464689920701,0.5012688047074915,0.0,2.0
36500.0,365.0,0.5020845376048868,0.039033478030055,0.5020845376048868,0.0,2.0
36600.0,366.0,0.5034218299107971,0.0394768007312743,0.5034218299107971,0.0,2.0
36700.0,367.0,0.5059132320985701,0.0383559183583484,0.5059132320985701,0.0,2.0
36900.0,369.0,0.5042998291049388,0.0379941629432516,0.5042998291049388,0.0,2.0
37000.0,370.0,0.5045384937671257,0.0367882890633506,0.5045384937671257,0.0,2.0
37100.0,371.0,0.504630249593326,0.0369240752706929,0.504630249593326,0.0,2.0
37400.0,374.0,0.5016092456615822,0.0393441111247386,0.5016092456615822,0.0,2.0
37500.0,375.0,0.5038725265132542,0.0382817566578535,0.5038725265132542,0.0,2.0
37700.0,377.0,0.5037473228468393,0.0395128159300506,0.5037473228468393,0.0,2.0
37800.0,378.0,0.506211170640099,0.0371102384894788,0.506211170640099,0.0,2.0
37900.0,379.0,0.5061351403759978,0.0366943357947809,0.5061351403759978,0.0,2.0
38100.0,381.0,0.5093895656860503,0.0349826676688344,0.5093895656860503,0.0,2.0
38300.0,383.0,0.5043472137908394,0.0384566308821342,0.5043472137908394,0.0,2.0
38400.0,384.0,0.5053389583790647,0.0381458671640457,0.5053389583790647,0.0,2.0
38500.0,385.0,0.5054223781709388,0.0388703031489209,0.5054223781709388,0.0,2.0
38700.0,387.0,0.5066844902539589,0.0388447820696149,0.5066844902539589,0.0,2.0
39000.0,390.0,0.5052229538922778,0.0388917820926396,0.5052229538922778,0.0,2.0
39200.0,392.0,0.5006959871568228,0.0418848706543326,0.5006959871568228,0.0,2.0
39300.0,393.0,0.5015596549811171,0.0421625760090444,0.5015596549811171,0.0,2.0
39500.0,395.0,0.5000789692476825,0.0412410861966097,0.5000789692476825,0.0,2.0
39600.0,396.0,0.5013075901315845,0.0405676349614835,0.5013075901315845,0.0,2.0
39800.0,398.0,0.5014420209856922,0.0415429271631513,0.5014420209856922,0.0,2.0
40000.0,400.0,0.4987065107477825,0.0416834204219382,0.4987065107477825,0.0,2.0
40200.0,402.0,0.4982443994038531,0.0418057000664824,0.4982443994038531,0.0,2.0
40300.0,403.0,0.5035465053114758,0.0393755744058433,0.5035465053114758,0.0,2.0
40400.0,404.0,0.5064601005380938,0.0379008099964513,0.5064601005380938,0.0,2.0
40600.0,406.0,0.5061337373972836,0.0378841593171217,0.5061337373972836,0.0,2.0
40800.0,408.0,0.5061988772647775,0.0385600829362842,0.5061988772647775,0.0,2.0
40900.0,409.0,0.5062023417532167,0.0373069297115317,0.5062023417532167,0.0,2.0
41100.0,411.0,0.50398259706189,0.0374144185709783,0.50398259706189,0.0,2.0
41200.0,412.0,0.506882971529227,0.0365452306495687,0.506882971529227,0.0,2.0
41300.0,413.0,0.5063746669342388,0.0359933220835898,0.5063746669342388,0.0,2.0
41400.0,414.0,0.5076361857227745,0.0351810470599611,0.5076361857227745,0.0,2.0
41700.0,417.0,0.5058045704074957,0.0369000781926409,0.5058045704074957,0.0,2.0
42100.0,421.0,0.505247236263926,0.0382197531875345,0.505247236263926,0.0,2.0
42500.0,425.0,0.5026372807619868,0.0402651422241867,0.5026372807619868,0.0,2.0
42600.0,426.0,0.5030747888092657,0.0380135909751179,0.5030747888092657,0.0,2.0
42700.0,427.0,0.5030840987865276,0.0380157349342437,0.5030840987865276,0.0,2.0
42800.0,428.0,0.5034967949210404,0.0373094883400234,0.5034967949210404,0.0,2.0
43200.0,432.0,0.5010254798968242,0.0396567250439008,0.5010254798968242,0.0,2.0
43400.0,434.0,0.5041276101348092,0.0388693820921221,0.5041276101348092,0.0,2.0
43500.0,435.0,0.5065594982115406,0.0389095736551393,0.5065594982115406,0.0,2.0
43600.0,436.0,0.5065713349219694,0.0394404729902026,0.5065713349219694,0.0,2.0
43800.0,438.0,0.5061206968953857,0.0392870111374361,0.5061206968953857,0.0,2.0
44000.0,440.0,0.5047081304586813,0.0397673975201235,0.5047081304586813,0.0,2.0
44200.0,442.0,0.5091638516677882,0.0387542198752075,0.5091638516677882,0.0,2.0
44400.0,444.0,0.5095113866720653,0.0374427895640301,0.5095113866720653,0.0,2.0
44600.0,446.0,0.5070677679427159,0.0387226484644025,0.5070677679427159,0.0,2.0
44900.0,449.0,0.5056339287833647,0.0398007514305441,0.5056339287833647,0.0,2.0
45000.0,450.0,0.5084994451277264,0.0376333072006534,0.5084994451277264,0.0,2.0
45200.0,452.0,0.5099898397111655,0.0380463889981168,0.5099898397111655,0.0,2.0
45500.0,455.0,0.5076276833258604,0.0391616712352343,0.5076276833258604,0.0,2.0
45900.0,459.0,0.5058088915353459,0.0386903486809983,0.5058088915353459,0.0,2.0
46000.0,460.0,0.5056386428480806,0.0384241078896504,0.5056386428480806,0.0,2.0
46300.0,463.0,0.5013742927509687,0.03974320564209,0.5013742927509687,0.0,2.0
46400.0,464.0,0.501617709077067,0.0405252869952226,0.501617709077067,0.0,2.0
46500.0,465.0,0.5057670397986389,0.0381958355957121,0.5057670397986389,0.0,2.0
46700.0,467.0,0.5055439710189592,0.0402226005711083,0.5055439710189592,0.0,2.0
46800.0,468.0,0.5057436223093585,0.04050182954181,0.5057436223093585,0.0,2.0
47100.0,471.0,0.5057177648888895,0.0404899278846441,0.5057177648888895,0.0,2.0
47200.0,472.0,0.5061884257115085,0.039419594905792,0.5061884257115085,0.0,2.0
47300.0,473.0,0.5064017900892548,0.039969530445189,0.5064017900892548,0.0,2.0
47500.0,475.0,0.5072191468442916,0.041116011338735,0.5072191468442916,0.0,2.0
47700.0,477.0,0.5075995237510037,0.040802046273044,0.5075995237510037,0.0,2.0
47800.0,478.0,0.5069377800591944,0.0388209633918104,0.5069377800591944,0.0,2.0
47900.0,479.0,0.5057669889902763,0.0384654989613595,0.5057669889902763,0.0,2.0
48100.0,481.0,0.505293750935622,0.0383731824710655,0.505293750935622,0.0,2.0
48300.0,483.0,0.5026911550420361,0.0408325745418683,0.5026911550420361,0.0,2.0
48600.0,486.0,0.4991788550345856,0.0419936081354333,0.4991788550345856,0.0,2.0
48700.0,487.0,0.5019462834062317,0.0405434955532225,0.5019462834062317,0.0,2.0
48900.0,489.0,0.5027722502794999,0.0397250035583605,0.5027722502794999,0.0,2.0
49000.0,490.0,0.5027015206263453,0.0389078268130071,0.5027015206263453,0.0,2.0
49100.0,491.0,0.5031192882199752,0.038254490013783,0.5031192882199752,0.0,2.0
49400.0,494.0,0.502226301831193,0.0393251121262573,0.502226301831193,0.0,2.0
49600.0,496.0,0.5008219339049742,0.0392917481443658,0.5008219339049742,0.0,2.0
49800.0,498.0,0.5009744688029497,0.0393039126204081,0.5009744688029497,0.0,2.0
50000.0,500.0,0.5027325883301635,0.0387859819498868,0.5027325883301635,0.0,2.0
50400.0,504.0,0.5051538117103674,0.0380648546243947,0.5051538117103674,0.0,2.0
50600.0,506.0,0.5030048929544533,0.0404185320896343,0.5030048929544533,0.0,2.0
50800.0,508.0,0.5019768325355842,0.0406223144591841,0.5019768325355842,0.0,2.0
50900.0,509.0,0.5040556731063495,0.039404217143285,0.5040556731063495,0.0,2.0
51000.0,510.0,0.5066078102123558,0.0388596115606729,0.5066078102123558,0.0,2.0
51200.0,512.0,0.5051761195828075,0.0384981113834449,0.5051761195828075,0.0,2.0
51300.0,513.0,0.5076218395763409,0.0379404287889414,0.5076218395763409,0.0,2.0
51600.0,516.0,0.5030602554871018,0.0389493005435506,0.5030602554871018,0.0,2.0
51700.0,517.0,0.5053702092303378,0.0384922541006736,0.5053702092303378,0.0,2.0
51800.0,518.0,0.5053879520853022,0.0380541419055701,0.5053879520853022,0.0,2.0
52000.0,520.0,0.5057050770356614,0.0353172142189725,0.5057050770356614,0.0,2.0
52200.0,522.0,0.5044402465232432,0.0368917753441826,0.5044402465232432,0.0,2.0
52300.0,523.0,0.5044467512318128,0.0377330887367379,0.5044467512318128,0.0,2.0
52500.0,525.0,0.5035044557916472,0.0373151194873248,0.5035044557916472,0.0,2.0
52700.0,527.0,0.5011069243288027,0.0387846562088669,0.5011069243288027,0.0,2.0
52800.0,528.0,0.5040768853943881,0.0373313304519238,0.5040768853943881,0.0,2.0
53100.0,531.0,0.5023245699899077,0.0379944641719938,0.5023245699899077,0.0,2.0
53200.0,532.0,0.5027333661011255,0.0382933922505826,0.5027333661011255,0.0,2.0
53300.0,533.0,0.5028312600417606,0.0389058063270419,0.5028312600417606,0.0,2.0
53500.0,535.0,0.5021049899496928,0.0393656213124206,0.5021049899496928,0.0,2.0
53600.0,536.0,0.5006127867017249,0.0383485508828436,0.5006127867017249,0.0,2.0
53800.0,538.0,0.5010150130459864,0.0384338485799598,0.5010150130459864,0.0,2.0
53900.0,539.0,0.5030476346835259,0.0370265794847765,0.5030476346835259,0.0,2.0
54100.0,541.0,0.5017921884668995,0.0383209315691749,0.5017921884668995,0.0,2.0
54200.0,542.0,0.5018200285944391,0.0385785154058883,0.5018200285944391,0.0,2.0
54400.0,544.0,0.5027309791682428,0.0404317346721132,0.5027309791682428,0.0,2.0
54500.0,545.0,0.5041739590304067,0.039365109304851,0.5041739590304067,0.0,2.0
54600.0,546.0,0.5045316899592327,0.0407388612083086,0.5045316899592327,0.0,2.0
54700.0,547.0,0.5043305192796015,0.0403502285460989,0.5043305192796015,0.0,2.0
54800.0,548.0,0.5047995553160819,0.0387327756832258,0.5047995553160819,0.0,2.0
54900.0,549.0,0.5047900925351281,0.0382041985318763,0.5047900925351281,0.0,2.0
55000.0,550.0,0.5062266211635804,0.0371877727303567,0.5062266211635804,0.0,2.0
55300.0,553.0,0.5014968787829289,0.0397638355866373,0.5014968787829289,0.0,2.0
55500.0,555.0,0.5006041900262662,0.0398378497045813,0.5006041900262662,0.0,2.0
55600.0,556.0,0.5009928541549084,0.0401758686041548,0.5009928541549084,0.0,2.0
55800.0,558.0,0.504885146800566,0.0389147524818414,0.504885146800566,0.0,2.0
55900.0,559.0,0.5057241745695521,0.038661992787665,0.5057241745695521,0.0,2.0
56100.0,561.0,0.5074091982078404,0.0386522742283119,0.5074091982078404,0.0,2.0
56400.0,564.0,0.5046970441701566,0.0399830080676082,0.5046970441701566,0.0,2.0
56500.0,565.0,0.5064559568751178,0.0384767793264579,0.5064559568751178,0.0,2.0
56700.0,567.0,0.5063982602373632,0.0388567271883038,0.5063982602373632,0.0,2.0
56900.0,569.0,0.5063018581993721,0.0411136135072572,0.5063018581993721,0.0,2.0
57000.0,570.0,0.5070003369312468,0.0405077233724009,0.5070003369312468,0.0,2.0
57100.0,571.0,0.5079950173562326,0.0395022570422549,0.5079950173562326,0.0,2.0
57200.0,572.0,0.5082650851740101,0.0391970364000203,0.5082650851740101,0.0,2.0
57400.0,574.0,0.5068594441226303,0.0404491655024879,0.5068594441226303,0.0,2.0
57500.0,575.0,0.5067629593733106,0.0400334453252628,0.5067629593733106,0.0,2.0
57700.0,577.0,0.5044959557891295,0.0434995713193899,0.5044959557891295,0.0,2.0
57900.0,579.0,0.5013352630595674,0.0445196651167322,0.5013352630595674,0.0,2.0
58000.0,580.0,0.5025072020960449,0.0440884315916205,0.5025072020960449,0.0,2.0
58100.0,581.0,0.5013934691958819,0.0413488281784543,0.5013934691958819,0.0,2.0
58300.0,583.0,0.5006836239148986,0.04149540883011,0.5006836239148986,0.0,2.0
58400.0,584.0,0.4992783655818586,0.0401754172171759,0.4992783655818586,0.0,2.0
58500.0,585.0,0.499773118070291,0.0410162759490611,0.499773118070291,0.0,2.0
58800.0,588.0,0.4990681144549004,0.0420829103048416,0.4990681144549004,0.0,2.0
58900.0,589.0,0.500038576522033,0.041303043897391,0.500038576522033,0.0,2.0
59000.0,590.0,0.5004301635834729,0.0416027061860642,0.5004301635834729,0.0,2.0
59100.0,591.0,0.5028765214744002,0.038749244225145,0.5028765214744002,0.0,2.0
59200.0,592.0,0.5049346025420285,0.0382853755107127,0.5049346025420285,0.0,2.0
59300.0,593.0,0.5068578460770534,0.0373655677424193,0.5068578460770534,0.0,2.0
59600.0,596.0,0.5048720273690293,0.0387532482469961,0.5048720273690293,0.0,2.0
59700.0,597.0,0.5052160533733544,0.0381356656418048,0.5052160533733544,0.0,2.0
59800.0,598.0,0.504946572172819,0.0378832712771746,0.504946572172819,0.0,2.0
59900.0,599.0,0.5047365091372481,0.0378435945752904,0.5047365091372481,0.0,2.0
60400.0,604.0,0.5006916703949209,0.0401958487471205,0.5006916703949209,0.0,2.0
60600.0,606.0,0.4990816129406588,0.0410903940284996,0.4990816129406588,0.0,2.0
60700.0,607.0,0.4992776237150451,0.0406853326456182,0.4992776237150451,0.0,2.0
60800.0,608.0,0.5005625738306231,0.0398556756603175,0.5005625738306231,0.0,2.0
60900.0,609.0,0.501608369845817,0.0388797056844216,0.501608369845817,0.0,2.0
61200.0,612.0,0.4985006998642736,0.0440390082355678,0.4985006998642736,0.0,2.0
61300.0,613.0,0.5000220119696321,0.0423737959135749,0.5000220119696321,0.0,2.0
61400.0,614.0,0.5019160523219801,0.0413230598873075,0.5019160523219801,0.0,2.0
61500.0,615.0,0.5050223608256935,0.0382948416602402,0.5050223608256935,0.0,2.0
61600.0,616.0,0.5052140927401471,0.0390474767233655,0.5052140927401471,0.0,2.0
61900.0,619.0,0.5039906098989534,0.0411013069293455,0.5039906098989534,0.0,2.0
62000.0,620.0,0.5045187522945486,0.0398799282685018,0.5045187522945486,0.0,2.0
62100.0,621.0,0.5057899730857209,0.0396839183912021,0.5057899730857209,0.0,2.0
62300.0,623.0,0.5035497336236672,0.0406670424158051,0.5035497336236672,0.0,2.0
62600.0,626.0,0.4997605700593266,0.0436271910655009,0.4997605700593266,0.0,2.0
62800.0,628.0,0.5009666351746208,0.0429769805009245,0.5009666351746208,0.0,2.0
62900.0,629.0,0.5008937351516061,0.0427620863767828,0.5008937351516061,0.0,2.0
63100.0,631.0,0.502238356167289,0.0411391662446151,0.502238356167289,0.0,2.0
63200.0,632.0,0.5033478051963212,0.0397330061329151,0.5033478051963212,0.0,2.0
63700.0,637.0,0.4982410172155307,0.042827151307415,0.4982410172155307,0.0,2.0
63800.0,638.0,0.4985348388447593,0.0431496892255072,0.4985348388447593,0.0,2.0
63900.0,639.0,0.5015611806917264,0.0418000896289572,0.5015611806917264,0.0,2.0
64000.0,640.0,0.5018347789237553,0.0453987174794992,0.5018347789237553,0.0,2.0
64200.0,642.0,0.5003301758452191,0.0446676517379837,0.5003301758452191,0.0,2.0
64400.0,644.0,0.5001722690145965,0.0461163432063736,0.5001722690145965,0.0,2.0
64700.0,647.0,0.4985070841765638,0.0470451428627081,0.4985070841765638,0.0,2.0
64800.0,648.0,0.4964465831922969,0.0461921083795495,0.4964465831922969,0.0,2.0
64900.0,649.0,0.4972188362564562,0.0466029902765744,0.4972188362564562,0.0,2.0
65000.0,650.0,0.5000789516063123,0.0434273581843869,0.5000789516063123,0.0,2.0
65100.0,651.0,0.5022983078898144,0.0427949357676808,0.5022983078898144,0.0,2.0
65400.0,654.0,0.4986746297244074,0.0444823426853332,0.4986746297244074,0.0,2.0
65600.0,656.0,0.4967822689983832,0.0460495728256462,0.4967822689983832,0.0,2.0
65800.0,658.0,0.494214164444124,0.0451779661756688,0.494214164444124,0.0,2.0
65900.0,659.0,0.4975567022175613,0.0439200340272308,0.4975567022175613,0.0,2.0
66000.0,660.0,0.500246689689628,0.042638194756293,0.500246689689628,0.0,2.0
66200.0,662.0,0.4994350622344907,0.0401467953511789,0.4994350622344907,0.0,2.0
66400.0,664.0,0.4997032509042273,0.0400037204607891,0.4997032509042273,0.0,2.0
66500.0,665.0,0.5018095227151974,0.0386269315316719,0.5018095227151974,0.0,2.0
66800.0,668.0,0.4970566046785168,0.0418674562034431,0.4970566046785168,0.0,2.0
66900.0,669.0,0.498498285970933,0.0403773065473912,0.498498285970933,0.0,2.0
67100.0,671.0,0.4974623698111134,0.0405806336591585,0.4974623698111134,0.0,2.0
67300.0,673.0,0.4976277836058507,0.0414423040162604,0.4976277836058507,0.0,2.0
67500.0,675.0,0.4970999321194461,0.0432290090020281,0.4970999321194461,0.0,2.0
67600.0,676.0,0.4993369887582983,0.0411250623443856,0.4993369887582983,0.0,2.0
68000.0,680.0,0.4969278257244338,0.0436094821736261,0.4969278257244338,0.0,2.0
68100.0,681.0,0.4967631657443346,0.043083504761194,0.4967631657443346,0.0,2.0
68200.0,682.0,0.4972508288774774,0.0424789582693941,0.4972508288774774,0.0,2.0
68300.0,683.0,0.4981378278265165,0.0416477999073831,0.4981378278265165,0.0,2.0
68400.0,684.0,0.500540518081452,0.0406424970468981,0.500540518081452,0.0,2.0
68500.0,685.0,0.5006539930378229,0.0399955627045946,0.5006539930378229,0.0,2.0
68600.0,686.0,0.5013179958152928,0.0389219533514084,0.5013179958152928,0.0,2.0
68800.0,688.0,0.5016028099212916,0.038891480758627,0.5016028099212916,0.0,2.0
69000.0,690.0,0.4992253758012525,0.0400213534243922,0.4992253758012525,0.0,2.0
69100.0,691.0,0.4997478481124606,0.0403636907628399,0.4997478481124606,0.0,2.0
69200.0,692.0,0.4990883581253578,0.04007073195092,0.4990883581253578,0.0,2.0
69300.0,693.0,0.4991895211736614,0.0405389622092679,0.4991895211736614,0.0,2.0
69500.0,695.0,0.4997369888584213,0.0407961115736091,0.4997369888584213,0.0,2.0
69700.0,697.0,0.5015204969605129,0.0383945400243593,0.5015204969605129,0.0,2.0
69800.0,698.0,0.5016666264839089,0.0392195942939279,0.5016666264839089,0.0,2.0
100.0,1.0,0.2298254400565773,0.2654136351806254,0.2298254400565773,0.0,3.0
200.0,2.0,0.2395040606363539,0.2530043251113575,0.2395040606363539,0.0,3.0
300.0,3.0,0.2689282706284792,0.2190369468711389,0.2689282706284792,0.0,3.0
400.0,4.0,0.2944942184774804,0.2044457057896249,0.2944942184774804,0.0,3.0
500.0,5.0,0.3283939544401397,0.1778471225262963,0.3283939544401397,0.0,3.0
600.0,6.0,0.3534368771398841,0.1667249738028063,0.3534368771398841,0.0,3.0
700.0,7.0,0.3690587432602619,0.1494954193924791,0.3690587432602619,0.0,3.0
800.0,8.0,0.3900096318949584,0.1293843239906718,0.3900096318949584,0.0,3.0
900.0,9.0,0.4020265806772236,0.1050229562224481,0.4020265806772236,0.0,3.0
1000.0,10.0,0.4175225182070154,0.097725210208393,0.4175225182070154,0.0,3.0
1100.0,11.0,0.4234703029424955,0.093914624590559,0.4234703029424955,0.0,3.0
1200.0,12.0,0.4268707245490762,0.0911710590205504,0.4268707245490762,0.0,3.0
1300.0,13.0,0.4382634004903744,0.0855801001983111,0.4382634004903744,0.0,3.0
1400.0,14.0,0.4386884999555958,0.0854793440614481,0.4386884999555958,0.0,3.0
1500.0,15.0,0.4487392718839694,0.0815805227714356,0.4487392718839694,0.0,3.0
1600.0,16.0,0.4497004113543771,0.0819417414479448,0.4497004113543771,0.0,3.0
1700.0,17.0,0.4511995325563609,0.0688733658630602,0.4511995325563609,0.0,3.0
1800.0,18.0,0.4564218869521452,0.0657953666324257,0.4564218869521452,0.0,3.0
2000.0,20.0,0.4601844031086683,0.0641472014448028,0.4601844031086683,0.0,3.0
2100.0,21.0,0.4620729163798504,0.0624550072820357,0.4620729163798504,0.0,3.0
2200.0,22.0,0.4652846635276316,0.0613987293948838,0.4652846635276316,0.0,3.0
2500.0,25.0,0.4639876702973857,0.0631412929832832,0.4639876702973857,0.0,3.0
2600.0,26.0,0.4661368978162649,0.0630077538849725,0.4661368978162649,0.0,3.0
2700.0,27.0,0.4673534975731515,0.062130383306488,0.4673534975731515,0.0,3.0
3100.0,31.0,0.4668426297396991,0.0639858054445117,0.4668426297396991,0.0,3.0
3200.0,32.0,0.4663989749794781,0.0638934998608129,0.4663989749794781,0.0,3.0
3300.0,33.0,0.4686586496633659,0.0612855516877982,0.4686586496633659,0.0,3.0
3400.0,34.0,0.471409955989727,0.0598610180510456,0.471409955989727,0.0,3.0
3500.0,35.0,0.4775522471648099,0.0567199887551649,0.4775522471648099,0.0,3.0
3600.0,36.0,0.477599848119237,0.0565059933571729,0.477599848119237,0.0,3.0
3700.0,37.0,0.4801653970549524,0.0553618736655924,0.4801653970549524,0.0,3.0
3800.0,38.0,0.4809573783254224,0.0557770583098741,0.4809573783254224,0.0,3.0
3900.0,39.0,0.481233387914207,0.0556345441801682,0.481233387914207,0.0,3.0
4000.0,40.0,0.4814234798466607,0.0557795795362023,0.4814234798466607,0.0,3.0
4200.0,42.0,0.480583404427837,0.0560012467973307,0.480583404427837,0.0,3.0
4300.0,43.0,0.4815804296094847,0.0555206025832445,0.4815804296094847,0.0,3.0
4400.0,44.0,0.484543145739033,0.051110840935812,0.484543145739033,0.0,3.0
4600.0,46.0,0.4838105995058238,0.0539922157739735,0.4838105995058238,0.0,3.0
4800.0,48.0,0.4824920059406277,0.0543379727722329,0.4824920059406277,0.0,3.0
4900.0,49.0,0.4841075233505623,0.0524767528902921,0.4841075233505623,0.0,3.0
5000.0,50.0,0.4846479094624537,0.0523696857765183,0.4846479094624537,0.0,3.0
5200.0,52.0,0.4856887950959783,0.0530311092836228,0.4856887950959783,0.0,3.0
5300.0,53.0,0.4858589989620094,0.0535425175928334,0.4858589989620094,0.0,3.0
5400.0,54.0,0.485782228676428,0.0531803617397925,0.485782228676428,0.0,3.0
5600.0,56.0,0.483862684274986,0.0543607073966906,0.483862684274986,0.0,3.0
5700.0,57.0,0.4827738159967979,0.053962218873071,0.4827738159967979,0.0,3.0
5900.0,59.0,0.4834448273241121,0.0540645861854162,0.4834448273241121,0.0,3.0
6000.0,60.0,0.4818919557985469,0.0540071057926668,0.4818919557985469,0.0,3.0
6100.0,61.0,0.4840210791754807,0.0523152231351423,0.4840210791754807,0.0,3.0
6200.0,62.0,0.484931536143267,0.0510561770562692,0.484931536143267,0.0,3.0
6300.0,63.0,0.4840543233929727,0.0503631971863128,0.4840543233929727,0.0,3.0
6500.0,65.0,0.4816951524525107,0.0507889498337725,0.4816951524525107,0.0,3.0
6600.0,66.0,0.4826299648178418,0.0513051622573093,0.4826299648178418,0.0,3.0
6700.0,67.0,0.4842087465387147,0.0507814838315012,0.4842087465387147,0.0,3.0
6900.0,69.0,0.482723311320665,0.0513782891544281,0.482723311320665,0.0,3.0
7000.0,70.0,0.4834190111381353,0.0518904732441177,0.4834190111381353,0.0,3.0
7300.0,73.0,0.4796014067395778,0.0547166173934799,0.4796014067395778,0.0,3.0
7400.0,74.0,0.4817910658574544,0.0524561880991544,0.4817910658574544,0.0,3.0
7500.0,75.0,0.4830259655549892,0.0518762541578057,0.4830259655549892,0.0,3.0
7600.0,76.0,0.4845030615893491,0.0498586435737738,0.4845030615893491,0.0,3.0
7700.0,77.0,0.4849935024864389,0.0498213991870244,0.4849935024864389,0.0,3.0
7800.0,78.0,0.4847672824000618,0.0494438259690867,0.4847672824000618,0.0,3.0
7900.0,79.0,0.4864137262302691,0.0489947868806932,0.4864137262302691,0.0,3.0
8100.0,81.0,0.4855899618859489,0.0501677135849951,0.4855899618859489,0.0,3.0
8200.0,82.0,0.4875119946335957,0.0494352657260644,0.4875119946335957,0.0,3.0
8400.0,84.0,0.4855566271229565,0.0525145311586232,0.4855566271229565,0.0,3.0
8500.0,85.0,0.4861978787460596,0.0505006903314259,0.4861978787460596,0.0,3.0
8600.0,86.0,0.4845870929052858,0.0500079218171888,0.4845870929052858,0.0,3.0
8700.0,87.0,0.4876034825571601,0.0481858549836759,0.4876034825571601,0.0,3.0
8800.0,88.0,0.4876302836778504,0.0492353074473472,0.4876302836778504,0.0,3.0
8900.0,89.0,0.4889478494211272,0.0484865079420707,0.4889478494211272,0.0,3.0
9100.0,91.0,0.4892607821401077,0.0483767754636968,0.4892607821401077,0.0,3.0
9300.0,93.0,0.4875057656030468,0.0488525478704756,0.4875057656030468,0.0,3.0
9400.0,94.0,0.4871792705189045,0.0484115887236302,0.4871792705189045,0.0,3.0
9500.0,95.0,0.4899245186957883,0.0466426566495021,0.4899245186957883,0.0,3.0
9600.0,96.0,0.4910360281291405,0.0464579490552992,0.4910360281291405,0.0,3.0
9700.0,97.0,0.4917800179721154,0.0458914429876673,0.4917800179721154,0.0,3.0
9800.0,98.0,0.4932578028662211,0.0449007218266166,0.4932578028662211,0.0,3.0
10100.0,101.0,0.4920966903195329,0.0459302361600166,0.4920966903195329,0.0,3.0
10300.0,103.0,0.4934437362410336,0.0464873884690369,0.4934437362410336,0.0,3.0
10400.0,104.0,0.4952062611320401,0.0469148180854984,0.4952062611320401,0.0,3.0
10500.0,105.0,0.495254486245171,0.0465425993087988,0.495254486245171,0.0,3.0
10700.0,107.0,0.4947397935094038,0.0469442318538198,0.4947397935094038,0.0,3.0
11000.0,110.0,0.4929570921344643,0.04693014349627,0.4929570921344643,0.0,3.0
11300.0,113.0,0.4949273016930244,0.0464616008625321,0.4949273016930244,0.0,3.0
11400.0,114.0,0.4957157833873298,0.0461281681290325,0.4957157833873298,0.0,3.0
11800.0,118.0,0.4950584669735424,0.0490262186942443,0.4950584669735424,0.0,3.0
11900.0,119.0,0.4948827082894536,0.0488072899680212,0.4948827082894536,0.0,3.0
12000.0,120.0,0.4949077127583532,0.0498733025030663,0.4949077127583532,0.0,3.0
12200.0,122.0,0.4952792211279581,0.0505620758201495,0.4952792211279581,0.0,3.0
12300.0,123.0,0.4963155787427608,0.049299867249301,0.4963155787427608,0.0,3.0
12400.0,124.0,0.4988955930543133,0.0476342853725818,0.4988955930543133,0.0,3.0
12600.0,126.0,0.4985706237066482,0.044858292924581,0.4985706237066482,0.0,3.0
12800.0,128.0,0.4995313898000586,0.0435980661149167,0.4995313898000586,0.0,3.0
12900.0,129.0,0.5002960398849463,0.0420838324778821,0.5002960398849463,0.0,3.0
13400.0,134.0,0.4937152081168852,0.0521158387856759,0.4937152081168852,0.0,3.0
13500.0,135.0,0.4927860377421137,0.0513924853608836,0.4927860377421137,0.0,3.0
13700.0,137.0,0.4905233835463848,0.0516694955606678,0.4905233835463848,0.0,3.0
13900.0,139.0,0.4891180526355887,0.0537906359440689,0.4891180526355887,0.0,3.0
14000.0,140.0,0.4899057480107698,0.0533507136727715,0.4899057480107698,0.0,3.0
14100.0,141.0,0.4944159446842889,0.0498859180469468,0.4944159446842889,0.0,3.0
14200.0,142.0,0.4972221916386969,0.0479981925363104,0.4972221916386969,0.0,3.0
14300.0,143.0,0.4981606630309079,0.0475422937093861,0.4981606630309079,0.0,3.0
14500.0,145.0,0.4958001776076096,0.0465118331433555,0.4958001776076096,0.0,3.0
14600.0,146.0,0.4995878156466111,0.043506003812694,0.4995878156466111,0.0,3.0
14700.0,147.0,0.5002848124369763,0.0429601604056358,0.5002848124369763,0.0,3.0
15000.0,150.0,0.4973660933140741,0.0440805719573886,0.4973660933140741,0.0,3.0
15200.0,152.0,0.4954452992262051,0.0460448049263967,0.4954452992262051,0.0,3.0
15300.0,153.0,0.4992008295756767,0.0418608038750926,0.4992008295756767,0.0,3.0
15400.0,154.0,0.4992473302432874,0.0412141338374934,0.4992473302432874,0.0,3.0
15600.0,156.0,0.4957507828429678,0.0424116629710313,0.4957507828429678,0.0,3.0
15700.0,157.0,0.4962328562210755,0.0423104631120485,0.4962328562210755,0.0,3.0
15900.0,159.0,0.498553799823028,0.0418413324493179,0.498553799823028,0.0,3.0
16100.0,161.0,0.4972327272515009,0.04267639552213,0.4972327272515009,0.0,3.0
16200.0,162.0,0.498839893592656,0.0421273306861327,0.498839893592656,0.0,3.0
16500.0,165.0,0.4942223586381776,0.0458128919807289,0.4942223586381776,0.0,3.0
16600.0,166.0,0.4952502452925276,0.0449369648201523,0.4952502452925276,0.0,3.0
16700.0,167.0,0.4954955794691237,0.0444272554986989,0.4954955794691237,0.0,3.0
16900.0,169.0,0.4954771971113225,0.0436381877634746,0.4954771971113225,0.0,3.0
17000.0,170.0,0.4973172115067258,0.0443508693094362,0.4973172115067258,0.0,3.0
17100.0,171.0,0.4971580068592907,0.0439294960228041,0.4971580068592907,0.0,3.0
17300.0,173.0,0.4979170052659755,0.042635761059624,0.4979170052659755,0.0,3.0
17600.0,176.0,0.4959049470159389,0.0424550936892292,0.4959049470159389,0.0,3.0
17700.0,177.0,0.4964168864951729,0.0412795297353646,0.4964168864951729,0.0,3.0
17800.0,178.0,0.4979121799514492,0.040292637013878,0.4979121799514492,0.0,3.0
18100.0,181.0,0.4998823117543896,0.0402361233362992,0.4998823117543896,0.0,3.0
18600.0,186.0,0.4975838339168803,0.0423778801746566,0.4975838339168803,0.0,3.0
18700.0,187.0,0.5015356302122036,0.0396520816689565,0.5015356302122036,0.0,3.0
18800.0,188.0,0.5012573803958602,0.0394887313413419,0.5012573803958602,0.0,3.0
18900.0,189.0,0.5012300929788978,0.0389866105049187,0.5012300929788978,0.0,3.0
19200.0,192.0,0.5029389104474612,0.0409492803968375,0.5029389104474612,0.0,3.0
19300.0,193.0,0.501231018454735,0.0407581629802059,0.501231018454735,0.0,3.0
19400.0,194.0,0.5013019396888913,0.0410837506643976,0.5013019396888913,0.0,3.0
19700.0,197.0,0.496111922312505,0.0445943389722759,0.496111922312505,0.0,3.0
19800.0,198.0,0.4974927039930367,0.0434474587136998,0.4974927039930367,0.0,3.0
20000.0,200.0,0.4983952848774321,0.0420983284156426,0.4983952848774321,0.0,3.0
20200.0,202.0,0.4983640326123717,0.0465482339370741,0.4983640326123717,0.0,3.0
20300.0,203.0,0.4972381622910453,0.0453216945531046,0.4972381622910453,0.0,3.0
20600.0,206.0,0.4954937885659064,0.0455220366394151,0.4954937885659064,0.0,3.0
20700.0,207.0,0.4970482514767979,0.0446372694066958,0.4970482514767979,0.0,3.0
20800.0,208.0,0.4996479607558843,0.0440026164161063,0.4996479607558843,0.0,3.0
21000.0,210.0,0.4996321196379732,0.0424588574027173,0.4996321196379732,0.0,3.0
21100.0,211.0,0.5015157289388058,0.0401926697567951,0.5015157289388058,0.0,3.0
21200.0,212.0,0.5016987126762716,0.0404160133036339,0.5016987126762716,0.0,3.0
21400.0,214.0,0.500034840498428,0.0412865423253241,0.500034840498428,0.0,3.0
21600.0,216.0,0.4999753858027747,0.0429676021536172,0.4999753858027747,0.0,3.0
21800.0,218.0,0.5010380027297756,0.0414783476551849,0.5010380027297756,0.0,3.0
22000.0,220.0,0.5009110714690993,0.0418899748755038,0.5009110714690993,0.0,3.0
22600.0,226.0,0.5021873997247585,0.0411873924701601,0.5021873997247585,0.0,3.0
22800.0,228.0,0.5024308379268496,0.0382067580911606,0.5024308379268496,0.0,3.0
23000.0,230.0,0.5029376119479703,0.0382946469033613,0.5029376119479703,0.0,3.0
23200.0,232.0,0.5029772904999725,0.0384106559469093,0.5029772904999725,0.0,3.0
23800.0,238.0,0.4993825618452717,0.0414900967048291,0.4993825618452717,0.0,3.0
24100.0,241.0,0.4990840188162869,0.0408483436711802,0.4990840188162869,0.0,3.0
24200.0,242.0,0.5005305655506832,0.0408530207508514,0.5005305655506832,0.0,3.0
24300.0,243.0,0.5023418913555033,0.0403135890463806,0.5023418913555033,0.0,3.0
24500.0,245.0,0.5056083076008223,0.0379688506609426,0.5056083076008223,0.0,3.0
24600.0,246.0,0.5063835370782203,0.0372527965149542,0.5063835370782203,0.0,3.0
24700.0,247.0,0.5068629045617983,0.0371786903983248,0.5068629045617983,0.0,3.0
24900.0,249.0,0.5046917523872504,0.0385523257934837,0.5046917523872504,0.0,3.0
25000.0,250.0,0.5053797964413275,0.0384315098202028,0.5053797964413275,0.0,3.0
25200.0,252.0,0.5047222524103925,0.038201177936651,0.5047222524103925,0.0,3.0
25300.0,253.0,0.5060151274842131,0.037967522539302,0.5060151274842131,0.0,3.0
25400.0,254.0,0.5067609261900368,0.038443741514561,0.5067609261900368,0.0,3.0
25900.0,259.0,0.5036439859683104,0.0423221437983631,0.5036439859683104,0.0,3.0
26000.0,260.0,0.5048581589344239,0.0413504427115461,0.5048581589344239,0.0,3.0
26100.0,261.0,0.5061806996549023,0.0410809888544762,0.5061806996549023,0.0,3.0
26300.0,263.0,0.5045985101171856,0.0428802852847964,0.5045985101171856,0.0,3.0
26400.0,264.0,0.5038021963169342,0.0427638240401023,0.5038021963169342,0.0,3.0
26500.0,265.0,0.5046276915999726,0.0422672287767768,0.5046276915999726,0.0,3.0
26600.0,266.0,0.5065286290051738,0.0416724624855035,0.5065286290051738,0.0,3.0
26800.0,268.0,0.5027620807488128,0.041576208653423,0.5027620807488128,0.0,3.0
27000.0,270.0,0.4998622858734481,0.042224690781158,0.4998622858734481,0.0,3.0
27100.0,271.0,0.5017165666282211,0.0398516516701224,0.5017165666282211,0.0,3.0
27200.0,272.0,0.502426307444754,0.038300240055888,0.502426307444754,0.0,3.0
27300.0,273.0,0.5028899015579652,0.0374968190207479,0.5028899015579652,0.0,3.0
27400.0,274.0,0.503441051066085,0.0377960588946372,0.503441051066085,0.0,3.0
27500.0,275.0,0.505597302689614,0.0363068940867755,0.505597302689614,0.0,3.0
27600.0,276.0,0.5052807031489024,0.0361460777904364,0.5052807031489024,0.0,3.0
27800.0,278.0,0.5036990040227859,0.0372106840975608,0.5036990040227859,0.0,3.0
27900.0,279.0,0.5048836718463596,0.0367597917797366,0.5048836718463596,0.0,3.0
28000.0,280.0,0.5060858257560996,0.0357110900684386,0.5060858257560996,0.0,3.0
28100.0,281.0,0.5065482764466916,0.0359917420319551,0.5065482764466916,0.0,3.0
28200.0,282.0,0.5077775978856792,0.035738132649272,0.5077775978856792,0.0,3.0
28300.0,283.0,0.5093117374166608,0.0345450811479983,0.5093117374166608,0.0,3.0
28800.0,288.0,0.5000042992799008,0.0423309416832986,0.5000042992799008,0.0,3.0
29000.0,290.0,0.4996160203370117,0.0427831350801006,0.4996160203370117,0.0,3.0
29100.0,291.0,0.5007739908442028,0.0411414397123671,0.5007739908442028,0.0,3.0
29200.0,292.0,0.499681490050028,0.0402923928993271,0.499681490050028,0.0,3.0
29300.0,293.0,0.5047295260963329,0.0370238306135332,0.5047295260963329,0.0,3.0
29800.0,298.0,0.5028443454305623,0.0404554417753912,0.5028443454305623,0.0,3.0
29900.0,299.0,0.5029629067383529,0.0417554372284715,0.5029629067383529,0.0,3.0
30000.0,300.0,0.5029395374738724,0.0405642142386743,0.5029395374738724,0.0,3.0
30200.0,302.0,0.5017098543310052,0.0415621118403371,0.5017098543310052,0.0,3.0
30400.0,304.0,0.5029323512076602,0.0417678955481272,0.5029323512076602,0.0,3.0
30600.0,306.0,0.5038296179759189,0.0413463132760835,0.5038296179759189,0.0,3.0
30800.0,308.0,0.5021213832904434,0.0414624948326789,0.5021213832904434,0.0,3.0
30900.0,309.0,0.5021278890803216,0.041312025042501,0.5021278890803216,0.0,3.0
31000.0,310.0,0.5025633772350304,0.0407585432701227,0.5025633772350304,0.0,3.0
31100.0,311.0,0.5028529564926625,0.0405703456158956,0.5028529564926625,0.0,3.0
31200.0,312.0,0.5036674757434095,0.0400094720912048,0.5036674757434095,0.0,3.0
31400.0,314.0,0.5005806053771656,0.0419946378468376,0.5005806053771656,0.0,3.0
31500.0,315.0,0.5000763919723251,0.0418103495396062,0.5000763919723251,0.0,3.0
31600.0,316.0,0.4997715090529551,0.04128977104526,0.4997715090529551,0.0,3.0
31700.0,317.0,0.4996509582180747,0.0412203507409036,0.4996509582180747,0.0,3.0
31800.0,318.0,0.4996967110922813,0.0419187456483068,0.4996967110922813,0.0,3.0
31900.0,319.0,0.4998897953099515,0.0415513167935595,0.4998897953099515,0.0,3.0
32000.0,320.0,0.5003396044765593,0.0406276017760541,0.5003396044765593,0.0,3.0
32200.0,322.0,0.4980369351655569,0.0421981210652046,0.4980369351655569,0.0,3.0
32300.0,323.0,0.4985118543579134,0.0422984429504662,0.4985118543579134,0.0,3.0
32500.0,325.0,0.4988945757315001,0.0409027208902354,0.4988945757315001,0.0,3.0
32600.0,326.0,0.500036599406714,0.0411352600853156,0.500036599406714,0.0,3.0
32800.0,328.0,0.4996661675985057,0.0413487970346294,0.4996661675985057,0.0,3.0
33200.0,332.0,0.4921718707421545,0.0461833597204573,0.4921718707421545,0.0,3.0
33300.0,333.0,0.4927333712265627,0.0459574805110751,0.4927333712265627,0.0,3.0
33400.0,334.0,0.4948722379117594,0.0437640753882316,0.4948722379117594,0.0,3.0
33500.0,335.0,0.496243628174584,0.0426060123689237,0.496243628174584,0.0,3.0
33600.0,336.0,0.4963772811637416,0.0421376610410622,0.4963772811637416,0.0,3.0
33800.0,338.0,0.4956926290122139,0.0432803595498551,0.4956926290122139,0.0,3.0
33900.0,339.0,0.4961707061766693,0.0425425655437512,0.4961707061766693,0.0,3.0
34000.0,340.0,0.5006346677383582,0.0418530486827082,0.5006346677383582,0.0,3.0
34100.0,341.0,0.5016255893844774,0.0414588891322369,0.5016255893844774,0.0,3.0
34500.0,345.0,0.4998052950294049,0.0426021341292597,0.4998052950294049,0.0,3.0
34700.0,347.0,0.5013577601511854,0.0418385536446272,0.5013577601511854,0.0,3.0
35000.0,350.0,0.4994260094444367,0.0433261048277936,0.4994260094444367,0.0,3.0
35200.0,352.0,0.4992236537649084,0.0440580776705596,0.4992236537649084,0.0,3.0
35300.0,353.0,0.5006594072049942,0.0430640561451328,0.5006594072049942,0.0,3.0
35500.0,355.0,0.5006968056032939,0.0434642985409375,0.5006968056032939,0.0,3.0
35800.0,358.0,0.4993662294690842,0.0444261810647385,0.4993662294690842,0.0,3.0
35900.0,359.0,0.502036591580946,0.0424800014814441,0.502036591580946,0.0,3.0
36100.0,361.0,0.5016525882299141,0.0429802140099418,0.5016525882299141,0.0,3.0
36300.0,363.0,0.5005595166599882,0.0448126281190312,0.5005595166599882,0.0,3.0
36400.0,364.0,0.5024518190631766,0.0425183047405315,0.5024518190631766,0.0,3.0
36600.0,366.0,0.5006226142035389,0.044044130350018,0.5006226142035389,0.0,3.0
36700.0,367.0,0.5017461061697036,0.0429171046054882,0.5017461061697036,0.0,3.0
36900.0,369.0,0.5032846519550135,0.041136796780025,0.5032846519550135,0.0,3.0
37000.0,370.0,0.5035794392371646,0.0419448766587568,0.5035794392371646,0.0,3.0
37300.0,373.0,0.50355520524895,0.0446208372551045,0.50355520524895,0.0,3.0
37400.0,374.0,0.5037021672753678,0.0440786082328975,0.5037021672753678,0.0,3.0
37700.0,377.0,0.5014289751585429,0.0421075153908113,0.5014289751585429,0.0,3.0
37800.0,378.0,0.5025379792868783,0.0408992335211137,0.5025379792868783,0.0,3.0
37900.0,379.0,0.5023722748037999,0.0406134582233717,0.5023722748037999,0.0,3.0
38000.0,380.0,0.5030799036399567,0.0407920953256851,0.5030799036399567,0.0,3.0
38100.0,381.0,0.5035709999787593,0.0400084678480926,0.5035709999787593,0.0,3.0
38300.0,383.0,0.4985500698971962,0.0397645955697837,0.4985500698971962,0.0,3.0
38400.0,384.0,0.4999773578387493,0.0391861934629039,0.4999773578387493,0.0,3.0
38600.0,386.0,0.5008116898126475,0.0391736621567516,0.5008116898126475,0.0,3.0
38700.0,387.0,0.5014838214103851,0.0374439650553828,0.5014838214103851,0.0,3.0
38900.0,389.0,0.5019633224547296,0.03766338511826,0.5019633224547296,0.0,3.0
39000.0,390.0,0.5025345415890083,0.0375487475852798,0.5025345415890083,0.0,3.0
39200.0,392.0,0.4935335985240474,0.0394042677106551,0.4935335985240474,0.0,3.0
39300.0,393.0,0.495758857765432,0.0406467683201216,0.495758857765432,0.0,3.0
39500.0,395.0,0.4956053783012524,0.0405525622181258,0.4956053783012524,0.0,3.0
39600.0,396.0,0.496304776054347,0.0409747280384593,0.496304776054347,0.0,3.0
39800.0,398.0,0.4959250994207054,0.0428284011528794,0.4959250994207054,0.0,3.0
39900.0,399.0,0.4984696384730968,0.0396813100255443,0.4984696384730968,0.0,3.0
40000.0,400.0,0.4988919577019821,0.0397702706628619,0.4988919577019821,0.0,3.0
40100.0,401.0,0.499062232402576,0.0397333025353109,0.499062232402576,0.0,3.0
40400.0,404.0,0.498163282747997,0.03936113809635,0.498163282747997,0.0,3.0
40700.0,407.0,0.4977983691390843,0.040410728935533,0.4977983691390843,0.0,3.0
40900.0,409.0,0.4977059750460945,0.0410618518687705,0.4977059750460945,0.0,3.0
41100.0,411.0,0.4988454285557713,0.039347240331527,0.4988454285557713,0.0,3.0
41300.0,413.0,0.4964521070135249,0.042388760630154,0.4964521070135249,0.0,3.0
41400.0,414.0,0.4984135614287615,0.0416837017415068,0.4984135614287615,0.0,3.0
41500.0,415.0,0.4984534624394021,0.0418727135069815,0.4984534624394021,0.0,3.0
41600.0,416.0,0.4990285124533214,0.0422675009078861,0.4990285124533214,0.0,3.0
41700.0,417.0,0.500097494400943,0.0425420962794792,0.500097494400943,0.0,3.0
41900.0,419.0,0.5005985312596074,0.0429964779205118,0.5005985312596074,0.0,3.0
42200.0,422.0,0.4945444765360587,0.0435790407244025,0.4945444765360587,0.0,3.0
42300.0,423.0,0.4970294163038932,0.0414409819492546,0.4970294163038932,0.0,3.0
42500.0,425.0,0.4947781559935688,0.0432091637824325,0.4947781559935688,0.0,3.0
42600.0,426.0,0.4978990724050715,0.0425624051694503,0.4978990724050715,0.0,3.0
42700.0,427.0,0.5020777982246183,0.0385556942758815,0.5020777982246183,0.0,3.0
42800.0,428.0,0.5034790838930271,0.0381377094313373,0.5034790838930271,0.0,3.0
42900.0,429.0,0.503591743114859,0.0381413503930707,0.503591743114859,0.0,3.0
43000.0,430.0,0.5047960131500315,0.0381476722085771,0.5047960131500315,0.0,3.0
43300.0,433.0,0.5017403902445258,0.0396216674837477,0.5017403902445258,0.0,3.0
43500.0,435.0,0.5042724643341905,0.0395636383010523,0.5042724643341905,0.0,3.0
43800.0,438.0,0.503796471235397,0.0408776107220865,0.503796471235397,0.0,3.0
44000.0,440.0,0.503111033330239,0.040835958685404,0.503111033330239,0.0,3.0
44200.0,442.0,0.5020990360758905,0.0417700749364391,0.5020990360758905,0.0,3.0
44300.0,443.0,0.5027341457642109,0.0410229682882267,0.5027341457642109,0.0,3.0
44400.0,444.0,0.5031128404379156,0.0410054522290987,0.5031128404379156,0.0,3.0
44700.0,447.0,0.5014706839779429,0.0411261826627837,0.5014706839779429,0.0,3.0
44800.0,448.0,0.5016050768726539,0.0398370864808519,0.5016050768726539,0.0,3.0
44900.0,449.0,0.5028863860944328,0.0395004657920912,0.5028863860944328,0.0,3.0
45000.0,450.0,0.5037358169054571,0.0393465011008452,0.5037358169054571,0.0,3.0
45100.0,451.0,0.5037115386155329,0.0393372462920921,0.5037115386155329,0.0,3.0
45200.0,452.0,0.5062120718641815,0.0374104842754226,0.5062120718641815,0.0,3.0
45400.0,454.0,0.504440328714887,0.0393579058038776,0.504440328714887,0.0,3.0
45500.0,455.0,0.505675541829356,0.0383577461423288,0.505675541829356,0.0,3.0
45800.0,458.0,0.503832268261291,0.0388246057477539,0.503832268261291,0.0,3.0
46000.0,460.0,0.5001941005208966,0.0417882835846082,0.5001941005208966,0.0,3.0
46100.0,461.0,0.5010386583825561,0.0407318104389312,0.5010386583825561,0.0,3.0
46200.0,462.0,0.5016272647492739,0.0413430267074683,0.5016272647492739,0.0,3.0
46300.0,463.0,0.5037864762322845,0.0391744652831521,0.5037864762322845,0.0,3.0
46500.0,465.0,0.5046685858468002,0.0392128402673215,0.5046685858468002,0.0,3.0
46900.0,469.0,0.5002764001048204,0.0411144306862682,0.5002764001048204,0.0,3.0
47000.0,470.0,0.5034648718116642,0.0379535137083393,0.5034648718116642,0.0,3.0
47100.0,471.0,0.5052315004713063,0.0369484301014458,0.5052315004713063,0.0,3.0
47300.0,473.0,0.5041873453411347,0.0369098115555006,0.5041873453411347,0.0,3.0
47400.0,474.0,0.5042420392960835,0.0363207618705206,0.5042420392960835,0.0,3.0
47500.0,475.0,0.5053338311395681,0.0360545836977948,0.5053338311395681,0.0,3.0
47600.0,476.0,0.5041836713474053,0.0359581720787246,0.5041836713474053,0.0,3.0
47700.0,477.0,0.5043030211877654,0.037538379988778,0.5043030211877654,0.0,3.0
47800.0,478.0,0.5062648251810005,0.0357474404861704,0.5062648251810005,0.0,3.0
47900.0,479.0,0.5063365509757151,0.0356116993147893,0.5063365509757151,0.0,3.0
48500.0,485.0,0.5021016109941832,0.0401374704723167,0.5021016109941832,0.0,3.0
48900.0,489.0,0.4992962326637717,0.0429394935220403,0.4992962326637717,0.0,3.0
49000.0,490.0,0.4989023233588128,0.0417141003541585,0.4989023233588128,0.0,3.0
49100.0,491.0,0.4990065718969164,0.0412658909668912,0.4990065718969164,0.0,3.0
49200.0,492.0,0.5010927975322618,0.0412577950955599,0.5010927975322618,0.0,3.0
49300.0,493.0,0.5009243948441783,0.0411722008515738,0.5009243948441783,0.0,3.0
49400.0,494.0,0.501986003473123,0.040083580821146,0.501986003473123,0.0,3.0
49600.0,496.0,0.5021793310357081,0.0411503017916243,0.5021793310357081,0.0,3.0
49700.0,497.0,0.5025545105661134,0.0410656194466,0.5025545105661134,0.0,3.0
49900.0,499.0,0.5001602570144286,0.0426765757723467,0.5001602570144286,0.0,3.0
50100.0,501.0,0.5018778269513375,0.0404537628571393,0.5018778269513375,0.0,3.0
50200.0,502.0,0.5015252710426612,0.0404445429392957,0.5015252710426612,0.0,3.0
50400.0,504.0,0.5002536412959544,0.0415321850563459,0.5002536412959544,0.0,3.0
50500.0,505.0,0.5020629393675874,0.0396384882016187,0.5020629393675874,0.0,3.0
50700.0,507.0,0.5014874750821035,0.0395546500243843,0.5014874750821035,0.0,3.0
50800.0,508.0,0.5040227771903626,0.0384507663463028,0.5040227771903626,0.0,3.0
50900.0,509.0,0.5041554758366059,0.0380529698640063,0.5041554758366059,0.0,3.0
51200.0,512.0,0.5001153460649767,0.0415226481896945,0.5001153460649767,0.0,3.0
51300.0,513.0,0.5027083992837335,0.0407393740422099,0.5027083992837335,0.0,3.0
51600.0,516.0,0.4998482155899084,0.0421518212646287,0.4998482155899084,0.0,3.0
51900.0,519.0,0.4981294227696244,0.0429317715313642,0.4981294227696244,0.0,3.0
52000.0,520.0,0.4980815036111979,0.0424994740398357,0.4980815036111979,0.0,3.0
52100.0,521.0,0.5023422420777108,0.0415417839630691,0.5023422420777108,0.0,3.0
52300.0,523.0,0.5002199731382401,0.0426568666312297,0.5002199731382401,0.0,3.0
52400.0,524.0,0.4996525879913581,0.0416352575941308,0.4996525879913581,0.0,3.0
52500.0,525.0,0.5003407105898331,0.0413075022678812,0.5003407105898331,0.0,3.0
52700.0,527.0,0.4976536866057892,0.0427950510386961,0.4976536866057892,0.0,3.0
53000.0,530.0,0.4956745328182282,0.0484448098134866,0.4956745328182282,0.0,3.0
53100.0,531.0,0.4986690409790406,0.0434735745152697,0.4986690409790406,0.0,3.0
53200.0,532.0,0.5001201069230183,0.0420844664131439,0.5001201069230183,0.0,3.0
53400.0,534.0,0.4992793810209018,0.0416882613687952,0.4992793810209018,0.0,3.0
53600.0,536.0,0.5011748131492793,0.0406917367481045,0.5011748131492793,0.0,3.0
54100.0,541.0,0.4975610474055543,0.0426276096481167,0.4975610474055543,0.0,3.0
54200.0,542.0,0.4993545829097966,0.041006397943432,0.4993545829097966,0.0,3.0
54400.0,544.0,0.4989780132107435,0.0417293739331435,0.4989780132107435,0.0,3.0
54500.0,545.0,0.4992914814787084,0.0411157122709194,0.4992914814787084,0.0,3.0
55000.0,550.0,0.4961103900781344,0.0463592021989296,0.4961103900781344,0.0,3.0
55100.0,551.0,0.4990392870147272,0.0435578317893209,0.4990392870147272,0.0,3.0
55300.0,553.0,0.4992331389632221,0.0445604221268597,0.4992331389632221,0.0,3.0
55500.0,555.0,0.5007542569236402,0.0446100669359991,0.5007542569236402,0.0,3.0
55600.0,556.0,0.500754290768184,0.0471667749550665,0.500754290768184,0.0,3.0
55700.0,557.0,0.5004226725803491,0.0468730325482495,0.5004226725803491,0.0,3.0
55800.0,558.0,0.5015200912352098,0.0427079810303419,0.5015200912352098,0.0,3.0
55900.0,559.0,0.501872800904292,0.0429890409449544,0.501872800904292,0.0,3.0
56200.0,562.0,0.4975795373009664,0.0439153096591443,0.4975795373009664,0.0,3.0
56300.0,563.0,0.4990802699572568,0.0451080234357756,0.4990802699572568,0.0,3.0
56400.0,564.0,0.5010877986649543,0.055204336477094,0.5010877986649543,0.0,3.0
56500.0,565.0,0.5007087315627031,0.0448213821316356,0.5007087315627031,0.0,3.0
56600.0,566.0,0.4999322341915905,0.04387367232425,0.4999322341915905,0.0,3.0
56700.0,567.0,0.5025694888359908,0.0410140448576102,0.5025694888359908,0.0,3.0
56800.0,568.0,0.5028195624513291,0.0413431949300934,0.5028195624513291,0.0,3.0
56900.0,569.0,0.5017709028158646,0.0413092202903413,0.5017709028158646,0.0,3.0
57000.0,570.0,0.5022254085650063,0.0412761972889391,0.5022254085650063,0.0,3.0
57100.0,571.0,0.5003339457985759,0.041250061766412,0.5003339457985759,0.0,3.0
57200.0,572.0,0.500798245386516,0.041226137858564,0.500798245386516,0.0,3.0
57300.0,573.0,0.5027737900441476,0.0401960128133804,0.5027737900441476,0.0,3.0
57400.0,574.0,0.5040022036481859,0.0394833112716455,0.5040022036481859,0.0,3.0
57600.0,576.0,0.5002024721871795,0.0399797184596129,0.5002024721871795,0.0,3.0
57700.0,577.0,0.499833583554905,0.0394614895147904,0.499833583554905,0.0,3.0
57800.0,578.0,0.4998800064348201,0.0399170796490725,0.4998800064348201,0.0,3.0
57900.0,579.0,0.5019327403316899,0.0396948654867616,0.5019327403316899,0.0,3.0
58000.0,580.0,0.502126740120396,0.0400452192917059,0.502126740120396,0.0,3.0
58100.0,581.0,0.5052685754117677,0.0388883567641386,0.5052685754117677,0.0,3.0
58200.0,582.0,0.5072003949570736,0.0376644050700409,0.5072003949570736,0.0,3.0
58500.0,585.0,0.5076777149657514,0.037626048962406,0.5076777149657514,0.0,3.0
58800.0,588.0,0.5057306125899368,0.0376581446464001,0.5057306125899368,0.0,3.0
59300.0,593.0,0.5005063099555447,0.0421214339671419,0.5005063099555447,0.0,3.0
59400.0,594.0,0.501818663896358,0.0416248282634731,0.501818663896358,0.0,3.0
59500.0,595.0,0.5015404047982794,0.0413567147164676,0.5015404047982794,0.0,3.0
59600.0,596.0,0.5021542443703424,0.0414823834752207,0.5021542443703424,0.0,3.0
59700.0,597.0,0.503887391543739,0.040281530634886,0.503887391543739,0.0,3.0
59800.0,598.0,0.5034819601624401,0.0402403681715558,0.5034819601624401,0.0,3.0
60100.0,601.0,0.5026664344253379,0.0409184485101621,0.5026664344253379,0.0,3.0
60200.0,602.0,0.5041385008752833,0.040002982215942,0.5041385008752833,0.0,3.0
60400.0,604.0,0.5033686093899014,0.0399179409934045,0.5033686093899014,0.0,3.0
60500.0,605.0,0.5023238167954726,0.0398224929788761,0.5023238167954726,0.0,3.0
60600.0,606.0,0.5024784004096562,0.0397193306091526,0.5024784004096562,0.0,3.0
60700.0,607.0,0.5020891229397456,0.0396741239170445,0.5020891229397456,0.0,3.0
60800.0,608.0,0.5023479626264554,0.0396213900674277,0.5023479626264554,0.0,3.0
61000.0,610.0,0.5021229677986463,0.0401369525046908,0.5021229677986463,0.0,3.0
61100.0,611.0,0.4998045015555278,0.0398401084674876,0.4998045015555278,0.0,3.0
61200.0,612.0,0.4983533131517669,0.0397673163882579,0.4983533131517669,0.0,3.0
61400.0,614.0,0.4965670215332712,0.0417645332125439,0.4965670215332712,0.0,3.0
61500.0,615.0,0.4979186065461313,0.0394379103620979,0.4979186065461313,0.0,3.0
61600.0,616.0,0.4984986483299372,0.0390919096583714,0.4984986483299372,0.0,3.0
61700.0,617.0,0.5007931144063389,0.0376244156997173,0.5007931144063389,0.0,3.0
61800.0,618.0,0.5013056067282129,0.038804491974093,0.5013056067282129,0.0,3.0
61900.0,619.0,0.5034585512614037,0.0375732257111857,0.5034585512614037,0.0,3.0
62000.0,620.0,0.5033872418859721,0.0373647588339702,0.5033872418859721,0.0,3.0
62100.0,621.0,0.5039964418760734,0.0387485650719131,0.5039964418760734,0.0,3.0
62200.0,622.0,0.5044689862795145,0.0384047126168536,0.5044689862795145,0.0,3.0
62300.0,623.0,0.50461985826618,0.0382007056979434,0.50461985826618,0.0,3.0
62500.0,625.0,0.5026917969332433,0.0413643648195206,0.5026917969332433,0.0,3.0
62700.0,627.0,0.502150388429684,0.0417789348048508,0.502150388429684,0.0,3.0
62900.0,629.0,0.5014543842181762,0.0421908885686436,0.5014543842181762,0.0,3.0
63100.0,631.0,0.5000983677912897,0.0418354791999282,0.5000983677912897,0.0,3.0
63200.0,632.0,0.500716517564615,0.0409056273248553,0.500716517564615,0.0,3.0
63300.0,633.0,0.5008505541243012,0.041445230375464,0.5008505541243012,0.0,3.0
63400.0,634.0,0.5030328994581931,0.0409567754848236,0.5030328994581931,0.0,3.0
63500.0,635.0,0.5035929933102437,0.0410173222807861,0.5035929933102437,0.0,3.0
63600.0,636.0,0.5026485963417385,0.0409894107171623,0.5026485963417385,0.0,3.0
63700.0,637.0,0.5020722928877915,0.0408233979462394,0.5020722928877915,0.0,3.0
63800.0,638.0,0.5043787036546565,0.0395399393066473,0.5043787036546565,0.0,3.0
64200.0,642.0,0.5027310244624398,0.0398371377776977,0.5027310244624398,0.0,3.0
64300.0,643.0,0.5028849732040926,0.0390955044268595,0.5028849732040926,0.0,3.0
64500.0,645.0,0.503250333015357,0.0389459971865613,0.503250333015357,0.0,3.0
64600.0,646.0,0.5048852075682108,0.0378696074453172,0.5048852075682108,0.0,3.0
64700.0,647.0,0.5058391517426525,0.0376384929279884,0.5058391517426525,0.0,3.0
64900.0,649.0,0.505205670513542,0.0472739338754784,0.505205670513542,0.0,3.0
65000.0,650.0,0.5053221840559879,0.0465683978929286,0.5053221840559879,0.0,3.0
65300.0,653.0,0.5068654035615114,0.0404177740638003,0.5068654035615114,0.0,3.0
65400.0,654.0,0.5077750566648028,0.0386596821231428,0.5077750566648028,0.0,3.0
65600.0,656.0,0.5065249431620874,0.0396548056676617,0.5065249431620874,0.0,3.0
65800.0,658.0,0.5064051465783685,0.0397191015838468,0.5064051465783685,0.0,3.0
66100.0,661.0,0.5049394915649608,0.0397511402078404,0.5049394915649608,0.0,3.0
66300.0,663.0,0.5041827051210359,0.0394659341256304,0.5041827051210359,0.0,3.0
66400.0,664.0,0.504745864716859,0.0390832425934159,0.504745864716859,0.0,3.0
66500.0,665.0,0.5043296817901216,0.0389358535978196,0.5043296817901216,0.0,3.0
66600.0,666.0,0.5046727859561878,0.0387509439673091,0.5046727859561878,0.0,3.0
66700.0,667.0,0.5056052349673852,0.0387991843998949,0.5056052349673852,0.0,3.0
66800.0,668.0,0.5050958097939345,0.0387140941172582,0.5050958097939345,0.0,3.0
66900.0,669.0,0.5047217479185475,0.0386498274440754,0.5047217479185475,0.0,3.0
67000.0,670.0,0.5063907097313965,0.0377987373667722,0.5063907097313965,0.0,3.0
67100.0,671.0,0.5074559841038174,0.037209852967902,0.5074559841038174,0.0,3.0
67500.0,675.0,0.5014763272701791,0.0409685394768213,0.5014763272701791,0.0,3.0
67600.0,676.0,0.5043849738113264,0.0384539227928884,0.5043849738113264,0.0,3.0
67700.0,677.0,0.5070222031996889,0.0369199706924343,0.5070222031996889,0.0,3.0
67800.0,678.0,0.5071573625724479,0.0382469583153345,0.5071573625724479,0.0,3.0
67900.0,679.0,0.506032261013286,0.0377977127485379,0.506032261013286,0.0,3.0
68400.0,684.0,0.5042385234456098,0.0387253694209768,0.5042385234456098,0.0,3.0
68600.0,686.0,0.5037138737471453,0.0388018308684359,0.5037138737471453,0.0,3.0
68700.0,687.0,0.502953125146746,0.0381105701532283,0.502953125146746,0.0,3.0
68800.0,688.0,0.5032944893783362,0.037589358896016,0.5032944893783362,0.0,3.0
68900.0,689.0,0.5044761665269947,0.0369069081534986,0.5044761665269947,0.0,3.0
69100.0,691.0,0.5028167532367883,0.0377880336684344,0.5028167532367883,0.0,3.0
69200.0,692.0,0.5051795580530578,0.0374432410393414,0.5051795580530578,0.0,3.0
69300.0,693.0,0.5056858142577662,0.0369927180974088,0.5056858142577662,0.0,3.0
69400.0,694.0,0.506359179589381,0.0367593740398003,0.506359179589381,0.0,3.0
69700.0,697.0,0.5053166627657063,0.0384882415852218,0.5053166627657063,0.0,3.0
100.0,1.0,0.1318982122700975,0.4160498424217069,0.1318982122700975,0.0,4.0
200.0,2.0,0.1529775528423959,0.3805051122207675,0.1529775528423959,0.0,4.0
300.0,3.0,0.1944183282523046,0.3305699379619072,0.1944183282523046,0.0,4.0
400.0,4.0,0.224454253799467,0.2887181265343265,0.224454253799467,0.0,4.0
500.0,5.0,0.2544181239268205,0.2634720623780695,0.2544181239268205,0.0,4.0
600.0,6.0,0.2840728715455841,0.2053540921187366,0.2840728715455841,0.0,4.0
700.0,7.0,0.3045163703617609,0.1969925897528445,0.3045163703617609,0.0,4.0
800.0,8.0,0.3324986964620917,0.1660574269643595,0.3324986964620917,0.0,4.0
900.0,9.0,0.3390888184535285,0.1629108457983077,0.3390888184535285,0.0,4.0
1000.0,10.0,0.350297460648067,0.1563240473809289,0.350297460648067,0.0,4.0
1100.0,11.0,0.3625832575134742,0.1529516322676544,0.3625832575134742,0.0,4.0
1200.0,12.0,0.3674472646094353,0.1477733242298483,0.3674472646094353,0.0,4.0
1300.0,13.0,0.3840909918450069,0.1360730283900915,0.3840909918450069,0.0,4.0
1400.0,14.0,0.3871457545656865,0.1340759215337766,0.3871457545656865,0.0,4.0
1500.0,15.0,0.3887070194410857,0.1307420216255869,0.3887070194410857,0.0,4.0
1600.0,16.0,0.3902586940347209,0.130338951852417,0.3902586940347209,0.0,4.0
1700.0,17.0,0.3896569369327771,0.1275961239506048,0.3896569369327771,0.0,4.0
1800.0,18.0,0.393151736649269,0.1247289422011246,0.393151736649269,0.0,4.0
1900.0,19.0,0.3953828110536127,0.1218626972955156,0.3953828110536127,0.0,4.0
2000.0,20.0,0.4001424316396165,0.1182737480684717,0.4001424316396165,0.0,4.0
2100.0,21.0,0.4043381058300163,0.1129443865711437,0.4043381058300163,0.0,4.0
2200.0,22.0,0.4057038498724316,0.1121189869230498,0.4057038498724316,0.0,4.0
2300.0,23.0,0.4076631540763583,0.1108335256090325,0.4076631540763583,0.0,4.0
2400.0,24.0,0.4111717429041475,0.1098944278613815,0.4111717429041475,0.0,4.0
2500.0,25.0,0.4157080024843247,0.1088022299661012,0.4157080024843247,0.0,4.0
2600.0,26.0,0.4205065454201352,0.1059386259263147,0.4205065454201352,0.0,4.0
2700.0,27.0,0.4223901613942131,0.1065591199819616,0.4223901613942131,0.0,4.0
2800.0,28.0,0.4267374354551833,0.100003982545188,0.4267374354551833,0.0,4.0
2900.0,29.0,0.4284209630275156,0.0987365381784752,0.4284209630275156,0.0,4.0
3000.0,30.0,0.4291629029189209,0.0982502649334005,0.4291629029189209,0.0,4.0
3100.0,31.0,0.4311736302607938,0.0965717684370563,0.4311736302607938,0.0,4.0
3300.0,33.0,0.4333856983946924,0.0953847375145325,0.4333856983946924,0.0,4.0
3500.0,35.0,0.4330950996001505,0.0961942900147151,0.4330950996001505,0.0,4.0
3600.0,36.0,0.4340149011221912,0.0956303674301583,0.4340149011221912,0.0,4.0
3700.0,37.0,0.4331902485743091,0.0953736117228161,0.4331902485743091,0.0,4.0
3800.0,38.0,0.4341483786128687,0.095857333096121,0.4341483786128687,0.0,4.0
3900.0,39.0,0.4362807900706417,0.0952437172181369,0.4362807900706417,0.0,4.0
4100.0,41.0,0.4359380578257316,0.0940784350623429,0.4359380578257316,0.0,4.0
4200.0,42.0,0.4364504924817755,0.0934585221934702,0.4364504924817755,0.0,4.0
4300.0,43.0,0.4389139599201363,0.0914847533881003,0.4389139599201363,0.0,4.0
4400.0,44.0,0.4405661204670063,0.0904638610440846,0.4405661204670063,0.0,4.0
4500.0,45.0,0.4418377836887011,0.0899975267825212,0.4418377836887011,0.0,4.0
4600.0,46.0,0.442444387686401,0.089151355843283,0.442444387686401,0.0,4.0
4800.0,48.0,0.4435489673793448,0.0846868365443805,0.4435489673793448,0.0,4.0
4900.0,49.0,0.4447953208621542,0.0836561746202534,0.4447953208621542,0.0,4.0
5000.0,50.0,0.4495071217551072,0.0772149923057521,0.4495071217551072,0.0,4.0
5100.0,51.0,0.4513798937129806,0.0759527145692321,0.4513798937129806,0.0,4.0
5300.0,53.0,0.4511311047648388,0.0760057158428127,0.4511311047648388,0.0,4.0
5500.0,55.0,0.4477917167290468,0.0812553378844768,0.4477917167290468,0.0,4.0
5600.0,56.0,0.4498639037832054,0.0805106865427785,0.4498639037832054,0.0,4.0
5700.0,57.0,0.4512329079221126,0.0793659791580254,0.4512329079221126,0.0,4.0
5900.0,59.0,0.451509660743356,0.0793806282330641,0.451509660743356,0.0,4.0
6000.0,60.0,0.4524167888341618,0.0797142430245948,0.4524167888341618,0.0,4.0
6100.0,61.0,0.4541877415854608,0.0764716432789083,0.4541877415854608,0.0,4.0
6200.0,62.0,0.4559480778556481,0.074681523525841,0.4559480778556481,0.0,4.0
6500.0,65.0,0.4553835243832874,0.0753005780288139,0.4553835243832874,0.0,4.0
6600.0,66.0,0.4578447723957751,0.0729563354293439,0.4578447723957751,0.0,4.0
6700.0,67.0,0.4574195427929794,0.0729274942417607,0.4574195427929794,0.0,4.0
6800.0,68.0,0.4595749746026847,0.0711308103853112,0.4595749746026847,0.0,4.0
6900.0,69.0,0.4607068036239969,0.0706683351814968,0.4607068036239969,0.0,4.0
7100.0,71.0,0.4620771744095871,0.0703933828682709,0.4620771744095871,0.0,4.0
7200.0,72.0,0.4637862361885095,0.0702104870275105,0.4637862361885095,0.0,4.0
7400.0,74.0,0.4624593619220178,0.0700853943073099,0.4624593619220178,0.0,4.0
7500.0,75.0,0.4629084546098568,0.0699232003302449,0.4629084546098568,0.0,4.0
7600.0,76.0,0.4672080147881713,0.0677571770478518,0.4672080147881713,0.0,4.0
7800.0,78.0,0.4657922818675495,0.0678250872676961,0.4657922818675495,0.0,4.0
8000.0,80.0,0.4683109708573602,0.0662323985723036,0.4683109708573602,0.0,4.0
8100.0,81.0,0.4685437212491748,0.066877772460661,0.4685437212491748,0.0,4.0
8300.0,83.0,0.4702365793399148,0.0646319535619661,0.4702365793399148,0.0,4.0
8400.0,84.0,0.4717887983738545,0.0642747565758271,0.4717887983738545,0.0,4.0
8500.0,85.0,0.4741703575482924,0.0625161932565684,0.4741703575482924,0.0,4.0
8600.0,86.0,0.4726427687863859,0.06157608799013,0.4726427687863859,0.0,4.0
8700.0,87.0,0.4744601407281987,0.0595987691093936,0.4744601407281987,0.0,4.0
8800.0,88.0,0.4746939619911336,0.0597653543316884,0.4746939619911336,0.0,4.0
8900.0,89.0,0.4759343804379914,0.0596744256846366,0.4759343804379914,0.0,4.0
9000.0,90.0,0.4768456591333281,0.0596549436544758,0.4768456591333281,0.0,4.0
9500.0,95.0,0.4756664202137983,0.0603251843886708,0.4756664202137983,0.0,4.0
9700.0,97.0,0.4760929576880289,0.0602386303354211,0.4760929576880289,0.0,4.0
9800.0,98.0,0.4763931893530653,0.0601833037776065,0.4763931893530653,0.0,4.0
9900.0,99.0,0.4782823405601224,0.0594402531805815,0.4782823405601224,0.0,4.0
10300.0,103.0,0.479692813520822,0.0560268534520106,0.479692813520822,0.0,4.0
10400.0,104.0,0.4795379723844268,0.0558064196333643,0.4795379723844268,0.0,4.0
10500.0,105.0,0.479625469360143,0.05521381164674,0.479625469360143,0.0,4.0
10600.0,106.0,0.4795900706456428,0.0548128666759277,0.4795900706456428,0.0,4.0
10700.0,107.0,0.4809284650514458,0.0543790087166194,0.4809284650514458,0.0,4.0
10800.0,108.0,0.4832318559571904,0.0533029925981183,0.4832318559571904,0.0,4.0
10900.0,109.0,0.4839281405821355,0.0532850558441818,0.4839281405821355,0.0,4.0
11000.0,110.0,0.484668623675907,0.0533040675920583,0.484668623675907,0.0,4.0
11100.0,111.0,0.4834277249112357,0.052829707209622,0.4834277249112357,0.0,4.0
11400.0,114.0,0.4841124637113534,0.0524794404616744,0.4841124637113534,0.0,4.0
11500.0,115.0,0.4864593199823912,0.0515454017187737,0.4864593199823912,0.0,4.0
11700.0,117.0,0.4858159456017621,0.0508920000687716,0.4858159456017621,0.0,4.0
11800.0,118.0,0.4867823937629572,0.0494773980110931,0.4867823937629572,0.0,4.0
11900.0,119.0,0.4892724888953705,0.0482103343714535,0.4892724888953705,0.0,4.0
12000.0,120.0,0.4898464729230659,0.0481183034067877,0.4898464729230659,0.0,4.0
12100.0,121.0,0.4895228292609636,0.0473416118267178,0.4895228292609636,0.0,4.0
12300.0,123.0,0.489996313410846,0.0475723737220114,0.489996313410846,0.0,4.0
12400.0,124.0,0.4910086955665372,0.0469718605252116,0.4910086955665372,0.0,4.0
12600.0,126.0,0.4944816745772757,0.0460523023821571,0.4944816745772757,0.0,4.0
12700.0,127.0,0.4948924886674598,0.0464182874135292,0.4948924886674598,0.0,4.0
12800.0,128.0,0.4949511052217805,0.0460825875318226,0.4949511052217805,0.0,4.0
12900.0,129.0,0.4958011183521882,0.0454356911133408,0.4958011183521882,0.0,4.0
13000.0,130.0,0.494734831521826,0.0454215260418114,0.494734831521826,0.0,4.0
13300.0,133.0,0.4918601523932183,0.0478890561169121,0.4918601523932183,0.0,4.0
13400.0,134.0,0.4926911834485964,0.0475271346387002,0.4926911834485964,0.0,4.0
13500.0,135.0,0.4959656410620315,0.0410410033224578,0.4959656410620315,0.0,4.0
13600.0,136.0,0.496950477816511,0.0411372197841353,0.496950477816511,0.0,4.0
13800.0,138.0,0.4968338906102841,0.0417217842276885,0.4968338906102841,0.0,4.0
13900.0,139.0,0.498888954143989,0.0402555770244977,0.498888954143989,0.0,4.0
14000.0,140.0,0.4996990259497452,0.0393436318693584,0.4996990259497452,0.0,4.0
14200.0,142.0,0.4976002715601402,0.0403805375551622,0.4976002715601402,0.0,4.0
14300.0,143.0,0.50095679597113,0.0399027233065921,0.50095679597113,0.0,4.0
14500.0,145.0,0.4979778296619804,0.0409563694199061,0.4979778296619804,0.0,4.0
14600.0,146.0,0.497523072298664,0.0407013547777861,0.497523072298664,0.0,4.0
14800.0,148.0,0.4989361265866335,0.0391417546120516,0.4989361265866335,0.0,4.0
14900.0,149.0,0.4996141897739358,0.0385590672623796,0.4996141897739358,0.0,4.0
15100.0,151.0,0.5019245238714587,0.0377037316735351,0.5019245238714587,0.0,4.0
15200.0,152.0,0.5016191359964649,0.0376563450868686,0.5016191359964649,0.0,4.0
15400.0,154.0,0.5000647023795287,0.0386660704804172,0.5000647023795287,0.0,4.0
15500.0,155.0,0.4996363558520054,0.0381708837547195,0.4996363558520054,0.0,4.0
15600.0,156.0,0.5000785870329222,0.0384541646058683,0.5000785870329222,0.0,4.0
16000.0,160.0,0.4976849083847146,0.0404938128629615,0.4976849083847146,0.0,4.0
16300.0,163.0,0.4968856412682255,0.0423424483681554,0.4968856412682255,0.0,4.0
16600.0,166.0,0.4965834839914312,0.0442948956752408,0.4965834839914312,0.0,4.0
16800.0,168.0,0.4928681658532256,0.0453031233201847,0.4928681658532256,0.0,4.0
16900.0,169.0,0.4919780241192409,0.045232222612883,0.4919780241192409,0.0,4.0
17000.0,170.0,0.4945363006836713,0.0442996005469253,0.4945363006836713,0.0,4.0
17100.0,171.0,0.4971901200775065,0.0429813804322842,0.4971901200775065,0.0,4.0
17200.0,172.0,0.5002530289658913,0.0422217625618781,0.5002530289658913,0.0,4.0
17400.0,174.0,0.5016107162612369,0.0413241762086008,0.5016107162612369,0.0,4.0
17700.0,177.0,0.5009009381405689,0.0419851156945812,0.5009009381405689,0.0,4.0
18100.0,181.0,0.5005745385198139,0.0419166129194234,0.5005745385198139,0.0,4.0
18300.0,183.0,0.5008892215074443,0.0410360731842788,0.5008892215074443,0.0,4.0
18400.0,184.0,0.5024546308872428,0.0392242824803552,0.5024546308872428,0.0,4.0
18500.0,185.0,0.5024779525065675,0.0390854418902064,0.5024779525065675,0.0,4.0
18600.0,186.0,0.5040620234561806,0.038153426935826,0.5040620234561806,0.0,4.0
18800.0,188.0,0.5030105959816203,0.038512136516797,0.5030105959816203,0.0,4.0
19000.0,190.0,0.5037536092745138,0.0391802540658598,0.5037536092745138,0.0,4.0
19200.0,192.0,0.5029491628144185,0.0397246170728357,0.5029491628144185,0.0,4.0
19500.0,195.0,0.5029544612177056,0.0401070045646303,0.5029544612177056,0.0,4.0
19600.0,196.0,0.5037108043349579,0.0395182337913012,0.5037108043349579,0.0,4.0
19700.0,197.0,0.5033047818530908,0.0394637184348927,0.5033047818530908,0.0,4.0
19800.0,198.0,0.5033533587188511,0.0392335499701801,0.5033533587188511,0.0,4.0
19900.0,199.0,0.5033978288299811,0.040468747159766,0.5033978288299811,0.0,4.0
20000.0,200.0,0.5034016634188584,0.0405279908265157,0.5034016634188584,0.0,4.0
20200.0,202.0,0.5015633727371485,0.0412822813803888,0.5015633727371485,0.0,4.0
20300.0,203.0,0.5033704160245005,0.0396064067770843,0.5033704160245005,0.0,4.0
20400.0,204.0,0.5031159345372074,0.0387297522051556,0.5031159345372074,0.0,4.0
20500.0,205.0,0.5036399117522413,0.0386401701934632,0.5036399117522413,0.0,4.0
20800.0,208.0,0.502784440857959,0.0411172403672066,0.502784440857959,0.0,4.0
20900.0,209.0,0.5029323225859047,0.0413429674419007,0.5029323225859047,0.0,4.0
21100.0,211.0,0.5019037548553014,0.0421227834368147,0.5019037548553014,0.0,4.0
21200.0,212.0,0.5029075003526329,0.0418679007447874,0.5029075003526329,0.0,4.0
21300.0,213.0,0.5046035041645377,0.040653311129577,0.5046035041645377,0.0,4.0
21500.0,215.0,0.5018934464713217,0.0416400826407092,0.5018934464713217,0.0,4.0
21700.0,217.0,0.5029002964435944,0.0412245703279142,0.5029002964435944,0.0,4.0
21900.0,219.0,0.5021685412455245,0.0415605862779512,0.5021685412455245,0.0,4.0
22200.0,222.0,0.5045195381985359,0.0403029222724371,0.5045195381985359,0.0,4.0
22300.0,223.0,0.5054776738630201,0.0382483007971967,0.5054776738630201,0.0,4.0
22600.0,226.0,0.5017154211170183,0.0434913980700638,0.5017154211170183,0.0,4.0
22800.0,228.0,0.5029358947423528,0.0421452937973813,0.5029358947423528,0.0,4.0
22900.0,229.0,0.5043727412270574,0.039717263574424,0.5043727412270574,0.0,4.0
23100.0,231.0,0.5050918393874323,0.0402940419635469,0.5050918393874323,0.0,4.0
23300.0,233.0,0.5066021231340175,0.0398471607515487,0.5066021231340175,0.0,4.0
23800.0,238.0,0.5035972608055472,0.0411396036379137,0.5035972608055472,0.0,4.0
24100.0,241.0,0.5009468962311686,0.0425192585628509,0.5009468962311686,0.0,4.0
24200.0,242.0,0.5004761699889735,0.0416624678973611,0.5004761699889735,0.0,4.0
24300.0,243.0,0.5035249741756419,0.0393973200719561,0.5035249741756419,0.0,4.0
24400.0,244.0,0.5041748780476731,0.0390977440035381,0.5041748780476731,0.0,4.0
24600.0,246.0,0.504485599666628,0.0396827947910039,0.504485599666628,0.0,4.0
24800.0,248.0,0.5053481898954348,0.041155798757052,0.5053481898954348,0.0,4.0
24900.0,249.0,0.5060019552099637,0.0408740036958966,0.5060019552099637,0.0,4.0
25200.0,252.0,0.5023123687892842,0.0443060734310061,0.5023123687892842,0.0,4.0
25300.0,253.0,0.502086954104692,0.0437047664008169,0.502086954104692,0.0,4.0
25400.0,254.0,0.504434321551838,0.0420475361612281,0.504434321551838,0.0,4.0
25600.0,256.0,0.5034038779937344,0.0423062869576544,0.5034038779937344,0.0,4.0
25700.0,257.0,0.5044737307776122,0.041599624418969,0.5044737307776122,0.0,4.0
25800.0,258.0,0.5069247051938895,0.0392987243649701,0.5069247051938895,0.0,4.0
26100.0,261.0,0.5051522700666241,0.0400015908335608,0.5051522700666241,0.0,4.0
26200.0,262.0,0.5070797287711427,0.0385631470628842,0.5070797287711427,0.0,4.0
26500.0,265.0,0.50405086978288,0.0396386842226133,0.50405086978288,0.0,4.0
26600.0,266.0,0.5043047600038421,0.0398676081803718,0.5043047600038421,0.0,4.0
26700.0,267.0,0.5057963821984115,0.038402560606335,0.5057963821984115,0.0,4.0
26800.0,268.0,0.5066354870770577,0.0386827513743459,0.5066354870770577,0.0,4.0
27000.0,270.0,0.5064541567073104,0.0379958930200319,0.5064541567073104,0.0,4.0
27100.0,271.0,0.5088219632310655,0.03570399749359,0.5088219632310655,0.0,4.0
27300.0,273.0,0.5078629442346111,0.0364460198306567,0.5078629442346111,0.0,4.0
27600.0,276.0,0.5077333350906591,0.0367251865151474,0.5077333350906591,0.0,4.0
27700.0,277.0,0.5074650503585854,0.0364534047816017,0.5074650503585854,0.0,4.0
27800.0,278.0,0.5087827148673201,0.0356875144930341,0.5087827148673201,0.0,4.0
27900.0,279.0,0.5087883059888654,0.0362559066016652,0.5087883059888654,0.0,4.0
28200.0,282.0,0.506728892717792,0.0377044047084058,0.506728892717792,0.0,4.0
28300.0,283.0,0.5061677115578949,0.0371883750862912,0.5061677115578949,0.0,4.0
28400.0,284.0,0.5052093637729008,0.0371222296513774,0.5052093637729008,0.0,4.0
28600.0,286.0,0.5056699198415687,0.0386912156752953,0.5056699198415687,0.0,4.0
28700.0,287.0,0.5066156593236473,0.037581603021693,0.5066156593236473,0.0,4.0
29100.0,291.0,0.5010374134308323,0.0418768361015607,0.5010374134308323,0.0,4.0
29200.0,292.0,0.5027426903950706,0.0409030408424553,0.5027426903950706,0.0,4.0
29400.0,294.0,0.4994786118084248,0.0410843959803937,0.4994786118084248,0.0,4.0
29500.0,295.0,0.501708638830829,0.0400396407811103,0.501708638830829,0.0,4.0
29600.0,296.0,0.5022526228870392,0.0403991445248767,0.5022526228870392,0.0,4.0
29800.0,298.0,0.5027037455507187,0.0405741196353697,0.5027037455507187,0.0,4.0
29900.0,299.0,0.5047609690681801,0.0413326638086344,0.5047609690681801,0.0,4.0
30000.0,300.0,0.5049637499805184,0.0415187379330209,0.5049637499805184,0.0,4.0
30100.0,301.0,0.50730621617458,0.03755340258911,0.50730621617458,0.0,4.0
30300.0,303.0,0.505395178895738,0.038696008997437,0.505395178895738,0.0,4.0
30900.0,309.0,0.498939587541767,0.0438024443866284,0.498939587541767,0.0,4.0
31000.0,310.0,0.499067192807733,0.0445840956366246,0.499067192807733,0.0,4.0
31100.0,311.0,0.5031494403032213,0.0420574306103116,0.5031494403032213,0.0,4.0
31200.0,312.0,0.5057344903822055,0.0405175570062001,0.5057344903822055,0.0,4.0
31400.0,314.0,0.5047145124285228,0.0395800313544176,0.5047145124285228,0.0,4.0
31600.0,316.0,0.5042010800257384,0.0394204769075558,0.5042010800257384,0.0,4.0
31900.0,319.0,0.5035848597981383,0.042326262353241,0.5035848597981383,0.0,4.0
32000.0,320.0,0.5051702032530174,0.0415783028226669,0.5051702032530174,0.0,4.0
32100.0,321.0,0.5049585536824823,0.0412414137687413,0.5049585536824823,0.0,4.0
32200.0,322.0,0.5044703636983977,0.0411294332129926,0.5044703636983977,0.0,4.0
32400.0,324.0,0.5062691904766212,0.0406269267147553,0.5062691904766212,0.0,4.0
32700.0,327.0,0.5040268176047957,0.0417648894308212,0.5040268176047957,0.0,4.0
33000.0,330.0,0.5040920295314308,0.0415376712250796,0.5040920295314308,0.0,4.0
33100.0,331.0,0.50480095212696,0.0400269566680397,0.50480095212696,0.0,4.0
33300.0,333.0,0.5078831443459818,0.0394585776165165,0.5078831443459818,0.0,4.0
33600.0,336.0,0.5037687658243422,0.0402024512351542,0.5037687658243422,0.0,4.0
33800.0,338.0,0.4997279176860845,0.0410511692749175,0.4997279176860845,0.0,4.0
33900.0,339.0,0.5008928142641071,0.0408717327638583,0.5008928142641071,0.0,4.0
34000.0,340.0,0.501307878721338,0.0406279414245331,0.501307878721338,0.0,4.0
34100.0,341.0,0.5025300994299755,0.0392988444533098,0.5025300994299755,0.0,4.0
34200.0,342.0,0.5036650184045794,0.0387865526183322,0.5036650184045794,0.0,4.0
34400.0,344.0,0.503742987294198,0.0408780878938898,0.503742987294198,0.0,4.0
34500.0,345.0,0.5051280941703542,0.0391747439828762,0.5051280941703542,0.0,4.0
34700.0,347.0,0.5058351532099489,0.0396216665296499,0.5058351532099489,0.0,4.0
34800.0,348.0,0.5074023663672907,0.0395294864891065,0.5074023663672907,0.0,4.0
35000.0,350.0,0.5047713556319354,0.042213600494162,0.5047713556319354,0.0,4.0
35100.0,351.0,0.5081432339624297,0.0390125943719565,0.5081432339624297,0.0,4.0
35300.0,353.0,0.5077946802654092,0.0388134639654162,0.5077946802654092,0.0,4.0
35400.0,354.0,0.5083809746843386,0.0386482866994152,0.5083809746843386,0.0,4.0
35500.0,355.0,0.5080237428224056,0.0384757857189447,0.5080237428224056,0.0,4.0
35600.0,356.0,0.5083679721349919,0.0377521651586823,0.5083679721349919,0.0,4.0
35700.0,357.0,0.5081499570366639,0.036689634266295,0.5081499570366639,0.0,4.0
35800.0,358.0,0.5101137399866128,0.036504980147121,0.5101137399866128,0.0,4.0
35900.0,359.0,0.5093377258627159,0.0364265661762927,0.5093377258627159,0.0,4.0
36200.0,362.0,0.5069894041793801,0.0382281707435491,0.5069894041793801,0.0,4.0
36300.0,363.0,0.5073119088776716,0.0374951573685794,0.5073119088776716,0.0,4.0
36400.0,364.0,0.5074260877850179,0.0373809822623307,0.5074260877850179,0.0,4.0
36600.0,366.0,0.5092761236123707,0.0352306386831428,0.5092761236123707,0.0,4.0
36700.0,367.0,0.5093957992442736,0.035110891650198,0.5093957992442736,0.0,4.0
36900.0,369.0,0.5083093516730701,0.0354005372111812,0.5083093516730701,0.0,4.0
37200.0,372.0,0.5049760883764536,0.0371089097315971,0.5049760883764536,0.0,4.0
37300.0,373.0,0.5054744232898644,0.0374255960335477,0.5054744232898644,0.0,4.0
37500.0,375.0,0.506141787030575,0.0369921968616586,0.506141787030575,0.0,4.0
37700.0,377.0,0.5048505127613864,0.0365702982649531,0.5048505127613864,0.0,4.0
37800.0,378.0,0.506314026858126,0.0359263530226504,0.506314026858126,0.0,4.0
37900.0,379.0,0.5083965376631943,0.0353601608768228,0.5083965376631943,0.0,4.0
38200.0,382.0,0.5065435538618346,0.0365026062054443,0.5065435538618346,0.0,4.0
38300.0,383.0,0.5080078866413332,0.0366427013296022,0.5080078866413332,0.0,4.0
38500.0,385.0,0.5070103561621095,0.0379710842690215,0.5070103561621095,0.0,4.0
38600.0,386.0,0.5082634967147536,0.0368147106183443,0.5082634967147536,0.0,4.0
38700.0,387.0,0.5094648150787383,0.0363402204399137,0.5094648150787383,0.0,4.0
38800.0,388.0,0.510099395762215,0.0356081040645569,0.510099395762215,0.0,4.0
39000.0,390.0,0.5085281230950598,0.0371277702301931,0.5085281230950598,0.0,4.0
39200.0,392.0,0.5076450283173805,0.0374434410318255,0.5076450283173805,0.0,4.0
39300.0,393.0,0.509890067670589,0.0365423532131716,0.509890067670589,0.0,4.0
39600.0,396.0,0.5068010626883488,0.0380560954231597,0.5068010626883488,0.0,4.0
39700.0,397.0,0.5068597787350885,0.0379046777928661,0.5068597787350885,0.0,4.0
40000.0,400.0,0.5060422954685145,0.0381344175882492,0.5060422954685145,0.0,4.0
40100.0,401.0,0.5067527548301346,0.0375807990002381,0.5067527548301346,0.0,4.0
40300.0,403.0,0.5065427127141275,0.0375491717626023,0.5065427127141275,0.0,4.0
40400.0,404.0,0.5072269723020215,0.0370713244114808,0.5072269723020215,0.0,4.0
40500.0,405.0,0.507504486579568,0.037537369541293,0.507504486579568,0.0,4.0
40900.0,409.0,0.5049075542221658,0.0376764428974427,0.5049075542221658,0.0,4.0
41000.0,410.0,0.5049613682064381,0.0372772715146775,0.5049613682064381,0.0,4.0
41100.0,411.0,0.5054132636838754,0.0366624554791181,0.5054132636838754,0.0,4.0
41200.0,412.0,0.5053771553810135,0.0365827597044883,0.5053771553810135,0.0,4.0
41300.0,413.0,0.505678813573439,0.0363575305443603,0.505678813573439,0.0,4.0
41500.0,415.0,0.5054627322800891,0.0366542471146996,0.5054627322800891,0.0,4.0
41600.0,416.0,0.5066409399372248,0.0360028385465265,0.5066409399372248,0.0,4.0
41700.0,417.0,0.5057307153171656,0.0355193864801128,0.5057307153171656,0.0,4.0
41900.0,419.0,0.5053530507228216,0.0358542981010074,0.5053530507228216,0.0,4.0
42000.0,420.0,0.5061556671065137,0.0351907403176283,0.5061556671065137,0.0,4.0
42100.0,421.0,0.5073056612001742,0.0345700302865713,0.5073056612001742,0.0,4.0
42700.0,427.0,0.498403692096709,0.0396109385079241,0.498403692096709,0.0,4.0
42800.0,428.0,0.501791864352849,0.037533634428273,0.501791864352849,0.0,4.0
43000.0,430.0,0.502441545318604,0.0376285372895671,0.502441545318604,0.0,4.0
43200.0,432.0,0.5017334031916192,0.0381625572587903,0.5017334031916192,0.0,4.0
43300.0,433.0,0.5034776651467782,0.039341719284967,0.5034776651467782,0.0,4.0
43600.0,436.0,0.5015536761753623,0.0398250640071739,0.5015536761753623,0.0,4.0
43700.0,437.0,0.5003637792963654,0.0389408792513644,0.5003637792963654,0.0,4.0
43900.0,439.0,0.5022556356212784,0.0379465434766898,0.5022556356212784,0.0,4.0
44100.0,441.0,0.5022085820514229,0.0379337584837239,0.5022085820514229,0.0,4.0
44300.0,443.0,0.5022425050634555,0.0383184391995827,0.5022425050634555,0.0,4.0
44500.0,445.0,0.5022749691693559,0.0388376796681311,0.5022749691693559,0.0,4.0
44600.0,446.0,0.5022900971377314,0.0402624533786838,0.5022900971377314,0.0,4.0
44700.0,447.0,0.5031015534171276,0.0389995930970407,0.5031015534171276,0.0,4.0
44800.0,448.0,0.504608287684991,0.0383853502790383,0.504608287684991,0.0,4.0
45200.0,452.0,0.5027242457607936,0.039549120955829,0.5027242457607936,0.0,4.0
45500.0,455.0,0.5015786402830681,0.0407406554597149,0.5015786402830681,0.0,4.0
45600.0,456.0,0.5042941272976584,0.0374580996995786,0.5042941272976584,0.0,4.0
45700.0,457.0,0.5063107058799717,0.0370061684382511,0.5063107058799717,0.0,4.0
46000.0,460.0,0.5046767456984963,0.0387690559598837,0.5046767456984963,0.0,4.0
46100.0,461.0,0.5047770697154218,0.0394158216446114,0.5047770697154218,0.0,4.0
46400.0,464.0,0.5022258700752945,0.0430134998289941,0.5022258700752945,0.0,4.0
46500.0,465.0,0.5020254335092064,0.0409240007197773,0.5020254335092064,0.0,4.0
46600.0,466.0,0.5043529987630935,0.0391332428840198,0.5043529987630935,0.0,4.0
46900.0,469.0,0.5014696014302744,0.039675495764472,0.5014696014302744,0.0,4.0
47000.0,470.0,0.50162304535502,0.0395857039237534,0.50162304535502,0.0,4.0
47300.0,473.0,0.5000351237559185,0.0407401491523261,0.5000351237559185,0.0,4.0
47400.0,474.0,0.5033389828318873,0.0387042480246449,0.5033389828318873,0.0,4.0
47800.0,478.0,0.4970303947267198,0.0466196335374142,0.4970303947267198,0.0,4.0
47900.0,479.0,0.4994050140414219,0.0441612138755549,0.4994050140414219,0.0,4.0
48000.0,480.0,0.5009948881823878,0.041648430067675,0.5009948881823878,0.0,4.0
48100.0,481.0,0.5037072538445979,0.0407094783365799,0.5037072538445979,0.0,4.0
48300.0,483.0,0.4999795488824661,0.0419260469048146,0.4999795488824661,0.0,4.0
48400.0,484.0,0.499835617988085,0.0415403557405162,0.499835617988085,0.0,4.0
48600.0,486.0,0.5034909467552451,0.041005930358116,0.5034909467552451,0.0,4.0
48700.0,487.0,0.504910036139578,0.0405267938721942,0.504910036139578,0.0,4.0
49000.0,490.0,0.505438389305031,0.0400011365270902,0.505438389305031,0.0,4.0
49100.0,491.0,0.5063096706499396,0.0391886233778269,0.5063096706499396,0.0,4.0
49300.0,493.0,0.5068809192296508,0.0386168113897165,0.5068809192296508,0.0,4.0
49400.0,494.0,0.5075096586618323,0.0380047981543304,0.5075096586618323,0.0,4.0
49600.0,496.0,0.5061075108141204,0.038025104394047,0.5061075108141204,0.0,4.0
49900.0,499.0,0.5056818362212887,0.0381774830482612,0.5056818362212887,0.0,4.0
50000.0,500.0,0.5060657959767624,0.0383341015414763,0.5060657959767624,0.0,4.0
50300.0,503.0,0.5046214218758346,0.0401218870890252,0.5046214218758346,0.0,4.0
50400.0,504.0,0.505371761023767,0.0394034448077297,0.505371761023767,0.0,4.0
50500.0,505.0,0.5056488933000385,0.0396510791942086,0.5056488933000385,0.0,4.0
50600.0,506.0,0.507038697027755,0.0377751148148229,0.507038697027755,0.0,4.0
50700.0,507.0,0.5093435033271805,0.0367308665603197,0.5093435033271805,0.0,4.0
51100.0,511.0,0.5034635907872298,0.0401608869701206,0.5034635907872298,0.0,4.0
51200.0,512.0,0.5025132624911169,0.0397939594710443,0.5025132624911169,0.0,4.0
51600.0,516.0,0.5004111927329504,0.0430748420067031,0.5004111927329504,0.0,4.0
51700.0,517.0,0.5022776345658141,0.0423754045788822,0.5022776345658141,0.0,4.0
51800.0,518.0,0.501031295205843,0.0397837439973611,0.501031295205843,0.0,4.0
51900.0,519.0,0.5023317873551254,0.0393353971297597,0.5023317873551254,0.0,4.0
52100.0,521.0,0.5010671927970836,0.0384533451397451,0.5010671927970836,0.0,4.0
52300.0,523.0,0.5015749072610771,0.0405481763663785,0.5015749072610771,0.0,4.0
52400.0,524.0,0.5011954024390425,0.040250348549925,0.5011954024390425,0.0,4.0
52500.0,525.0,0.5014247378169335,0.0405613844284698,0.5014247378169335,0.0,4.0
52600.0,526.0,0.5029899183659018,0.0403105258592078,0.5029899183659018,0.0,4.0
52700.0,527.0,0.5050349008592879,0.0398472701194123,0.5050349008592879,0.0,4.0
52900.0,529.0,0.5037827354564421,0.0407376690810732,0.5037827354564421,0.0,4.0
53100.0,531.0,0.5044940060927812,0.0408072585554332,0.5044940060927812,0.0,4.0
53400.0,534.0,0.4996567446589019,0.0426137142159503,0.4996567446589019,0.0,4.0
53500.0,535.0,0.5006894823973728,0.0454586637222104,0.5006894823973728,0.0,4.0
53600.0,536.0,0.500757707617667,0.044878911473456,0.500757707617667,0.0,4.0
53800.0,538.0,0.4987641144054386,0.0461712442342161,0.4987641144054386,0.0,4.0
53900.0,539.0,0.4975665324781515,0.0450392831687893,0.4975665324781515,0.0,4.0
54000.0,540.0,0.497998542220863,0.0443157342637441,0.497998542220863,0.0,4.0
54100.0,541.0,0.5005256749417044,0.043985285075982,0.5005256749417044,0.0,4.0
54200.0,542.0,0.5036212486609944,0.0428350812982402,0.5036212486609944,0.0,4.0
54300.0,543.0,0.505149678655965,0.0418989188153332,0.505149678655965,0.0,4.0
54500.0,545.0,0.5052059237394233,0.0425513880317863,0.5052059237394233,0.0,4.0
54600.0,546.0,0.50225627477912,0.0413231370976949,0.50225627477912,0.0,4.0
54700.0,547.0,0.5024949113757181,0.0415788131362451,0.5024949113757181,0.0,4.0
55000.0,550.0,0.4995523157902754,0.0408781619887427,0.4995523157902754,0.0,4.0
55100.0,551.0,0.4986850887311322,0.0406685803112618,0.4986850887311322,0.0,4.0
55300.0,553.0,0.4992068227333996,0.0405980535365113,0.4992068227333996,0.0,4.0
55500.0,555.0,0.4959564797541329,0.0413795666948114,0.4959564797541329,0.0,4.0
55600.0,556.0,0.4983133277718485,0.042822123158856,0.4983133277718485,0.0,4.0
55700.0,557.0,0.4995979923007407,0.0432546589597417,0.4995979923007407,0.0,4.0
55900.0,559.0,0.4997076597382414,0.0451686512664005,0.4997076597382414,0.0,4.0
56000.0,560.0,0.5017508137633506,0.0392408093153519,0.5017508137633506,0.0,4.0
56100.0,561.0,0.5009559691895681,0.0391367323072935,0.5009559691895681,0.0,4.0
56200.0,562.0,0.5020328444205377,0.0385247451167598,0.5020328444205377,0.0,4.0
56500.0,565.0,0.5044706197066355,0.0376642555588369,0.5044706197066355,0.0,4.0
56600.0,566.0,0.5045694738829504,0.0373768434945074,0.5045694738829504,0.0,4.0
56900.0,569.0,0.5045189972077312,0.0377049771558813,0.5045189972077312,0.0,4.0
57200.0,572.0,0.5022886878963555,0.0405872836180391,0.5022886878963555,0.0,4.0
57300.0,573.0,0.5021736897933522,0.0404251069506566,0.5021736897933522,0.0,4.0
57400.0,574.0,0.504904049468118,0.0390253022680562,0.504904049468118,0.0,4.0
57500.0,575.0,0.5056594238074624,0.0385320846904502,0.5056594238074624,0.0,4.0
57600.0,576.0,0.5066433665367487,0.0384210418188729,0.5066433665367487,0.0,4.0
57800.0,578.0,0.5027956721330797,0.0400105508536959,0.5027956721330797,0.0,4.0
58000.0,580.0,0.5030046131699547,0.0398363642769174,0.5030046131699547,0.0,4.0
58100.0,581.0,0.5029237783175717,0.0396110492867038,0.5029237783175717,0.0,4.0
58400.0,584.0,0.4981839106697423,0.0417305525774847,0.4981839106697423,0.0,4.0
58500.0,585.0,0.4996775119927815,0.041277775116918,0.4996775119927815,0.0,4.0
58800.0,588.0,0.5017608929804143,0.0410848223045119,0.5017608929804143,0.0,4.0
59000.0,590.0,0.4976569885698274,0.0424784469289555,0.4976569885698274,0.0,4.0
59100.0,591.0,0.4981785257080812,0.0437540413106031,0.4981785257080812,0.0,4.0
59300.0,593.0,0.4960272434262049,0.0426404723315714,0.4960272434262049,0.0,4.0
59500.0,595.0,0.4980463648299887,0.0421189688719096,0.4980463648299887,0.0,4.0
59800.0,598.0,0.4972740451423132,0.0435790021371072,0.4972740451423132,0.0,4.0
60000.0,600.0,0.5000321294967072,0.040953523348386,0.5000321294967072,0.0,4.0
60100.0,601.0,0.5004695590193566,0.0408750996466143,0.5004695590193566,0.0,4.0
60400.0,604.0,0.4975522356571842,0.045549392650495,0.4975522356571842,0.0,4.0
60500.0,605.0,0.502248049915371,0.0426995062422644,0.502248049915371,0.0,4.0
60700.0,607.0,0.4988961227767082,0.0435858177346443,0.4988961227767082,0.0,4.0
60900.0,609.0,0.4993273171884829,0.0425020488875216,0.4993273171884829,0.0,4.0
61000.0,610.0,0.5023091688910016,0.0410813577687616,0.5023091688910016,0.0,4.0
61100.0,611.0,0.5026302110004136,0.0414938520655857,0.5026302110004136,0.0,4.0
61200.0,612.0,0.5013517846036873,0.0414412311147178,0.5013517846036873,0.0,4.0
61500.0,615.0,0.5033094946211473,0.0411082828412736,0.5033094946211473,0.0,4.0
61900.0,619.0,0.4974540714873187,0.04398708786511,0.4974540714873187,0.0,4.0
62000.0,620.0,0.4984355620047865,0.0419135809927053,0.4984355620047865,0.0,4.0
62100.0,621.0,0.5015681675044652,0.040019136240979,0.5015681675044652,0.0,4.0
62200.0,622.0,0.4998311540323523,0.0397582917080501,0.4998311540323523,0.0,4.0
62300.0,623.0,0.5017481673909192,0.0390338165947002,0.5017481673909192,0.0,4.0
62400.0,624.0,0.5023984672401011,0.0389679324156617,0.5023984672401011,0.0,4.0
62600.0,626.0,0.5018762407391593,0.0386505452222199,0.5018762407391593,0.0,4.0
62800.0,628.0,0.5032005787253997,0.0383615217014417,0.5032005787253997,0.0,4.0
63200.0,632.0,0.4991511712176777,0.039887184960742,0.4991511712176777,0.0,4.0
63400.0,634.0,0.4993681474969421,0.0398307992538353,0.4993681474969421,0.0,4.0
63600.0,636.0,0.4997783470561406,0.040211796463392,0.4997783470561406,0.0,4.0
63700.0,637.0,0.499714861589677,0.039780400699904,0.499714861589677,0.0,4.0
63900.0,639.0,0.5019708491212755,0.0399307535943229,0.5019708491212755,0.0,4.0
64000.0,640.0,0.5024732895751839,0.0403010683699608,0.5024732895751839,0.0,4.0
64200.0,642.0,0.5044099306033435,0.0401107071157515,0.5044099306033435,0.0,4.0
64300.0,643.0,0.5061019655750514,0.0394393902938206,0.5061019655750514,0.0,4.0
64600.0,646.0,0.5063324027764131,0.0392940626288506,0.5063324027764131,0.0,4.0
64900.0,649.0,0.503538493888423,0.0404366442208702,0.503538493888423,0.0,4.0
65000.0,650.0,0.5040623780753555,0.0400632666400037,0.5040623780753555,0.0,4.0
65100.0,651.0,0.5052789078827754,0.0412323781204135,0.5052789078827754,0.0,4.0
65500.0,655.0,0.5025023440961508,0.043255685070923,0.5025023440961508,0.0,4.0
65700.0,657.0,0.5020161338580705,0.0430925607256803,0.5020161338580705,0.0,4.0
65800.0,658.0,0.5010844756588725,0.0429399163175649,0.5010844756588725,0.0,4.0
65900.0,659.0,0.5015664620399759,0.0424540502816249,0.5015664620399759,0.0,4.0
66100.0,661.0,0.4988892586275752,0.0436869974887233,0.4988892586275752,0.0,4.0
66200.0,662.0,0.5002082823241338,0.0430754740260447,0.5002082823241338,0.0,4.0
66400.0,664.0,0.5002691072931652,0.0440618797045514,0.5002691072931652,0.0,4.0
66600.0,666.0,0.4985908961708553,0.0446983939795704,0.4985908961708553,0.0,4.0
66800.0,668.0,0.4972437062087386,0.0443118762126158,0.4972437062087386,0.0,4.0
66900.0,669.0,0.5021503352334633,0.0407762548099391,0.5021503352334633,0.0,4.0
67200.0,672.0,0.5002474514623496,0.0412368137275462,0.5002474514623496,0.0,4.0
67300.0,673.0,0.5008068396915416,0.0410505791651857,0.5008068396915416,0.0,4.0
67500.0,675.0,0.5000357763383045,0.042747216210339,0.5000357763383045,0.0,4.0
67600.0,676.0,0.5013804833847741,0.0420178844850021,0.5013804833847741,0.0,4.0
67800.0,678.0,0.5004640613318303,0.0419859437115602,0.5004640613318303,0.0,4.0
67900.0,679.0,0.5012772820777008,0.0419283538059735,0.5012772820777008,0.0,4.0
68100.0,681.0,0.4979802043712905,0.0423165548670484,0.4979802043712905,0.0,4.0
68200.0,682.0,0.4980077689386136,0.0426436609460763,0.4980077689386136,0.0,4.0
68400.0,684.0,0.4992546490029475,0.0412341299562487,0.4992546490029475,0.0,4.0
68500.0,685.0,0.5006910705059479,0.0399333630159865,0.5006910705059479,0.0,4.0
68600.0,686.0,0.5023399467379306,0.0402837385362188,0.5023399467379306,0.0,4.0
68800.0,688.0,0.5012529327064765,0.0404691228753053,0.5012529327064765,0.0,4.0
69000.0,690.0,0.5020918293013873,0.0406917744111679,0.5020918293013873,0.0,4.0
69100.0,691.0,0.50234971796089,0.041315234865105,0.50234971796089,0.0,4.0
69200.0,692.0,0.5038256052153742,0.0403216445979207,0.5038256052153742,0.0,4.0
69400.0,694.0,0.500350807359752,0.0421841179863957,0.500350807359752,0.0,4.0
69500.0,695.0,0.4976321049371222,0.0421570455989433,0.4976321049371222,0.0,4.0
69700.0,697.0,0.4964301952061148,0.0443205215355171,0.4964301952061148,0.0,4.0
69800.0,698.0,0.4982546834326752,0.0428457558287334,0.4982546834326752,0.0,4.0
69900.0,699.0,0.5031279659867,0.0404712323218566,0.5031279659867,0.0,4.0
70000.0,700.0,0.5023042229311745,0.0403964246660896,0.5023042229311745,0.0,4.0
100.0,1.0,0.221407430824155,0.2532489828049559,0.221407430824155,0.0,5.0
200.0,2.0,0.2393607810060973,0.2390662872077227,0.2393607810060973,0.0,5.0
300.0,3.0,0.2676969749460552,0.2249954766583239,0.2676969749460552,0.0,5.0
400.0,4.0,0.3070878444789303,0.1779078298260498,0.3070878444789303,0.0,5.0
500.0,5.0,0.3351004520335388,0.161338649248359,0.3351004520335388,0.0,5.0
600.0,6.0,0.356236749136025,0.1451721573183601,0.356236749136025,0.0,5.0
700.0,7.0,0.3704506601344438,0.1335107167871593,0.3704506601344438,0.0,5.0
800.0,8.0,0.3779093878448887,0.1275225400035837,0.3779093878448887,0.0,5.0
900.0,9.0,0.394771349020154,0.1156933298518152,0.394771349020154,0.0,5.0
1000.0,10.0,0.4019232392510096,0.1120914020277192,0.4019232392510096,0.0,5.0
1100.0,11.0,0.4111518003930168,0.1058437284510936,0.4111518003930168,0.0,5.0
1200.0,12.0,0.4193209070656966,0.0942490612563373,0.4193209070656966,0.0,5.0
1300.0,13.0,0.4210988213049008,0.094018059722519,0.4210988213049008,0.0,5.0
1400.0,14.0,0.423827101505724,0.0932137889390971,0.423827101505724,0.0,5.0
1500.0,15.0,0.4244104459748782,0.0929500489900101,0.4244104459748782,0.0,5.0
1600.0,16.0,0.4273019961823207,0.0919170150876371,0.4273019961823207,0.0,5.0
1700.0,17.0,0.4365927543637014,0.0883744866814326,0.4365927543637014,0.0,5.0
1800.0,18.0,0.4374332822786796,0.0847968920877564,0.4374332822786796,0.0,5.0
1900.0,19.0,0.4429365596842162,0.0800349610964944,0.4429365596842162,0.0,5.0
2000.0,20.0,0.4460156171987803,0.0764864708166934,0.4460156171987803,0.0,5.0
2100.0,21.0,0.4508097043947968,0.0739040498432727,0.4508097043947968,0.0,5.0
2300.0,23.0,0.4514705296382365,0.0740508191125776,0.4514705296382365,0.0,5.0
2400.0,24.0,0.4588784993160216,0.070544866101735,0.4588784993160216,0.0,5.0
2500.0,25.0,0.4607766488074268,0.0685321459452371,0.4607766488074268,0.0,5.0
2600.0,26.0,0.4639363362634493,0.0659904575428498,0.4639363362634493,0.0,5.0
2700.0,27.0,0.4650589821448883,0.0655258121602698,0.4650589821448883,0.0,5.0
2800.0,28.0,0.4695747525939917,0.0631428974405126,0.4695747525939917,0.0,5.0
2900.0,29.0,0.4733370200672362,0.0612401970234753,0.4733370200672362,0.0,5.0
3000.0,30.0,0.4738683407314565,0.0630138693770273,0.4738683407314565,0.0,5.0
3100.0,31.0,0.4754791177036203,0.0619082681061397,0.4754791177036203,0.0,5.0
3300.0,33.0,0.4756635781564495,0.0620622043185139,0.4756635781564495,0.0,5.0
3400.0,34.0,0.4759730184878626,0.0619067956417233,0.4759730184878626,0.0,5.0
3600.0,36.0,0.4748912078425496,0.0622118015331126,0.4748912078425496,0.0,5.0
3700.0,37.0,0.4749764309333614,0.0626951873938413,0.4749764309333614,0.0,5.0
3800.0,38.0,0.4756434312853302,0.0597158909909694,0.4756434312853302,0.0,5.0
3900.0,39.0,0.4769187445193764,0.0585112061172332,0.4769187445193764,0.0,5.0
4000.0,40.0,0.4805130320144792,0.055764279588333,0.4805130320144792,0.0,5.0
4100.0,41.0,0.482172804177451,0.0545923738467764,0.482172804177451,0.0,5.0
4200.0,42.0,0.4863608263101284,0.0531495038104875,0.4863608263101284,0.0,5.0
4400.0,44.0,0.4864880734619009,0.0536352150382428,0.4864880734619009,0.0,5.0
4600.0,46.0,0.4850641060788647,0.0543731586817189,0.4850641060788647,0.0,5.0
4700.0,47.0,0.4858493302126653,0.0541874512893266,0.4858493302126653,0.0,5.0
4900.0,49.0,0.4842374267407826,0.054181417605682,0.4842374267407826,0.0,5.0
5000.0,50.0,0.4857637147037757,0.0537610235987308,0.4857637147037757,0.0,5.0
5100.0,51.0,0.4875857491772535,0.0495620087839181,0.4875857491772535,0.0,5.0
5300.0,53.0,0.4876366817649451,0.0498403126602038,0.4876366817649451,0.0,5.0
5500.0,55.0,0.4902839824366309,0.0494884270267301,0.4902839824366309,0.0,5.0
5600.0,56.0,0.491025236365262,0.0483671184105912,0.491025236365262,0.0,5.0
5800.0,58.0,0.4874080327345494,0.0531809854701937,0.4874080327345494,0.0,5.0
5900.0,59.0,0.4895193290571932,0.052821719418211,0.4895193290571932,0.0,5.0
6000.0,60.0,0.4897136143372751,0.0527726929668141,0.4897136143372751,0.0,5.0
6100.0,61.0,0.4922324520344433,0.0510959380243208,0.4922324520344433,0.0,5.0
6200.0,62.0,0.4930139797291855,0.0523362884267489,0.4930139797291855,0.0,5.0
6300.0,63.0,0.4926510372221416,0.0488523228222964,0.4926510372221416,0.0,5.0
6400.0,64.0,0.4924134985864037,0.0488328299585253,0.4924134985864037,0.0,5.0
6700.0,67.0,0.491770420860598,0.0478176683474682,0.491770420860598,0.0,5.0
6800.0,68.0,0.4920652487900659,0.0472388965673903,0.4920652487900659,0.0,5.0
6900.0,69.0,0.4942361621365877,0.0464402573899047,0.4942361621365877,0.0,5.0
7100.0,71.0,0.4931755287825322,0.0452149279653165,0.4931755287825322,0.0,5.0
7200.0,72.0,0.4937463273887833,0.0454826656489712,0.4937463273887833,0.0,5.0
7400.0,74.0,0.4949992883246534,0.0459866311083804,0.4949992883246534,0.0,5.0
7600.0,76.0,0.4953623100622567,0.0447140850220097,0.4953623100622567,0.0,5.0
7700.0,77.0,0.4971169526189881,0.0438094537788764,0.4971169526189881,0.0,5.0
7800.0,78.0,0.4983508342495473,0.0432786012251627,0.4983508342495473,0.0,5.0
7900.0,79.0,0.4977567364737467,0.0418572571659663,0.4977567364737467,0.0,5.0
8200.0,82.0,0.4966504775792141,0.0440493246896653,0.4966504775792141,0.0,5.0
8300.0,83.0,0.4962286584616379,0.043609698662759,0.4962286584616379,0.0,5.0
8400.0,84.0,0.4962693233561792,0.0433523990478037,0.4962693233561792,0.0,5.0
8500.0,85.0,0.4980628691006398,0.0431468601595451,0.4980628691006398,0.0,5.0
8700.0,87.0,0.5004059181761815,0.0412887826655765,0.5004059181761815,0.0,5.0
8900.0,89.0,0.4999424114276042,0.0413944914022147,0.4999424114276042,0.0,5.0
9100.0,91.0,0.4981278970117501,0.041296042624668,0.4981278970117501,0.0,5.0
9200.0,92.0,0.4994638984723778,0.0410459083196666,0.4994638984723778,0.0,5.0
9300.0,93.0,0.5009397013918745,0.0399590192494644,0.5009397013918745,0.0,5.0
9600.0,96.0,0.5004985522938683,0.0411320081779538,0.5004985522938683,0.0,5.0
9800.0,98.0,0.5004537236007472,0.04012697285586,0.5004537236007472,0.0,5.0
9900.0,99.0,0.5008474324756415,0.0400903553360069,0.5008474324756415,0.0,5.0
10300.0,103.0,0.4994665976472217,0.0415816201454392,0.4994665976472217,0.0,5.0
10500.0,105.0,0.4982542012862078,0.0421142052333781,0.4982542012862078,0.0,5.0
10700.0,107.0,0.4980256398657253,0.0426159998943062,0.4980256398657253,0.0,5.0
10800.0,108.0,0.496794743725374,0.0423705860997534,0.496794743725374,0.0,5.0
10900.0,109.0,0.4994420588462679,0.0408907941346865,0.4994420588462679,0.0,5.0
11000.0,110.0,0.4994057799551286,0.0407624122197979,0.4994057799551286,0.0,5.0
11100.0,111.0,0.5006413561122963,0.040775033508371,0.5006413561122963,0.0,5.0
11200.0,112.0,0.5006683032427472,0.0411497780971627,0.5006683032427472,0.0,5.0
11300.0,113.0,0.5014964563186156,0.0399017276283674,0.5014964563186156,0.0,5.0
11400.0,114.0,0.5033535418257511,0.0390934975179681,0.5033535418257511,0.0,5.0
11900.0,119.0,0.4978828110538462,0.0424896714158731,0.4978828110538462,0.0,5.0
12000.0,120.0,0.4986397932542981,0.0423290915177209,0.4986397932542981,0.0,5.0
12100.0,121.0,0.5033832349609115,0.0373352013706503,0.5033832349609115,0.0,5.0
12200.0,122.0,0.5032234264062105,0.0372794939379992,0.5032234264062105,0.0,5.0
12400.0,124.0,0.5031059886520964,0.0388235942361022,0.5031059886520964,0.0,5.0
12600.0,126.0,0.5036834401674362,0.0373196976124153,0.5036834401674362,0.0,5.0
12700.0,127.0,0.5060444456418545,0.0360378868881266,0.5060444456418545,0.0,5.0
12800.0,128.0,0.5073009846932298,0.035790821357645,0.5073009846932298,0.0,5.0
13200.0,132.0,0.5056344368201025,0.0370226929281545,0.5056344368201025,0.0,5.0
13500.0,135.0,0.5070976072120249,0.0363341077842735,0.5070976072120249,0.0,5.0
13600.0,136.0,0.5067202117959572,0.0355161038962224,0.5067202117959572,0.0,5.0
13700.0,137.0,0.5077810915856864,0.0349325048102857,0.5077810915856864,0.0,5.0
13900.0,139.0,0.5075658018509309,0.0363248519160479,0.5075658018509309,0.0,5.0
14000.0,140.0,0.5076911555130316,0.0359715498536817,0.5076911555130316,0.0,5.0
14300.0,143.0,0.5042621739336797,0.0375211451313654,0.5042621739336797,0.0,5.0
14400.0,144.0,0.5043801598550275,0.0380717004444607,0.5043801598550275,0.0,5.0
14500.0,145.0,0.5060790369315884,0.0369432013021669,0.5060790369315884,0.0,5.0
14600.0,146.0,0.5075420684918898,0.0365054694829253,0.5075420684918898,0.0,5.0
14700.0,147.0,0.5077393976796685,0.0365346789251684,0.5077393976796685,0.0,5.0
14800.0,148.0,0.5092254959777501,0.0361274195331032,0.5092254959777501,0.0,5.0
15000.0,150.0,0.5091771390598564,0.0355817096394497,0.5091771390598564,0.0,5.0
15100.0,151.0,0.5098816185467709,0.0358180260044545,0.5098816185467709,0.0,5.0
15200.0,152.0,0.5106036935216577,0.0353677665970906,0.5106036935216577,0.0,5.0
15300.0,153.0,0.5117476916336462,0.0353107341041365,0.5117476916336462,0.0,5.0
15800.0,158.0,0.5047904181167926,0.0383472419717189,0.5047904181167926,0.0,5.0
15900.0,159.0,0.5075529576629951,0.0381688879429735,0.5075529576629951,0.0,5.0
16000.0,160.0,0.5091647735606174,0.0366978400137653,0.5091647735606174,0.0,5.0
16100.0,161.0,0.5091225379586407,0.0366002914686844,0.5091225379586407,0.0,5.0
16200.0,162.0,0.5097556969168396,0.036378275439509,0.5097556969168396,0.0,5.0
16400.0,164.0,0.5068957132877945,0.0363550366185769,0.5068957132877945,0.0,5.0
16500.0,165.0,0.5072298487454394,0.0364254541568031,0.5072298487454394,0.0,5.0
16700.0,167.0,0.5069664094811062,0.0366433768167411,0.5069664094811062,0.0,5.0
16900.0,169.0,0.5064231429960732,0.0367281615168902,0.5064231429960732,0.0,5.0
17200.0,172.0,0.5051022222614185,0.0366346465147715,0.5051022222614185,0.0,5.0
17400.0,174.0,0.5054857402508393,0.0372834838217379,0.5054857402508393,0.0,5.0
17500.0,175.0,0.5052697715639569,0.0367749960104056,0.5052697715639569,0.0,5.0
17700.0,177.0,0.5044498151569121,0.0372304250948506,0.5044498151569121,0.0,5.0
18000.0,180.0,0.5053245504620082,0.0370456894642447,0.5053245504620082,0.0,5.0
18100.0,181.0,0.5055338309761889,0.0368063444153511,0.5055338309761889,0.0,5.0
18200.0,182.0,0.5071800706797882,0.035891635731103,0.5071800706797882,0.0,5.0
18300.0,183.0,0.507278713422632,0.0356989564323735,0.507278713422632,0.0,5.0
18400.0,184.0,0.5098365757036604,0.0353587319019704,0.5098365757036604,0.0,5.0
18700.0,187.0,0.5064675367997027,0.0372761138887747,0.5064675367997027,0.0,5.0
18900.0,189.0,0.5058127317112541,0.0381909402702346,0.5058127317112541,0.0,5.0
19100.0,191.0,0.503693941695538,0.0394121005827639,0.503693941695538,0.0,5.0
19200.0,192.0,0.5036093628368667,0.0393783975009849,0.5036093628368667,0.0,5.0
19300.0,193.0,0.5036927803764435,0.0393181262477888,0.5036927803764435,0.0,5.0
19600.0,196.0,0.5041117312625936,0.0406858238159758,0.5041117312625936,0.0,5.0
19800.0,198.0,0.503913483544409,0.0409329863058643,0.503913483544409,0.0,5.0
20000.0,200.0,0.4977123068159045,0.0423711197142893,0.4977123068159045,0.0,5.0
20100.0,201.0,0.499165117223438,0.0425431662242977,0.499165117223438,0.0,5.0
20200.0,202.0,0.4993991199861904,0.0421306806718038,0.4993991199861904,0.0,5.0
20300.0,203.0,0.5020713033120721,0.0416248725246349,0.5020713033120721,0.0,5.0
20400.0,204.0,0.5056412149157176,0.038577430795648,0.5056412149157176,0.0,5.0
20600.0,206.0,0.5063910132855045,0.0377748619648895,0.5063910132855045,0.0,5.0
20800.0,208.0,0.5056708561365717,0.0384051602718334,0.5056708561365717,0.0,5.0
20900.0,209.0,0.5073833802616475,0.0372341258268709,0.5073833802616475,0.0,5.0
21100.0,211.0,0.5080800832853978,0.0376982676344008,0.5080800832853978,0.0,5.0
21200.0,212.0,0.5089825364004673,0.0369161732786963,0.5089825364004673,0.0,5.0
21300.0,213.0,0.5092162750779992,0.0369684931568985,0.5092162750779992,0.0,5.0
21400.0,214.0,0.5109541293134773,0.0357860643890892,0.5109541293134773,0.0,5.0
21900.0,219.0,0.5084293539120781,0.0376809080447866,0.5084293539120781,0.0,5.0
22100.0,221.0,0.5094382779431109,0.0371681961685997,0.5094382779431109,0.0,5.0
22200.0,222.0,0.5087437839217741,0.0370198365433671,0.5087437839217741,0.0,5.0
22300.0,223.0,0.5091046705528476,0.0360322023596413,0.5091046705528476,0.0,5.0
22500.0,225.0,0.5071771518549257,0.0377048241116393,0.5071771518549257,0.0,5.0
22800.0,228.0,0.5053903943985318,0.0402547031037065,0.5053903943985318,0.0,5.0
22900.0,229.0,0.5044986807701641,0.0402213690465952,0.5044986807701641,0.0,5.0
23000.0,230.0,0.5072013392349783,0.0387778667152333,0.5072013392349783,0.0,5.0
23300.0,233.0,0.5039020122499476,0.0393548226382576,0.5039020122499476,0.0,5.0
23500.0,235.0,0.5064256128210725,0.0384904324627122,0.5064256128210725,0.0,5.0
23600.0,236.0,0.5078393527252205,0.0379630977966505,0.5078393527252205,0.0,5.0
23700.0,237.0,0.5079217549578715,0.0378331508750976,0.5079217549578715,0.0,5.0
23800.0,238.0,0.5091151165172951,0.0363171179690649,0.5091151165172951,0.0,5.0
24000.0,240.0,0.5072969452416989,0.0385433796952471,0.5072969452416989,0.0,5.0
24200.0,242.0,0.5061452219501991,0.0388751134430328,0.5061452219501991,0.0,5.0
24300.0,243.0,0.5058134235103594,0.0384808629744273,0.5058134235103594,0.0,5.0
24400.0,244.0,0.5095553933963766,0.0382372778333863,0.5095553933963766,0.0,5.0
24600.0,246.0,0.5046793098051373,0.0380954278099858,0.5046793098051373,0.0,5.0
24700.0,247.0,0.5053155523587941,0.0382347166322115,0.5053155523587941,0.0,5.0
24900.0,249.0,0.5035195959254091,0.0407537984636787,0.5035195959254091,0.0,5.0
25000.0,250.0,0.5033379515172083,0.0401553833271439,0.5033379515172083,0.0,5.0
25100.0,251.0,0.504411626318752,0.0394386784531197,0.504411626318752,0.0,5.0
25200.0,252.0,0.5063907228264788,0.0388477510023855,0.5063907228264788,0.0,5.0
25400.0,254.0,0.5069178034936092,0.0387728351557573,0.5069178034936092,0.0,5.0
25800.0,258.0,0.5065487909458625,0.038319433515151,0.5065487909458625,0.0,5.0
26000.0,260.0,0.5076439928875172,0.0384493326905369,0.5076439928875172,0.0,5.0
26100.0,261.0,0.5076243222312794,0.037749664572414,0.5076243222312794,0.0,5.0
26200.0,262.0,0.5079749472642091,0.0359721438922811,0.5079749472642091,0.0,5.0
26400.0,264.0,0.50891477587442,0.0355363971066924,0.50891477587442,0.0,5.0
26700.0,267.0,0.5066598643366974,0.0373215745698752,0.5066598643366974,0.0,5.0
27000.0,270.0,0.5025141991991423,0.0389746667010177,0.5025141991991423,0.0,5.0
27200.0,272.0,0.5003305011308733,0.0400640998237153,0.5003305011308733,0.0,5.0
27300.0,273.0,0.4997310848376847,0.0390593791214662,0.4997310848376847,0.0,5.0
27600.0,276.0,0.4969282674260341,0.0423873179812849,0.4969282674260341,0.0,5.0
27900.0,279.0,0.4951000986519103,0.0461712458155624,0.4951000986519103,0.0,5.0
28000.0,280.0,0.4951653063219846,0.0463816644828971,0.4951653063219846,0.0,5.0
28100.0,281.0,0.4968893833591222,0.0446438033731127,0.4968893833591222,0.0,5.0
28300.0,283.0,0.4967503845809491,0.0457366080191912,0.4967503845809491,0.0,5.0
28400.0,284.0,0.4976121249367244,0.0445248453116252,0.4976121249367244,0.0,5.0
28500.0,285.0,0.4990338374731407,0.0469800512495402,0.4990338374731407,0.0,5.0
28600.0,286.0,0.499480611294157,0.0462725835598023,0.499480611294157,0.0,5.0
28700.0,287.0,0.5001580584535904,0.047304582896587,0.5001580584535904,0.0,5.0
28900.0,289.0,0.5018228763231457,0.0464336468079444,0.5018228763231457,0.0,5.0
29000.0,290.0,0.5025320776280191,0.0454442378531787,0.5025320776280191,0.0,5.0
29100.0,291.0,0.5042076527129652,0.0438925370924559,0.5042076527129652,0.0,5.0
29300.0,293.0,0.5065122598273393,0.0426346062771672,0.5065122598273393,0.0,5.0
29400.0,294.0,0.5095472578871861,0.0381529175086366,0.5095472578871861,0.0,5.0
29600.0,296.0,0.5064211382986561,0.0394589984702668,0.5064211382986561,0.0,5.0
29700.0,297.0,0.5069879486568127,0.0394537440374413,0.5069879486568127,0.0,5.0
29800.0,298.0,0.5074082657960367,0.0396467903709878,0.5074082657960367,0.0,5.0
30000.0,300.0,0.5061375265341268,0.0409698657051643,0.5061375265341268,0.0,5.0
30200.0,302.0,0.5029684993522406,0.0415541008444722,0.5029684993522406,0.0,5.0
30300.0,303.0,0.5040258296495066,0.0409786295571418,0.5040258296495066,0.0,5.0
30400.0,304.0,0.5042082198556792,0.0384242968951668,0.5042082198556792,0.0,5.0
30600.0,306.0,0.5043919719132001,0.0379039034518847,0.5043919719132001,0.0,5.0
30700.0,307.0,0.5078252559546703,0.0355649563693151,0.5078252559546703,0.0,5.0
31000.0,310.0,0.5065062311414676,0.0370377581916768,0.5065062311414676,0.0,5.0
31100.0,311.0,0.507193475219368,0.0362251516506885,0.507193475219368,0.0,5.0
31400.0,314.0,0.5049185487091467,0.0372002706385168,0.5049185487091467,0.0,5.0
31500.0,315.0,0.5051556861057882,0.0374434563856817,0.5051556861057882,0.0,5.0
31600.0,316.0,0.5046309126886644,0.0374376756042967,0.5046309126886644,0.0,5.0
32000.0,320.0,0.502885662442421,0.0374596604243015,0.502885662442421,0.0,5.0
32500.0,325.0,0.499158040273218,0.0414997073122618,0.499158040273218,0.0,5.0
32600.0,326.0,0.5003562670488575,0.0400377582091496,0.5003562670488575,0.0,5.0
32700.0,327.0,0.5032353146906632,0.0389508289233144,0.5032353146906632,0.0,5.0
32800.0,328.0,0.5018633886812158,0.0388858148151004,0.5018633886812158,0.0,5.0
32900.0,329.0,0.5026434805694731,0.0391458813932507,0.5026434805694731,0.0,5.0
33200.0,332.0,0.4987416569409236,0.0423428161089605,0.4987416569409236,0.0,5.0
33300.0,333.0,0.498128324614285,0.0411813346629647,0.498128324614285,0.0,5.0
33400.0,334.0,0.4977160436868542,0.0407144698854933,0.4977160436868542,0.0,5.0
33500.0,335.0,0.4991863437155694,0.043319091570175,0.4991863437155694,0.0,5.0
33600.0,336.0,0.4994081013820199,0.0422681739302614,0.4994081013820199,0.0,5.0
33700.0,337.0,0.4983673343915024,0.0418431042133679,0.4983673343915024,0.0,5.0
33900.0,339.0,0.4971812036364397,0.0418751123722864,0.4971812036364397,0.0,5.0
34200.0,342.0,0.4967462493750263,0.0412716349691398,0.4967462493750263,0.0,5.0
34300.0,343.0,0.4968516969988506,0.0414149110476595,0.4968516969988506,0.0,5.0
34500.0,345.0,0.4960523862837069,0.0424016207376607,0.4960523862837069,0.0,5.0
34600.0,346.0,0.4987552077333643,0.040855236420739,0.4987552077333643,0.0,5.0
34800.0,348.0,0.4970743595882982,0.041216341295345,0.4970743595882982,0.0,5.0
35000.0,350.0,0.5002897275070887,0.0392958305219858,0.5002897275070887,0.0,5.0
35200.0,352.0,0.5007186855535385,0.0403170804625582,0.5007186855535385,0.0,5.0
35300.0,353.0,0.5020355473864597,0.0392221257511516,0.5020355473864597,0.0,5.0
35400.0,354.0,0.5021641440323769,0.0387715738083543,0.5021641440323769,0.0,5.0
35500.0,355.0,0.5041127688940363,0.0375109105127799,0.5041127688940363,0.0,5.0
35600.0,356.0,0.5045747623525019,0.0368478817373304,0.5045747623525019,0.0,5.0
35700.0,357.0,0.5044877777240596,0.0364353195865416,0.5044877777240596,0.0,5.0
35900.0,359.0,0.5030459982602846,0.0360989807959995,0.5030459982602846,0.0,5.0
36300.0,363.0,0.502266089061712,0.0377790517771524,0.502266089061712,0.0,5.0
36500.0,365.0,0.5009336896783397,0.0389997951535555,0.5009336896783397,0.0,5.0
36600.0,366.0,0.5009608168016995,0.0388718400729518,0.5009608168016995,0.0,5.0
36900.0,369.0,0.4989930645785853,0.0415317419649586,0.4989930645785853,0.0,5.0
37200.0,372.0,0.5000420525328163,0.041375304879612,0.5000420525328163,0.0,5.0
37300.0,373.0,0.5013613364178423,0.0405081199825237,0.5013613364178423,0.0,5.0
37400.0,374.0,0.5036232068783422,0.0389995323021509,0.5036232068783422,0.0,5.0
37700.0,377.0,0.5020611484803128,0.0402727023495777,0.5020611484803128,0.0,5.0
37900.0,379.0,0.5012607683665503,0.0402716480403327,0.5012607683665503,0.0,5.0
38000.0,380.0,0.5017149316719487,0.0386953608844069,0.5017149316719487,0.0,5.0
38100.0,381.0,0.5018439163738024,0.0395037322957121,0.5018439163738024,0.0,5.0
38200.0,382.0,0.5017207025258628,0.0393842907323185,0.5017207025258628,0.0,5.0
38300.0,383.0,0.5034461176838653,0.0393325612238678,0.5034461176838653,0.0,5.0
38600.0,386.0,0.5039668807808755,0.0389275759803671,0.5039668807808755,0.0,5.0
38700.0,387.0,0.5052288526319823,0.0388506089648873,0.5052288526319823,0.0,5.0
38800.0,388.0,0.5057754373245092,0.0396499272343352,0.5057754373245092,0.0,5.0
38900.0,389.0,0.5052774761532783,0.0395539880449537,0.5052774761532783,0.0,5.0
39000.0,390.0,0.5040748642235715,0.0392104892920318,0.5040748642235715,0.0,5.0
39100.0,391.0,0.5045070144733665,0.0391970413228985,0.5045070144733665,0.0,5.0
39300.0,393.0,0.5039253961134763,0.0395384417040832,0.5039253961134763,0.0,5.0
39700.0,397.0,0.5003736385446661,0.0397405032311791,0.5003736385446661,0.0,5.0
39800.0,398.0,0.5020978307469979,0.0395682556066445,0.5020978307469979,0.0,5.0
40500.0,405.0,0.4933596589061633,0.0443614505452299,0.4933596589061633,0.0,5.0
40700.0,407.0,0.492077155895646,0.0448863427589651,0.492077155895646,0.0,5.0
40800.0,408.0,0.4935193911306328,0.044614860633292,0.4935193911306328,0.0,5.0
40900.0,409.0,0.4966542008758137,0.0433105162295296,0.4966542008758137,0.0,5.0
41100.0,411.0,0.4986432556559286,0.0419282643903265,0.4986432556559286,0.0,5.0
41300.0,413.0,0.4973654764067463,0.0426663410867252,0.4973654764067463,0.0,5.0
41500.0,415.0,0.49725074111542,0.0449696634274044,0.49725074111542,0.0,5.0
41600.0,416.0,0.4987053093838551,0.0431585592559663,0.4987053093838551,0.0,5.0
41800.0,418.0,0.4992382641506929,0.0417368759341743,0.4992382641506929,0.0,5.0
41900.0,419.0,0.4998732448864786,0.0423989441947516,0.4998732448864786,0.0,5.0
42000.0,420.0,0.5011487788664812,0.0424943120586158,0.5011487788664812,0.0,5.0
42100.0,421.0,0.5024250233416038,0.042174331910019,0.5024250233416038,0.0,5.0
42200.0,422.0,0.5030909930249952,0.0416897728241859,0.5030909930249952,0.0,5.0
42400.0,424.0,0.5022692976538674,0.0410820782608403,0.5022692976538674,0.0,5.0
42500.0,425.0,0.5030680758570103,0.0410110017762638,0.5030680758570103,0.0,5.0
42700.0,427.0,0.5022875578587432,0.0418267280225431,0.5022875578587432,0.0,5.0
42800.0,428.0,0.5046817310814575,0.0404501909872572,0.5046817310814575,0.0,5.0
42900.0,429.0,0.5066203796027384,0.0397500120490174,0.5066203796027384,0.0,5.0
43100.0,431.0,0.5036139905124577,0.0383163586245213,0.5036139905124577,0.0,5.0
43200.0,432.0,0.5048031691836712,0.0378721669783938,0.5048031691836712,0.0,5.0
43300.0,433.0,0.5059390607800216,0.0366530427283143,0.5059390607800216,0.0,5.0
43600.0,436.0,0.506560462356512,0.0378295072710145,0.506560462356512,0.0,5.0
43800.0,438.0,0.5058013269586785,0.0379056603213186,0.5058013269586785,0.0,5.0
43900.0,439.0,0.5058250214338904,0.0383134491278176,0.5058250214338904,0.0,5.0
44100.0,441.0,0.5033106787371107,0.0403350217664589,0.5033106787371107,0.0,5.0
44300.0,443.0,0.5026650057035107,0.0394611091909256,0.5026650057035107,0.0,5.0
44600.0,446.0,0.5032663104121798,0.0427744749767082,0.5032663104121798,0.0,5.0
44700.0,447.0,0.5035727201859227,0.0416556421345566,0.5035727201859227,0.0,5.0
44800.0,448.0,0.5073370067064013,0.0383245072039151,0.5073370067064013,0.0,5.0
45000.0,450.0,0.5077496329837875,0.0380084470331643,0.5077496329837875,0.0,5.0
45100.0,451.0,0.5089782735628735,0.0367016825269687,0.5089782735628735,0.0,5.0
45300.0,453.0,0.5089361045673486,0.0373157282974081,0.5089361045673486,0.0,5.0
45700.0,457.0,0.5057441194867356,0.038727621916268,0.5057441194867356,0.0,5.0
45800.0,458.0,0.5060461087824072,0.0397382034275529,0.5060461087824072,0.0,5.0
46000.0,460.0,0.5059299486440573,0.0395602587943592,0.5059299486440573,0.0,5.0
46200.0,462.0,0.503839506293939,0.0407854450838484,0.503839506293939,0.0,5.0
46300.0,463.0,0.5055547059480792,0.0399594954751305,0.5055547059480792,0.0,5.0
46400.0,464.0,0.5054794631203534,0.0398778033674735,0.5054794631203534,0.0,5.0
46500.0,465.0,0.5064166861893369,0.0385954251920147,0.5064166861893369,0.0,5.0
46600.0,466.0,0.5085951908379732,0.0370137424551532,0.5085951908379732,0.0,5.0
46700.0,467.0,0.5092323203520909,0.0359679453998349,0.5092323203520909,0.0,5.0
46900.0,469.0,0.5063662712113377,0.0367282075587504,0.5063662712113377,0.0,5.0
47100.0,471.0,0.5054082401010741,0.0378116661834254,0.5054082401010741,0.0,5.0
47300.0,473.0,0.5076886938300165,0.0369254220281503,0.5076886938300165,0.0,5.0
47500.0,475.0,0.5093880022164291,0.0355719948615916,0.5093880022164291,0.0,5.0
47700.0,477.0,0.5073686220841284,0.0359595675761696,0.5073686220841284,0.0,5.0
47800.0,478.0,0.5067450073845561,0.0358925473358854,0.5067450073845561,0.0,5.0
47900.0,479.0,0.508934030084203,0.0369181947007127,0.508934030084203,0.0,5.0
48000.0,480.0,0.5095236771819177,0.0372482522977043,0.5095236771819177,0.0,5.0
48400.0,484.0,0.5048874883391455,0.0376764399605174,0.5048874883391455,0.0,5.0
48600.0,486.0,0.503536466120953,0.0394115822069027,0.503536466120953,0.0,5.0
48700.0,487.0,0.5031061003700775,0.0389435821534764,0.5031061003700775,0.0,5.0
48900.0,489.0,0.5034532741102926,0.0394015161904168,0.5034532741102926,0.0,5.0
49000.0,490.0,0.5043575251859503,0.0387982346663421,0.5043575251859503,0.0,5.0
49100.0,491.0,0.5055685025525578,0.0377923576173909,0.5055685025525578,0.0,5.0
49200.0,492.0,0.504311365083463,0.0375509599546659,0.504311365083463,0.0,5.0
49600.0,496.0,0.5025729175297209,0.0403957704445156,0.5025729175297209,0.0,5.0
49700.0,497.0,0.5030162441976965,0.0393351367385304,0.5030162441976965,0.0,5.0
49800.0,498.0,0.5020538523759296,0.0392157523505338,0.5020538523759296,0.0,5.0
50100.0,501.0,0.5004452769164343,0.0408562851660191,0.5004452769164343,0.0,5.0
50300.0,503.0,0.4999945708501915,0.0414854942488724,0.4999945708501915,0.0,5.0
50500.0,505.0,0.5000751080773596,0.042714536938574,0.5000751080773596,0.0,5.0
50600.0,506.0,0.5023314640708534,0.0406757032565969,0.5023314640708534,0.0,5.0
50800.0,508.0,0.5032264294239205,0.0405449662374982,0.5032264294239205,0.0,5.0
51000.0,510.0,0.5029493423911341,0.0403953186126762,0.5029493423911341,0.0,5.0
51100.0,511.0,0.5042357070403177,0.0397507702503464,0.5042357070403177,0.0,5.0
51500.0,515.0,0.502277879051536,0.0412342808825195,0.502277879051536,0.0,5.0
51600.0,516.0,0.502225451763291,0.0403138004050872,0.502225451763291,0.0,5.0
52200.0,522.0,0.498060045046129,0.0431813221247973,0.498060045046129,0.0,5.0
52300.0,523.0,0.4992562503090497,0.0427074705557192,0.4992562503090497,0.0,5.0
52400.0,524.0,0.4985784743744596,0.0422411801710768,0.4985784743744596,0.0,5.0
52700.0,527.0,0.4975516804991188,0.0436720296475546,0.4975516804991188,0.0,5.0
52800.0,528.0,0.4978565880949563,0.0435794645658085,0.4978565880949563,0.0,5.0
52900.0,529.0,0.4973193290674851,0.0429721332611487,0.4973193290674851,0.0,5.0
53000.0,530.0,0.4972936384077597,0.0428722813175553,0.4972936384077597,0.0,5.0
53100.0,531.0,0.4974529388030777,0.0427203278563331,0.4974529388030777,0.0,5.0
53200.0,532.0,0.4994348308364512,0.0414554981405522,0.4994348308364512,0.0,5.0
53400.0,534.0,0.501611424227717,0.0410363897549422,0.501611424227717,0.0,5.0
53500.0,535.0,0.5038195103304669,0.0408962548911147,0.5038195103304669,0.0,5.0
53600.0,536.0,0.504548030866124,0.0406216650233959,0.504548030866124,0.0,5.0
53700.0,537.0,0.5055371238432991,0.0402709913517899,0.5055371238432991,0.0,5.0
53900.0,539.0,0.5010443173401201,0.0422668697805965,0.5010443173401201,0.0,5.0
54000.0,540.0,0.5040992546026155,0.0406218726134535,0.5040992546026155,0.0,5.0
54300.0,543.0,0.4998374128195514,0.0429331087898334,0.4998374128195514,0.0,5.0
54500.0,545.0,0.5017040107041135,0.0430415103760343,0.5017040107041135,0.0,5.0
54600.0,546.0,0.5011176395154308,0.0429347941291047,0.5011176395154308,0.0,5.0
54700.0,547.0,0.5029984430673199,0.0424903601501976,0.5029984430673199,0.0,5.0
54800.0,548.0,0.5052426907552545,0.041411441527664,0.5052426907552545,0.0,5.0
54900.0,549.0,0.5056959062629615,0.0408406921700126,0.5056959062629615,0.0,5.0
55100.0,551.0,0.5043693783054576,0.0420855826048896,0.5043693783054576,0.0,5.0
55200.0,552.0,0.5058329534021812,0.0407005906710465,0.5058329534021812,0.0,5.0
55300.0,553.0,0.5091482205396108,0.0372006325267384,0.5091482205396108,0.0,5.0
55500.0,555.0,0.5088345386271802,0.0375840895787065,0.5088345386271802,0.0,5.0
55600.0,556.0,0.5095627832505701,0.0366941571877542,0.5095627832505701,0.0,5.0
56000.0,560.0,0.5059364744121386,0.0392041185666441,0.5059364744121386,0.0,5.0
56100.0,561.0,0.5054659839122148,0.0386852613160768,0.5054659839122148,0.0,5.0
56200.0,562.0,0.5055350668750169,0.0382811170111721,0.5055350668750169,0.0,5.0
56300.0,563.0,0.5047821345590415,0.0382783647985909,0.5047821345590415,0.0,5.0
56500.0,565.0,0.5061722208088546,0.0378753319358714,0.5061722208088546,0.0,5.0
56600.0,566.0,0.5072957594807052,0.0362446915194694,0.5072957594807052,0.0,5.0
57000.0,570.0,0.5027436183822054,0.0384241062054145,0.5027436183822054,0.0,5.0
57200.0,572.0,0.5001199995120938,0.0404506823997731,0.5001199995120938,0.0,5.0
57300.0,573.0,0.5020077926754297,0.0387650710588874,0.5020077926754297,0.0,5.0
57400.0,574.0,0.5031429920764822,0.0378642765046967,0.5031429920764822,0.0,5.0
57700.0,577.0,0.5034889519426035,0.0379244961878261,0.5034889519426035,0.0,5.0
58000.0,580.0,0.5024423138242317,0.0379166871658817,0.5024423138242317,0.0,5.0
58400.0,584.0,0.5006893924111497,0.0395796007738,0.5006893924111497,0.0,5.0
58600.0,586.0,0.5037560903518961,0.0369386580189773,0.5037560903518961,0.0,5.0
58700.0,587.0,0.5052548469434949,0.0364696568054249,0.5052548469434949,0.0,5.0
58800.0,588.0,0.5055582858223785,0.0363291792696998,0.5055582858223785,0.0,5.0
58900.0,589.0,0.5052585767891801,0.0361553094960709,0.5052585767891801,0.0,5.0
59100.0,591.0,0.498938416489694,0.0360724234256736,0.498938416489694,0.0,5.0
59300.0,593.0,0.499371559374539,0.0363845957223398,0.499371559374539,0.0,5.0
59700.0,597.0,0.4982366153863419,0.0402401064541995,0.4982366153863419,0.0,5.0
59800.0,598.0,0.4984989823346817,0.0397082556241063,0.4984989823346817,0.0,5.0
60000.0,600.0,0.497486477576352,0.0415023604443993,0.497486477576352,0.0,5.0
60200.0,602.0,0.4974548937641136,0.0407936027915683,0.4974548937641136,0.0,5.0
60300.0,603.0,0.4976408108998637,0.039770194183872,0.4976408108998637,0.0,5.0
60400.0,604.0,0.4978525947564834,0.0393066066260497,0.4978525947564834,0.0,5.0
60500.0,605.0,0.4980379893700287,0.0399984915706766,0.4980379893700287,0.0,5.0
60900.0,609.0,0.4969123441579783,0.0408679213299311,0.4969123441579783,0.0,5.0
61000.0,610.0,0.4971343405767999,0.0409152988394417,0.4971343405767999,0.0,5.0
61200.0,612.0,0.495895411434562,0.0411876067086093,0.495895411434562,0.0,5.0
61300.0,613.0,0.4986630479726844,0.0411765780760707,0.4986630479726844,0.0,5.0
61400.0,614.0,0.4996008197526731,0.041165910716537,0.4996008197526731,0.0,5.0
61500.0,615.0,0.5007640978645338,0.040394895634163,0.5007640978645338,0.0,5.0
61700.0,617.0,0.4999628500458076,0.0400134862298167,0.4999628500458076,0.0,5.0
61800.0,618.0,0.5027944055080596,0.0388169665350945,0.5027944055080596,0.0,5.0
61900.0,619.0,0.5035768296272094,0.0391782409530965,0.5035768296272094,0.0,5.0
62000.0,620.0,0.5049925065064542,0.0373644632923596,0.5049925065064542,0.0,5.0
62400.0,624.0,0.4993474489250655,0.0410438269529655,0.4993474489250655,0.0,5.0
62500.0,625.0,0.500148134522471,0.0404952878692303,0.500148134522471,0.0,5.0
62600.0,626.0,0.5024982729673548,0.0384400560531159,0.5024982729673548,0.0,5.0
62700.0,627.0,0.5032516475563898,0.0385665902909645,0.5032516475563898,0.0,5.0
62900.0,629.0,0.503500706250639,0.039545231578364,0.503500706250639,0.0,5.0
63000.0,630.0,0.5037474771243445,0.0395777405355141,0.5037474771243445,0.0,5.0
63300.0,633.0,0.5059033018668557,0.0371391972086281,0.5059033018668557,0.0,5.0
63400.0,634.0,0.5080770393060727,0.0359741501878312,0.5080770393060727,0.0,5.0
63700.0,637.0,0.5062163666749946,0.038131525548697,0.5062163666749946,0.0,5.0
63900.0,639.0,0.5032537375030042,0.0387779556731851,0.5032537375030042,0.0,5.0
64000.0,640.0,0.504168316478821,0.0382890582902045,0.504168316478821,0.0,5.0
64200.0,642.0,0.5022026813002552,0.0400525286277232,0.5022026813002552,0.0,5.0
64400.0,644.0,0.5016742480128129,0.0405302387246798,0.5016742480128129,0.0,5.0
64600.0,646.0,0.5008578081823049,0.0425052184934281,0.5008578081823049,0.0,5.0
64800.0,648.0,0.50049241297111,0.0421100292172973,0.50049241297111,0.0,5.0
64900.0,649.0,0.5017363438611853,0.041158976921435,0.5017363438611853,0.0,5.0
65000.0,650.0,0.5005006376630645,0.0411377506791663,0.5005006376630645,0.0,5.0
65100.0,651.0,0.502705882568639,0.040241303502014,0.502705882568639,0.0,5.0
65300.0,653.0,0.5015044992305651,0.0405330313801017,0.5015044992305651,0.0,5.0
65400.0,654.0,0.5036831291418562,0.0394808690027896,0.5036831291418562,0.0,5.0
65500.0,655.0,0.5031738865500938,0.039364143482929,0.5031738865500938,0.0,5.0
65800.0,658.0,0.5010861526561072,0.0404514281167054,0.5010861526561072,0.0,5.0
66000.0,660.0,0.5011781665498111,0.0408846894249647,0.5011781665498111,0.0,5.0
66200.0,662.0,0.4999123853194526,0.0414193198014917,0.4999123853194526,0.0,5.0
66300.0,663.0,0.501598203677677,0.0412242959430837,0.501598203677677,0.0,5.0
66400.0,664.0,0.5015748510211022,0.0397387863998957,0.5015748510211022,0.0,5.0
66500.0,665.0,0.5028544309691173,0.0402604987803361,0.5028544309691173,0.0,5.0
67000.0,670.0,0.5009021791746832,0.0411053637257077,0.5009021791746832,0.0,5.0
67200.0,672.0,0.5020022970650087,0.0400828993474401,0.5020022970650087,0.0,5.0
67600.0,676.0,0.5030704648693948,0.0416881230007458,0.5030704648693948,0.0,5.0
67700.0,677.0,0.5044167851740027,0.0410478367423702,0.5044167851740027,0.0,5.0
67900.0,679.0,0.5037805760478432,0.0408641803076089,0.5037805760478432,0.0,5.0
68000.0,680.0,0.5060101360329301,0.0394397254415992,0.5060101360329301,0.0,5.0
68100.0,681.0,0.5076590120267228,0.037981156866153,0.5076590120267228,0.0,5.0
68300.0,683.0,0.5035988397677552,0.0404105892779868,0.5035988397677552,0.0,5.0
68400.0,684.0,0.5035507035081926,0.0394148960009311,0.5035507035081926,0.0,5.0
68500.0,685.0,0.5036064671001129,0.0387222157294634,0.5036064671001129,0.0,5.0
68700.0,687.0,0.5006793207088914,0.0406296889096686,0.5006793207088914,0.0,5.0
69000.0,690.0,0.5002494531394799,0.0411032699893577,0.5002494531394799,0.0,5.0
69100.0,691.0,0.5044905736573781,0.038384821802438,0.5044905736573781,0.0,5.0
69200.0,692.0,0.5051114687471964,0.0386272997530051,0.5051114687471964,0.0,5.0
69300.0,693.0,0.5064780893784003,0.0413783500461936,0.5064780893784003,0.0,5.0
69400.0,694.0,0.5068729052570975,0.0397572908645764,0.5068729052570975,0.0,5.0
69800.0,698.0,0.5004193583903039,0.0427531919842227,0.5004193583903039,0.0,5.0
69900.0,699.0,0.5025387946472629,0.0428339390709761,0.5025387946472629,0.0,5.0
100.0,1.0,0.1882170858215907,0.2861774483716144,0.1882170858215907,0.0,6.0
200.0,2.0,0.2050700673869098,0.2690529820945584,0.2050700673869098,0.0,6.0
300.0,3.0,0.2485892595005561,0.2314678201919682,0.2485892595005561,0.0,6.0
400.0,4.0,0.2849578127804417,0.2052525128648926,0.2849578127804417,0.0,6.0
500.0,5.0,0.3216931876694315,0.1534772501284236,0.3216931876694315,0.0,6.0
600.0,6.0,0.3350062117788886,0.1442509231027884,0.3350062117788886,0.0,6.0
700.0,7.0,0.3551421891162432,0.1336179344402272,0.3551421891162432,0.0,6.0
800.0,8.0,0.3667051066568206,0.1263518266056181,0.3667051066568206,0.0,6.0
900.0,9.0,0.3782595693710145,0.1166049204651195,0.3782595693710145,0.0,6.0
1000.0,10.0,0.3863703473975053,0.1110423873602627,0.3863703473975053,0.0,6.0
1100.0,11.0,0.3923018323459674,0.1092157790615068,0.3923018323459674,0.0,6.0
1200.0,12.0,0.3947842478149223,0.1048145315265617,0.3947842478149223,0.0,6.0
1300.0,13.0,0.3980914389757715,0.1031175645009759,0.3980914389757715,0.0,6.0
1400.0,14.0,0.4024464645230693,0.1003546936296174,0.4024464645230693,0.0,6.0
1500.0,15.0,0.409668625445908,0.0971105256324711,0.409668625445908,0.0,6.0
1600.0,16.0,0.4136641935090836,0.0943156552564033,0.4136641935090836,0.0,6.0
1700.0,17.0,0.4155034396510258,0.0936445009554877,0.4155034396510258,0.0,6.0
1800.0,18.0,0.4191870317627496,0.0903378564026475,0.4191870317627496,0.0,6.0
1900.0,19.0,0.4199751518932483,0.0897045878564214,0.4199751518932483,0.0,6.0
2000.0,20.0,0.4251579900004004,0.0898635832840151,0.4251579900004004,0.0,6.0
2100.0,21.0,0.4261874547278421,0.0887414977619526,0.4261874547278421,0.0,6.0
2200.0,22.0,0.4274784504694283,0.0846192615928975,0.4274784504694283,0.0,6.0
2300.0,23.0,0.4294936126408363,0.0840323417114914,0.4294936126408363,0.0,6.0
2400.0,24.0,0.4342383516883955,0.0790846431643183,0.4342383516883955,0.0,6.0
2500.0,25.0,0.4416435082830263,0.0775788504725724,0.4416435082830263,0.0,6.0
2600.0,26.0,0.4423089349145687,0.0772878754230105,0.4423089349145687,0.0,6.0
2700.0,27.0,0.4445900136853984,0.0762162294476158,0.4445900136853984,0.0,6.0
2800.0,28.0,0.4467653175109963,0.0757149551474202,0.4467653175109963,0.0,6.0
2900.0,29.0,0.4496051403458013,0.0738728104357412,0.4496051403458013,0.0,6.0
3000.0,30.0,0.45131767007671,0.072497378960168,0.45131767007671,0.0,6.0
3300.0,33.0,0.4539513548388784,0.0725339691301148,0.4539513548388784,0.0,6.0
3400.0,34.0,0.4581978915018798,0.070402362870531,0.4581978915018798,0.0,6.0
3500.0,35.0,0.4588877452690482,0.0704282851305737,0.4588877452690482,0.0,6.0
3600.0,36.0,0.4615698808435973,0.0695945541404256,0.4615698808435973,0.0,6.0
3800.0,38.0,0.4607187734096542,0.0694824800034787,0.4607187734096542,0.0,6.0
4100.0,41.0,0.4601127820427331,0.0712590239134548,0.4601127820427331,0.0,6.0
4200.0,42.0,0.4624892718198592,0.0702620637484406,0.4624892718198592,0.0,6.0
4300.0,43.0,0.4652648093942583,0.0681805823765695,0.4652648093942583,0.0,6.0
4400.0,44.0,0.4675032805009629,0.0670488784373244,0.4675032805009629,0.0,6.0
4500.0,45.0,0.4685547135895049,0.0665695445930422,0.4685547135895049,0.0,6.0
4600.0,46.0,0.4703272687678745,0.065657701965087,0.4703272687678745,0.0,6.0
4700.0,47.0,0.472207776930917,0.0644953866340019,0.472207776930917,0.0,6.0
4900.0,49.0,0.4705055715987703,0.0666206137644032,0.4705055715987703,0.0,6.0
5000.0,50.0,0.4721412638876477,0.0648167861178367,0.4721412638876477,0.0,6.0
5200.0,52.0,0.4771107046525507,0.0578894789481007,0.4771107046525507,0.0,6.0
5300.0,53.0,0.4772708913267816,0.0576862816859571,0.4772708913267816,0.0,6.0
5400.0,54.0,0.4776612423809929,0.0571509798201162,0.4776612423809929,0.0,6.0
5600.0,56.0,0.4751564977955768,0.0579440327582178,0.4751564977955768,0.0,6.0
5700.0,57.0,0.4757205609401476,0.059677275026025,0.4757205609401476,0.0,6.0
5800.0,58.0,0.4780236073720981,0.0590272500902697,0.4780236073720981,0.0,6.0
5900.0,59.0,0.4781055317366785,0.0587493862871125,0.4781055317366785,0.0,6.0
6000.0,60.0,0.4813169341794854,0.0571038871249683,0.4813169341794854,0.0,6.0
6100.0,61.0,0.4843263656550572,0.0550414275572972,0.4843263656550572,0.0,6.0
6200.0,62.0,0.4854741584272978,0.0539237548938128,0.4854741584272978,0.0,6.0
6300.0,63.0,0.4857562858198492,0.0539401884486706,0.4857562858198492,0.0,6.0
6400.0,64.0,0.4873177891728154,0.0533897846042874,0.4873177891728154,0.0,6.0
6500.0,65.0,0.4883926819121942,0.0526670303282778,0.4883926819121942,0.0,6.0
6700.0,67.0,0.489974400825297,0.0514879437087661,0.489974400825297,0.0,6.0
6900.0,69.0,0.4914995934089816,0.0497398719017142,0.4914995934089816,0.0,6.0
7000.0,70.0,0.4925022808829305,0.048989814188426,0.4925022808829305,0.0,6.0
7200.0,72.0,0.4921581422721733,0.0472288769045826,0.4921581422721733,0.0,6.0
7400.0,74.0,0.4950137299160658,0.0487307915857357,0.4950137299160658,0.0,6.0
7500.0,75.0,0.4964522503410544,0.0479750372079081,0.4964522503410544,0.0,6.0
7700.0,77.0,0.4989668266399712,0.0467528591498,0.4989668266399712,0.0,6.0
7800.0,78.0,0.4988851965562587,0.0454264427512737,0.4988851965562587,0.0,6.0
7900.0,79.0,0.4996115322656786,0.0442508046253214,0.4996115322656786,0.0,6.0
8100.0,81.0,0.4995229109332862,0.0446187206252648,0.4995229109332862,0.0,6.0
8200.0,82.0,0.5005912484033573,0.0440652732795223,0.5005912484033573,0.0,6.0
8300.0,83.0,0.5012951347811447,0.0435842723121804,0.5012951347811447,0.0,6.0
8500.0,85.0,0.5025003677468716,0.043369989759612,0.5025003677468716,0.0,6.0
8600.0,86.0,0.502957453425777,0.04252565793004,0.502957453425777,0.0,6.0
8700.0,87.0,0.5049191156103107,0.041241807221227,0.5049191156103107,0.0,6.0
8900.0,89.0,0.5046067109844198,0.0421241984433274,0.5046067109844198,0.0,6.0
9400.0,94.0,0.4984689670047332,0.0467542048107061,0.4984689670047332,0.0,6.0
9600.0,96.0,0.4995766944556817,0.0467636115883359,0.4995766944556817,0.0,6.0
9800.0,98.0,0.4961984771705079,0.0473868958412471,0.4961984771705079,0.0,6.0
9900.0,99.0,0.4970785416809192,0.0469557516029632,0.4970785416809192,0.0,6.0
10000.0,100.0,0.4972067444765914,0.047044015525095,0.4972067444765914,0.0,6.0
10100.0,101.0,0.4985985113075609,0.0466844117718998,0.4985985113075609,0.0,6.0
10200.0,102.0,0.4988085677657671,0.0463794886101186,0.4988085677657671,0.0,6.0
10300.0,103.0,0.500703777151407,0.0460527017143968,0.500703777151407,0.0,6.0
10400.0,104.0,0.5009314088307244,0.0454745920024241,0.5009314088307244,0.0,6.0
10500.0,105.0,0.4997225746971108,0.0445449878303791,0.4997225746971108,0.0,6.0
10600.0,106.0,0.5009890497665299,0.0438295210708391,0.5009890497665299,0.0,6.0
10700.0,107.0,0.5014661001115226,0.0436408617259344,0.5014661001115226,0.0,6.0
11000.0,110.0,0.4972913976053502,0.0448013971992446,0.4972913976053502,0.0,6.0
11200.0,112.0,0.4969153818230089,0.0452285648381064,0.4969153818230089,0.0,6.0
11300.0,113.0,0.5004058714252108,0.0447799319438136,0.5004058714252108,0.0,6.0
11400.0,114.0,0.5013199799981598,0.0437442770080979,0.5013199799981598,0.0,6.0
11500.0,115.0,0.5007923466535004,0.0436575728902331,0.5007923466535004,0.0,6.0
11600.0,116.0,0.5016535680105676,0.0433150239417581,0.5016535680105676,0.0,6.0
11700.0,117.0,0.503142333998116,0.0424671474157049,0.503142333998116,0.0,6.0
11800.0,118.0,0.5025716866712825,0.0412928245838558,0.5025716866712825,0.0,6.0
11900.0,119.0,0.503642965170702,0.041522659602322,0.503642965170702,0.0,6.0
12000.0,120.0,0.5005154681624507,0.0415210854751311,0.5005154681624507,0.0,6.0
12100.0,121.0,0.4995456759479674,0.040584710612182,0.4995456759479674,0.0,6.0
12200.0,122.0,0.5001011982804725,0.0402522706572711,0.5001011982804725,0.0,6.0
12700.0,127.0,0.4965263351112503,0.0461418265532043,0.4965263351112503,0.0,6.0
12800.0,128.0,0.498368120315097,0.0452969761109806,0.498368120315097,0.0,6.0
12900.0,129.0,0.5025139589495377,0.0424120487948515,0.5025139589495377,0.0,6.0
13000.0,130.0,0.5025692610880864,0.0423561325926749,0.5025692610880864,0.0,6.0
13300.0,133.0,0.4985917141019799,0.0440155049293734,0.4985917141019799,0.0,6.0
13400.0,134.0,0.4985446080932947,0.0424235105060584,0.4985446080932947,0.0,6.0
13600.0,136.0,0.500682106075211,0.0418348528610877,0.500682106075211,0.0,6.0
13800.0,138.0,0.5017907939827994,0.0410497265430415,0.5017907939827994,0.0,6.0
13900.0,139.0,0.5035984421597961,0.0404858516288404,0.5035984421597961,0.0,6.0
14000.0,140.0,0.5044972791237685,0.0399550446889103,0.5044972791237685,0.0,6.0
14100.0,141.0,0.5048277381599814,0.0399141971053612,0.5048277381599814,0.0,6.0
14300.0,143.0,0.5031838971123225,0.039839206691385,0.5031838971123225,0.0,6.0
14400.0,144.0,0.5046422377955149,0.039658137428123,0.5046422377955149,0.0,6.0
14600.0,146.0,0.5039970748184667,0.041058160045552,0.5039970748184667,0.0,6.0
14800.0,148.0,0.5020021103417883,0.0408489769731823,0.5020021103417883,0.0,6.0
14900.0,149.0,0.5046360717812426,0.0411173516651035,0.5046360717812426,0.0,6.0
15100.0,151.0,0.5053504434040688,0.0410689776792623,0.5053504434040688,0.0,6.0
15400.0,154.0,0.5032176498669159,0.0425126958563555,0.5032176498669159,0.0,6.0
15600.0,156.0,0.5033237653847057,0.0421260581801098,0.5033237653847057,0.0,6.0
15800.0,158.0,0.5025786087222275,0.0421862066989065,0.5025786087222275,0.0,6.0
15900.0,159.0,0.5044111720176967,0.0399495690643231,0.5044111720176967,0.0,6.0
16200.0,162.0,0.4994444638095185,0.040280377448745,0.4994444638095185,0.0,6.0
16400.0,164.0,0.4992590362248703,0.0413214090981303,0.4992590362248703,0.0,6.0
16700.0,167.0,0.5008879122539115,0.0420920974046656,0.5008879122539115,0.0,6.0
16800.0,168.0,0.500278871657907,0.041743337485165,0.500278871657907,0.0,6.0
16900.0,169.0,0.4997856834532622,0.0414572966701353,0.4997856834532622,0.0,6.0
17000.0,170.0,0.4998390867415316,0.0409167822900319,0.4998390867415316,0.0,6.0
17200.0,172.0,0.4978926576181212,0.0420971392631867,0.4978926576181212,0.0,6.0
17300.0,173.0,0.4980553041335219,0.0422951363302525,0.4980553041335219,0.0,6.0
17500.0,175.0,0.4982657222375945,0.0430921207287638,0.4982657222375945,0.0,6.0
17600.0,176.0,0.497857038236987,0.0424251558699117,0.497857038236987,0.0,6.0
17700.0,177.0,0.4989492405487781,0.0421350254278632,0.4989492405487781,0.0,6.0
18000.0,180.0,0.4974678722652065,0.0433683174333907,0.4974678722652065,0.0,6.0
18100.0,181.0,0.5008714918066354,0.0412860375857657,0.5008714918066354,0.0,6.0
18200.0,182.0,0.5020095445904788,0.0404127603195967,0.5020095445904788,0.0,6.0
18400.0,184.0,0.4995352001297068,0.0406640779587826,0.4995352001297068,0.0,6.0
18600.0,186.0,0.4998092460260945,0.0404361133077629,0.4998092460260945,0.0,6.0
18800.0,188.0,0.4990664326682454,0.0408837553358767,0.4990664326682454,0.0,6.0
19000.0,190.0,0.5003876613805693,0.0406523421165026,0.5003876613805693,0.0,6.0
19400.0,194.0,0.4958378718997182,0.0443374128474275,0.4958378718997182,0.0,6.0
19500.0,195.0,0.4966606878820216,0.0442651303940814,0.4966606878820216,0.0,6.0
19700.0,197.0,0.4975867161470563,0.0427193318548154,0.4975867161470563,0.0,6.0
19800.0,198.0,0.497949294880072,0.0413394106643286,0.497949294880072,0.0,6.0
20000.0,200.0,0.4967415547179513,0.0429454609664817,0.4967415547179513,0.0,6.0
20100.0,201.0,0.4994858922082553,0.0418913438016446,0.4994858922082553,0.0,6.0
20200.0,202.0,0.4998780778492483,0.0420172889153432,0.4998780778492483,0.0,6.0
20400.0,204.0,0.5004532345101413,0.0411478154978908,0.5004532345101413,0.0,6.0
20500.0,205.0,0.5023310299898223,0.0414233250558297,0.5023310299898223,0.0,6.0
20600.0,206.0,0.5040204685492417,0.0409713477327906,0.5040204685492417,0.0,6.0
20900.0,209.0,0.5010847780956408,0.04195259164012,0.5010847780956408,0.0,6.0
21100.0,211.0,0.4993303133062263,0.0413709989171809,0.4993303133062263,0.0,6.0
21200.0,212.0,0.4996834892034241,0.041742534013706,0.4996834892034241,0.0,6.0
21300.0,213.0,0.500467690329463,0.043964220882936,0.500467690329463,0.0,6.0
21400.0,214.0,0.4994986240889751,0.0431812277679966,0.4994986240889751,0.0,6.0
21600.0,216.0,0.4997147926386937,0.0421378616779028,0.4997147926386937,0.0,6.0
21700.0,217.0,0.5000404920277037,0.0411793355025009,0.5000404920277037,0.0,6.0
21800.0,218.0,0.4997457922505519,0.0407708696612996,0.4997457922505519,0.0,6.0
21900.0,219.0,0.5013794430181298,0.0408770078535517,0.5013794430181298,0.0,6.0
22100.0,221.0,0.5045832219448741,0.0407114495975812,0.5045832219448741,0.0,6.0
22500.0,225.0,0.5030110807032534,0.0430687337382407,0.5030110807032534,0.0,6.0
22600.0,226.0,0.5055718431632666,0.0409731762046304,0.5055718431632666,0.0,6.0
23000.0,230.0,0.5002260730053796,0.0428840333193612,0.5002260730053796,0.0,6.0
23100.0,231.0,0.5008603666283398,0.0424624802652848,0.5008603666283398,0.0,6.0
23200.0,232.0,0.5026381619495467,0.0411232632135709,0.5026381619495467,0.0,6.0
23400.0,234.0,0.5013675615530767,0.0438294318467176,0.5013675615530767,0.0,6.0
23500.0,235.0,0.5023121893815358,0.0429500406047054,0.5023121893815358,0.0,6.0
23700.0,237.0,0.5023601289883938,0.0429355838680719,0.5023601289883938,0.0,6.0
23800.0,238.0,0.5031768742117193,0.0413248309674782,0.5031768742117193,0.0,6.0
23900.0,239.0,0.502560554887655,0.0393078783413204,0.502560554887655,0.0,6.0
24100.0,241.0,0.5033543771091394,0.0403301958472977,0.5033543771091394,0.0,6.0
24200.0,242.0,0.5052989816642788,0.0405324043389662,0.5052989816642788,0.0,6.0
24500.0,245.0,0.5020206623210238,0.0429047665356689,0.5020206623210238,0.0,6.0
24600.0,246.0,0.5028644997833984,0.0417778053069024,0.5028644997833984,0.0,6.0
24800.0,248.0,0.5007294839373795,0.0449277774085812,0.5007294839373795,0.0,6.0
25000.0,250.0,0.4994708066785302,0.0441068562822649,0.4994708066785302,0.0,6.0
25200.0,252.0,0.4987918919130586,0.0425733367696454,0.4987918919130586,0.0,6.0
25300.0,253.0,0.500488275098232,0.0412563559571667,0.500488275098232,0.0,6.0
25400.0,254.0,0.501920028551569,0.0411655210527698,0.501920028551569,0.0,6.0
25600.0,256.0,0.501666427677301,0.0401933726766967,0.501666427677301,0.0,6.0
25800.0,258.0,0.5007235163119432,0.0415546774466356,0.5007235163119432,0.0,6.0
25900.0,259.0,0.5016811075091634,0.0421375724116053,0.5016811075091634,0.0,6.0
26000.0,260.0,0.5020564658714864,0.04220779837078,0.5020564658714864,0.0,6.0
26100.0,261.0,0.5031685052921395,0.0419453856849203,0.5031685052921395,0.0,6.0
26300.0,263.0,0.5018651501137464,0.0428540325284768,0.5018651501137464,0.0,6.0
26600.0,266.0,0.5009602735923114,0.0452297572037253,0.5009602735923114,0.0,6.0
26700.0,267.0,0.5020727804219569,0.0467184846321583,0.5020727804219569,0.0,6.0
26800.0,268.0,0.5031011119196644,0.046390102588547,0.5031011119196644,0.0,6.0
26900.0,269.0,0.5024179647505684,0.0457610969734691,0.5024179647505684,0.0,6.0
27000.0,270.0,0.5056782179209884,0.0429524876549617,0.5056782179209884,0.0,6.0
27100.0,271.0,0.5054309711589668,0.0420688540931179,0.5054309711589668,0.0,6.0
27300.0,273.0,0.5062358372136258,0.0410370878414739,0.5062358372136258,0.0,6.0
27400.0,274.0,0.5076968666109313,0.0401230988137489,0.5076968666109313,0.0,6.0
27700.0,277.0,0.5026967172918568,0.0436349719306389,0.5026967172918568,0.0,6.0
27800.0,278.0,0.5046559961638308,0.0422164528521082,0.5046559961638308,0.0,6.0
27900.0,279.0,0.5054535854581538,0.0421840007409636,0.5054535854581538,0.0,6.0
28000.0,280.0,0.5058077218443252,0.0422371451381753,0.5058077218443252,0.0,6.0
28200.0,282.0,0.5061771585296416,0.041498327416135,0.5061771585296416,0.0,6.0
28400.0,284.0,0.5086596362335416,0.0398237326629778,0.5086596362335416,0.0,6.0
28500.0,285.0,0.5084153300144102,0.0394520286286242,0.5084153300144102,0.0,6.0
28700.0,287.0,0.5069212922087529,0.0403478286187023,0.5069212922087529,0.0,6.0
29100.0,291.0,0.5073691890888147,0.040800592527981,0.5073691890888147,0.0,6.0
29400.0,294.0,0.5033743283372354,0.0410433993533202,0.5033743283372354,0.0,6.0
29500.0,295.0,0.504960644635591,0.0401454351627998,0.504960644635591,0.0,6.0
29600.0,296.0,0.505362142372216,0.0378222162293999,0.505362142372216,0.0,6.0
29700.0,297.0,0.5054138343615567,0.0381449365426968,0.5054138343615567,0.0,6.0
29900.0,299.0,0.5053541357668652,0.0386770566355277,0.5053541357668652,0.0,6.0
30000.0,300.0,0.5062164383347767,0.0383911569034561,0.5062164383347767,0.0,6.0
30200.0,302.0,0.5065135817189339,0.038873368742716,0.5065135817189339,0.0,6.0
30400.0,304.0,0.5078259665019971,0.0371880793287041,0.5078259665019971,0.0,6.0
30500.0,305.0,0.5091937400604211,0.0363263548140931,0.5091937400604211,0.0,6.0
30700.0,307.0,0.5077069751263777,0.0397793639684108,0.5077069751263777,0.0,6.0
31000.0,310.0,0.5102699734976193,0.0394718556157936,0.5102699734976193,0.0,6.0
31300.0,313.0,0.5081558171832434,0.0386511311269335,0.5081558171832434,0.0,6.0
31400.0,314.0,0.5074331268490214,0.037414482048115,0.5074331268490214,0.0,6.0
31500.0,315.0,0.5079789602144732,0.0390254923931878,0.5079789602144732,0.0,6.0
31600.0,316.0,0.5088727203951177,0.0384539732718327,0.5088727203951177,0.0,6.0
31900.0,319.0,0.5043883846235085,0.040721417522223,0.5043883846235085,0.0,6.0
32000.0,320.0,0.5077128703513097,0.0380443512027977,0.5077128703513097,0.0,6.0
32200.0,322.0,0.5075460700708961,0.0383607010484149,0.5075460700708961,0.0,6.0
32400.0,324.0,0.5065159975554442,0.0394345041731311,0.5065159975554442,0.0,6.0
32500.0,325.0,0.5066778016508314,0.0393600657860308,0.5066778016508314,0.0,6.0
32600.0,326.0,0.5069217429593881,0.0390651608494284,0.5069217429593881,0.0,6.0
32700.0,327.0,0.5084694533624298,0.0389536746286663,0.5084694533624298,0.0,6.0
32800.0,328.0,0.5086561975598487,0.0386954560461408,0.5086561975598487,0.0,6.0
33000.0,330.0,0.5087874973404225,0.038509099844406,0.5087874973404225,0.0,6.0
33200.0,332.0,0.507107123585474,0.0381808311681269,0.507107123585474,0.0,6.0
33400.0,334.0,0.5092901374844183,0.0381793021351251,0.5092901374844183,0.0,6.0
33700.0,337.0,0.5050552731741952,0.0365247997271891,0.5050552731741952,0.0,6.0
33800.0,338.0,0.5047549292049095,0.0364095904163246,0.5047549292049095,0.0,6.0
34100.0,341.0,0.5050478833673246,0.0364917324779353,0.5050478833673246,0.0,6.0
34300.0,343.0,0.5052727023811968,0.0375874006713153,0.5052727023811968,0.0,6.0
34400.0,344.0,0.5069981314529237,0.0354493533027775,0.5069981314529237,0.0,6.0
34600.0,346.0,0.5070563354152875,0.0352189796339245,0.5070563354152875,0.0,6.0
34700.0,347.0,0.5072379069843811,0.0355119879363782,0.5072379069843811,0.0,6.0
35000.0,350.0,0.5049498994609963,0.0369905652891412,0.5049498994609963,0.0,6.0
35300.0,353.0,0.5059000971588052,0.0358866610001295,0.5059000971588052,0.0,6.0
35500.0,355.0,0.5062057607368982,0.0361710664104063,0.5062057607368982,0.0,6.0
35600.0,356.0,0.5081795047712493,0.0356310306062475,0.5081795047712493,0.0,6.0
36100.0,361.0,0.5060204765327312,0.0359145540340962,0.5060204765327312,0.0,6.0
36300.0,363.0,0.506540606145783,0.0367450649544973,0.506540606145783,0.0,6.0
36400.0,364.0,0.5072724755745509,0.0365367140771756,0.5072724755745509,0.0,6.0
36600.0,366.0,0.5072395484825207,0.0364481854939927,0.5072395484825207,0.0,6.0
36700.0,367.0,0.5069238006910298,0.036411619449299,0.5069238006910298,0.0,6.0
36900.0,369.0,0.5055365064990884,0.0365950637841816,0.5055365064990884,0.0,6.0
37400.0,374.0,0.500825297556286,0.0400848748707438,0.500825297556286,0.0,6.0
37700.0,377.0,0.5003801114390511,0.0433888018443772,0.5003801114390511,0.0,6.0
37900.0,379.0,0.499862479894987,0.0430113142491343,0.499862479894987,0.0,6.0
38000.0,380.0,0.5001838270950135,0.0432861728503254,0.5001838270950135,0.0,6.0
38200.0,382.0,0.498198646463424,0.0458098892794437,0.498198646463424,0.0,6.0
38300.0,383.0,0.5012038569717581,0.0439665945100842,0.5012038569717581,0.0,6.0
38400.0,384.0,0.5052490719509153,0.0397960465640436,0.5052490719509153,0.0,6.0
38600.0,386.0,0.5048676890065193,0.0403102044395865,0.5048676890065193,0.0,6.0
38700.0,387.0,0.5053760655638675,0.0401910869013774,0.5053760655638675,0.0,6.0
38800.0,388.0,0.5054847749818457,0.0405696077300923,0.5054847749818457,0.0,6.0
39000.0,390.0,0.5039914640786324,0.0416276262233958,0.5039914640786324,0.0,6.0
39100.0,391.0,0.5044559204014819,0.0421854376778181,0.5044559204014819,0.0,6.0
39200.0,392.0,0.503572386280106,0.0414473917965957,0.503572386280106,0.0,6.0
39300.0,393.0,0.505373322518158,0.0408512803111233,0.505373322518158,0.0,6.0
39400.0,394.0,0.5055297574465291,0.0397352644999459,0.5055297574465291,0.0,6.0
39500.0,395.0,0.5063799972004359,0.0394280939115827,0.5063799972004359,0.0,6.0
39600.0,396.0,0.5085448439608322,0.037726711186009,0.5085448439608322,0.0,6.0
39900.0,399.0,0.506384348959748,0.0386009339449241,0.506384348959748,0.0,6.0
40000.0,400.0,0.5071592467574002,0.0383921728541867,0.5071592467574002,0.0,6.0
40100.0,401.0,0.5079119219270847,0.0433588749579079,0.5079119219270847,0.0,6.0
40200.0,402.0,0.5070156084396589,0.0405127117626865,0.5070156084396589,0.0,6.0
40400.0,404.0,0.5061792279951848,0.0414323230160046,0.5061792279951848,0.0,6.0
40500.0,405.0,0.5087013182341977,0.0397701629271108,0.5087013182341977,0.0,6.0
40800.0,408.0,0.5049372966820351,0.041908236672859,0.5049372966820351,0.0,6.0
40900.0,409.0,0.5036634690650568,0.0407959977544576,0.5036634690650568,0.0,6.0
41000.0,410.0,0.5065029244401518,0.039082503597293,0.5065029244401518,0.0,6.0
41100.0,411.0,0.5061022114504483,0.0390680602831742,0.5061022114504483,0.0,6.0
41200.0,412.0,0.5073479814184739,0.0370933116664754,0.5073479814184739,0.0,6.0
41800.0,418.0,0.5038657579153418,0.045751194692237,0.5038657579153418,0.0,6.0
41900.0,419.0,0.5036962353736119,0.0457308713769694,0.5036962353736119,0.0,6.0
42000.0,420.0,0.5037577443302336,0.0466650325437793,0.5037577443302336,0.0,6.0
42100.0,421.0,0.5017347535885076,0.0427213196082117,0.5017347535885076,0.0,6.0
42200.0,422.0,0.5009173061116219,0.0417473218363451,0.5009173061116219,0.0,6.0
42300.0,423.0,0.5028341315698719,0.0401277278529651,0.5028341315698719,0.0,6.0
42400.0,424.0,0.5041428027237359,0.0399257823189139,0.5041428027237359,0.0,6.0
42500.0,425.0,0.5070649997754865,0.0375800532560405,0.5070649997754865,0.0,6.0
42700.0,427.0,0.5068627402547112,0.0370859643958977,0.5068627402547112,0.0,6.0
42800.0,428.0,0.5080517526450086,0.0377421116122888,0.5080517526450086,0.0,6.0
43000.0,430.0,0.508586818221646,0.0383412230583792,0.508586818221646,0.0,6.0
43100.0,431.0,0.5081038337923643,0.0377751145198626,0.5081038337923643,0.0,6.0
43400.0,434.0,0.5056305206449474,0.038215989965089,0.5056305206449474,0.0,6.0
43500.0,435.0,0.5075384841337621,0.0373504275447406,0.5075384841337621,0.0,6.0
43600.0,436.0,0.5088432890787415,0.0365602455189942,0.5088432890787415,0.0,6.0
43700.0,437.0,0.5103620015051444,0.0370436892491181,0.5103620015051444,0.0,6.0
44000.0,440.0,0.5099937295645313,0.0371448428632907,0.5099937295645313,0.0,6.0
44100.0,441.0,0.5108427637289858,0.0358698386989271,0.5108427637289858,0.0,6.0
44200.0,442.0,0.5111680246816481,0.0357350694991833,0.5111680246816481,0.0,6.0
44300.0,443.0,0.5103355484517739,0.0356922803540382,0.5103355484517739,0.0,6.0
44400.0,444.0,0.5113181856159031,0.0346640500322977,0.5113181856159031,0.0,6.0
44600.0,446.0,0.5117756162694597,0.0346275333729889,0.5117756162694597,0.0,6.0
44700.0,447.0,0.5118655262490849,0.0338816298776788,0.5118655262490849,0.0,6.0
44800.0,448.0,0.5113045237865156,0.0338654825032398,0.5113045237865156,0.0,6.0
45000.0,450.0,0.511285371977726,0.0337131192620191,0.511285371977726,0.0,6.0
45200.0,452.0,0.5102387541242607,0.0354905763032976,0.5102387541242607,0.0,6.0
45400.0,454.0,0.5090722877377198,0.0356544825268017,0.5090722877377198,0.0,6.0
45700.0,457.0,0.5095975301716633,0.0373293951823835,0.5095975301716633,0.0,6.0
45800.0,458.0,0.5094893764404725,0.0367220512366298,0.5094893764404725,0.0,6.0
45900.0,459.0,0.5103526702014571,0.0350724640865606,0.5103526702014571,0.0,6.0
46200.0,462.0,0.5087830548610788,0.0363074881377864,0.5087830548610788,0.0,6.0
46400.0,464.0,0.5080216456876693,0.0367623208660094,0.5080216456876693,0.0,6.0
46700.0,467.0,0.5038329310165917,0.0390754751924569,0.5038329310165917,0.0,6.0
46800.0,468.0,0.5062902735592084,0.0383715366345889,0.5062902735592084,0.0,6.0
46900.0,469.0,0.50874785833833,0.0382611254364062,0.50874785833833,0.0,6.0
47600.0,476.0,0.499586154884889,0.042555810911528,0.499586154884889,0.0,6.0
47700.0,477.0,0.5027225472172981,0.0400809039797841,0.5027225472172981,0.0,6.0
47900.0,479.0,0.5008376877150564,0.0394855741805668,0.5008376877150564,0.0,6.0
48000.0,480.0,0.5024387716778904,0.0382284510596305,0.5024387716778904,0.0,6.0
48100.0,481.0,0.5026009218339812,0.0385451650083088,0.5026009218339812,0.0,6.0
48200.0,482.0,0.5057184836098156,0.0367759041965792,0.5057184836098156,0.0,6.0
48300.0,483.0,0.5075566507504845,0.0361483684060462,0.5075566507504845,0.0,6.0
48400.0,484.0,0.5074730914906164,0.035278217746779,0.5074730914906164,0.0,6.0
48600.0,486.0,0.5056263958615997,0.0367804359416668,0.5056263958615997,0.0,6.0
48700.0,487.0,0.5044568131270812,0.0367504069689895,0.5044568131270812,0.0,6.0
48800.0,488.0,0.5060643095614872,0.0361078946552527,0.5060643095614872,0.0,6.0
48900.0,489.0,0.5072565946334582,0.0342765424690794,0.5072565946334582,0.0,6.0
49400.0,494.0,0.5050962099900347,0.0384107050265278,0.5050962099900347,0.0,6.0
49500.0,495.0,0.5069830299638132,0.0378905160873993,0.5069830299638132,0.0,6.0
49600.0,496.0,0.5068474372825448,0.0375356433704076,0.5068474372825448,0.0,6.0
50000.0,500.0,0.5066153087719639,0.0372328121661446,0.5066153087719639,0.0,6.0
50100.0,501.0,0.5089277997761589,0.0354343802177583,0.5089277997761589,0.0,6.0
50200.0,502.0,0.5090575839884708,0.0353081909869495,0.5090575839884708,0.0,6.0
50600.0,506.0,0.5046162185201332,0.0390229601158718,0.5046162185201332,0.0,6.0
50700.0,507.0,0.5063253711275577,0.0372057832500931,0.5063253711275577,0.0,6.0
50800.0,508.0,0.5081320202308303,0.0350751863183826,0.5081320202308303,0.0,6.0
50900.0,509.0,0.5085967770706609,0.0342613977210576,0.5085967770706609,0.0,6.0
51000.0,510.0,0.509670537309254,0.0337099331614245,0.509670537309254,0.0,6.0
51300.0,513.0,0.5071047965057593,0.0355715368145825,0.5071047965057593,0.0,6.0
51500.0,515.0,0.5096765111442567,0.0358389110154573,0.5096765111442567,0.0,6.0
51600.0,516.0,0.5086847907663978,0.0349217316683483,0.5086847907663978,0.0,6.0
51700.0,517.0,0.5067215253760107,0.034811171844137,0.5067215253760107,0.0,6.0
51800.0,518.0,0.508005342870523,0.0346076348660064,0.508005342870523,0.0,6.0
51900.0,519.0,0.5086509695910226,0.0353139166956533,0.5086509695910226,0.0,6.0
52200.0,522.0,0.5069488706955392,0.0358011408849943,0.5069488706955392,0.0,6.0
52300.0,523.0,0.5074953820556101,0.035712406392475,0.5074953820556101,0.0,6.0
52600.0,526.0,0.5073504923069793,0.0371390263650478,0.5073504923069793,0.0,6.0
52700.0,527.0,0.5078599631138345,0.0370706759302554,0.5078599631138345,0.0,6.0
52800.0,528.0,0.5093727293299886,0.0368301573963417,0.5093727293299886,0.0,6.0
52900.0,529.0,0.509550119695768,0.0379981448793117,0.509550119695768,0.0,6.0
53200.0,532.0,0.5084809405355859,0.038321665902151,0.5084809405355859,0.0,6.0
53300.0,533.0,0.5110012204650244,0.0365335299485351,0.5110012204650244,0.0,6.0
53600.0,536.0,0.5090916509348935,0.0375539327989292,0.5090916509348935,0.0,6.0
53800.0,538.0,0.5068771673391799,0.0392898156064672,0.5068771673391799,0.0,6.0
53900.0,539.0,0.5069072405375423,0.0392024105430346,0.5069072405375423,0.0,6.0
54300.0,543.0,0.5004580768309312,0.0430519798030794,0.5004580768309312,0.0,6.0
54400.0,544.0,0.5035161091110585,0.0406770096128626,0.5035161091110585,0.0,6.0
54500.0,545.0,0.5035153133847795,0.0404080570975852,0.5035153133847795,0.0,6.0
54600.0,546.0,0.5048422443774403,0.0383048947467496,0.5048422443774403,0.0,6.0
54700.0,547.0,0.5061134014488821,0.0380590046031205,0.5061134014488821,0.0,6.0
54800.0,548.0,0.506175713758988,0.0389600743120176,0.506175713758988,0.0,6.0
55100.0,551.0,0.5053146656142923,0.0388360133522947,0.5053146656142923,0.0,6.0
55200.0,552.0,0.5054108908653744,0.038647450421273,0.5054108908653744,0.0,6.0
55300.0,553.0,0.5058623508391275,0.0379118108729889,0.5058623508391275,0.0,6.0
55400.0,554.0,0.5078922728231161,0.0373595094296917,0.5078922728231161,0.0,6.0
55500.0,555.0,0.5088023516489704,0.03765915124934,0.5088023516489704,0.0,6.0
55600.0,556.0,0.5105110560795205,0.0369163927581173,0.5105110560795205,0.0,6.0
56000.0,560.0,0.5051386194415611,0.0417090765799681,0.5051386194415611,0.0,6.0
56100.0,561.0,0.5055593319756986,0.037146621211694,0.5055593319756986,0.0,6.0
56200.0,562.0,0.5057359517066219,0.0370926293996029,0.5057359517066219,0.0,6.0
56300.0,563.0,0.5060608446589455,0.0375364744973656,0.5060608446589455,0.0,6.0
56400.0,564.0,0.5068466982436912,0.0363098092769061,0.5068466982436912,0.0,6.0
56500.0,565.0,0.5070214411709626,0.0362373676587562,0.5070214411709626,0.0,6.0
56700.0,567.0,0.5028182762588421,0.0378454347488312,0.5028182762588421,0.0,6.0
56800.0,568.0,0.503243218733487,0.0370215860868323,0.503243218733487,0.0,6.0
57200.0,572.0,0.5040221340952249,0.037768984932825,0.5040221340952249,0.0,6.0
57400.0,574.0,0.5040398622526977,0.0379545500510716,0.5040398622526977,0.0,6.0
57500.0,575.0,0.5047749499389227,0.0390366233306645,0.5047749499389227,0.0,6.0
57700.0,577.0,0.502407809017682,0.0420562209631098,0.502407809017682,0.0,6.0
57800.0,578.0,0.5043499841629885,0.042537736116853,0.5043499841629885,0.0,6.0
57900.0,579.0,0.5042839196846906,0.0418035108072127,0.5042839196846906,0.0,6.0
58000.0,580.0,0.5066932888820682,0.0408333402284278,0.5066932888820682,0.0,6.0
58100.0,581.0,0.5064381979743561,0.0405042477629712,0.5064381979743561,0.0,6.0
58200.0,582.0,0.5069575970623268,0.0389136642159082,0.5069575970623268,0.0,6.0
58400.0,584.0,0.507301297823174,0.0373197993503406,0.507301297823174,0.0,6.0
58700.0,587.0,0.5045526159236084,0.0389866308925259,0.5045526159236084,0.0,6.0
58900.0,589.0,0.505381302687863,0.0377159566499862,0.505381302687863,0.0,6.0
59100.0,591.0,0.5074548106480844,0.0367426107595727,0.5074548106480844,0.0,6.0
59400.0,594.0,0.5051283688987663,0.0374598956490613,0.5051283688987663,0.0,6.0
59700.0,597.0,0.5036039798000371,0.038468011877474,0.5036039798000371,0.0,6.0
59800.0,598.0,0.5037053323879245,0.037818769377863,0.5037053323879245,0.0,6.0
60100.0,601.0,0.5035780927879804,0.0367165306763542,0.5035780927879804,0.0,6.0
60200.0,602.0,0.5051180514820639,0.0361653253905481,0.5051180514820639,0.0,6.0
60300.0,603.0,0.5068939148886773,0.0353579673121318,0.5068939148886773,0.0,6.0
60400.0,604.0,0.5070529054201656,0.0349486427178762,0.5070529054201656,0.0,6.0
60500.0,605.0,0.5077493526926273,0.0359266907300535,0.5077493526926273,0.0,6.0
60700.0,607.0,0.5068296082995192,0.0369126928392304,0.5068296082995192,0.0,6.0
60800.0,608.0,0.5072924070090339,0.0349151280538562,0.5072924070090339,0.0,6.0
60900.0,609.0,0.5078512596717303,0.0355022909260074,0.5078512596717303,0.0,6.0
61200.0,612.0,0.5034984452389296,0.0377934669439636,0.5034984452389296,0.0,6.0
61300.0,613.0,0.5036292445584974,0.0378782010623758,0.5036292445584974,0.0,6.0
61400.0,614.0,0.5063664235175577,0.036459553825398,0.5063664235175577,0.0,6.0
61600.0,616.0,0.505912421771045,0.0367784205535279,0.505912421771045,0.0,6.0
61900.0,619.0,0.5060882790996483,0.0361485817650005,0.5060882790996483,0.0,6.0
62000.0,620.0,0.5068624695755419,0.0355205042436894,0.5068624695755419,0.0,6.0
62100.0,621.0,0.5053107484042185,0.0354981938231523,0.5053107484042185,0.0,6.0
62200.0,622.0,0.5059232897483941,0.0360333991356083,0.5059232897483941,0.0,6.0
62300.0,623.0,0.5062652623553568,0.0359085341822136,0.5062652623553568,0.0,6.0
62600.0,626.0,0.5051365585831982,0.0383518747352611,0.5051365585831982,0.0,6.0
62700.0,627.0,0.5071095144825203,0.0368909621247525,0.5071095144825203,0.0,6.0
62900.0,629.0,0.5065691496319549,0.0368214686343102,0.5065691496319549,0.0,6.0
63100.0,631.0,0.5065115156900594,0.0376626892146451,0.5065115156900594,0.0,6.0
63200.0,632.0,0.5067064637342429,0.0376860060793317,0.5067064637342429,0.0,6.0
63300.0,633.0,0.5082188163983239,0.0368338441108581,0.5082188163983239,0.0,6.0
63600.0,636.0,0.505418091918021,0.0395696103748899,0.505418091918021,0.0,6.0
64100.0,641.0,0.4983440201516487,0.0443926365584885,0.4983440201516487,0.0,6.0
64300.0,643.0,0.49776303974891,0.0441629954762802,0.49776303974891,0.0,6.0
64400.0,644.0,0.5003588971602129,0.0433441600539734,0.5003588971602129,0.0,6.0
64500.0,645.0,0.5013110327160064,0.0427722369901376,0.5013110327160064,0.0,6.0
64800.0,648.0,0.5010276904717741,0.0420935042819077,0.5010276904717741,0.0,6.0
65000.0,650.0,0.5019471211410222,0.0416607952030943,0.5019471211410222,0.0,6.0
65100.0,651.0,0.502629142074286,0.0387802111657782,0.502629142074286,0.0,6.0
65200.0,652.0,0.5031825036853781,0.0388025277947701,0.5031825036853781,0.0,6.0
65600.0,656.0,0.5011120435977299,0.0415845438302471,0.5011120435977299,0.0,6.0
65700.0,657.0,0.5037212464879443,0.0398632527834718,0.5037212464879443,0.0,6.0
65800.0,658.0,0.5047850455881869,0.0393385537197215,0.5047850455881869,0.0,6.0
65900.0,659.0,0.504283982854405,0.0390720439840088,0.504283982854405,0.0,6.0
66000.0,660.0,0.5046742117762277,0.0389765257591504,0.5046742117762277,0.0,6.0
66100.0,661.0,0.5043348986618528,0.0380866630940756,0.5043348986618528,0.0,6.0
66300.0,663.0,0.5040430432324203,0.038897829649888,0.5040430432324203,0.0,6.0
66400.0,664.0,0.5047068220176221,0.0379325138784727,0.5047068220176221,0.0,6.0
66600.0,666.0,0.5039092112060358,0.0375674474891951,0.5039092112060358,0.0,6.0
66800.0,668.0,0.503738387520267,0.0380862190551627,0.503738387520267,0.0,6.0
67000.0,670.0,0.5032698813444302,0.0394211010992037,0.5032698813444302,0.0,6.0
67100.0,671.0,0.5067170656770914,0.0378300661594907,0.5067170656770914,0.0,6.0
67400.0,674.0,0.5043199217750393,0.0382800191252531,0.5043199217750393,0.0,6.0
67500.0,675.0,0.5062530022648893,0.0367257308464312,0.5062530022648893,0.0,6.0
67600.0,676.0,0.5065086470943205,0.0365428250931646,0.5065086470943205,0.0,6.0
67700.0,677.0,0.5067300354413548,0.0359024466961138,0.5067300354413548,0.0,6.0
67800.0,678.0,0.5072908119742381,0.0367457542628096,0.5072908119742381,0.0,6.0
68000.0,680.0,0.5080058392956528,0.0368532530904912,0.5080058392956528,0.0,6.0
68200.0,682.0,0.5076650532274383,0.0367102060515753,0.5076650532274383,0.0,6.0
68600.0,686.0,0.5050884980726417,0.0386175081315785,0.5050884980726417,0.0,6.0
68700.0,687.0,0.5055629393972051,0.0382993018527351,0.5055629393972051,0.0,6.0
68800.0,688.0,0.5055704715763254,0.038111624138873,0.5055704715763254,0.0,6.0
69100.0,691.0,0.5027364331093566,0.0404894077004857,0.5027364331093566,0.0,6.0
69400.0,694.0,0.4990628059687789,0.0419375485403452,0.4990628059687789,0.0,6.0
69500.0,695.0,0.4993089286511437,0.0422253245713379,0.4993089286511437,0.0,6.0
69600.0,696.0,0.5014081423224706,0.0414294057332613,0.5014081423224706,0.0,6.0
69700.0,697.0,0.5038982647743424,0.0398372463416926,0.5038982647743424,0.0,6.0
69800.0,698.0,0.5042932552223276,0.0394508462183617,0.5042932552223276,0.0,6.0
70000.0,700.0,0.5040548691803499,0.039986259837115,0.5040548691803499,0.0,6.0
100.0,1.0,0.169750863466379,0.3635123302582183,0.169750863466379,0.0,7.0
200.0,2.0,0.1773786393949576,0.3456773013470646,0.1773786393949576,0.0,7.0
300.0,3.0,0.2297582973274287,0.2657236221759964,0.2297582973274287,0.0,7.0
400.0,4.0,0.2548453794187611,0.2367251571374923,0.2548453794187611,0.0,7.0
500.0,5.0,0.2925145402074352,0.2039440225203767,0.2925145402074352,0.0,7.0
600.0,6.0,0.3077914855437404,0.1975609354908591,0.3077914855437404,0.0,7.0
700.0,7.0,0.3466046334243546,0.1429749067530843,0.3466046334243546,0.0,7.0
800.0,8.0,0.3637306693276004,0.132983687809283,0.3637306693276004,0.0,7.0
900.0,9.0,0.3702469823670112,0.1295713988539953,0.3702469823670112,0.0,7.0
1000.0,10.0,0.3792255391744666,0.1252670471399567,0.3792255391744666,0.0,7.0
1100.0,11.0,0.390431171316464,0.1171916247060829,0.390431171316464,0.0,7.0
1200.0,12.0,0.3992700714838794,0.108320559784378,0.3992700714838794,0.0,7.0
1300.0,13.0,0.4044889238715476,0.1056891593769501,0.4044889238715476,0.0,7.0
1400.0,14.0,0.4137591904383866,0.1004473096831498,0.4137591904383866,0.0,7.0
1500.0,15.0,0.4202340413165188,0.0973756883998518,0.4202340413165188,0.0,7.0
1600.0,16.0,0.4220584258466433,0.0956767524426978,0.4220584258466433,0.0,7.0
1700.0,17.0,0.4247561794452397,0.094770353707412,0.4247561794452397,0.0,7.0
1800.0,18.0,0.428153678433424,0.0892036471321843,0.428153678433424,0.0,7.0
1900.0,19.0,0.4332656128030284,0.0872073795792597,0.4332656128030284,0.0,7.0
2000.0,20.0,0.4364171946596258,0.0841001968086504,0.4364171946596258,0.0,7.0
2100.0,21.0,0.4479271468259952,0.0732609224026679,0.4479271468259952,0.0,7.0
2200.0,22.0,0.4516703333548256,0.071338202498719,0.4516703333548256,0.0,7.0
2300.0,23.0,0.4535776240741355,0.0704182655748753,0.4535776240741355,0.0,7.0
2400.0,24.0,0.4561651427489141,0.0687723583813486,0.4561651427489141,0.0,7.0
2600.0,26.0,0.4600022128624547,0.067282020032647,0.4600022128624547,0.0,7.0
2700.0,27.0,0.4646146676557562,0.0639088366435968,0.4646146676557562,0.0,7.0
2800.0,28.0,0.466717025161579,0.0626236442839118,0.466717025161579,0.0,7.0
2900.0,29.0,0.4680760095878148,0.0618497117247594,0.4680760095878148,0.0,7.0
3000.0,30.0,0.4703691200105619,0.058951917644628,0.4703691200105619,0.0,7.0
3200.0,32.0,0.4722058037797125,0.0579432287412079,0.4722058037797125,0.0,7.0
3300.0,33.0,0.4739144660820491,0.0580918449115588,0.4739144660820491,0.0,7.0
3400.0,34.0,0.4761597883251985,0.0573167002842775,0.4761597883251985,0.0,7.0
3500.0,35.0,0.4777352425355494,0.0559658536604939,0.4777352425355494,0.0,7.0
3700.0,37.0,0.4758579200103657,0.0562698871819959,0.4758579200103657,0.0,7.0
3800.0,38.0,0.4768506308378522,0.0553186412240852,0.4768506308378522,0.0,7.0
3900.0,39.0,0.4780912885010847,0.0542094577432364,0.4780912885010847,0.0,7.0
4200.0,42.0,0.478421913874622,0.0546344665781244,0.478421913874622,0.0,7.0
4300.0,43.0,0.4777746280821652,0.0546053907230232,0.4777746280821652,0.0,7.0
4500.0,45.0,0.4784099380668096,0.0546172630952318,0.4784099380668096,0.0,7.0
4700.0,47.0,0.478034207419088,0.0559750943371658,0.478034207419088,0.0,7.0
4800.0,48.0,0.477710126604609,0.0559269635329559,0.477710126604609,0.0,7.0
4900.0,49.0,0.4794628116069067,0.0553202141710249,0.4794628116069067,0.0,7.0
5100.0,51.0,0.4779309323963392,0.0557001592644343,0.4779309323963392,0.0,7.0
5200.0,52.0,0.4785515531624074,0.0553098642617673,0.4785515531624074,0.0,7.0
5300.0,53.0,0.4802655094976029,0.0544800168932726,0.4802655094976029,0.0,7.0
5400.0,54.0,0.4819125530044931,0.0542890539552982,0.4819125530044931,0.0,7.0
5500.0,55.0,0.4827755529373215,0.0534785648744814,0.4827755529373215,0.0,7.0
5600.0,56.0,0.4827582112918878,0.0533986431401542,0.4827582112918878,0.0,7.0
5700.0,57.0,0.4839966726348401,0.0522338721511017,0.4839966726348401,0.0,7.0
5800.0,58.0,0.4851212538084246,0.0513802770059619,0.4851212538084246,0.0,7.0
5900.0,59.0,0.4888617645096411,0.050014153907481,0.4888617645096411,0.0,7.0
6000.0,60.0,0.4915036615115264,0.0479257030437397,0.4915036615115264,0.0,7.0
6200.0,62.0,0.4916971182701729,0.0496625072258598,0.4916971182701729,0.0,7.0
6300.0,63.0,0.4921758193663908,0.0510306129234213,0.4921758193663908,0.0,7.0
6400.0,64.0,0.4920969221890534,0.050651007089702,0.4920969221890534,0.0,7.0
6500.0,65.0,0.4930212708118436,0.0504428689442695,0.4930212708118436,0.0,7.0
6600.0,66.0,0.4932279230103125,0.0486424670865166,0.4932279230103125,0.0,7.0
6700.0,67.0,0.4937163068409883,0.0478882149070362,0.4937163068409883,0.0,7.0
7000.0,70.0,0.4930853110096918,0.0482732258263365,0.4930853110096918,0.0,7.0
7100.0,71.0,0.4932022990197597,0.0487017958473785,0.4932022990197597,0.0,7.0
7300.0,73.0,0.4922440566101983,0.0483852674171526,0.4922440566101983,0.0,7.0
7500.0,75.0,0.4934527438905701,0.0488807082006366,0.4934527438905701,0.0,7.0
7700.0,77.0,0.4946334012770324,0.0474028840213323,0.4946334012770324,0.0,7.0
7800.0,78.0,0.4941376679572331,0.0473976231016418,0.4941376679572331,0.0,7.0
8000.0,80.0,0.4934964754327118,0.0476263114249076,0.4934964754327118,0.0,7.0
8100.0,81.0,0.4947633710277826,0.0451675975357626,0.4947633710277826,0.0,7.0
8200.0,82.0,0.4964448376385553,0.0430747383981593,0.4964448376385553,0.0,7.0
8600.0,86.0,0.4944093151991937,0.0452852081493421,0.4944093151991937,0.0,7.0
8800.0,88.0,0.4951925772513686,0.0450527094686001,0.4951925772513686,0.0,7.0
9000.0,90.0,0.4941077892202806,0.0459289042409423,0.4941077892202806,0.0,7.0
9300.0,93.0,0.4939717545114139,0.0462876785952166,0.4939717545114139,0.0,7.0
9400.0,94.0,0.4953206153865401,0.0444949591016479,0.4953206153865401,0.0,7.0
9600.0,96.0,0.494245100436245,0.0450259093187621,0.494245100436245,0.0,7.0
9700.0,97.0,0.4957701016696041,0.043678448123443,0.4957701016696041,0.0,7.0
9900.0,99.0,0.4959503143906603,0.0440456577713273,0.4959503143906603,0.0,7.0
10000.0,100.0,0.4971899887882154,0.0434696895739506,0.4971899887882154,0.0,7.0
10200.0,102.0,0.4976974622252207,0.0434461962592347,0.4976974622252207,0.0,7.0
10300.0,103.0,0.497082159341323,0.043373312592309,0.497082159341323,0.0,7.0
10500.0,105.0,0.4956921878587128,0.044051816769605,0.4956921878587128,0.0,7.0
10700.0,107.0,0.4944371035159166,0.0453973649484839,0.4944371035159166,0.0,7.0
10800.0,108.0,0.4955420437395744,0.0444274094582482,0.4955420437395744,0.0,7.0
10900.0,109.0,0.4960637348347775,0.0442768242475696,0.4960637348347775,0.0,7.0
11000.0,110.0,0.4977828406949439,0.0432921954855161,0.4977828406949439,0.0,7.0
11300.0,113.0,0.4977037140115839,0.0432139436260661,0.4977037140115839,0.0,7.0
11500.0,115.0,0.4974153373952766,0.0431104219373415,0.4974153373952766,0.0,7.0
11700.0,117.0,0.4968722202285092,0.0439305006983833,0.4968722202285092,0.0,7.0
11900.0,119.0,0.4963449646521803,0.0440877806231313,0.4963449646521803,0.0,7.0
12000.0,120.0,0.4963953292944408,0.0446953979466599,0.4963953292944408,0.0,7.0
12100.0,121.0,0.4948241048059094,0.0446177617916133,0.4948241048059094,0.0,7.0
12200.0,122.0,0.4964154709447352,0.0444437653177371,0.4964154709447352,0.0,7.0
12300.0,123.0,0.498018616751688,0.0428662560550606,0.498018616751688,0.0,7.0
12500.0,125.0,0.4989480266211422,0.0454434685854936,0.4989480266211422,0.0,7.0
12600.0,126.0,0.4992512513510238,0.0426255767388052,0.4992512513510238,0.0,7.0
12800.0,128.0,0.4976116249584622,0.0433820042102397,0.4976116249584622,0.0,7.0
13200.0,132.0,0.4930249055915416,0.0456513360626526,0.4930249055915416,0.0,7.0
13400.0,134.0,0.4946408865991362,0.045055786711137,0.4946408865991362,0.0,7.0
13500.0,135.0,0.4962899883706309,0.044301138873974,0.4962899883706309,0.0,7.0
13600.0,136.0,0.4980191986244284,0.0438196829001317,0.4980191986244284,0.0,7.0
13700.0,137.0,0.4986626415634177,0.0434340123461182,0.4986626415634177,0.0,7.0
13900.0,139.0,0.4979129489224413,0.045217002141079,0.4979129489224413,0.0,7.0
14100.0,141.0,0.4995885226587115,0.0443148675959885,0.4995885226587115,0.0,7.0
14200.0,142.0,0.5013487852775809,0.044334818566198,0.5013487852775809,0.0,7.0
14400.0,144.0,0.5015772980482427,0.042255835994854,0.5015772980482427,0.0,7.0
14500.0,145.0,0.5021771744028035,0.0425517036129942,0.5021771744028035,0.0,7.0
14700.0,147.0,0.500207108425855,0.0436343466392453,0.500207108425855,0.0,7.0
14800.0,148.0,0.5005084130726818,0.0434531369385542,0.5005084130726818,0.0,7.0
14900.0,149.0,0.502100895121982,0.041649892299406,0.502100895121982,0.0,7.0
15000.0,150.0,0.5018910468133969,0.0389334678276666,0.5018910468133969,0.0,7.0
15100.0,151.0,0.5016824056168059,0.0388493129977767,0.5016824056168059,0.0,7.0
15300.0,153.0,0.5016040900400118,0.0379814815415968,0.5016040900400118,0.0,7.0
15400.0,154.0,0.5021046059264164,0.0380936767140061,0.5021046059264164,0.0,7.0
15500.0,155.0,0.5023316160901237,0.0382442930225797,0.5023316160901237,0.0,7.0
15700.0,157.0,0.5013542704742278,0.0390744040833736,0.5013542704742278,0.0,7.0
15800.0,158.0,0.5039541253016491,0.0376958927201153,0.5039541253016491,0.0,7.0
16200.0,162.0,0.4993452592408827,0.0399264415353972,0.4993452592408827,0.0,7.0
16300.0,163.0,0.5012941564354186,0.038336049963899,0.5012941564354186,0.0,7.0
16500.0,165.0,0.4998719764761112,0.0401044734429011,0.4998719764761112,0.0,7.0
16600.0,166.0,0.5006859427935899,0.0413409428843525,0.5006859427935899,0.0,7.0
16800.0,168.0,0.4964975793795338,0.0428816449302199,0.4964975793795338,0.0,7.0
16900.0,169.0,0.4969975682479793,0.0433170470617142,0.4969975682479793,0.0,7.0
17000.0,170.0,0.498031612110541,0.0424664816234977,0.498031612110541,0.0,7.0
17200.0,172.0,0.4985032887573724,0.0430071010740327,0.4985032887573724,0.0,7.0
17500.0,175.0,0.4990746623559968,0.0412154199607432,0.4990746623559968,0.0,7.0
17600.0,176.0,0.5002752932737032,0.0410389432108512,0.5002752932737032,0.0,7.0
17700.0,177.0,0.5012373441422362,0.0407590906532303,0.5012373441422362,0.0,7.0
17900.0,179.0,0.5012287855161326,0.040909535808478,0.5012287855161326,0.0,7.0
18200.0,182.0,0.5005101261925421,0.041020441017633,0.5005101261925421,0.0,7.0
18300.0,183.0,0.5019289770454538,0.0405750499085837,0.5019289770454538,0.0,7.0
18400.0,184.0,0.5018092529724989,0.0400571181641636,0.5018092529724989,0.0,7.0
18600.0,186.0,0.5011476690680126,0.039692156068243,0.5011476690680126,0.0,7.0
18800.0,188.0,0.5018637034318579,0.0400736569217577,0.5018637034318579,0.0,7.0
18900.0,189.0,0.5023837059207196,0.0398038466084142,0.5023837059207196,0.0,7.0
19200.0,192.0,0.4976212004886818,0.0422911601027701,0.4976212004886818,0.0,7.0
19300.0,193.0,0.5003827564397185,0.0404146863821163,0.5003827564397185,0.0,7.0
19500.0,195.0,0.5019308518887958,0.0394782173960325,0.5019308518887958,0.0,7.0
19600.0,196.0,0.5009819648222859,0.0390849045110151,0.5009819648222859,0.0,7.0
19700.0,197.0,0.5010331612888966,0.038365656197193,0.5010331612888966,0.0,7.0
19900.0,199.0,0.500614637665372,0.0394330794731535,0.500614637665372,0.0,7.0
20100.0,201.0,0.4993032305511202,0.0404855064632663,0.4993032305511202,0.0,7.0
20200.0,202.0,0.5016891487577054,0.0394088278447298,0.5016891487577054,0.0,7.0
20400.0,204.0,0.5007275836455838,0.0391993213473663,0.5007275836455838,0.0,7.0
20500.0,205.0,0.5026100832666609,0.0390488505313464,0.5026100832666609,0.0,7.0
20800.0,208.0,0.5018530185537667,0.0386452405645561,0.5018530185537667,0.0,7.0
21100.0,211.0,0.4977226401899643,0.0422694843062275,0.4977226401899643,0.0,7.0
21200.0,212.0,0.4993595188290756,0.0405863164684662,0.4993595188290756,0.0,7.0
21300.0,213.0,0.4997526811189012,0.0402095365378122,0.4997526811189012,0.0,7.0
21500.0,215.0,0.4969344729941917,0.0407965897036854,0.4969344729941917,0.0,7.0
21700.0,217.0,0.4995432955831091,0.0402143906958018,0.4995432955831091,0.0,7.0
21800.0,218.0,0.4996445043203735,0.0401212888388318,0.4996445043203735,0.0,7.0
21900.0,219.0,0.5034438267397424,0.0383916984910501,0.5034438267397424,0.0,7.0
22000.0,220.0,0.5079233780202141,0.0369895530040052,0.5079233780202141,0.0,7.0
22100.0,221.0,0.5066138809377131,0.0367350609295328,0.5066138809377131,0.0,7.0
22300.0,223.0,0.5046174392188133,0.0386139264820853,0.5046174392188133,0.0,7.0
22600.0,226.0,0.5022784090302432,0.0399193803900646,0.5022784090302432,0.0,7.0
22900.0,229.0,0.4993684405705315,0.0431586173177435,0.4993684405705315,0.0,7.0
23200.0,232.0,0.4982897862006257,0.0432331344921375,0.4982897862006257,0.0,7.0
23300.0,233.0,0.4993640105766549,0.0424300018162055,0.4993640105766549,0.0,7.0
23600.0,236.0,0.4954133852368034,0.0437390241381428,0.4954133852368034,0.0,7.0
23700.0,237.0,0.4950756498177025,0.0436284210570614,0.4950756498177025,0.0,7.0
23800.0,238.0,0.4989146590890275,0.0423765206831538,0.4989146590890275,0.0,7.0
23900.0,239.0,0.4991660270823208,0.0428184030251238,0.4991660270823208,0.0,7.0
24400.0,244.0,0.4966749241418806,0.0470488065583883,0.4966749241418806,0.0,7.0
24600.0,246.0,0.4945849112486021,0.0473178976405413,0.4945849112486021,0.0,7.0
24700.0,247.0,0.4954436096771462,0.0457428300689134,0.4954436096771462,0.0,7.0
24900.0,249.0,0.4949381016646925,0.0468214353070483,0.4949381016646925,0.0,7.0
25000.0,250.0,0.4995590680512912,0.044818986869441,0.4995590680512912,0.0,7.0
25100.0,251.0,0.4990707864305229,0.0445435361912227,0.4990707864305229,0.0,7.0
25400.0,254.0,0.4946650481072681,0.0454746328936515,0.4946650481072681,0.0,7.0
25500.0,255.0,0.4966216335346521,0.0464455971100227,0.4966216335346521,0.0,7.0
25600.0,256.0,0.4970827516967389,0.0459826349215571,0.4970827516967389,0.0,7.0
25800.0,258.0,0.4964046903707541,0.0471346432346919,0.4964046903707541,0.0,7.0
26000.0,260.0,0.4970476798736302,0.0473454392037986,0.4970476798736302,0.0,7.0
26100.0,261.0,0.4979873472064495,0.045634170641003,0.4979873472064495,0.0,7.0
26200.0,262.0,0.4986570263025197,0.0446400615758851,0.4986570263025197,0.0,7.0
26300.0,263.0,0.4957941331924205,0.0436511906366323,0.4957941331924205,0.0,7.0
26400.0,264.0,0.4970548063867327,0.0433433631478164,0.4970548063867327,0.0,7.0
26500.0,265.0,0.4990260648801226,0.044657645718159,0.4990260648801226,0.0,7.0
26700.0,267.0,0.4975658199232328,0.0454129881175926,0.4975658199232328,0.0,7.0
26800.0,268.0,0.4999201607291495,0.0432631295959699,0.4999201607291495,0.0,7.0
26900.0,269.0,0.5023771073097848,0.0412714724242916,0.5023771073097848,0.0,7.0
27000.0,270.0,0.502790335635035,0.0408814456857055,0.502790335635035,0.0,7.0
27200.0,272.0,0.5008170810426832,0.0417384258715548,0.5008170810426832,0.0,7.0
27400.0,274.0,0.4995114339413508,0.0414298388669625,0.4995114339413508,0.0,7.0
27600.0,276.0,0.4992879130503892,0.0418310198848253,0.4992879130503892,0.0,7.0
27700.0,277.0,0.4995340475295214,0.0422938057111288,0.4995340475295214,0.0,7.0
28000.0,280.0,0.4993217263297505,0.0429121622769191,0.4993217263297505,0.0,7.0
28100.0,281.0,0.4994018443771433,0.0438679902324457,0.4994018443771433,0.0,7.0
28200.0,282.0,0.5019486584701494,0.0407449683134093,0.5019486584701494,0.0,7.0
28300.0,283.0,0.5044541774604425,0.0393122623914415,0.5044541774604425,0.0,7.0
28500.0,285.0,0.5042783728829757,0.0385648778756546,0.5042783728829757,0.0,7.0
28800.0,288.0,0.5038069954174137,0.0380729285923986,0.5038069954174137,0.0,7.0
29000.0,290.0,0.5021212632074856,0.0381288912400457,0.5021212632074856,0.0,7.0
29400.0,294.0,0.5022203132634493,0.0396885060796853,0.5022203132634493,0.0,7.0
29600.0,296.0,0.4990546255863961,0.0406208090193262,0.4990546255863961,0.0,7.0
29700.0,297.0,0.4998612113368403,0.039727213676278,0.4998612113368403,0.0,7.0
29800.0,298.0,0.5000488719529541,0.0404229245588191,0.5000488719529541,0.0,7.0
30000.0,300.0,0.5010491022763118,0.0397852687934257,0.5010491022763118,0.0,7.0
30100.0,301.0,0.5012801434151686,0.0406096425579054,0.5012801434151686,0.0,7.0
30400.0,304.0,0.5014805768375143,0.0401391771018079,0.5014805768375143,0.0,7.0
30500.0,305.0,0.5019840034381279,0.0394414670470406,0.5019840034381279,0.0,7.0
30600.0,306.0,0.502290636817768,0.0387892006270619,0.502290636817768,0.0,7.0
30700.0,307.0,0.5016981327533345,0.0387820730854777,0.5016981327533345,0.0,7.0
30900.0,309.0,0.5006460668725675,0.0404365262955271,0.5006460668725675,0.0,7.0
31000.0,310.0,0.5011884827191724,0.0404995059466454,0.5011884827191724,0.0,7.0
31100.0,311.0,0.5018208938368902,0.0396028272965046,0.5018208938368902,0.0,7.0
31300.0,313.0,0.4984891774549281,0.0435546754669442,0.4984891774549281,0.0,7.0
31400.0,314.0,0.500768900595548,0.0419755901785286,0.500768900595548,0.0,7.0
31500.0,315.0,0.5044011360291606,0.0398834886633562,0.5044011360291606,0.0,7.0
32000.0,320.0,0.5027030556066061,0.0428365995189344,0.5027030556066061,0.0,7.0
32200.0,322.0,0.5009466613486351,0.0419312911225909,0.5009466613486351,0.0,7.0
32300.0,323.0,0.5030833009391034,0.0413738195575735,0.5030833009391034,0.0,7.0
32600.0,326.0,0.5012581958105046,0.0410016940411928,0.5012581958105046,0.0,7.0
32800.0,328.0,0.5017173719495712,0.0391054100133202,0.5017173719495712,0.0,7.0
32900.0,329.0,0.5030595120706393,0.0377956579394581,0.5030595120706393,0.0,7.0
33000.0,330.0,0.5040956530072139,0.0371403468487912,0.5040956530072139,0.0,7.0
33100.0,331.0,0.5062943354158318,0.0367870720069311,0.5062943354158318,0.0,7.0
33300.0,333.0,0.5050684466718397,0.0370389701941525,0.5050684466718397,0.0,7.0
33600.0,336.0,0.5011174349240625,0.0431572912192428,0.5011174349240625,0.0,7.0
33800.0,338.0,0.4995712241136157,0.0409963436449052,0.4995712241136157,0.0,7.0
33900.0,339.0,0.5003976381464422,0.0403611895244233,0.5003976381464422,0.0,7.0
34000.0,340.0,0.5015108560719208,0.0408051753374863,0.5015108560719208,0.0,7.0
34100.0,341.0,0.5021202885939448,0.0402343373618449,0.5021202885939448,0.0,7.0
34200.0,342.0,0.5047139949467815,0.038591075403764,0.5047139949467815,0.0,7.0
34500.0,345.0,0.5045491948226176,0.0404831397236178,0.5045491948226176,0.0,7.0
34600.0,346.0,0.5048970265195437,0.0403746592869115,0.5048970265195437,0.0,7.0
34700.0,347.0,0.5049764891703521,0.0412241372319313,0.5049764891703521,0.0,7.0
35000.0,350.0,0.5036434307253665,0.0418740608351313,0.5036434307253665,0.0,7.0
35200.0,352.0,0.5039271909108536,0.0402892522096039,0.5039271909108536,0.0,7.0
35400.0,354.0,0.50320251470541,0.0403151172017863,0.50320251470541,0.0,7.0
35500.0,355.0,0.5044888887582963,0.0394059175986285,0.5044888887582963,0.0,7.0
35700.0,357.0,0.5034311767822676,0.0388081361941791,0.5034311767822676,0.0,7.0
35900.0,359.0,0.5027240869866503,0.0393464853306424,0.5027240869866503,0.0,7.0
36100.0,361.0,0.5030788498241084,0.0387323847381555,0.5030788498241084,0.0,7.0
36200.0,362.0,0.5033667897792276,0.038821391741551,0.5033667897792276,0.0,7.0
36400.0,364.0,0.5039161262080106,0.0392223451932107,0.5039161262080106,0.0,7.0
36500.0,365.0,0.5042599678866769,0.0391074201748964,0.5042599678866769,0.0,7.0
36800.0,368.0,0.5000592553913815,0.0397988988014593,0.5000592553913815,0.0,7.0
36900.0,369.0,0.4995550018715742,0.0396050013551439,0.4995550018715742,0.0,7.0
37000.0,370.0,0.4999644836875212,0.0394351919818524,0.4999644836875212,0.0,7.0
37100.0,371.0,0.5004183850016638,0.0392751777206163,0.5004183850016638,0.0,7.0
37200.0,372.0,0.501251269487003,0.0391643384033601,0.501251269487003,0.0,7.0
37300.0,373.0,0.5014135852225916,0.0393054094971171,0.5014135852225916,0.0,7.0
37500.0,375.0,0.5003362036087811,0.0399115311972832,0.5003362036087811,0.0,7.0
37600.0,376.0,0.5019034748584245,0.0385892390734923,0.5019034748584245,0.0,7.0
37800.0,378.0,0.5016706374321175,0.0392718773364537,0.5016706374321175,0.0,7.0
37900.0,379.0,0.5025427446192331,0.0390860265600515,0.5025427446192331,0.0,7.0
38000.0,380.0,0.5046208382741814,0.0390996249124057,0.5046208382741814,0.0,7.0
38100.0,381.0,0.5049936923110444,0.0391571781292896,0.5049936923110444,0.0,7.0
38300.0,383.0,0.5055597101792522,0.0403426609658415,0.5055597101792522,0.0,7.0
38400.0,384.0,0.5062216662746574,0.0378432062847756,0.5062216662746574,0.0,7.0
38700.0,387.0,0.5029858626216773,0.0408630312067882,0.5029858626216773,0.0,7.0
38800.0,388.0,0.5034033562688642,0.040223201718699,0.5034033562688642,0.0,7.0
38900.0,389.0,0.5045809209286931,0.0387873766820454,0.5045809209286931,0.0,7.0
39000.0,390.0,0.5068056434310445,0.0374301292527153,0.5068056434310445,0.0,7.0
39200.0,392.0,0.5035809172493804,0.0376421922234731,0.5035809172493804,0.0,7.0
39600.0,396.0,0.5049192366073119,0.0361098577625723,0.5049192366073119,0.0,7.0
39800.0,398.0,0.5041321121775308,0.0373659447424562,0.5041321121775308,0.0,7.0
39900.0,399.0,0.5054636628285301,0.036807562678792,0.5054636628285301,0.0,7.0
40000.0,400.0,0.5064504857149214,0.0381872766593675,0.5064504857149214,0.0,7.0
40100.0,401.0,0.5070108523723171,0.0384618311934067,0.5070108523723171,0.0,7.0
40200.0,402.0,0.5086687755239281,0.0367123606747282,0.5086687755239281,0.0,7.0
40500.0,405.0,0.5070794634158664,0.0377269891441031,0.5070794634158664,0.0,7.0
40600.0,406.0,0.5071531014935885,0.037654266752386,0.5071531014935885,0.0,7.0
40700.0,407.0,0.5082968281634253,0.0368863198890953,0.5082968281634253,0.0,7.0
40800.0,408.0,0.5078716926161833,0.0363593667694928,0.5078716926161833,0.0,7.0
41000.0,410.0,0.508151348612217,0.0361563487220895,0.508151348612217,0.0,7.0
41100.0,411.0,0.508451751717771,0.0347779604115009,0.508451751717771,0.0,7.0
41300.0,413.0,0.5089827102841457,0.0354660847899381,0.5089827102841457,0.0,7.0
41500.0,415.0,0.5076845581346221,0.0370475592018313,0.5076845581346221,0.0,7.0
41600.0,416.0,0.5062940950029302,0.0370125449143278,0.5062940950029302,0.0,7.0
41700.0,417.0,0.5072627351259311,0.0392878932685905,0.5072627351259311,0.0,7.0
41900.0,419.0,0.5066340772276258,0.0407234427425089,0.5066340772276258,0.0,7.0
42000.0,420.0,0.5059264640745467,0.0381264248052317,0.5059264640745467,0.0,7.0
42100.0,421.0,0.508242864397749,0.0359845863367438,0.508242864397749,0.0,7.0
42600.0,426.0,0.5095442657259739,0.035457003228932,0.5095442657259739,0.0,7.0
42700.0,427.0,0.5096835759589659,0.0353190936423618,0.5096835759589659,0.0,7.0
42800.0,428.0,0.5097423296819296,0.035754051721799,0.5097423296819296,0.0,7.0
43200.0,432.0,0.5056628138997538,0.0425264776576254,0.5056628138997538,0.0,7.0
43400.0,434.0,0.5060659782395832,0.0424082050159658,0.5060659782395832,0.0,7.0
43500.0,435.0,0.5052186508107517,0.042324797379602,0.5052186508107517,0.0,7.0
43700.0,437.0,0.5036958878935174,0.0435815241376581,0.5036958878935174,0.0,7.0
43800.0,438.0,0.503143548479829,0.0435687911987452,0.503143548479829,0.0,7.0
43900.0,439.0,0.5044662041097457,0.0409751974237991,0.5044662041097457,0.0,7.0
44000.0,440.0,0.5050752662278118,0.0391156600334772,0.5050752662278118,0.0,7.0
44200.0,442.0,0.503930047287428,0.0401110356988284,0.503930047287428,0.0,7.0
44300.0,443.0,0.5034896662718031,0.0399713765983506,0.5034896662718031,0.0,7.0
44400.0,444.0,0.5039001756841769,0.0391830181053752,0.5039001756841769,0.0,7.0
44500.0,445.0,0.5037437192003809,0.0376917983979562,0.5037437192003809,0.0,7.0
44600.0,446.0,0.5046088146528492,0.0373721132593922,0.5046088146528492,0.0,7.0
45100.0,451.0,0.5016189122372698,0.0399767545941778,0.5016189122372698,0.0,7.0
45200.0,452.0,0.5010991744005171,0.0392139241584748,0.5010991744005171,0.0,7.0
45300.0,453.0,0.5026698173867575,0.0381844834690008,0.5026698173867575,0.0,7.0
45600.0,456.0,0.500534837668202,0.0402259305146897,0.500534837668202,0.0,7.0
45700.0,457.0,0.5016132140411845,0.0391410547222615,0.5016132140411845,0.0,7.0
45800.0,458.0,0.5037256907615462,0.0369757757946928,0.5037256907615462,0.0,7.0
45900.0,459.0,0.5052966069238692,0.0365966650759918,0.5052966069238692,0.0,7.0
46000.0,460.0,0.5053036643947906,0.0364629962925574,0.5053036643947906,0.0,7.0
46100.0,461.0,0.5078716859668072,0.0355522590878566,0.5078716859668072,0.0,7.0
46600.0,466.0,0.5022600165493969,0.0382644379438244,0.5022600165493969,0.0,7.0
46900.0,469.0,0.5022001613121473,0.039389869859165,0.5022001613121473,0.0,7.0
47100.0,471.0,0.501909983913627,0.0392538444586616,0.501909983913627,0.0,7.0
47400.0,474.0,0.4979650551978033,0.0418989503588863,0.4979650551978033,0.0,7.0
47500.0,475.0,0.4985076256825648,0.0413252196115134,0.4985076256825648,0.0,7.0
47600.0,476.0,0.4996811013729876,0.0416311293400049,0.4996811013729876,0.0,7.0
47900.0,479.0,0.4996709358506372,0.0425521979035929,0.4996709358506372,0.0,7.0
48200.0,482.0,0.5012936057576559,0.0419992494692939,0.5012936057576559,0.0,7.0
48500.0,485.0,0.4979919461056564,0.0438086485586214,0.4979919461056564,0.0,7.0
48800.0,488.0,0.4972370979588645,0.0437340347714402,0.4972370979588645,0.0,7.0
48900.0,489.0,0.4982600297019749,0.0442245984037349,0.4982600297019749,0.0,7.0
49000.0,490.0,0.501431393362928,0.0414877955351835,0.501431393362928,0.0,7.0
49200.0,492.0,0.5030235814576883,0.0403569498611544,0.5030235814576883,0.0,7.0
49300.0,493.0,0.5030465649465709,0.0399777264376449,0.5030465649465709,0.0,7.0
49400.0,494.0,0.5044603094188935,0.0388259675523747,0.5044603094188935,0.0,7.0
49500.0,495.0,0.5047241800034643,0.0386318427914011,0.5047241800034643,0.0,7.0
49900.0,499.0,0.5002760439027704,0.0404829430178932,0.5002760439027704,0.0,7.0
50100.0,501.0,0.5006472597055454,0.0406051744203171,0.5006472597055454,0.0,7.0
50300.0,503.0,0.5008643438041009,0.0398091694481506,0.5008643438041009,0.0,7.0
50400.0,504.0,0.5014295271597733,0.0396105704758129,0.5014295271597733,0.0,7.0
50700.0,507.0,0.4996831745769235,0.0394774488570389,0.4996831745769235,0.0,7.0
50900.0,509.0,0.5007878045406312,0.0395914159100218,0.5007878045406312,0.0,7.0
51200.0,512.0,0.4991556008652683,0.0416953242490294,0.4991556008652683,0.0,7.0
51300.0,513.0,0.501355696025332,0.0411603939880259,0.501355696025332,0.0,7.0
51600.0,516.0,0.503299945197876,0.0393615475645991,0.503299945197876,0.0,7.0
51800.0,518.0,0.5024279784028636,0.0399062172557132,0.5024279784028636,0.0,7.0
51900.0,519.0,0.5037906292240273,0.0398780601197075,0.5037906292240273,0.0,7.0
52000.0,520.0,0.504372457110579,0.0404740163400523,0.504372457110579,0.0,7.0
52200.0,522.0,0.5037629678275612,0.0406352999187673,0.5037629678275612,0.0,7.0
52300.0,523.0,0.5025568227311529,0.040342673213789,0.5025568227311529,0.0,7.0
52400.0,524.0,0.5028238872430102,0.0395457022810238,0.5028238872430102,0.0,7.0
52500.0,525.0,0.5044337767468993,0.0386006238887881,0.5044337767468993,0.0,7.0
52600.0,526.0,0.5071572764384455,0.0385631405708832,0.5071572764384455,0.0,7.0
52700.0,527.0,0.5068769417620076,0.0382648888684293,0.5068769417620076,0.0,7.0
52900.0,529.0,0.5056828356857923,0.0389407527408467,0.5056828356857923,0.0,7.0
53000.0,530.0,0.5057636310334724,0.0390586519016444,0.5057636310334724,0.0,7.0
53100.0,531.0,0.5040281245826799,0.0387727712293404,0.5040281245826799,0.0,7.0
53400.0,534.0,0.50251579005107,0.0432058182405824,0.50251579005107,0.0,7.0
53600.0,536.0,0.5062596282998854,0.0400272342666901,0.5062596282998854,0.0,7.0
53800.0,538.0,0.5061414390283305,0.0399228323048583,0.5061414390283305,0.0,7.0
53900.0,539.0,0.5062272210518699,0.0394230400678168,0.5062272210518699,0.0,7.0
54100.0,541.0,0.5056321834668285,0.0401832024719188,0.5056321834668285,0.0,7.0
54200.0,542.0,0.5061714734521225,0.0394051384709646,0.5061714734521225,0.0,7.0
54300.0,543.0,0.5068248806884877,0.0379080314168912,0.5068248806884877,0.0,7.0
54400.0,544.0,0.5070228308766449,0.0380230896864757,0.5070228308766449,0.0,7.0
54600.0,546.0,0.5066119602445366,0.0386733654857851,0.5066119602445366,0.0,7.0
54700.0,547.0,0.5073350472535162,0.0372378928565517,0.5073350472535162,0.0,7.0
54800.0,548.0,0.5083442931266096,0.0365152683870103,0.5083442931266096,0.0,7.0
54900.0,549.0,0.5081472090122163,0.0361997144985848,0.5081472090122163,0.0,7.0
55200.0,552.0,0.5062085427941406,0.0387801127605907,0.5062085427941406,0.0,7.0
55300.0,553.0,0.5069711783484835,0.0397520315601567,0.5069711783484835,0.0,7.0
55500.0,555.0,0.5023488720916758,0.0389906365838524,0.5023488720916758,0.0,7.0
55700.0,557.0,0.5055659934215138,0.0393062101882187,0.5055659934215138,0.0,7.0
55900.0,559.0,0.5066974807877999,0.0387706441611038,0.5066974807877999,0.0,7.0
56000.0,560.0,0.5072168398536129,0.0375361249492015,0.5072168398536129,0.0,7.0
56300.0,563.0,0.502507324028936,0.0401590754368742,0.502507324028936,0.0,7.0
56400.0,564.0,0.5061721776357787,0.0390382171207621,0.5061721776357787,0.0,7.0
56600.0,566.0,0.5069027800005951,0.0397337564477619,0.5069027800005951,0.0,7.0
56700.0,567.0,0.5071587090521473,0.038892136102372,0.5071587090521473,0.0,7.0
57400.0,574.0,0.5020476122400273,0.0407501005588022,0.5020476122400273,0.0,7.0
57500.0,575.0,0.5016872352214456,0.0403873721953794,0.5016872352214456,0.0,7.0
57600.0,576.0,0.504054998382294,0.0388931125027923,0.504054998382294,0.0,7.0
57800.0,578.0,0.503159502481105,0.0400044798471127,0.503159502481105,0.0,7.0
57900.0,579.0,0.5035120624026415,0.0411354168162518,0.5035120624026415,0.0,7.0
58000.0,580.0,0.5038294463683073,0.0404027212854718,0.5038294463683073,0.0,7.0
58300.0,583.0,0.5055589192317292,0.0399892016989701,0.5055589192317292,0.0,7.0
58400.0,584.0,0.5051415666817393,0.0397234758298924,0.5051415666817393,0.0,7.0
58500.0,585.0,0.5065511273739804,0.0390483053602257,0.5065511273739804,0.0,7.0
58700.0,587.0,0.505058342535359,0.0391603281327503,0.505058342535359,0.0,7.0
58900.0,589.0,0.5035245005233305,0.0399598051395129,0.5035245005233305,0.0,7.0
59100.0,591.0,0.5043055170270627,0.0392547170370556,0.5043055170270627,0.0,7.0
59200.0,592.0,0.5060742472292632,0.0379647958059987,0.5060742472292632,0.0,7.0
59300.0,593.0,0.5063942516942722,0.0379800261634052,0.5063942516942722,0.0,7.0
59500.0,595.0,0.5063145636265524,0.0380003553982613,0.5063145636265524,0.0,7.0
59700.0,597.0,0.5052904063655145,0.0397751462139208,0.5052904063655145,0.0,7.0
59800.0,598.0,0.5050613209068506,0.0389818168480114,0.5050613209068506,0.0,7.0
60000.0,600.0,0.5052645682917454,0.0383684175491062,0.5052645682917454,0.0,7.0
60200.0,602.0,0.5047808715473977,0.0387886517937546,0.5047808715473977,0.0,7.0
60400.0,604.0,0.5049642303926122,0.0384983123246108,0.5049642303926122,0.0,7.0
60500.0,605.0,0.5066042115710934,0.0373378938343589,0.5066042115710934,0.0,7.0
60800.0,608.0,0.5054665459136712,0.0388986245196762,0.5054665459136712,0.0,7.0
61000.0,610.0,0.5052164326726697,0.0390284939705455,0.5052164326726697,0.0,7.0
61100.0,611.0,0.5065587773256323,0.0385127532623086,0.5065587773256323,0.0,7.0
61200.0,612.0,0.5076900562154538,0.0374422699877303,0.5076900562154538,0.0,7.0
61300.0,613.0,0.5080719220619444,0.0369618532586547,0.5080719220619444,0.0,7.0
61400.0,614.0,0.5102895916671858,0.0357902449471061,0.5102895916671858,0.0,7.0
61500.0,615.0,0.510284719776576,0.0357200610169266,0.510284719776576,0.0,7.0
62000.0,620.0,0.5066467262885365,0.0372908673021866,0.5066467262885365,0.0,7.0
62100.0,621.0,0.5073275402844237,0.0387821273583279,0.5073275402844237,0.0,7.0
62200.0,622.0,0.5087342670814156,0.03857085768118,0.5087342670814156,0.0,7.0
62300.0,623.0,0.5104012604070526,0.0381273458100608,0.5104012604070526,0.0,7.0
62700.0,627.0,0.5096302208807516,0.0367344328192598,0.5096302208807516,0.0,7.0
62800.0,628.0,0.510880660056693,0.0360400097958111,0.510880660056693,0.0,7.0
63100.0,631.0,0.5071594727621339,0.0354409981808618,0.5071594727621339,0.0,7.0
63200.0,632.0,0.5075542210133325,0.0348477462046006,0.5075542210133325,0.0,7.0
63600.0,636.0,0.504711181018949,0.0383027165013107,0.504711181018949,0.0,7.0
63800.0,638.0,0.5036061712305128,0.039262747473755,0.5036061712305128,0.0,7.0
63900.0,639.0,0.5045386856939202,0.0388502330259745,0.5045386856939202,0.0,7.0
64200.0,642.0,0.5039886013219057,0.0401184807699306,0.5039886013219057,0.0,7.0
64300.0,643.0,0.5041955979636454,0.0392736850346976,0.5041955979636454,0.0,7.0
64400.0,644.0,0.5030800676876589,0.0389291803006249,0.5030800676876589,0.0,7.0
64900.0,649.0,0.499995413206076,0.0400112286734927,0.499995413206076,0.0,7.0
65000.0,650.0,0.5026255347416638,0.0390227578467904,0.5026255347416638,0.0,7.0
65100.0,651.0,0.5026479137199884,0.0396080840868993,0.5026479137199884,0.0,7.0
65200.0,652.0,0.5030240814321316,0.0386720819020466,0.5030240814321316,0.0,7.0
65400.0,654.0,0.5030820085555032,0.0387558169763127,0.5030820085555032,0.0,7.0
65900.0,659.0,0.5012504782719851,0.0397885109198441,0.5012504782719851,0.0,7.0
66100.0,661.0,0.500893194920662,0.0420598284049113,0.500893194920662,0.0,7.0
66300.0,663.0,0.501510268369702,0.0418660842850304,0.501510268369702,0.0,7.0
66400.0,664.0,0.5011999987938639,0.0412695310854087,0.5011999987938639,0.0,7.0
66900.0,669.0,0.4967289272090772,0.0436822755148597,0.4967289272090772,0.0,7.0
67000.0,670.0,0.5013306361457184,0.0407073168544223,0.5013306361457184,0.0,7.0
67100.0,671.0,0.5015251819022768,0.0408566871484639,0.5015251819022768,0.0,7.0
67200.0,672.0,0.5035484372961363,0.0390824367030387,0.5035484372961363,0.0,7.0
67300.0,673.0,0.5070896998401062,0.0379475600786673,0.5070896998401062,0.0,7.0
67500.0,675.0,0.5070500907160744,0.0377778523604833,0.5070500907160744,0.0,7.0
67800.0,678.0,0.503143677181431,0.0405652614567498,0.503143677181431,0.0,7.0
67900.0,679.0,0.5036200678174979,0.0396310204961885,0.5036200678174979,0.0,7.0
68100.0,681.0,0.5066814377762618,0.0387538620462979,0.5066814377762618,0.0,7.0
68200.0,682.0,0.5076866786900955,0.0386163834530705,0.5076866786900955,0.0,7.0
68300.0,683.0,0.5063061643003911,0.0385458924783124,0.5063061643003911,0.0,7.0
68400.0,684.0,0.5074356220456715,0.038351372396664,0.5074356220456715,0.0,7.0
68500.0,685.0,0.5082416538369203,0.037470885195503,0.5082416538369203,0.0,7.0
68800.0,688.0,0.5035829257127589,0.0385543443512055,0.5035829257127589,0.0,7.0
68900.0,689.0,0.5036942558701323,0.0387770902160552,0.5036942558701323,0.0,7.0
69000.0,690.0,0.5063906522053747,0.036768783322988,0.5063906522053747,0.0,7.0
69100.0,691.0,0.5075386987072149,0.0372216341199499,0.5075386987072149,0.0,7.0
69500.0,695.0,0.5046805127155727,0.0395873097798444,0.5046805127155727,0.0,7.0
69800.0,698.0,0.5028701063713702,0.0404425819448999,0.5028701063713702,0.0,7.0
70000.0,700.0,0.5028996430899589,0.0403090805675759,0.5028996430899589,0.0,7.0
100.0,1.0,0.1514484374042433,0.3601990135580778,0.1514484374042433,0.0,8.0
200.0,2.0,0.1745858643482452,0.332658595139875,0.1745858643482452,0.0,8.0
300.0,3.0,0.2200332412347439,0.2777675666425448,0.2200332412347439,0.0,8.0
400.0,4.0,0.2780504971988934,0.2241298245766845,0.2780504971988934,0.0,8.0
500.0,5.0,0.3168550507753996,0.1841316361848538,0.3168550507753996,0.0,8.0
600.0,6.0,0.344183105683528,0.1640328600878717,0.344183105683528,0.0,8.0
700.0,7.0,0.367874483475121,0.1590380968844089,0.367874483475121,0.0,8.0
800.0,8.0,0.3778431606203632,0.1493197662961833,0.3778431606203632,0.0,8.0
900.0,9.0,0.4027682019674976,0.1235254274915566,0.4027682019674976,0.0,8.0
1000.0,10.0,0.4073272584237721,0.1213693648487096,0.4073272584237721,0.0,8.0
1100.0,11.0,0.4134318456726518,0.1175218782068782,0.4134318456726518,0.0,8.0
1200.0,12.0,0.4221774654547801,0.1021988295550759,0.4221774654547801,0.0,8.0
1300.0,13.0,0.4213587896166018,0.1000057468422453,0.4213587896166018,0.0,8.0
1400.0,14.0,0.4229598364100878,0.0976811087453149,0.4229598364100878,0.0,8.0
1500.0,15.0,0.4259524588726107,0.0963512863408171,0.4259524588726107,0.0,8.0
1600.0,16.0,0.4283089711867839,0.0938926653637903,0.4283089711867839,0.0,8.0
1700.0,17.0,0.4366923411064844,0.0883113703711787,0.4366923411064844,0.0,8.0
1800.0,18.0,0.437028869360416,0.0871367546839536,0.437028869360416,0.0,8.0
2000.0,20.0,0.4410616867156972,0.0766774544987029,0.4410616867156972,0.0,8.0
2100.0,21.0,0.443055503906393,0.0746950215303421,0.443055503906393,0.0,8.0
2200.0,22.0,0.4460603057828277,0.0718593443357666,0.4460603057828277,0.0,8.0
2400.0,24.0,0.445624077992501,0.0733104038023548,0.445624077992501,0.0,8.0
2700.0,27.0,0.4467280611685137,0.073066218923342,0.4467280611685137,0.0,8.0
2800.0,28.0,0.4476182895151831,0.0714374330639786,0.4476182895151831,0.0,8.0
2900.0,29.0,0.451180482449059,0.0705401536329777,0.451180482449059,0.0,8.0
3100.0,31.0,0.4540751165770848,0.0690645242265538,0.4540751165770848,0.0,8.0
3200.0,32.0,0.4544432538961252,0.0707684321232051,0.4544432538961252,0.0,8.0
3300.0,33.0,0.4545735473363078,0.0708484595854797,0.4545735473363078,0.0,8.0
3400.0,34.0,0.4550391084869165,0.0691350911342825,0.4550391084869165,0.0,8.0
3500.0,35.0,0.4545507005656437,0.068914513084093,0.4545507005656437,0.0,8.0
3600.0,36.0,0.4558897276579844,0.0688703402234352,0.4558897276579844,0.0,8.0
3800.0,38.0,0.4546499231817937,0.0691198587953985,0.4546499231817937,0.0,8.0
3900.0,39.0,0.4580103490898367,0.0677468541891379,0.4580103490898367,0.0,8.0
4000.0,40.0,0.4599582301439462,0.0660460446435961,0.4599582301439462,0.0,8.0
4100.0,41.0,0.4598884330435762,0.0655416653174802,0.4598884330435762,0.0,8.0
4200.0,42.0,0.4628014830509144,0.0636310651257329,0.4628014830509144,0.0,8.0
4400.0,44.0,0.4633194742316908,0.06436687453545,0.4633194742316908,0.0,8.0
4500.0,45.0,0.4638240594685057,0.0642126066456296,0.4638240594685057,0.0,8.0
4800.0,48.0,0.4624154888750595,0.0641850494799673,0.4624154888750595,0.0,8.0
4900.0,49.0,0.4632449218741636,0.0637450835201778,0.4632449218741636,0.0,8.0
5000.0,50.0,0.4641131930511643,0.0637930419069434,0.4641131930511643,0.0,8.0
5200.0,52.0,0.4652846632951778,0.0643575402210015,0.4652846632951778,0.0,8.0
5400.0,54.0,0.46684221354795,0.0632277840247858,0.46684221354795,0.0,8.0
5500.0,55.0,0.4683460269732299,0.0616676896444354,0.4683460269732299,0.0,8.0
5600.0,56.0,0.4677849844580227,0.0615106154494014,0.4677849844580227,0.0,8.0
5700.0,57.0,0.468867440895138,0.0614972235271328,0.468867440895138,0.0,8.0
5900.0,59.0,0.4691325796326837,0.0615736284333402,0.4691325796326837,0.0,8.0
6000.0,60.0,0.4698985809472373,0.0610956289773322,0.4698985809472373,0.0,8.0
6200.0,62.0,0.4712181349664783,0.0598915271751661,0.4712181349664783,0.0,8.0
6400.0,64.0,0.4720098443968625,0.0598850135587808,0.4720098443968625,0.0,8.0
6600.0,66.0,0.4705247466889029,0.0618010129259368,0.4705247466889029,0.0,8.0
6700.0,67.0,0.4709301694046675,0.0606820024620464,0.4709301694046675,0.0,8.0
6800.0,68.0,0.4705159364885269,0.0595304189843114,0.4705159364885269,0.0,8.0
6900.0,69.0,0.4706054971687512,0.0596181362025335,0.4706054971687512,0.0,8.0
7100.0,71.0,0.4719764774597163,0.0590430252798335,0.4719764774597163,0.0,8.0
7200.0,72.0,0.4747106722992232,0.0574641171779253,0.4747106722992232,0.0,8.0
7300.0,73.0,0.4772706074556997,0.0555391222514637,0.4772706074556997,0.0,8.0
7600.0,76.0,0.4799486998251983,0.0540986937392805,0.4799486998251983,0.0,8.0
7800.0,78.0,0.4782653055667866,0.0552328163792638,0.4782653055667866,0.0,8.0
7900.0,79.0,0.4797950670773943,0.0549356839378441,0.4797950670773943,0.0,8.0
8000.0,80.0,0.4801843120613929,0.0526739175267436,0.4801843120613929,0.0,8.0
8100.0,81.0,0.4805783816125871,0.0528203565354939,0.4805783816125871,0.0,8.0
8200.0,82.0,0.4815856260686847,0.0520851119615747,0.4815856260686847,0.0,8.0
8300.0,83.0,0.4824227818689212,0.0509900811092767,0.4824227818689212,0.0,8.0
8400.0,84.0,0.4816108339693369,0.0506911254839242,0.4816108339693369,0.0,8.0
8500.0,85.0,0.4820391053832803,0.0512482116780732,0.4820391053832803,0.0,8.0
8600.0,86.0,0.4834257641200268,0.049871984256662,0.4834257641200268,0.0,8.0
8900.0,89.0,0.4792144012590886,0.0520400085412014,0.4792144012590886,0.0,8.0
9000.0,90.0,0.4797673954584922,0.0513578853453614,0.4797673954584922,0.0,8.0
9100.0,91.0,0.4817885006043927,0.0511959763280867,0.4817885006043927,0.0,8.0
9200.0,92.0,0.4827812038046875,0.0503745005682246,0.4827812038046875,0.0,8.0
9600.0,96.0,0.483529708479999,0.0517757350384962,0.483529708479999,0.0,8.0
9700.0,97.0,0.4860738452006424,0.050289326623224,0.4860738452006424,0.0,8.0
9800.0,98.0,0.4872539793195677,0.0490497587834721,0.4872539793195677,0.0,8.0
9900.0,99.0,0.4876721450438367,0.0487727011780576,0.4876721450438367,0.0,8.0
10000.0,100.0,0.4880771123675455,0.0490383682091487,0.4880771123675455,0.0,8.0
10200.0,102.0,0.4844963067223465,0.0497106230593051,0.4844963067223465,0.0,8.0
10300.0,103.0,0.4850350166909874,0.0491957866953819,0.4850350166909874,0.0,8.0
10400.0,104.0,0.4869252835213459,0.0494908440958877,0.4869252835213459,0.0,8.0
10500.0,105.0,0.4877818884013018,0.0485349804316763,0.4877818884013018,0.0,8.0
10600.0,106.0,0.4885135260449585,0.0485555692707653,0.4885135260449585,0.0,8.0
10700.0,107.0,0.4879738206248246,0.0485452143085311,0.4879738206248246,0.0,8.0
10900.0,109.0,0.4866734033102011,0.0484835175910457,0.4866734033102011,0.0,8.0
11100.0,111.0,0.488275671802849,0.0477201616212326,0.488275671802849,0.0,8.0
11200.0,112.0,0.4879218640850542,0.0476357362642483,0.4879218640850542,0.0,8.0
11400.0,114.0,0.4874079671402266,0.0475473939356176,0.4874079671402266,0.0,8.0
11600.0,116.0,0.4856245645196362,0.04926367146566,0.4856245645196362,0.0,8.0
11700.0,117.0,0.4870111829954879,0.0496145836352469,0.4870111829954879,0.0,8.0
11800.0,118.0,0.4891088674975096,0.0477045867473441,0.4891088674975096,0.0,8.0
11900.0,119.0,0.4899356796665196,0.0488135295516178,0.4899356796665196,0.0,8.0
12100.0,121.0,0.4912380227783783,0.0468560320547514,0.4912380227783783,0.0,8.0
12200.0,122.0,0.4940471238929921,0.0448433750349187,0.4940471238929921,0.0,8.0
12500.0,125.0,0.4923631224417237,0.0474299365520993,0.4923631224417237,0.0,8.0
12600.0,126.0,0.4925739308910942,0.0453224510477845,0.4925739308910942,0.0,8.0
12900.0,129.0,0.4861792027637153,0.0480971205424671,0.4861792027637153,0.0,8.0
13000.0,130.0,0.4860450169292709,0.0477231195225979,0.4860450169292709,0.0,8.0
13100.0,131.0,0.4881836179274773,0.046635115423116,0.4881836179274773,0.0,8.0
13200.0,132.0,0.4883767090522911,0.0461940172010718,0.4883767090522911,0.0,8.0
13400.0,134.0,0.4900046657077273,0.0457867616103164,0.4900046657077273,0.0,8.0
13500.0,135.0,0.4921438883795516,0.0445960777729175,0.4921438883795516,0.0,8.0
13700.0,137.0,0.4914930106550656,0.0453112218866776,0.4914930106550656,0.0,8.0
13800.0,138.0,0.4934760936147794,0.0439319304954213,0.4934760936147794,0.0,8.0
14000.0,140.0,0.4891630864991309,0.0459935040011199,0.4891630864991309,0.0,8.0
14100.0,141.0,0.4892329103294905,0.0467945179074692,0.4892329103294905,0.0,8.0
14200.0,142.0,0.4899586848056599,0.0467124221518594,0.4899586848056599,0.0,8.0
14400.0,144.0,0.4892060710445878,0.0467928227520911,0.4892060710445878,0.0,8.0
14500.0,145.0,0.4896494303865173,0.0469900424225318,0.4896494303865173,0.0,8.0
14700.0,147.0,0.4912909745380832,0.0473765933500053,0.4912909745380832,0.0,8.0
14800.0,148.0,0.4963891663119067,0.0442290418281241,0.4963891663119067,0.0,8.0
14900.0,149.0,0.4972565788500222,0.0440449473197921,0.4972565788500222,0.0,8.0
15000.0,150.0,0.4973837243949791,0.044215970477066,0.4973837243949791,0.0,8.0
15200.0,152.0,0.4967507940047934,0.0437499863959351,0.4967507940047934,0.0,8.0
15400.0,154.0,0.49586475065804,0.0466172445600133,0.49586475065804,0.0,8.0
15500.0,155.0,0.4979753286906339,0.0453201370393301,0.4979753286906339,0.0,8.0
15600.0,156.0,0.4982121858744708,0.0445585115517381,0.4982121858744708,0.0,8.0
15900.0,159.0,0.4957435075025453,0.0458860045840566,0.4957435075025453,0.0,8.0
16000.0,160.0,0.4982578093891844,0.0437345360671438,0.4982578093891844,0.0,8.0
16100.0,161.0,0.4999720884627376,0.0430284873298282,0.4999720884627376,0.0,8.0
16200.0,162.0,0.5027891328331074,0.0414201829979434,0.5027891328331074,0.0,8.0
16300.0,163.0,0.5030588568856336,0.0413547758223676,0.5030588568856336,0.0,8.0
16400.0,164.0,0.5027008123976556,0.0395162839831037,0.5027008123976556,0.0,8.0
16500.0,165.0,0.5028031518550965,0.0393838550539306,0.5028031518550965,0.0,8.0
16900.0,169.0,0.4996710424659824,0.0408990652914784,0.4996710424659824,0.0,8.0
17100.0,171.0,0.5024691721766146,0.0398149726995323,0.5024691721766146,0.0,8.0
17200.0,172.0,0.5064946201377564,0.0393063149484557,0.5064946201377564,0.0,8.0
17300.0,173.0,0.5059695668053827,0.0388836512516894,0.5059695668053827,0.0,8.0
17400.0,174.0,0.5058708590707911,0.0387536803134323,0.5058708590707911,0.0,8.0
17600.0,176.0,0.5022780432494329,0.0391117309859113,0.5022780432494329,0.0,8.0
17800.0,178.0,0.5005771395910051,0.0390859987301707,0.5005771395910051,0.0,8.0
17900.0,179.0,0.5007702779395219,0.0390496936533677,0.5007702779395219,0.0,8.0
18000.0,180.0,0.5032050711870599,0.0379487723494185,0.5032050711870599,0.0,8.0
18100.0,181.0,0.5059197042860455,0.0366726302738066,0.5059197042860455,0.0,8.0
18300.0,183.0,0.506630225191592,0.0373763829875295,0.506630225191592,0.0,8.0
18400.0,184.0,0.5074135289462481,0.0373382963038994,0.5074135289462481,0.0,8.0
18500.0,185.0,0.5083684103899538,0.0369243387989895,0.5083684103899538,0.0,8.0
18600.0,186.0,0.5075820396766371,0.0367036081749549,0.5075820396766371,0.0,8.0
19000.0,190.0,0.5025657135421092,0.0434391230458806,0.5025657135421092,0.0,8.0
19100.0,191.0,0.5019021517823024,0.0401473708654351,0.5019021517823024,0.0,8.0
19300.0,193.0,0.5023490943032052,0.0393052950176254,0.5023490943032052,0.0,8.0
19400.0,194.0,0.5048490961547992,0.0381628868760902,0.5048490961547992,0.0,8.0
19500.0,195.0,0.5050939961805486,0.0381813273902246,0.5050939961805486,0.0,8.0
19600.0,196.0,0.5054311552477264,0.0376281570997619,0.5054311552477264,0.0,8.0
20000.0,200.0,0.5039463054962839,0.0393829230601997,0.5039463054962839,0.0,8.0
20100.0,201.0,0.504042333707856,0.0395436830498696,0.504042333707856,0.0,8.0
20200.0,202.0,0.5029002791538703,0.0394617026990402,0.5029002791538703,0.0,8.0
20400.0,204.0,0.5021763811182857,0.0399858081098657,0.5021763811182857,0.0,8.0
20600.0,206.0,0.5003135439388872,0.0410035665491355,0.5003135439388872,0.0,8.0
20700.0,207.0,0.4993990713381896,0.0409066723915259,0.4993990713381896,0.0,8.0
20900.0,209.0,0.4978902145822665,0.0415242833056328,0.4978902145822665,0.0,8.0
21000.0,210.0,0.4995557879048323,0.0410074917347625,0.4995557879048323,0.0,8.0
21200.0,212.0,0.4988099971412068,0.0409083994095851,0.4988099971412068,0.0,8.0
21300.0,213.0,0.5012664772164874,0.0404941326908822,0.5012664772164874,0.0,8.0
21500.0,215.0,0.4999032331286917,0.040313735848384,0.4999032331286917,0.0,8.0
21700.0,217.0,0.5012398662626645,0.0388279367050305,0.5012398662626645,0.0,8.0
21800.0,218.0,0.502720040494562,0.0384388341075204,0.502720040494562,0.0,8.0
22000.0,220.0,0.502516677503122,0.040201488309677,0.502516677503122,0.0,8.0
22100.0,221.0,0.5059592058262952,0.0394287448409599,0.5059592058262952,0.0,8.0
22200.0,222.0,0.5062431928239166,0.0393392222565072,0.5062431928239166,0.0,8.0
22400.0,224.0,0.5059392949839981,0.0391192116104714,0.5059392949839981,0.0,8.0
22500.0,225.0,0.506728608555642,0.0387190884274337,0.506728608555642,0.0,8.0
22700.0,227.0,0.50625113439408,0.0385497140990965,0.50625113439408,0.0,8.0
23200.0,232.0,0.5027642225465501,0.039794136807279,0.5027642225465501,0.0,8.0
23400.0,234.0,0.5031435964884798,0.0396495840487661,0.5031435964884798,0.0,8.0
23500.0,235.0,0.5056032838584091,0.0378982658825656,0.5056032838584091,0.0,8.0
23700.0,237.0,0.5048716493085817,0.0374059392724116,0.5048716493085817,0.0,8.0
23800.0,238.0,0.5031197666686179,0.037101288158969,0.5031197666686179,0.0,8.0
24000.0,240.0,0.5019568642121629,0.0382315658081801,0.5019568642121629,0.0,8.0
24100.0,241.0,0.5019720693640443,0.0384280253566145,0.5019720693640443,0.0,8.0
24300.0,243.0,0.5007657161285252,0.0395100972138915,0.5007657161285252,0.0,8.0
24400.0,244.0,0.5015054282872953,0.0388707231826713,0.5015054282872953,0.0,8.0
24500.0,245.0,0.5015167523602084,0.0371055676643336,0.5015167523602084,0.0,8.0
24700.0,247.0,0.501706443797529,0.0385330124645987,0.501706443797529,0.0,8.0
24800.0,248.0,0.5030605892450507,0.0375331856222335,0.5030605892450507,0.0,8.0
24900.0,249.0,0.502407888168468,0.0374230951453255,0.502407888168468,0.0,8.0
25000.0,250.0,0.5022834302895408,0.0371925790747127,0.5022834302895408,0.0,8.0
25100.0,251.0,0.5033770204461625,0.0368390395843482,0.5033770204461625,0.0,8.0
25300.0,253.0,0.5035211488923812,0.0370232134932094,0.5035211488923812,0.0,8.0
25900.0,259.0,0.4988325366141048,0.0447277313619816,0.4988325366141048,0.0,8.0
26000.0,260.0,0.498691805494434,0.0415722539091079,0.498691805494434,0.0,8.0
26100.0,261.0,0.4989375718562523,0.0420049657257201,0.4989375718562523,0.0,8.0
26200.0,262.0,0.4985119921059056,0.0411926134888192,0.4985119921059056,0.0,8.0
26300.0,263.0,0.4985252955039403,0.0399768502560945,0.4985252955039403,0.0,8.0
26400.0,264.0,0.4997117580791591,0.0404768250296603,0.4997117580791591,0.0,8.0
26500.0,265.0,0.4997190864453576,0.0403727675813001,0.4997190864453576,0.0,8.0
26600.0,266.0,0.4994506829437727,0.0401637263842451,0.4994506829437727,0.0,8.0
26700.0,267.0,0.5004172294678008,0.040131069545964,0.5004172294678008,0.0,8.0
26900.0,269.0,0.5000045223764432,0.0412303811296866,0.5000045223764432,0.0,8.0
27000.0,270.0,0.499015671280282,0.0410597864154342,0.499015671280282,0.0,8.0
27100.0,271.0,0.4997955269221981,0.0398234500853185,0.4997955269221981,0.0,8.0
27200.0,272.0,0.5012323140603233,0.0397545179053224,0.5012323140603233,0.0,8.0
27300.0,273.0,0.5018962854211172,0.0389676860219503,0.5018962854211172,0.0,8.0
27500.0,275.0,0.4996078947430618,0.0387065742031903,0.4996078947430618,0.0,8.0
27900.0,279.0,0.4971626408305616,0.0395814036101045,0.4971626408305616,0.0,8.0
28000.0,280.0,0.4984466074469927,0.0390568259568099,0.4984466074469927,0.0,8.0
28200.0,282.0,0.4970088049560531,0.0406519738548378,0.4970088049560531,0.0,8.0
28300.0,283.0,0.4977555140984926,0.0397089168872138,0.4977555140984926,0.0,8.0
28400.0,284.0,0.5009760210765617,0.0395304004314714,0.5009760210765617,0.0,8.0
28600.0,286.0,0.5007091715601051,0.0404678886327845,0.5007091715601051,0.0,8.0
28700.0,287.0,0.4998930512263611,0.0400687363808886,0.4998930512263611,0.0,8.0
29000.0,290.0,0.4998490244744227,0.0407154900847199,0.4998490244744227,0.0,8.0
29200.0,292.0,0.5000957398274216,0.0425251547741623,0.5000957398274216,0.0,8.0
29400.0,294.0,0.5009539893906836,0.0411163622644736,0.5009539893906836,0.0,8.0
29600.0,296.0,0.5001561055770718,0.0413369090559079,0.5001561055770718,0.0,8.0
29700.0,297.0,0.5006942882190246,0.0401406347396204,0.5006942882190246,0.0,8.0
29800.0,298.0,0.5014538663428312,0.0397861996684079,0.5014538663428312,0.0,8.0
29900.0,299.0,0.502914828270703,0.038989931786188,0.502914828270703,0.0,8.0
30000.0,300.0,0.502876113997049,0.0389082355559969,0.502876113997049,0.0,8.0
30100.0,301.0,0.5032812495816894,0.038364960041975,0.5032812495816894,0.0,8.0
30200.0,302.0,0.5033247708542746,0.0384786350230541,0.5033247708542746,0.0,8.0
30300.0,303.0,0.503733221498885,0.0387166945296841,0.503733221498885,0.0,8.0
30500.0,305.0,0.5022517425081756,0.0399546418001856,0.5022517425081756,0.0,8.0
30600.0,306.0,0.5022558701082105,0.0411893415032473,0.5022558701082105,0.0,8.0
30700.0,307.0,0.502953998476772,0.0407327333969919,0.502953998476772,0.0,8.0
30800.0,308.0,0.5031666378045228,0.0397103119899989,0.5031666378045228,0.0,8.0
31100.0,311.0,0.5029073875700144,0.0401652439374408,0.5029073875700144,0.0,8.0
31300.0,313.0,0.503376255767338,0.0404123126733268,0.503376255767338,0.0,8.0
31400.0,314.0,0.5060434733236486,0.0391269893718893,0.5060434733236486,0.0,8.0
31600.0,316.0,0.5063264930992026,0.0394280720174367,0.5063264930992026,0.0,8.0
31700.0,317.0,0.5074400981956247,0.0393727855473282,0.5074400981956247,0.0,8.0
31900.0,319.0,0.5055267645800899,0.0409242942435457,0.5055267645800899,0.0,8.0
32000.0,320.0,0.5055538198920407,0.0408742897369127,0.5055538198920407,0.0,8.0
32200.0,322.0,0.5052479229052212,0.0415184742588631,0.5052479229052212,0.0,8.0
32500.0,325.0,0.5048032586492446,0.0407386244724585,0.5048032586492446,0.0,8.0
32700.0,327.0,0.5031827082393062,0.0422106643981381,0.5031827082393062,0.0,8.0
33100.0,331.0,0.4999972249255071,0.0462331089863908,0.4999972249255071,0.0,8.0
33200.0,332.0,0.5003399529374899,0.0456963563056501,0.5003399529374899,0.0,8.0
33400.0,334.0,0.5016804760957392,0.0444735673283006,0.5016804760957392,0.0,8.0
33500.0,335.0,0.5014662745361794,0.0430999810616233,0.5014662745361794,0.0,8.0
33600.0,336.0,0.5034819184871447,0.0425092336528256,0.5034819184871447,0.0,8.0
33800.0,338.0,0.5036730354545812,0.0430369351292842,0.5036730354545812,0.0,8.0
33900.0,339.0,0.5051736282105229,0.0416565503143237,0.5051736282105229,0.0,8.0
34100.0,341.0,0.5043155922638883,0.0412507255271787,0.5043155922638883,0.0,8.0
34300.0,343.0,0.5067053115782932,0.0424578805076264,0.5067053115782932,0.0,8.0
34400.0,344.0,0.5085001832396726,0.0412041854309589,0.5085001832396726,0.0,8.0
34500.0,345.0,0.509111526024792,0.04121678038048,0.509111526024792,0.0,8.0
34600.0,346.0,0.5102754986700021,0.0405894070652202,0.5102754986700021,0.0,8.0
34700.0,347.0,0.508998638819672,0.0395577929540136,0.508998638819672,0.0,8.0
34900.0,349.0,0.5091804444817234,0.0385905156073848,0.5091804444817234,0.0,8.0
35000.0,350.0,0.5084096107503783,0.0383989563630785,0.5084096107503783,0.0,8.0
35100.0,351.0,0.5052280284698094,0.0379445406454968,0.5052280284698094,0.0,8.0
35200.0,352.0,0.5064213072410124,0.0364215978884606,0.5064213072410124,0.0,8.0
35300.0,353.0,0.5072826133026518,0.0361414721200847,0.5072826133026518,0.0,8.0
35400.0,354.0,0.5075276256966083,0.0361249884901665,0.5075276256966083,0.0,8.0
35700.0,357.0,0.507127996903229,0.0370779355233762,0.507127996903229,0.0,8.0
36100.0,361.0,0.5065390422920312,0.0379200905051369,0.5065390422920312,0.0,8.0
36400.0,364.0,0.5048284076222324,0.0392386819903708,0.5048284076222324,0.0,8.0
36500.0,365.0,0.5058401850546024,0.0383352720218663,0.5058401850546024,0.0,8.0
36800.0,368.0,0.5045354684144117,0.0395211202606453,0.5045354684144117,0.0,8.0
36900.0,369.0,0.504392823793246,0.0382315090059898,0.504392823793246,0.0,8.0
37000.0,370.0,0.5054569705284421,0.0367534612166298,0.5054569705284421,0.0,8.0
37200.0,372.0,0.5065752922981215,0.0367722081703206,0.5065752922981215,0.0,8.0
37400.0,374.0,0.5058512398619759,0.0371270259118056,0.5058512398619759,0.0,8.0
37500.0,375.0,0.5070812376558242,0.0368555032947534,0.5070812376558242,0.0,8.0
37600.0,376.0,0.5081863275737325,0.035069875159456,0.5081863275737325,0.0,8.0
37800.0,378.0,0.5080018493323485,0.0347240732440048,0.5080018493323485,0.0,8.0
38100.0,381.0,0.5069130659941878,0.0355027555685708,0.5069130659941878,0.0,8.0
38300.0,383.0,0.506307508865594,0.0370551960188578,0.506307508865594,0.0,8.0
38700.0,387.0,0.5026149160400986,0.0394178666262935,0.5026149160400986,0.0,8.0
38800.0,388.0,0.5034287179602465,0.0384810826033538,0.5034287179602465,0.0,8.0
39000.0,390.0,0.5041485543106639,0.0387314270178799,0.5041485543106639,0.0,8.0
39100.0,391.0,0.504446374033168,0.0393950315336641,0.504446374033168,0.0,8.0
39200.0,392.0,0.5063524587205352,0.0380710142545112,0.5063524587205352,0.0,8.0
39300.0,393.0,0.5068899288195304,0.0374992634154147,0.5068899288195304,0.0,8.0
39800.0,398.0,0.5023843381044147,0.0416573413159716,0.5023843381044147,0.0,8.0
39900.0,399.0,0.5026448630132219,0.0409924811621602,0.5026448630132219,0.0,8.0
40000.0,400.0,0.502956468204293,0.0407380476285098,0.502956468204293,0.0,8.0
40300.0,403.0,0.5015796716348841,0.0414703160029779,0.5015796716348841,0.0,8.0
40400.0,404.0,0.5033765868576081,0.0402579064359882,0.5033765868576081,0.0,8.0
40700.0,407.0,0.5017314619053236,0.0407794956313745,0.5017314619053236,0.0,8.0
40800.0,408.0,0.5018607006662713,0.0419261617516298,0.5018607006662713,0.0,8.0
41000.0,410.0,0.5008822668602968,0.042878975549473,0.5008822668602968,0.0,8.0
41100.0,411.0,0.5009077746673337,0.0423469284549422,0.5009077746673337,0.0,8.0
41400.0,414.0,0.5003337876183729,0.0422981154473692,0.5003337876183729,0.0,8.0
41500.0,415.0,0.4985964977332665,0.041428755233843,0.4985964977332665,0.0,8.0
41600.0,416.0,0.4967955565707146,0.0412405603854948,0.4967955565707146,0.0,8.0
41700.0,417.0,0.4969336810500387,0.0421790761566573,0.4969336810500387,0.0,8.0
42000.0,420.0,0.4969483526567196,0.040593669744455,0.4969483526567196,0.0,8.0
42100.0,421.0,0.4976773345232622,0.0402908297370671,0.4976773345232622,0.0,8.0
42200.0,422.0,0.4990449373299639,0.0398982224456723,0.4990449373299639,0.0,8.0
42300.0,423.0,0.4994677214911924,0.0402218525912628,0.4994677214911924,0.0,8.0
42500.0,425.0,0.5002749037259404,0.0396283087195055,0.5002749037259404,0.0,8.0
42600.0,426.0,0.5018755619367385,0.0388982123088994,0.5018755619367385,0.0,8.0
42800.0,428.0,0.5024931926399736,0.0389741207198159,0.5024931926399736,0.0,8.0
43000.0,430.0,0.5040211650360649,0.0373817461802225,0.5040211650360649,0.0,8.0
43100.0,431.0,0.5067826676655333,0.0361504784998346,0.5067826676655333,0.0,8.0
43200.0,432.0,0.5079225847388587,0.0355212692481703,0.5079225847388587,0.0,8.0
43300.0,433.0,0.5077800151909125,0.0352451338706511,0.5077800151909125,0.0,8.0
43800.0,438.0,0.5026796964612045,0.0387547819551976,0.5026796964612045,0.0,8.0
44000.0,440.0,0.5029910282765718,0.0382559952279754,0.5029910282765718,0.0,8.0
44200.0,442.0,0.5037571188438753,0.038230350338774,0.5037571188438753,0.0,8.0
44300.0,443.0,0.5053664191609045,0.0383717942836005,0.5053664191609045,0.0,8.0
44600.0,446.0,0.5060859951647468,0.040687745447845,0.5060859951647468,0.0,8.0
44800.0,448.0,0.5035416222886546,0.0409356321224546,0.5035416222886546,0.0,8.0
44900.0,449.0,0.5065514070438913,0.0404274824983966,0.5065514070438913,0.0,8.0
45100.0,451.0,0.5038545419944112,0.0414285996066907,0.5038545419944112,0.0,8.0
45300.0,453.0,0.5039773633384881,0.0411756023642022,0.5039773633384881,0.0,8.0
45500.0,455.0,0.5032620866330554,0.0398716982564133,0.5032620866330554,0.0,8.0
45600.0,456.0,0.5026413805137708,0.0393985926112914,0.5026413805137708,0.0,8.0
45700.0,457.0,0.5040077489167368,0.0385345924833449,0.5040077489167368,0.0,8.0
46000.0,460.0,0.5011309240364863,0.0404478875959315,0.5011309240364863,0.0,8.0
46100.0,461.0,0.5016260535163741,0.0396588342132599,0.5016260535163741,0.0,8.0
46400.0,464.0,0.5023373794336201,0.0389267384287426,0.5023373794336201,0.0,8.0
46500.0,465.0,0.5042368484872265,0.0391204505837731,0.5042368484872265,0.0,8.0
46600.0,466.0,0.5044750825600042,0.0397034660109904,0.5044750825600042,0.0,8.0
46700.0,467.0,0.5074476758477061,0.0366396437708448,0.5074476758477061,0.0,8.0
47000.0,470.0,0.5038859314828045,0.037659695653113,0.5038859314828045,0.0,8.0
47100.0,471.0,0.5046634790178187,0.037223306782695,0.5046634790178187,0.0,8.0
47300.0,473.0,0.5037904783409647,0.0390143126780497,0.5037904783409647,0.0,8.0
47500.0,475.0,0.5043577476665349,0.039016889405483,0.5043577476665349,0.0,8.0
47700.0,477.0,0.5029411422102371,0.0388373140643505,0.5029411422102371,0.0,8.0
47800.0,478.0,0.5037615086900499,0.0380660996414471,0.5037615086900499,0.0,8.0
47900.0,479.0,0.5039827659962405,0.0380631198605724,0.5039827659962405,0.0,8.0
48000.0,480.0,0.504458222989948,0.0380191216650616,0.504458222989948,0.0,8.0
48100.0,481.0,0.5051752713327009,0.038299524966428,0.5051752713327009,0.0,8.0
48200.0,482.0,0.5065639457785291,0.0378608372411081,0.5065639457785291,0.0,8.0
48300.0,483.0,0.5071821383950583,0.0379000975970727,0.5071821383950583,0.0,8.0
48400.0,484.0,0.5061066505531615,0.0370670436506411,0.5061066505531615,0.0,8.0
48700.0,487.0,0.5059769356578085,0.0381451855381771,0.5059769356578085,0.0,8.0
48800.0,488.0,0.506020601774546,0.0379242809404573,0.506020601774546,0.0,8.0
48900.0,489.0,0.5079149570872583,0.0368270316430154,0.5079149570872583,0.0,8.0
49000.0,490.0,0.5076495522537536,0.0352628331856535,0.5076495522537536,0.0,8.0
49100.0,491.0,0.5077930391638628,0.0364391010528536,0.5077930391638628,0.0,8.0
49200.0,492.0,0.5080253753938169,0.0362884078985055,0.5080253753938169,0.0,8.0
49300.0,493.0,0.5079808636412655,0.0357975577162183,0.5079808636412655,0.0,8.0
49400.0,494.0,0.5085811934710416,0.0361285729085185,0.5085811934710416,0.0,8.0
49600.0,496.0,0.5102030931795649,0.0353217822318621,0.5102030931795649,0.0,8.0
49700.0,497.0,0.5118149812878505,0.0355698349204326,0.5118149812878505,0.0,8.0
50100.0,501.0,0.5079368699106712,0.0383849733014022,0.5079368699106712,0.0,8.0
50200.0,502.0,0.5090504075113195,0.0369790229236554,0.5090504075113195,0.0,8.0
50500.0,505.0,0.5047328286829128,0.0405814767392685,0.5047328286829128,0.0,8.0
50700.0,507.0,0.5060898624476717,0.0386442765879273,0.5060898624476717,0.0,8.0
50900.0,509.0,0.5044625367724942,0.0392039809836884,0.5044625367724942,0.0,8.0
51100.0,511.0,0.5046037806275491,0.0400205741086309,0.5046037806275491,0.0,8.0
51200.0,512.0,0.5060887862008056,0.0395826050974655,0.5060887862008056,0.0,8.0
51500.0,515.0,0.5065934983941295,0.0393482663267233,0.5065934983941295,0.0,8.0
51700.0,517.0,0.5067008530683672,0.0377340774270608,0.5067008530683672,0.0,8.0
52000.0,520.0,0.5063593619193628,0.0390062348091789,0.5063593619193628,0.0,8.0
52200.0,522.0,0.505031690035555,0.0395317945054389,0.505031690035555,0.0,8.0
52300.0,523.0,0.5043361025092679,0.0392789712511358,0.5043361025092679,0.0,8.0
52400.0,524.0,0.5066062751968714,0.038017098408841,0.5066062751968714,0.0,8.0
52500.0,525.0,0.5092546942988612,0.0362457865124164,0.5092546942988612,0.0,8.0
52600.0,526.0,0.5085668908953144,0.035480880844344,0.5085668908953144,0.0,8.0
52800.0,528.0,0.5105706930936701,0.0356287025512634,0.5105706930936701,0.0,8.0
52900.0,529.0,0.5106131819342921,0.0357707749052205,0.5106131819342921,0.0,8.0
53000.0,530.0,0.5102016557019214,0.0357298738539512,0.5102016557019214,0.0,8.0
53200.0,532.0,0.5077366681834897,0.0376256405688956,0.5077366681834897,0.0,8.0
53300.0,533.0,0.5085658030771675,0.0368304899668161,0.5085658030771675,0.0,8.0
53600.0,536.0,0.5077579628857027,0.0374105024683727,0.5077579628857027,0.0,8.0
53700.0,537.0,0.5080595205970687,0.0366205122659005,0.5080595205970687,0.0,8.0
54200.0,542.0,0.5041324057441363,0.0394337923289671,0.5041324057441363,0.0,8.0
54400.0,544.0,0.5056269459884679,0.0382196171943734,0.5056269459884679,0.0,8.0
54500.0,545.0,0.5056956012023066,0.0385361715524931,0.5056956012023066,0.0,8.0
54600.0,546.0,0.5066372916726868,0.0386473335685514,0.5066372916726868,0.0,8.0
54800.0,548.0,0.5049222841568916,0.0393375570971079,0.5049222841568916,0.0,8.0
54900.0,549.0,0.5076907509301161,0.0374182409453689,0.5076907509301161,0.0,8.0
55100.0,551.0,0.5072622242527876,0.0359194570151189,0.5072622242527876,0.0,8.0
55300.0,553.0,0.5051900981662936,0.0358373132326416,0.5051900981662936,0.0,8.0
55400.0,554.0,0.5065466601588576,0.0355192794401106,0.5065466601588576,0.0,8.0
55700.0,557.0,0.5054192342679208,0.0366591482223386,0.5054192342679208,0.0,8.0
56100.0,561.0,0.5058676930224855,0.0372766204054378,0.5058676930224855,0.0,8.0
56200.0,562.0,0.5073471456186196,0.0356620364042516,0.5073471456186196,0.0,8.0
56400.0,564.0,0.5070047439581027,0.0353963894725582,0.5070047439581027,0.0,8.0
56500.0,565.0,0.5079494476797073,0.0351387658742103,0.5079494476797073,0.0,8.0
56600.0,566.0,0.5096270234760879,0.0347978036847716,0.5096270234760879,0.0,8.0
56700.0,567.0,0.5102053212824937,0.0335620838440053,0.5102053212824937,0.0,8.0
57000.0,570.0,0.5098038683319803,0.0340738516971081,0.5098038683319803,0.0,8.0
57100.0,571.0,0.5101834377982083,0.0348218420637608,0.5101834377982083,0.0,8.0
57200.0,572.0,0.5111005102119215,0.0336866150941173,0.5111005102119215,0.0,8.0
57300.0,573.0,0.5110549280908725,0.033532935490696,0.5110549280908725,0.0,8.0
57400.0,574.0,0.512346622024378,0.0331315830137832,0.512346622024378,0.0,8.0
57600.0,576.0,0.509826784461948,0.0350276265475201,0.509826784461948,0.0,8.0
58000.0,580.0,0.5041538104988255,0.0408372613373087,0.5041538104988255,0.0,8.0
58100.0,581.0,0.5077720153431386,0.0389274409177946,0.5077720153431386,0.0,8.0
58200.0,582.0,0.5076889562911857,0.0386651414897866,0.5076889562911857,0.0,8.0
58300.0,583.0,0.5078421360134622,0.0407460372454212,0.5078421360134622,0.0,8.0
58400.0,584.0,0.5090839965896876,0.0395330486084092,0.5090839965896876,0.0,8.0
58700.0,587.0,0.5059513389897344,0.0390323124268406,0.5059513389897344,0.0,8.0
58800.0,588.0,0.5052015762808773,0.0385320180573302,0.5052015762808773,0.0,8.0
58900.0,589.0,0.5066730823435608,0.0372861605795436,0.5066730823435608,0.0,8.0
59000.0,590.0,0.5093163473496697,0.0362902961068809,0.5093163473496697,0.0,8.0
59200.0,592.0,0.5089153101818317,0.0390040725903199,0.5089153101818317,0.0,8.0
59300.0,593.0,0.5092794668999581,0.0390281961704612,0.5092794668999581,0.0,8.0
59400.0,594.0,0.5101386354423189,0.0380830183165976,0.5101386354423189,0.0,8.0
59600.0,596.0,0.5101856658134816,0.0380487167928067,0.5101856658134816,0.0,8.0
59700.0,597.0,0.5088592838520845,0.0378140099988087,0.5088592838520845,0.0,8.0
59800.0,598.0,0.5090741970976373,0.0382417217260659,0.5090741970976373,0.0,8.0
59900.0,599.0,0.5068307326702414,0.0370878047552286,0.5068307326702414,0.0,8.0
60000.0,600.0,0.5078521030209912,0.0367903332864411,0.5078521030209912,0.0,8.0
60100.0,601.0,0.5080642146256003,0.0366348340961769,0.5080642146256003,0.0,8.0
60200.0,602.0,0.5084224673120069,0.0369447031720096,0.5084224673120069,0.0,8.0
60300.0,603.0,0.5090039205643008,0.037589554010145,0.5090039205643008,0.0,8.0
60400.0,604.0,0.5073679290269866,0.037303706509893,0.5073679290269866,0.0,8.0
60500.0,605.0,0.5077102284909771,0.0365896341348719,0.5077102284909771,0.0,8.0
60700.0,607.0,0.5073304340470711,0.0371787812899955,0.5073304340470711,0.0,8.0
60900.0,609.0,0.5066548491113128,0.0367962037974756,0.5066548491113128,0.0,8.0
61000.0,610.0,0.5075800236981572,0.0364635204921382,0.5075800236981572,0.0,8.0
61100.0,611.0,0.5094302261105967,0.0358715667488094,0.5094302261105967,0.0,8.0
61300.0,613.0,0.5085660518531352,0.0367405576085683,0.5085660518531352,0.0,8.0
61400.0,614.0,0.5099428438987897,0.0355052151161217,0.5099428438987897,0.0,8.0
61800.0,618.0,0.5064730977838108,0.0389600499433675,0.5064730977838108,0.0,8.0
61900.0,619.0,0.5063175716760439,0.0387217100426766,0.5063175716760439,0.0,8.0
62200.0,622.0,0.5037313439931792,0.0393172138526967,0.5037313439931792,0.0,8.0
62300.0,623.0,0.5047925991748737,0.0390751021393676,0.5047925991748737,0.0,8.0
62400.0,624.0,0.5053572107224779,0.03878184118691,0.5053572107224779,0.0,8.0
62500.0,625.0,0.5054367224643378,0.0394041576308404,0.5054367224643378,0.0,8.0
62800.0,628.0,0.5061974666812561,0.0391681581075682,0.5061974666812561,0.0,8.0
63100.0,631.0,0.5048962287819572,0.0404682632419826,0.5048962287819572,0.0,8.0
63200.0,632.0,0.5051032320794525,0.0392895948922233,0.5051032320794525,0.0,8.0
63300.0,633.0,0.5076617093712351,0.0377195890734678,0.5076617093712351,0.0,8.0
63400.0,634.0,0.509071992726919,0.0372415929371192,0.509071992726919,0.0,8.0
63500.0,635.0,0.5082163676514164,0.0370962365324343,0.5082163676514164,0.0,8.0
63600.0,636.0,0.5088055637665873,0.0355918008236816,0.5088055637665873,0.0,8.0
63800.0,638.0,0.5083638390541777,0.0361187427380861,0.5083638390541777,0.0,8.0
64100.0,641.0,0.5040520395107781,0.0385408202073809,0.5040520395107781,0.0,8.0
64200.0,642.0,0.5041739559650731,0.0393716231633794,0.5041739559650731,0.0,8.0
64300.0,643.0,0.5049881391804173,0.0391589950747076,0.5049881391804173,0.0,8.0
64400.0,644.0,0.5072527697164622,0.036600685964751,0.5072527697164622,0.0,8.0
64900.0,649.0,0.506410843434071,0.0371310378995804,0.506410843434071,0.0,8.0
65100.0,651.0,0.5068683536634631,0.0372949654291817,0.5068683536634631,0.0,8.0
65200.0,652.0,0.507342338397454,0.0369153401970414,0.507342338397454,0.0,8.0
65300.0,653.0,0.5074323846471424,0.0362866948738697,0.5074323846471424,0.0,8.0
65400.0,654.0,0.50755100042198,0.0357498229585273,0.50755100042198,0.0,8.0
65800.0,658.0,0.5022445229042132,0.0386163627244718,0.5022445229042132,0.0,8.0
65900.0,659.0,0.5044206855143056,0.0383047084757649,0.5044206855143056,0.0,8.0
66000.0,660.0,0.5063299778334125,0.0362574951666051,0.5063299778334125,0.0,8.0
66200.0,662.0,0.5051200465959356,0.0368635578145685,0.5051200465959356,0.0,8.0
66400.0,664.0,0.5064498054227499,0.037157048186276,0.5064498054227499,0.0,8.0
66600.0,666.0,0.5053146072770855,0.0375290393563409,0.5053146072770855,0.0,8.0
66700.0,667.0,0.5059681952114252,0.0373182105314314,0.5059681952114252,0.0,8.0
66900.0,669.0,0.5086386344586906,0.035346987236491,0.5086386344586906,0.0,8.0
67000.0,670.0,0.5076286208232905,0.0348764987718715,0.5076286208232905,0.0,8.0
67100.0,671.0,0.5093526637608162,0.0338015921852019,0.5093526637608162,0.0,8.0
67400.0,674.0,0.5101479185779197,0.0344063253995975,0.5101479185779197,0.0,8.0
67600.0,676.0,0.5107284481486459,0.0342329977052474,0.5107284481486459,0.0,8.0
67700.0,677.0,0.5116933168463338,0.0332966599153782,0.5116933168463338,0.0,8.0
67800.0,678.0,0.512843388218282,0.0331926228472765,0.512843388218282,0.0,8.0
67900.0,679.0,0.5127483638980532,0.0328034385363961,0.5127483638980532,0.0,8.0
68000.0,680.0,0.5127882527309273,0.0328922766384997,0.5127882527309273,0.0,8.0
68200.0,682.0,0.5130837221327103,0.0332108694613588,0.5130837221327103,0.0,8.0
68400.0,684.0,0.5090987975853676,0.035915465976519,0.5090987975853676,0.0,8.0
68500.0,685.0,0.5085945533501627,0.0356987403126909,0.5085945533501627,0.0,8.0
68700.0,687.0,0.5106711487297971,0.0356832048841109,0.5106711487297971,0.0,8.0
68800.0,688.0,0.5106573395643834,0.0351011207211445,0.5106573395643834,0.0,8.0
68900.0,689.0,0.5107034688598012,0.0363803249251142,0.5107034688598012,0.0,8.0
69000.0,690.0,0.5101750790119379,0.0363703057584332,0.5101750790119379,0.0,8.0
69200.0,692.0,0.5085174728914199,0.0360758885892857,0.5085174728914199,0.0,8.0
69400.0,694.0,0.5092846384202643,0.0375874621554539,0.5092846384202643,0.0,8.0
69500.0,695.0,0.5092882019351193,0.0404374213904202,0.5092882019351193,0.0,8.0
69700.0,697.0,0.5077873143185211,0.0407182839388651,0.5077873143185211,0.0,8.0
69800.0,698.0,0.5085937412495752,0.039667405063937,0.5085937412495752,0.0,8.0
100.0,1.0,0.2015828974213061,0.2848779587195132,0.2015828974213061,0.0,9.0
200.0,2.0,0.2194709332058451,0.260901128805069,0.2194709332058451,0.0,9.0
300.0,3.0,0.2534047434542837,0.2365864121286329,0.2534047434542837,0.0,9.0
400.0,4.0,0.3052485971108026,0.186203417395134,0.3052485971108026,0.0,9.0
500.0,5.0,0.344699806463895,0.1440785620457779,0.344699806463895,0.0,9.0
600.0,6.0,0.3767084752575152,0.1207353479081202,0.3767084752575152,0.0,9.0
700.0,7.0,0.3982519807421779,0.1085022900528323,0.3982519807421779,0.0,9.0
800.0,8.0,0.4062307684298116,0.1019637201335433,0.4062307684298116,0.0,9.0
900.0,9.0,0.4162613588475164,0.0943361857557697,0.4162613588475164,0.0,9.0
1000.0,10.0,0.4284395158812353,0.081691716775193,0.4284395158812353,0.0,9.0
1100.0,11.0,0.4358405987813969,0.0754826194768456,0.4358405987813969,0.0,9.0
1200.0,12.0,0.4381297885786793,0.075162679664842,0.4381297885786793,0.0,9.0
1300.0,13.0,0.4401413553035938,0.0734838278290347,0.4401413553035938,0.0,9.0
1400.0,14.0,0.4434514412959191,0.0717945386119433,0.4434514412959191,0.0,9.0
1500.0,15.0,0.4462530334270588,0.0719893071251897,0.4462530334270588,0.0,9.0
1600.0,16.0,0.4473215750901597,0.0720772052060902,0.4473215750901597,0.0,9.0
1700.0,17.0,0.4471251511907396,0.0711355565749226,0.4471251511907396,0.0,9.0
1800.0,18.0,0.4546712586227624,0.06882033733233,0.4546712586227624,0.0,9.0
1900.0,19.0,0.4563506745254763,0.0685435168686647,0.4563506745254763,0.0,9.0
2100.0,21.0,0.4589436450658765,0.0674888375278603,0.4589436450658765,0.0,9.0
2200.0,22.0,0.4601827455785079,0.0603778829437141,0.4601827455785079,0.0,9.0
2300.0,23.0,0.4642725150331285,0.0574195525794885,0.4642725150331285,0.0,9.0
2400.0,24.0,0.464796344372042,0.0559216250509787,0.464796344372042,0.0,9.0
2500.0,25.0,0.4648001721011335,0.0574961570031879,0.4648001721011335,0.0,9.0
2600.0,26.0,0.4668495855415704,0.0572617487201143,0.4668495855415704,0.0,9.0
2700.0,27.0,0.4666428455140392,0.0572388161468872,0.4666428455140392,0.0,9.0
2800.0,28.0,0.4668499014295854,0.0559736718366457,0.4668499014295854,0.0,9.0
2900.0,29.0,0.4680564450415403,0.0559773084215945,0.4680564450415403,0.0,9.0
3100.0,31.0,0.4705845024911166,0.0514512762150674,0.4705845024911166,0.0,9.0
3200.0,32.0,0.4736209285253122,0.0507448076349068,0.4736209285253122,0.0,9.0
3400.0,34.0,0.4711510870886276,0.0504766767759269,0.4711510870886276,0.0,9.0
3700.0,37.0,0.4696133068627016,0.0517861591412805,0.4696133068627016,0.0,9.0
3800.0,38.0,0.4710989453592933,0.0508140754270782,0.4710989453592933,0.0,9.0
3900.0,39.0,0.4735900728210044,0.0499636375300504,0.4735900728210044,0.0,9.0
4100.0,41.0,0.4768810831301358,0.0494916157133103,0.4768810831301358,0.0,9.0
4200.0,42.0,0.4765889300974495,0.0494462250334695,0.4765889300974495,0.0,9.0
4300.0,43.0,0.4772172364260592,0.0497811607543942,0.4772172364260592,0.0,9.0
4500.0,45.0,0.4778810572535085,0.0491723893870249,0.4778810572535085,0.0,9.0
4600.0,46.0,0.4813142762839247,0.0488462750390732,0.4813142762839247,0.0,9.0
4700.0,47.0,0.4834016518931552,0.0474444567741858,0.4834016518931552,0.0,9.0
4900.0,49.0,0.4837574263491148,0.0503608683843841,0.4837574263491148,0.0,9.0
5000.0,50.0,0.4842132850736872,0.0497559776757669,0.4842132850736872,0.0,9.0
5100.0,51.0,0.4856385224254952,0.0496033844773658,0.4856385224254952,0.0,9.0
5200.0,52.0,0.4874642761388477,0.0489757515715558,0.4874642761388477,0.0,9.0
5400.0,54.0,0.4880395594118608,0.0485972729729068,0.4880395594118608,0.0,9.0
5500.0,55.0,0.4907107845854571,0.0473150456945585,0.4907107845854571,0.0,9.0
5600.0,56.0,0.4907411484874439,0.0475477512683361,0.4907411484874439,0.0,9.0
5800.0,58.0,0.489876848841077,0.0475431644530634,0.489876848841077,0.0,9.0
5900.0,59.0,0.4918250423019998,0.0467754568422077,0.4918250423019998,0.0,9.0
6000.0,60.0,0.4912488978177031,0.0462903665003035,0.4912488978177031,0.0,9.0
6100.0,61.0,0.4921954714111028,0.0465503046636476,0.4921954714111028,0.0,9.0
6300.0,63.0,0.4913844040112265,0.0463287393236536,0.4913844040112265,0.0,9.0
6400.0,64.0,0.4926960624086754,0.0453652131415704,0.4926960624086754,0.0,9.0
6500.0,65.0,0.4926104802357657,0.0424680531080633,0.4926104802357657,0.0,9.0
6700.0,67.0,0.4919355154997854,0.0431165326345877,0.4919355154997854,0.0,9.0
6900.0,69.0,0.4916382292034248,0.044190790571153,0.4916382292034248,0.0,9.0
7300.0,73.0,0.4854306908631696,0.0494792995743215,0.4854306908631696,0.0,9.0
7500.0,75.0,0.4890582670110762,0.0456264373674294,0.4890582670110762,0.0,9.0
7600.0,76.0,0.4896020654626454,0.0454790614050049,0.4896020654626454,0.0,9.0
7800.0,78.0,0.495881863370664,0.0437694205855241,0.495881863370664,0.0,9.0
7900.0,79.0,0.495405658115574,0.0430419684307149,0.495405658115574,0.0,9.0
8000.0,80.0,0.4945904244822278,0.0426615682158825,0.4945904244822278,0.0,9.0
8100.0,81.0,0.49471442854373,0.0431757772165017,0.49471442854373,0.0,9.0
8200.0,82.0,0.4956520338988483,0.0419961329652383,0.4956520338988483,0.0,9.0
8500.0,85.0,0.4943307642991315,0.0438187925213935,0.4943307642991315,0.0,9.0
8600.0,86.0,0.4992246323415112,0.0404013685346614,0.4992246323415112,0.0,9.0
8800.0,88.0,0.5003211525789405,0.0392480463118372,0.5003211525789405,0.0,9.0
9100.0,91.0,0.4980904808843113,0.0422179777805483,0.4980904808843113,0.0,9.0
9200.0,92.0,0.4983181672488131,0.0420385557985329,0.4983181672488131,0.0,9.0
9300.0,93.0,0.5008373916641138,0.0403159307340615,0.5008373916641138,0.0,9.0
9400.0,94.0,0.5029608229711516,0.0386199458984529,0.5029608229711516,0.0,9.0
9600.0,96.0,0.5025571247593371,0.0383828094298812,0.5025571247593371,0.0,9.0
9900.0,99.0,0.5008160239881162,0.0409964073407315,0.5008160239881162,0.0,9.0
10200.0,102.0,0.5013729034323394,0.0409684501367548,0.5013729034323394,0.0,9.0
10300.0,103.0,0.5015791700352802,0.0410621664524694,0.5015791700352802,0.0,9.0
10600.0,106.0,0.4977690116912881,0.0431676128988188,0.4977690116912881,0.0,9.0
10700.0,107.0,0.4983076269439012,0.0428344578379206,0.4983076269439012,0.0,9.0
10900.0,109.0,0.4999713681762014,0.0410327198260003,0.4999713681762014,0.0,9.0
11200.0,112.0,0.4986889447565505,0.0421990243687733,0.4986889447565505,0.0,9.0
11300.0,113.0,0.4993948838217464,0.0421215025033445,0.4993948838217464,0.0,9.0
11400.0,114.0,0.5003709397126588,0.0422161482148306,0.5003709397126588,0.0,9.0
11500.0,115.0,0.5025292442407029,0.0401761188453838,0.5025292442407029,0.0,9.0
11700.0,117.0,0.5015326694834462,0.0413687562470107,0.5015326694834462,0.0,9.0
11800.0,118.0,0.5015617326154271,0.041006535392959,0.5015617326154271,0.0,9.0
12300.0,123.0,0.4967548446754469,0.04511368554586,0.4967548446754469,0.0,9.0
12400.0,124.0,0.4987513302704048,0.0438102963853262,0.4987513302704048,0.0,9.0
12500.0,125.0,0.4998792435042513,0.043604711425396,0.4998792435042513,0.0,9.0
12700.0,127.0,0.499727539002036,0.0425295817086746,0.499727539002036,0.0,9.0
12800.0,128.0,0.5001723833359596,0.0426332727646726,0.5001723833359596,0.0,9.0
12900.0,129.0,0.5002833766277717,0.0407492457957621,0.5002833766277717,0.0,9.0
13300.0,133.0,0.4962814398145703,0.0438230668661014,0.4962814398145703,0.0,9.0
13500.0,135.0,0.4941048747358951,0.0440683944038223,0.4941048747358951,0.0,9.0
13600.0,136.0,0.493994150343657,0.0440329985251576,0.493994150343657,0.0,9.0
13800.0,138.0,0.494516875218045,0.045115966610443,0.494516875218045,0.0,9.0
13900.0,139.0,0.4953030806832106,0.0448502412333339,0.4953030806832106,0.0,9.0
14000.0,140.0,0.4965266418960928,0.0434253410062016,0.4965266418960928,0.0,9.0
14300.0,143.0,0.4993428886740491,0.0447068340807499,0.4993428886740491,0.0,9.0
14400.0,144.0,0.4983490139790458,0.0446711496902739,0.4983490139790458,0.0,9.0
14500.0,145.0,0.500311994059785,0.0434997593351301,0.500311994059785,0.0,9.0
14600.0,146.0,0.5007678118913633,0.0436246808916878,0.5007678118913633,0.0,9.0
14700.0,147.0,0.502053151235691,0.0428112399954211,0.502053151235691,0.0,9.0
15000.0,150.0,0.5025808519084527,0.0424147620396453,0.5025808519084527,0.0,9.0
15200.0,152.0,0.5012156563590979,0.0427135114164685,0.5012156563590979,0.0,9.0
15300.0,153.0,0.5016389246887213,0.0429188116357899,0.5016389246887213,0.0,9.0
15500.0,155.0,0.5013420745065962,0.0434769293219824,0.5013420745065962,0.0,9.0
15600.0,156.0,0.5015600776619799,0.0433741354072339,0.5015600776619799,0.0,9.0
15700.0,157.0,0.5041573230860185,0.0422031163167904,0.5041573230860185,0.0,9.0
16000.0,160.0,0.5041023589579873,0.0406933202549442,0.5041023589579873,0.0,9.0
16100.0,161.0,0.50432574640704,0.0406220960034078,0.50432574640704,0.0,9.0
16200.0,162.0,0.5047461678767688,0.0405448476168951,0.5047461678767688,0.0,9.0
16300.0,163.0,0.5035676563562862,0.040443061706063,0.5035676563562862,0.0,9.0
16400.0,164.0,0.5033428939269677,0.0401001190245118,0.5033428939269677,0.0,9.0
16700.0,167.0,0.4981048500222785,0.0467403371889296,0.4981048500222785,0.0,9.0
16800.0,168.0,0.498253865864806,0.0453472621171494,0.498253865864806,0.0,9.0
16900.0,169.0,0.4984340561842357,0.0463377113000612,0.4984340561842357,0.0,9.0
17000.0,170.0,0.4990581134254137,0.0459728084976993,0.4990581134254137,0.0,9.0
17300.0,173.0,0.499387447636119,0.0455052835289919,0.499387447636119,0.0,9.0
17500.0,175.0,0.5012879382812371,0.0443705279599091,0.5012879382812371,0.0,9.0
17600.0,176.0,0.5016070812338869,0.0436649863918983,0.5016070812338869,0.0,9.0
17900.0,179.0,0.4992903915173722,0.0465528461453278,0.4992903915173722,0.0,9.0
18000.0,180.0,0.4967993022143421,0.0440510256284259,0.4967993022143421,0.0,9.0
18200.0,182.0,0.4954472182316533,0.0445505879478945,0.4954472182316533,0.0,9.0
18300.0,183.0,0.498627217248103,0.0431067184865436,0.498627217248103,0.0,9.0
18600.0,186.0,0.4945884162441786,0.0497164854467794,0.4945884162441786,0.0,9.0
18700.0,187.0,0.4935149473776446,0.0471139911231958,0.4935149473776446,0.0,9.0
18800.0,188.0,0.4947081795786358,0.0456669094240636,0.4947081795786358,0.0,9.0
19000.0,190.0,0.4971759912774106,0.0485653111097775,0.4971759912774106,0.0,9.0
19300.0,193.0,0.4921844504277177,0.047258770125631,0.4921844504277177,0.0,9.0
19400.0,194.0,0.4937398088781891,0.0459646061372639,0.4937398088781891,0.0,9.0
19500.0,195.0,0.4954318530171004,0.0441785780173066,0.4954318530171004,0.0,9.0
19800.0,198.0,0.4950301209421351,0.0457395781934115,0.4950301209421351,0.0,9.0
19900.0,199.0,0.4994957516492152,0.0424750311516327,0.4994957516492152,0.0,9.0
20200.0,202.0,0.4971386934984777,0.0446813444476501,0.4971386934984777,0.0,9.0
20300.0,203.0,0.4994958905847157,0.0429219048936513,0.4994958905847157,0.0,9.0
20500.0,205.0,0.4986046837483153,0.04324832236521,0.4986046837483153,0.0,9.0
20800.0,208.0,0.4992810889748604,0.0437547815283964,0.4992810889748604,0.0,9.0
21000.0,210.0,0.4993661738184821,0.0429141603206677,0.4993661738184821,0.0,9.0
21100.0,211.0,0.4994474149539208,0.0421061988747934,0.4994474149539208,0.0,9.0
21600.0,216.0,0.4952158100847575,0.0437302463894029,0.4952158100847575,0.0,9.0
21800.0,218.0,0.4969619682206734,0.0417923537385212,0.4969619682206734,0.0,9.0
21900.0,219.0,0.499493181106902,0.0408892818485044,0.499493181106902,0.0,9.0
22000.0,220.0,0.5004598877256822,0.0414829595637663,0.5004598877256822,0.0,9.0
22200.0,222.0,0.5015600263307255,0.0408436848281518,0.5015600263307255,0.0,9.0
22300.0,223.0,0.5012609632007361,0.0407485112442521,0.5012609632007361,0.0,9.0
22900.0,229.0,0.4936084754691798,0.0451947872064743,0.4936084754691798,0.0,9.0
23000.0,230.0,0.4945183206832607,0.0442560757566461,0.4945183206832607,0.0,9.0
23100.0,231.0,0.4943438582688028,0.043549039233005,0.4943438582688028,0.0,9.0
23200.0,232.0,0.4962400714943317,0.0414869101441191,0.4962400714943317,0.0,9.0
23300.0,233.0,0.4955660524258206,0.0414575857622033,0.4955660524258206,0.0,9.0
23500.0,235.0,0.4960936250328726,0.0415743054710095,0.4960936250328726,0.0,9.0
23600.0,236.0,0.4966530052228343,0.0415871135596776,0.4966530052228343,0.0,9.0
23800.0,238.0,0.4971166551901667,0.0413332313809974,0.4971166551901667,0.0,9.0
24000.0,240.0,0.4971056848617342,0.0411898751971499,0.4971056848617342,0.0,9.0
24100.0,241.0,0.4972532290250902,0.0416149592667027,0.4972532290250902,0.0,9.0
24200.0,242.0,0.5003313757472804,0.0405524404544993,0.5003313757472804,0.0,9.0
24300.0,243.0,0.5011372555649105,0.0397831478117271,0.5011372555649105,0.0,9.0
24400.0,244.0,0.5020251629416996,0.039442135626811,0.5020251629416996,0.0,9.0
24500.0,245.0,0.5028374484758031,0.0391475854354924,0.5028374484758031,0.0,9.0
24700.0,247.0,0.5015941133052934,0.0392035253531722,0.5015941133052934,0.0,9.0
24900.0,249.0,0.5008611206793929,0.0397224996156793,0.5008611206793929,0.0,9.0
25000.0,250.0,0.5015284757182751,0.0394452185860299,0.5015284757182751,0.0,9.0
25300.0,253.0,0.5002956809768973,0.0405680632735337,0.5002956809768973,0.0,9.0
25700.0,257.0,0.4995790682481701,0.0425935536722872,0.4995790682481701,0.0,9.0
25900.0,259.0,0.4999348139373059,0.0416757968829746,0.4999348139373059,0.0,9.0
26000.0,260.0,0.5010892440319958,0.0412733085634557,0.5010892440319958,0.0,9.0
26100.0,261.0,0.5013763629811413,0.0418423437548472,0.5013763629811413,0.0,9.0
26500.0,265.0,0.4963272674120502,0.0462704233999562,0.4963272674120502,0.0,9.0
26700.0,267.0,0.4972970678058362,0.0468550027590733,0.4972970678058362,0.0,9.0
26800.0,268.0,0.4977119752315632,0.0458820527291167,0.4977119752315632,0.0,9.0
27000.0,270.0,0.4987618522570241,0.0438595472175233,0.4987618522570241,0.0,9.0
27300.0,273.0,0.4978340702394079,0.0448257917731875,0.4978340702394079,0.0,9.0
27500.0,275.0,0.4969238053284971,0.0459572389676218,0.4969238053284971,0.0,9.0
27600.0,276.0,0.4987777702530017,0.0444217489315989,0.4987777702530017,0.0,9.0
27900.0,279.0,0.4988916463510209,0.0448069415612932,0.4988916463510209,0.0,9.0
28100.0,281.0,0.4987232252532863,0.0446607142667301,0.4987232252532863,0.0,9.0
28200.0,282.0,0.5007712414121688,0.0439933716266493,0.5007712414121688,0.0,9.0
28300.0,283.0,0.5010631822670152,0.0432035181850267,0.5010631822670152,0.0,9.0
28600.0,286.0,0.4999481897513173,0.0428486182957889,0.4999481897513173,0.0,9.0
28700.0,287.0,0.5003508998904485,0.0423939189507244,0.5003508998904485,0.0,9.0
28800.0,288.0,0.5011599904129934,0.0417126162483392,0.5011599904129934,0.0,9.0
28900.0,289.0,0.5017080346110474,0.0401108560462657,0.5017080346110474,0.0,9.0
29000.0,290.0,0.5024394825910663,0.039662515659935,0.5024394825910663,0.0,9.0
29500.0,295.0,0.4979477010210885,0.0431320986416578,0.4979477010210885,0.0,9.0
29700.0,297.0,0.497955558668281,0.0426684681826115,0.497955558668281,0.0,9.0
29900.0,299.0,0.4985607837180287,0.0426111128029141,0.4985607837180287,0.0,9.0
30000.0,300.0,0.4971541316355106,0.0425032431783184,0.4971541316355106,0.0,9.0
30200.0,302.0,0.4977851708041692,0.0438438640944971,0.4977851708041692,0.0,9.0
30300.0,303.0,0.4985623229399,0.0449838780792391,0.4985623229399,0.0,9.0
30600.0,306.0,0.495431935827117,0.0476025820224461,0.495431935827117,0.0,9.0
30700.0,307.0,0.4979125438499681,0.0461115629454246,0.4979125438499681,0.0,9.0
30800.0,308.0,0.498071036760728,0.0454680203454446,0.498071036760728,0.0,9.0
30900.0,309.0,0.4991947261780356,0.0448369632861552,0.4991947261780356,0.0,9.0
31000.0,310.0,0.4994281687381895,0.0442861288027548,0.4994281687381895,0.0,9.0
31100.0,311.0,0.4997002175955953,0.043935828606608,0.4997002175955953,0.0,9.0
31300.0,313.0,0.4991185445395535,0.0448594479293181,0.4991185445395535,0.0,9.0
31400.0,314.0,0.5005394689927773,0.04317579380331,0.5005394689927773,0.0,9.0
31500.0,315.0,0.5022615098580322,0.0415246249132174,0.5022615098580322,0.0,9.0
31800.0,318.0,0.4991326633234351,0.0425920154755076,0.4991326633234351,0.0,9.0
32000.0,320.0,0.4990423079928294,0.0422321584006344,0.4990423079928294,0.0,9.0
32200.0,322.0,0.4968042627932373,0.0414916296383746,0.4968042627932373,0.0,9.0
32600.0,326.0,0.4948539611371578,0.0417166583449539,0.4948539611371578,0.0,9.0
32700.0,327.0,0.4923588277579876,0.0415294475615552,0.4923588277579876,0.0,9.0
32800.0,328.0,0.496644369602183,0.0403302248627632,0.496644369602183,0.0,9.0
32900.0,329.0,0.499169992874846,0.0383709379916544,0.499169992874846,0.0,9.0
33000.0,330.0,0.4987564614734204,0.0383463967628445,0.4987564614734204,0.0,9.0
33200.0,332.0,0.4990949918158616,0.038935527714271,0.4990949918158616,0.0,9.0
33300.0,333.0,0.4994873626336876,0.0396033720928135,0.4994873626336876,0.0,9.0
33500.0,335.0,0.5001577750654246,0.0395692237124599,0.5001577750654246,0.0,9.0
33600.0,336.0,0.5017391290013496,0.0387822164228527,0.5017391290013496,0.0,9.0
33900.0,339.0,0.5016717183211228,0.0403025726709778,0.5016717183211228,0.0,9.0
34000.0,340.0,0.5032588564502751,0.0392689828933276,0.5032588564502751,0.0,9.0
34300.0,343.0,0.5027645960777547,0.0390254595584681,0.5027645960777547,0.0,9.0
34400.0,344.0,0.5031930261759283,0.0392138450880622,0.5031930261759283,0.0,9.0
34500.0,345.0,0.5039625113083608,0.0394167640065025,0.5039625113083608,0.0,9.0
34800.0,348.0,0.5011135589411874,0.0412807492235648,0.5011135589411874,0.0,9.0
34900.0,349.0,0.5011769868570457,0.0420061715301977,0.5011769868570457,0.0,9.0
35000.0,350.0,0.5029440314725125,0.040909497825534,0.5029440314725125,0.0,9.0
35100.0,351.0,0.5034151337799871,0.0399913214952351,0.5034151337799871,0.0,9.0
35300.0,353.0,0.5040566168511904,0.0404570765889403,0.5040566168511904,0.0,9.0
35500.0,355.0,0.5043697861092052,0.0401251511502188,0.5043697861092052,0.0,9.0
35800.0,358.0,0.5048308261617345,0.0393816785769749,0.5048308261617345,0.0,9.0
35900.0,359.0,0.5062052883683779,0.0385850569147893,0.5062052883683779,0.0,9.0
36300.0,363.0,0.5045434241332523,0.0397919078340022,0.5045434241332523,0.0,9.0
36600.0,366.0,0.5032629271393325,0.0395444533752709,0.5032629271393325,0.0,9.0
36700.0,367.0,0.5034091816653556,0.0398922369929055,0.5034091816653556,0.0,9.0
36800.0,368.0,0.5028182121276085,0.0393018205519819,0.5028182121276085,0.0,9.0
36900.0,369.0,0.5017612816994026,0.0389265397510953,0.5017612816994026,0.0,9.0
37100.0,371.0,0.5003078738649204,0.0409996761331902,0.5003078738649204,0.0,9.0
37200.0,372.0,0.5004446874556805,0.0408355998536826,0.5004446874556805,0.0,9.0
37300.0,373.0,0.5016397041667758,0.0394186011066961,0.5016397041667758,0.0,9.0
37400.0,374.0,0.500858164872613,0.0391958129632762,0.500858164872613,0.0,9.0
37600.0,376.0,0.5042244620570941,0.0377153156144922,0.5042244620570941,0.0,9.0
37800.0,378.0,0.5050134536145405,0.0374328945689676,0.5050134536145405,0.0,9.0
37900.0,379.0,0.5056908024858058,0.0363814933777996,0.5056908024858058,0.0,9.0
38000.0,380.0,0.5063523229116329,0.0361129854008413,0.5063523229116329,0.0,9.0
38200.0,382.0,0.5056748013904673,0.0357722824476593,0.5056748013904673,0.0,9.0
38500.0,385.0,0.504978236698112,0.0372544520422355,0.504978236698112,0.0,9.0
38700.0,387.0,0.5059848971182905,0.0364560987213829,0.5059848971182905,0.0,9.0
38800.0,388.0,0.5084740545034995,0.0345725199301639,0.5084740545034995,0.0,9.0
39100.0,391.0,0.5068703624315408,0.0354394265392195,0.5068703624315408,0.0,9.0
39200.0,392.0,0.5082432793689899,0.0344340943676336,0.5082432793689899,0.0,9.0
39300.0,393.0,0.5101366971346152,0.0328511893580856,0.5101366971346152,0.0,9.0
39400.0,394.0,0.510879658194663,0.0320196527993756,0.510879658194663,0.0,9.0
39500.0,395.0,0.5113873048956017,0.0320211472140123,0.5113873048956017,0.0,9.0
39600.0,396.0,0.5124885126126033,0.0319814687449585,0.5124885126126033,0.0,9.0
39700.0,397.0,0.5132051657377517,0.0318993881067642,0.5132051657377517,0.0,9.0
39800.0,398.0,0.5135812077320706,0.0313152441771121,0.5135812077320706,0.0,9.0
40400.0,404.0,0.5098083705138523,0.0325288553818371,0.5098083705138523,0.0,9.0
40700.0,407.0,0.5061933972814701,0.0374576487285422,0.5061933972814701,0.0,9.0
40900.0,409.0,0.5050678071369044,0.0374581863103595,0.5050678071369044,0.0,9.0
41300.0,413.0,0.5007081685663883,0.0395251338583791,0.5007081685663883,0.0,9.0
41400.0,414.0,0.5038855259242617,0.0385500191880669,0.5038855259242617,0.0,9.0
41500.0,415.0,0.5046608415812308,0.0375754721415746,0.5046608415812308,0.0,9.0
41700.0,417.0,0.5049823391581865,0.0368803072662122,0.5049823391581865,0.0,9.0
41800.0,418.0,0.5056959970569052,0.0369641197645221,0.5056959970569052,0.0,9.0
42000.0,420.0,0.5052847641593378,0.0371095705708256,0.5052847641593378,0.0,9.0
42100.0,421.0,0.5057593744815871,0.0368603602303701,0.5057593744815871,0.0,9.0
42300.0,423.0,0.5068612355172354,0.0385280940255861,0.5068612355172354,0.0,9.0
42400.0,424.0,0.5084795121219818,0.0376014987418378,0.5084795121219818,0.0,9.0
42600.0,426.0,0.5083513396767918,0.0368303624414038,0.5083513396767918,0.0,9.0
42800.0,428.0,0.5086902257134261,0.0369846869194712,0.5086902257134261,0.0,9.0
42900.0,429.0,0.5092617216281098,0.0359171866456581,0.5092617216281098,0.0,9.0
43000.0,430.0,0.5101016712347948,0.035430061722094,0.5101016712347948,0.0,9.0
43300.0,433.0,0.5082172301848167,0.0358688614776486,0.5082172301848167,0.0,9.0
43600.0,436.0,0.5069588350824731,0.0388801743424329,0.5069588350824731,0.0,9.0
43800.0,438.0,0.5056767461264378,0.0396194317725983,0.5056767461264378,0.0,9.0
43900.0,439.0,0.5060657611374016,0.0384554674059337,0.5060657611374016,0.0,9.0
44200.0,442.0,0.5036190505585522,0.0399990225410636,0.5036190505585522,0.0,9.0
44300.0,443.0,0.503863737600297,0.0398338379461093,0.503863737600297,0.0,9.0
44500.0,445.0,0.5051732834394026,0.0398494218699387,0.5051732834394026,0.0,9.0
44600.0,446.0,0.5066336950427026,0.0387676003602774,0.5066336950427026,0.0,9.0
44900.0,449.0,0.5041567322246675,0.0398467179093637,0.5041567322246675,0.0,9.0
45000.0,450.0,0.5067600542911875,0.0386112284430101,0.5067600542911875,0.0,9.0
45100.0,451.0,0.5070132431152622,0.0410772834817142,0.5070132431152622,0.0,9.0
45300.0,453.0,0.508467617819084,0.036785596915971,0.508467617819084,0.0,9.0
45400.0,454.0,0.5089233413050577,0.0362896996904457,0.5089233413050577,0.0,9.0
45600.0,456.0,0.5104644499913695,0.036281842479593,0.5104644499913695,0.0,9.0
45700.0,457.0,0.5099513228619883,0.0361168967635469,0.5099513228619883,0.0,9.0
46200.0,462.0,0.5047565645858988,0.0401164630426071,0.5047565645858988,0.0,9.0
46400.0,464.0,0.5049430376460888,0.0411248818780817,0.5049430376460888,0.0,9.0
46500.0,465.0,0.5047491552834849,0.0409368535014631,0.5047491552834849,0.0,9.0
46600.0,466.0,0.5081170430091589,0.037847336254856,0.5081170430091589,0.0,9.0
46900.0,469.0,0.5025025509091431,0.0398473397081368,0.5025025509091431,0.0,9.0
47100.0,471.0,0.5041398032855041,0.0390930987509078,0.5041398032855041,0.0,9.0
47300.0,473.0,0.5043039589923157,0.0400666124523649,0.5043039589923157,0.0,9.0
47700.0,477.0,0.4999573999193119,0.0427720377281625,0.4999573999193119,0.0,9.0
47800.0,478.0,0.5031036660091688,0.0416814091521451,0.5031036660091688,0.0,9.0
48000.0,480.0,0.5034686539240896,0.0412875244757926,0.5034686539240896,0.0,9.0
48100.0,481.0,0.5041515589559263,0.0404488752322687,0.5041515589559263,0.0,9.0
48200.0,482.0,0.5049524423552902,0.0403043287102211,0.5049524423552902,0.0,9.0
48400.0,484.0,0.502660432076051,0.0420228877291804,0.502660432076051,0.0,9.0
48500.0,485.0,0.5036026252440037,0.0430135230293582,0.5036026252440037,0.0,9.0
48700.0,487.0,0.5016657122001784,0.0428262003754013,0.5016657122001784,0.0,9.0
48800.0,488.0,0.5034366084931345,0.0426664207795398,0.5034366084931345,0.0,9.0
48900.0,489.0,0.5057983544157791,0.0410132608518947,0.5057983544157791,0.0,9.0
49000.0,490.0,0.5062305180699165,0.040395257094905,0.5062305180699165,0.0,9.0
49100.0,491.0,0.5079221921307377,0.039351620829373,0.5079221921307377,0.0,9.0
49200.0,492.0,0.5079987628021613,0.0387025899207614,0.5079987628021613,0.0,9.0
49400.0,494.0,0.5068673047334994,0.0403664620346117,0.5068673047334994,0.0,9.0
49700.0,497.0,0.5055987318922961,0.0424600188459847,0.5055987318922961,0.0,9.0
49900.0,499.0,0.5054034969129237,0.0426705243770601,0.5054034969129237,0.0,9.0
50100.0,501.0,0.5075064637103063,0.0398148835801096,0.5075064637103063,0.0,9.0
50400.0,504.0,0.5048862933495014,0.0417223399497583,0.5048862933495014,0.0,9.0
50500.0,505.0,0.5086626406628307,0.0395364605195288,0.5086626406628307,0.0,9.0
50600.0,506.0,0.5092677107507829,0.0392869975245113,0.5092677107507829,0.0,9.0
50800.0,508.0,0.5080150372937978,0.0399109155297705,0.5080150372937978,0.0,9.0
51300.0,513.0,0.5042056033240194,0.040735535112012,0.5042056033240194,0.0,9.0
51400.0,514.0,0.5033421083611531,0.0403874074148997,0.5033421083611531,0.0,9.0
51600.0,516.0,0.5035690489407502,0.0397029013864814,0.5035690489407502,0.0,9.0
51700.0,517.0,0.5056924967472091,0.0382022916322952,0.5056924967472091,0.0,9.0
52000.0,520.0,0.5022207321213595,0.0423023934521936,0.5022207321213595,0.0,9.0
52100.0,521.0,0.5025351460041864,0.0415512934466057,0.5025351460041864,0.0,9.0
52200.0,522.0,0.5045719590029688,0.0402134565069116,0.5045719590029688,0.0,9.0
52300.0,523.0,0.505821195149148,0.0398654507473153,0.505821195149148,0.0,9.0
52400.0,524.0,0.5078086245876848,0.0383775745990358,0.5078086245876848,0.0,9.0
52500.0,525.0,0.509192482460281,0.0375364954550402,0.509192482460281,0.0,9.0
52600.0,526.0,0.510160878889647,0.0359964997529754,0.510160878889647,0.0,9.0
52900.0,529.0,0.5071113506733009,0.0389698365636211,0.5071113506733009,0.0,9.0
53000.0,530.0,0.5075380770441552,0.0380659440021159,0.5075380770441552,0.0,9.0
53100.0,531.0,0.5089182126165124,0.0360903152716097,0.5089182126165124,0.0,9.0
53500.0,535.0,0.5086285083292625,0.0374679558282104,0.5086285083292625,0.0,9.0
53700.0,537.0,0.5086890533509482,0.0381324551776964,0.5086890533509482,0.0,9.0
53900.0,539.0,0.509089229250644,0.0376253452379,0.509089229250644,0.0,9.0
54100.0,541.0,0.5072696330453438,0.039082441298752,0.5072696330453438,0.0,9.0
54200.0,542.0,0.5074981499221011,0.0389430699293454,0.5074981499221011,0.0,9.0
54300.0,543.0,0.5086816972645282,0.0378454358608748,0.5086816972645282,0.0,9.0
54400.0,544.0,0.5114364307270828,0.0355413461483857,0.5114364307270828,0.0,9.0
54800.0,548.0,0.5090743499354845,0.0363472816178449,0.5090743499354845,0.0,9.0
54900.0,549.0,0.5118090628031002,0.035416099347775,0.5118090628031002,0.0,9.0
55000.0,550.0,0.5119519457205447,0.0348531835908125,0.5119519457205447,0.0,9.0
55300.0,553.0,0.5103983223124121,0.036147243957475,0.5103983223124121,0.0,9.0
55400.0,554.0,0.5106303343897832,0.0359371985037229,0.5106303343897832,0.0,9.0
55500.0,555.0,0.5110773749830507,0.0361144309816718,0.5110773749830507,0.0,9.0
55600.0,556.0,0.5108223190054548,0.0355896581002553,0.5108223190054548,0.0,9.0
55700.0,557.0,0.5111353122758532,0.0354854383653843,0.5111353122758532,0.0,9.0
55800.0,558.0,0.5115018599243141,0.0346535843787139,0.5115018599243141,0.0,9.0
56200.0,562.0,0.5104117748680123,0.0384095950746006,0.5104117748680123,0.0,9.0
56300.0,563.0,0.510350620338816,0.0372694707118278,0.510350620338816,0.0,9.0
56500.0,565.0,0.5078564240656385,0.03750040497924,0.5078564240656385,0.0,9.0
56600.0,566.0,0.507611639580065,0.0374361426093248,0.507611639580065,0.0,9.0
56800.0,568.0,0.506580900375816,0.0375169025053572,0.506580900375816,0.0,9.0
56900.0,569.0,0.5068166992298702,0.0363891373084387,0.5068166992298702,0.0,9.0
57000.0,570.0,0.5068869189096631,0.0376757265765277,0.5068869189096631,0.0,9.0
57200.0,572.0,0.5088348945730667,0.0361373538400086,0.5088348945730667,0.0,9.0
57500.0,575.0,0.5089364985223448,0.036764036228166,0.5089364985223448,0.0,9.0
57600.0,576.0,0.5105625404822753,0.0349130547414062,0.5105625404822753,0.0,9.0
58000.0,580.0,0.5084986515910714,0.0381439365048751,0.5084986515910714,0.0,9.0
58200.0,582.0,0.5082970933436189,0.0392399951845915,0.5082970933436189,0.0,9.0
58600.0,586.0,0.5079409053108261,0.0406767204089101,0.5079409053108261,0.0,9.0
58700.0,587.0,0.5062942429172432,0.0398413734924559,0.5062942429172432,0.0,9.0
58800.0,588.0,0.5079326852827143,0.0390118250540007,0.5079326852827143,0.0,9.0
59000.0,590.0,0.5052805331614572,0.0416374636068817,0.5052805331614572,0.0,9.0
59300.0,593.0,0.5012331205442372,0.0436094389910015,0.5012331205442372,0.0,9.0
59400.0,594.0,0.5024384106365664,0.0400083285512634,0.5024384106365664,0.0,9.0
59500.0,595.0,0.5025131336950844,0.0398724371425111,0.5025131336950844,0.0,9.0
59700.0,597.0,0.5027161737606795,0.0380967608603756,0.5027161737606795,0.0,9.0
59800.0,598.0,0.5057624595924808,0.0365107274448947,0.5057624595924808,0.0,9.0
60000.0,600.0,0.5060348163381359,0.0363880167987686,0.5060348163381359,0.0,9.0
60300.0,603.0,0.5030537278709875,0.0384132898283631,0.5030537278709875,0.0,9.0
60400.0,604.0,0.5060644837407233,0.0368487691040439,0.5060644837407233,0.0,9.0
60500.0,605.0,0.5075228373677255,0.0358811386027847,0.5075228373677255,0.0,9.0
60700.0,607.0,0.5081347000998258,0.0363366804103594,0.5081347000998258,0.0,9.0
60800.0,608.0,0.5082363407074832,0.0364289354929229,0.5082363407074832,0.0,9.0
60900.0,609.0,0.5102462471432798,0.0354771795820245,0.5102462471432798,0.0,9.0
61000.0,610.0,0.5108383345318941,0.0356892194834967,0.5108383345318941,0.0,9.0
61100.0,611.0,0.5108156167504649,0.035326921746057,0.5108156167504649,0.0,9.0
61300.0,613.0,0.5096240702227708,0.0355428672986078,0.5096240702227708,0.0,9.0
61600.0,616.0,0.5095782230881245,0.0365330404328502,0.5095782230881245,0.0,9.0
61800.0,618.0,0.5083494345776961,0.0362030428525775,0.5083494345776961,0.0,9.0
62000.0,620.0,0.5074658522638752,0.0369500389205083,0.5074658522638752,0.0,9.0
62200.0,622.0,0.5090979938627723,0.0363098394920409,0.5090979938627723,0.0,9.0
62300.0,623.0,0.5091162259880878,0.0355090461191914,0.5091162259880878,0.0,9.0
62400.0,624.0,0.5120903722576192,0.0331802393499742,0.5120903722576192,0.0,9.0
62700.0,627.0,0.5128273228866864,0.0346528147653168,0.5128273228866864,0.0,9.0
62800.0,628.0,0.5131034460936663,0.0337984187970954,0.5131034460936663,0.0,9.0
62900.0,629.0,0.5121433024095963,0.0336819182469352,0.5121433024095963,0.0,9.0
63000.0,630.0,0.5134873263157989,0.0336523086811246,0.5134873263157989,0.0,9.0
63100.0,631.0,0.5146696772366653,0.0331329893712515,0.5146696772366653,0.0,9.0
63700.0,637.0,0.5064538688477117,0.0378698028673298,0.5064538688477117,0.0,9.0
63900.0,639.0,0.5061843132070951,0.0374574666251522,0.5061843132070951,0.0,9.0
64100.0,641.0,0.506471852292088,0.038239865122242,0.506471852292088,0.0,9.0
64300.0,643.0,0.5055709829209519,0.0397379929257697,0.5055709829209519,0.0,9.0
64400.0,644.0,0.5057627409337326,0.0396673656200861,0.5057627409337326,0.0,9.0
64500.0,645.0,0.5075535385902878,0.0384640084833911,0.5075535385902878,0.0,9.0
64600.0,646.0,0.5090687214281898,0.0386079544390956,0.5090687214281898,0.0,9.0
64700.0,647.0,0.510557356339384,0.0372903925655101,0.510557356339384,0.0,9.0
64900.0,649.0,0.510916060495783,0.0400666121512215,0.510916060495783,0.0,9.0
65200.0,652.0,0.5072609861265703,0.0410394913542277,0.5072609861265703,0.0,9.0
65300.0,653.0,0.5077237610290513,0.0414376312913552,0.5077237610290513,0.0,9.0
65500.0,655.0,0.5079421681016153,0.0415964176953548,0.5079421681016153,0.0,9.0
65700.0,657.0,0.5062488170515803,0.0419927927461653,0.5062488170515803,0.0,9.0
65900.0,659.0,0.505167707518362,0.0417751926971035,0.505167707518362,0.0,9.0
66000.0,660.0,0.5047494232533362,0.0406512262223124,0.5047494232533362,0.0,9.0
66200.0,662.0,0.5051198955314596,0.0376070027267537,0.5051198955314596,0.0,9.0
66300.0,663.0,0.5068395286482188,0.0368183377712627,0.5068395286482188,0.0,9.0
66400.0,664.0,0.507183245504453,0.0363333061434921,0.507183245504453,0.0,9.0
66600.0,666.0,0.5056160692350335,0.0363532237021906,0.5056160692350335,0.0,9.0
66800.0,668.0,0.5051705336440268,0.0366321916300537,0.5051705336440268,0.0,9.0
66900.0,669.0,0.5057940463670058,0.0354516278185476,0.5057940463670058,0.0,9.0
67000.0,670.0,0.5061448764926483,0.036176468718014,0.5061448764926483,0.0,9.0
67100.0,671.0,0.5064834025683301,0.0358437171558932,0.5064834025683301,0.0,9.0
67300.0,673.0,0.5064284434619853,0.0362107010922449,0.5064284434619853,0.0,9.0
67400.0,674.0,0.5070805717932786,0.0389758612751053,0.5070805717932786,0.0,9.0
67500.0,675.0,0.5067616668790723,0.0372596949758157,0.5067616668790723,0.0,9.0
67700.0,677.0,0.5036176570866924,0.038695180122827,0.5036176570866924,0.0,9.0
67800.0,678.0,0.5060231510786725,0.0381327864617925,0.5060231510786725,0.0,9.0
68100.0,681.0,0.5042519075652987,0.0392814076929814,0.5042519075652987,0.0,9.0
68500.0,685.0,0.502647652436616,0.0393683045256132,0.502647652436616,0.0,9.0
68700.0,687.0,0.502547707199559,0.0408425743957396,0.502547707199559,0.0,9.0
68900.0,689.0,0.5023359392588137,0.0433825380050935,0.5023359392588137,0.0,9.0
69100.0,691.0,0.5015986348192513,0.0434039832297073,0.5015986348192513,0.0,9.0
69200.0,692.0,0.5020955783747649,0.0434008826463591,0.5020955783747649,0.0,9.0
69300.0,693.0,0.5043123931010428,0.0400576729610858,0.5043123931010428,0.0,9.0
69400.0,694.0,0.5044081997415096,0.0404778840647462,0.5044081997415096,0.0,9.0
69500.0,695.0,0.5046375257479103,0.0396741722507073,0.5046375257479103,0.0,9.0
69900.0,699.0,0.5024718365210548,0.0410013556820215,0.5024718365210548,0.0,9.0
70000.0,700.0,0.5035360895708879,0.0399687373542672,0.5035360895708879,0.0,9.0
100.0,1.0,0.2301045903725704,0.2375802653652187,0.2301045903725704,0.0,10.0
200.0,2.0,0.2382889631860093,0.233389450265385,0.2382889631860093,0.0,10.0
300.0,3.0,0.2720941900065817,0.2159412251916785,0.2720941900065817,0.0,10.0
400.0,4.0,0.3329930473322589,0.1601176933994951,0.3329930473322589,0.0,10.0
500.0,5.0,0.354374833902495,0.1401873015087335,0.354374833902495,0.0,10.0
600.0,6.0,0.3743824240948764,0.1272565569913265,0.3743824240948764,0.0,10.0
700.0,7.0,0.3909536623687317,0.1184284505812234,0.3909536623687317,0.0,10.0
800.0,8.0,0.4091466678706361,0.1096798071521479,0.4091466678706361,0.0,10.0
900.0,9.0,0.4280125271448471,0.1004499598636468,0.4280125271448471,0.0,10.0
1000.0,10.0,0.4323620316120185,0.0972780777129005,0.4323620316120185,0.0,10.0
1100.0,11.0,0.4390758597492388,0.0888786873762033,0.4390758597492388,0.0,10.0
1200.0,12.0,0.4438937649522678,0.0851217209713285,0.4438937649522678,0.0,10.0
1300.0,13.0,0.4500926641931981,0.0801761481692397,0.4500926641931981,0.0,10.0
1400.0,14.0,0.4506265334244672,0.0757362897900674,0.4506265334244672,0.0,10.0
1500.0,15.0,0.4520546728615535,0.0747203034120674,0.4520546728615535,0.0,10.0
1600.0,16.0,0.4590012752227158,0.062329275107482,0.4590012752227158,0.0,10.0
1700.0,17.0,0.4630155594873336,0.0595223083521117,0.4630155594873336,0.0,10.0
1800.0,18.0,0.4612286425510024,0.0586600271235209,0.4612286425510024,0.0,10.0
1900.0,19.0,0.4625324482687086,0.0579754080829813,0.4625324482687086,0.0,10.0
2000.0,20.0,0.4688125359641987,0.0570943805264238,0.4688125359641987,0.0,10.0
2200.0,22.0,0.4708515960116975,0.0569714175324033,0.4708515960116975,0.0,10.0
2300.0,23.0,0.4714597666235197,0.0562297735196464,0.4714597666235197,0.0,10.0
2400.0,24.0,0.4724128785509311,0.0553797387418242,0.4724128785509311,0.0,10.0
2500.0,25.0,0.4740308054473863,0.0538483788405769,0.4740308054473863,0.0,10.0
2600.0,26.0,0.4762947571626474,0.0529398748937226,0.4762947571626474,0.0,10.0
2700.0,27.0,0.4771576245126785,0.0524873584050094,0.4771576245126785,0.0,10.0
2800.0,28.0,0.4806491861238521,0.0524650925136709,0.4806491861238521,0.0,10.0
2900.0,29.0,0.4821037625738551,0.0510609283409489,0.4821037625738551,0.0,10.0
3000.0,30.0,0.4824531994581517,0.0509913034403045,0.4824531994581517,0.0,10.0
3100.0,31.0,0.4843068474540916,0.0508181667412056,0.4843068474540916,0.0,10.0
3200.0,32.0,0.4858157255342608,0.0505597510152976,0.4858157255342608,0.0,10.0
3300.0,33.0,0.4853522671832306,0.0503369806747741,0.4853522671832306,0.0,10.0
3400.0,34.0,0.4883285371419823,0.0486685983685504,0.4883285371419823,0.0,10.0
3600.0,36.0,0.4875576594510342,0.0488844701962864,0.4875576594510342,0.0,10.0
3700.0,37.0,0.4883595733281672,0.0481259298999061,0.4883595733281672,0.0,10.0
3900.0,39.0,0.4867353693879586,0.0485457372660562,0.4867353693879586,0.0,10.0
4100.0,41.0,0.490570318033696,0.0489066583221789,0.490570318033696,0.0,10.0
4200.0,42.0,0.490640712572896,0.0490190781834537,0.490640712572896,0.0,10.0
4300.0,43.0,0.4914163387545709,0.0489021991255198,0.4914163387545709,0.0,10.0
4500.0,45.0,0.4915199283134577,0.0483457433153809,0.4915199283134577,0.0,10.0
4700.0,47.0,0.492383465606946,0.0485509038783192,0.492383465606946,0.0,10.0
4800.0,48.0,0.4916616941457342,0.0483746356797755,0.4916616941457342,0.0,10.0
4900.0,49.0,0.4917034382853437,0.048799033490517,0.4917034382853437,0.0,10.0
5000.0,50.0,0.4930268193781807,0.0473367400115051,0.4930268193781807,0.0,10.0
5100.0,51.0,0.494374066687168,0.0471522005545368,0.494374066687168,0.0,10.0
5200.0,52.0,0.4947954039641861,0.0470622995624089,0.4947954039641861,0.0,10.0
5400.0,54.0,0.4943380255561261,0.0478535113774768,0.4943380255561261,0.0,10.0
5500.0,55.0,0.4952396036392853,0.0454497265037718,0.4952396036392853,0.0,10.0
5600.0,56.0,0.4960310851155357,0.0455528110258824,0.4960310851155357,0.0,10.0
5700.0,57.0,0.4965800068982325,0.0447439777417376,0.4965800068982325,0.0,10.0
5800.0,58.0,0.4953405098331605,0.0446420686483215,0.4953405098331605,0.0,10.0
5900.0,59.0,0.496392898500296,0.0444907992587919,0.496392898500296,0.0,10.0
6100.0,61.0,0.4958960318696049,0.0439066225388845,0.4958960318696049,0.0,10.0
6200.0,62.0,0.4953897382409406,0.0432821753446388,0.4953897382409406,0.0,10.0
6300.0,63.0,0.4954942746477799,0.04429049125328,0.4954942746477799,0.0,10.0
6400.0,64.0,0.4959404392845757,0.0449209714954717,0.4959404392845757,0.0,10.0
6600.0,66.0,0.4961183930107455,0.0447494758934661,0.4961183930107455,0.0,10.0
6700.0,67.0,0.4975275493927051,0.0442646497703115,0.4975275493927051,0.0,10.0
6800.0,68.0,0.4977672768720066,0.0435266385552734,0.4977672768720066,0.0,10.0
6900.0,69.0,0.4985556960187182,0.0431494829320336,0.4985556960187182,0.0,10.0
7100.0,71.0,0.4989874331857877,0.0446875701994858,0.4989874331857877,0.0,10.0
7200.0,72.0,0.500012968422072,0.0439411302361525,0.500012968422072,0.0,10.0
7400.0,74.0,0.497983331403826,0.043848686003466,0.497983331403826,0.0,10.0
7600.0,76.0,0.4991019394906551,0.042610961024237,0.4991019394906551,0.0,10.0
7700.0,77.0,0.4992249996688503,0.0431032213117164,0.4992249996688503,0.0,10.0
7800.0,78.0,0.5013862379488396,0.0423046176857604,0.5013862379488396,0.0,10.0
8000.0,80.0,0.5002883131676346,0.0431731344095657,0.5002883131676346,0.0,10.0
8100.0,81.0,0.501852165095584,0.0425375963753725,0.501852165095584,0.0,10.0
8300.0,83.0,0.5006703881911845,0.0427621562091269,0.5006703881911845,0.0,10.0
8600.0,86.0,0.4996037321871993,0.0435675169245712,0.4996037321871993,0.0,10.0
8700.0,87.0,0.5028320983435434,0.0429591299751403,0.5028320983435434,0.0,10.0
9000.0,90.0,0.4976809012133389,0.047252980803716,0.4976809012133389,0.0,10.0
9100.0,91.0,0.4979926334454237,0.0458385298520583,0.4979926334454237,0.0,10.0
9200.0,92.0,0.4975233628284434,0.0455813953334494,0.4975233628284434,0.0,10.0
9300.0,93.0,0.499617203934276,0.0443387875776768,0.499617203934276,0.0,10.0
9400.0,94.0,0.5009859439382612,0.0432417022742933,0.5009859439382612,0.0,10.0
9500.0,95.0,0.5030341391122837,0.0402005345202207,0.5030341391122837,0.0,10.0
9600.0,96.0,0.503090549378726,0.040448257665415,0.503090549378726,0.0,10.0
9700.0,97.0,0.5037594003442617,0.0391444635733432,0.5037594003442617,0.0,10.0
9800.0,98.0,0.5039444623204128,0.0383513619034533,0.5039444623204128,0.0,10.0
9900.0,99.0,0.5052029925515188,0.0379508951952558,0.5052029925515188,0.0,10.0
10000.0,100.0,0.5054300346883368,0.0382845723041534,0.5054300346883368,0.0,10.0
10100.0,101.0,0.5060572038735839,0.0384173042862058,0.5060572038735839,0.0,10.0
10400.0,104.0,0.5033909371519933,0.0408660088231443,0.5033909371519933,0.0,10.0
10600.0,106.0,0.5021823121860197,0.0404211085698824,0.5021823121860197,0.0,10.0
10900.0,109.0,0.4997722413505107,0.0418093661386097,0.4997722413505107,0.0,10.0
11000.0,110.0,0.4994279904172629,0.0417983174011505,0.4994279904172629,0.0,10.0
11200.0,112.0,0.4982802197638851,0.0436224669813576,0.4982802197638851,0.0,10.0
11400.0,114.0,0.4983477459822792,0.0435634902563129,0.4983477459822792,0.0,10.0
11500.0,115.0,0.4981883429045233,0.042561747490169,0.4981883429045233,0.0,10.0
11700.0,117.0,0.5009261895061404,0.0433993023910064,0.5009261895061404,0.0,10.0
11800.0,118.0,0.5012580060437395,0.043800736200172,0.5012580060437395,0.0,10.0
12100.0,121.0,0.4972624027739513,0.0444436812176628,0.4972624027739513,0.0,10.0
12200.0,122.0,0.498764581833273,0.0436219411630413,0.498764581833273,0.0,10.0
12600.0,126.0,0.4961116951230229,0.0432494790752481,0.4961116951230229,0.0,10.0
12900.0,129.0,0.4954804706181173,0.0437458932677794,0.4954804706181173,0.0,10.0
13100.0,131.0,0.49783337064063,0.0421739165212118,0.49783337064063,0.0,10.0
13300.0,133.0,0.4967073236535033,0.0426581514707878,0.4967073236535033,0.0,10.0
13600.0,136.0,0.4999913240564155,0.0413922505061381,0.4999913240564155,0.0,10.0
13900.0,139.0,0.4991381290219964,0.0410835222955232,0.4991381290219964,0.0,10.0
14200.0,142.0,0.4983709448262068,0.0432003680303875,0.4983709448262068,0.0,10.0
14400.0,144.0,0.4983795762013195,0.0442777260270361,0.4983795762013195,0.0,10.0
14500.0,145.0,0.4987072831797636,0.0442192160090359,0.4987072831797636,0.0,10.0
14600.0,146.0,0.4981672128223877,0.0440161513653411,0.4981672128223877,0.0,10.0
14700.0,147.0,0.4988735178072573,0.0441068180054034,0.4988735178072573,0.0,10.0
14800.0,148.0,0.4987021402395829,0.0429846906441143,0.4987021402395829,0.0,10.0
14900.0,149.0,0.5003592674275295,0.0418283512382372,0.5003592674275295,0.0,10.0
15000.0,150.0,0.5017697324789354,0.0406173197165975,0.5017697324789354,0.0,10.0
15300.0,153.0,0.5017841053664173,0.0409824085803352,0.5017841053664173,0.0,10.0
15500.0,155.0,0.5022824331809658,0.0413741946737574,0.5022824331809658,0.0,10.0
15700.0,157.0,0.5019180764438093,0.0414128086056545,0.5019180764438093,0.0,10.0
15800.0,158.0,0.5025529858274633,0.0421176384925977,0.5025529858274633,0.0,10.0
15900.0,159.0,0.5040119585546687,0.0408875349035465,0.5040119585546687,0.0,10.0
16000.0,160.0,0.5058156595544168,0.040695421312161,0.5058156595544168,0.0,10.0
16600.0,166.0,0.4981556431646168,0.0455121453908089,0.4981556431646168,0.0,10.0
16700.0,167.0,0.5019844846092317,0.0425430568357163,0.5019844846092317,0.0,10.0
16900.0,169.0,0.5008041604393302,0.0409672508143778,0.5008041604393302,0.0,10.0
17100.0,171.0,0.5009597138951449,0.042570672315321,0.5009597138951449,0.0,10.0
17200.0,172.0,0.5031661614690989,0.0422891872772881,0.5031661614690989,0.0,10.0
17300.0,173.0,0.5041262940089979,0.0416127139799336,0.5041262940089979,0.0,10.0
17400.0,174.0,0.5053350403218906,0.0420465533594253,0.5053350403218906,0.0,10.0
17500.0,175.0,0.505568262695556,0.0420363137986869,0.505568262695556,0.0,10.0
17700.0,177.0,0.5030613547214219,0.0421667884177817,0.5030613547214219,0.0,10.0
17800.0,178.0,0.5027943928230656,0.0418592827260507,0.5027943928230656,0.0,10.0
18500.0,185.0,0.4958814819499512,0.04744674344066,0.4958814819499512,0.0,10.0
18600.0,186.0,0.4979120644986119,0.0462383935971625,0.4979120644986119,0.0,10.0
18700.0,187.0,0.4992638935856488,0.045331879645318,0.4992638935856488,0.0,10.0
18800.0,188.0,0.5008186831475552,0.0437847056158991,0.5008186831475552,0.0,10.0
18900.0,189.0,0.5010389105637263,0.0446895389650154,0.5010389105637263,0.0,10.0
19100.0,191.0,0.5018791237975648,0.0443091832947189,0.5018791237975648,0.0,10.0
19200.0,192.0,0.5017379231389423,0.0428195880407971,0.5017379231389423,0.0,10.0
19500.0,195.0,0.5032295221427293,0.0405629200889213,0.5032295221427293,0.0,10.0
19600.0,196.0,0.5040073850645198,0.0423627089203515,0.5040073850645198,0.0,10.0
19700.0,197.0,0.5035935243751228,0.0421146557369871,0.5035935243751228,0.0,10.0
20000.0,200.0,0.5005788255003455,0.0443648811085846,0.5005788255003455,0.0,10.0
20200.0,202.0,0.5018981798020304,0.0420882363715434,0.5018981798020304,0.0,10.0
20400.0,204.0,0.5029475030828967,0.0411182105003259,0.5029475030828967,0.0,10.0
20600.0,206.0,0.5034513195235159,0.0405347094847856,0.5034513195235159,0.0,10.0
20700.0,207.0,0.5043187623462249,0.0419273997559761,0.5043187623462249,0.0,10.0
20800.0,208.0,0.5056727379457798,0.0403114535746351,0.5056727379457798,0.0,10.0
20900.0,209.0,0.5063583133074423,0.039413385403467,0.5063583133074423,0.0,10.0
21300.0,213.0,0.5009347621295507,0.0408335929198033,0.5009347621295507,0.0,10.0
21400.0,214.0,0.5019285387579852,0.0402965140592108,0.5019285387579852,0.0,10.0
21500.0,215.0,0.504452057863631,0.0381905977032884,0.504452057863631,0.0,10.0
21800.0,218.0,0.5043395549929022,0.0408692938255514,0.5043395549929022,0.0,10.0
21900.0,219.0,0.5042778036250115,0.0404382361269884,0.5042778036250115,0.0,10.0
22100.0,221.0,0.5026989398477636,0.0403681030409472,0.5026989398477636,0.0,10.0
22500.0,225.0,0.5011318728157433,0.044373433633402,0.5011318728157433,0.0,10.0
22600.0,226.0,0.5014933434594678,0.0427781706425622,0.5014933434594678,0.0,10.0
22800.0,228.0,0.4999748061214136,0.0429288756087952,0.4999748061214136,0.0,10.0
22900.0,229.0,0.5020256079869461,0.040307750612371,0.5020256079869461,0.0,10.0
23100.0,231.0,0.5012761318280997,0.0412808746853281,0.5012761318280997,0.0,10.0
23200.0,232.0,0.5009747609941104,0.0409249884084619,0.5009747609941104,0.0,10.0
23300.0,233.0,0.4991661208578766,0.0402910766510082,0.4991661208578766,0.0,10.0
23500.0,235.0,0.5012716255157588,0.0392007523001619,0.5012716255157588,0.0,10.0
23600.0,236.0,0.5023594380256382,0.0386174805875133,0.5023594380256382,0.0,10.0
23800.0,238.0,0.504499173503889,0.0378730673565872,0.504499173503889,0.0,10.0
24000.0,240.0,0.5043530479695587,0.0398261461730907,0.5043530479695587,0.0,10.0
24100.0,241.0,0.5039246779600325,0.0387580576366138,0.5039246779600325,0.0,10.0
24200.0,242.0,0.5050701821551026,0.0384323448884922,0.5050701821551026,0.0,10.0
24700.0,247.0,0.5001406240903068,0.0414790844359633,0.5001406240903068,0.0,10.0
24900.0,249.0,0.5013850328345602,0.0411366064375844,0.5013850328345602,0.0,10.0
25000.0,250.0,0.5024814200858362,0.040755518062704,0.5024814200858362,0.0,10.0
25100.0,251.0,0.5024036401825209,0.0406506351131003,0.5024036401825209,0.0,10.0
25300.0,253.0,0.5009241836320582,0.0448735178502388,0.5009241836320582,0.0,10.0
25400.0,254.0,0.4997132145410895,0.0446266055735845,0.4997132145410895,0.0,10.0
25700.0,257.0,0.4960398278431622,0.0458332626287399,0.4960398278431622,0.0,10.0
25800.0,258.0,0.4966882007474975,0.0455006875882377,0.4966882007474975,0.0,10.0
25900.0,259.0,0.4980945225095994,0.0449818296691967,0.4980945225095994,0.0,10.0
26000.0,260.0,0.5024008981818929,0.042742581395003,0.5024008981818929,0.0,10.0
26200.0,262.0,0.4990649631627429,0.0433529815587221,0.4990649631627429,0.0,10.0
26300.0,263.0,0.5002040509133324,0.0431971776636948,0.5002040509133324,0.0,10.0
26400.0,264.0,0.4988067350287556,0.0426132146111433,0.4988067350287556,0.0,10.0
26500.0,265.0,0.4988433625954437,0.0459096079452968,0.4988433625954437,0.0,10.0
26600.0,266.0,0.5016947633384824,0.0425635530881072,0.5016947633384824,0.0,10.0
26700.0,267.0,0.4997420411080877,0.0422598922203988,0.4997420411080877,0.0,10.0
26800.0,268.0,0.5006447325809293,0.0401027790511506,0.5006447325809293,0.0,10.0
27200.0,272.0,0.4977206888773931,0.0411589997484955,0.4977206888773931,0.0,10.0
27300.0,273.0,0.499188660608976,0.0407594044979674,0.499188660608976,0.0,10.0
27600.0,276.0,0.4972420457816081,0.042757050615416,0.4972420457816081,0.0,10.0
27700.0,277.0,0.4995787559715525,0.0403689365369641,0.4995787559715525,0.0,10.0
27900.0,279.0,0.5021173248069858,0.0390932812082422,0.5021173248069858,0.0,10.0
28100.0,281.0,0.5030637089933684,0.0401283792869062,0.5030637089933684,0.0,10.0
28300.0,283.0,0.5027090727185296,0.0406863872944882,0.5027090727185296,0.0,10.0
28500.0,285.0,0.5003768511935156,0.041946920234898,0.5003768511935156,0.0,10.0
28700.0,287.0,0.5011965120575009,0.0399458006601822,0.5011965120575009,0.0,10.0
28800.0,288.0,0.5024655033810624,0.0408769134088214,0.5024655033810624,0.0,10.0
28900.0,289.0,0.5045596124334709,0.0397835022070864,0.5045596124334709,0.0,10.0
29000.0,290.0,0.5067791491378734,0.0367714205610832,0.5067791491378734,0.0,10.0
29300.0,293.0,0.5055747799714725,0.0389953281017502,0.5055747799714725,0.0,10.0
29500.0,295.0,0.5036781970682312,0.0400811638528459,0.5036781970682312,0.0,10.0
29600.0,296.0,0.5056422790725862,0.0380424455102288,0.5056422790725862,0.0,10.0
29700.0,297.0,0.5053158261915882,0.0369481716919741,0.5053158261915882,0.0,10.0
29800.0,298.0,0.5058296061212176,0.0364690494683821,0.5058296061212176,0.0,10.0
29900.0,299.0,0.5070754165690908,0.0357887572034782,0.5070754165690908,0.0,10.0
30300.0,303.0,0.506000383871435,0.0366068723324709,0.506000383871435,0.0,10.0
30500.0,305.0,0.5024995276803106,0.0389048977772625,0.5024995276803106,0.0,10.0
30800.0,308.0,0.5015608228176954,0.0409068252419616,0.5015608228176954,0.0,10.0
30900.0,309.0,0.5025808413135849,0.0407752299910415,0.5025808413135849,0.0,10.0
31100.0,311.0,0.5035863837542934,0.0420611262816284,0.5035863837542934,0.0,10.0
31200.0,312.0,0.5046750176813859,0.0401781159994861,0.5046750176813859,0.0,10.0
31600.0,316.0,0.5030935903886692,0.0410321587389582,0.5030935903886692,0.0,10.0
31700.0,317.0,0.5057913899098978,0.0408610951130296,0.5057913899098978,0.0,10.0
32100.0,321.0,0.5031328534759257,0.0417869875899112,0.5031328534759257,0.0,10.0
32300.0,323.0,0.5035121398743369,0.0419645567119459,0.5035121398743369,0.0,10.0
32400.0,324.0,0.503724336881747,0.0410759916473471,0.503724336881747,0.0,10.0
32500.0,325.0,0.5035471386783011,0.0409906803435547,0.5035471386783011,0.0,10.0
32700.0,327.0,0.5031010028674674,0.0412168521629425,0.5031010028674674,0.0,10.0
32800.0,328.0,0.5047133108383596,0.0391341209723994,0.5047133108383596,0.0,10.0
33000.0,330.0,0.5037122607924595,0.0397394170569112,0.5037122607924595,0.0,10.0
33100.0,331.0,0.5059665291886564,0.0387699233268159,0.5059665291886564,0.0,10.0
33200.0,332.0,0.5075725116527545,0.0395068482917039,0.5075725116527545,0.0,10.0
33800.0,338.0,0.5004198967457512,0.0434425764156372,0.5004198967457512,0.0,10.0
33900.0,339.0,0.5025249346524436,0.0424343924245538,0.5025249346524436,0.0,10.0
34000.0,340.0,0.5030027589425518,0.0415548177428434,0.5030027589425518,0.0,10.0
34300.0,343.0,0.5022109532718196,0.0417310977144454,0.5022109532718196,0.0,10.0
34500.0,345.0,0.5001213320824395,0.0420085836465804,0.5001213320824395,0.0,10.0
34600.0,346.0,0.503167500320299,0.0405257476732146,0.503167500320299,0.0,10.0
34800.0,348.0,0.5027816991148026,0.0410250210841843,0.5027816991148026,0.0,10.0
34900.0,349.0,0.503250069490399,0.0416647846454757,0.503250069490399,0.0,10.0
35100.0,351.0,0.5025849959590869,0.0420654173980587,0.5025849959590869,0.0,10.0
35300.0,353.0,0.5020270546237652,0.0475668805524103,0.5020270546237652,0.0,10.0
35400.0,354.0,0.5027119004957068,0.0475307875779219,0.5027119004957068,0.0,10.0
35500.0,355.0,0.5008865803321301,0.0455901021822532,0.5008865803321301,0.0,10.0
35600.0,356.0,0.5000619693025274,0.0454356528342742,0.5000619693025274,0.0,10.0
35700.0,357.0,0.5001102268890102,0.0450124219438193,0.5001102268890102,0.0,10.0
35800.0,358.0,0.4993393141065892,0.0427618532418982,0.4993393141065892,0.0,10.0
36000.0,360.0,0.5016472276120535,0.0411375690456509,0.5016472276120535,0.0,10.0
36200.0,362.0,0.5017268911315074,0.0411166974380267,0.5017268911315074,0.0,10.0
36400.0,364.0,0.5034508499086621,0.0399298176116789,0.5034508499086621,0.0,10.0
36600.0,366.0,0.5008805053680276,0.0431799032290476,0.5008805053680276,0.0,10.0
36800.0,368.0,0.5026794436112814,0.0417760187583101,0.5026794436112814,0.0,10.0
36900.0,369.0,0.5041020738853056,0.0398882697820644,0.5041020738853056,0.0,10.0
37100.0,371.0,0.5044249122133176,0.0396616762666591,0.5044249122133176,0.0,10.0
37200.0,372.0,0.5017380199802601,0.0390420745911822,0.5017380199802601,0.0,10.0
37500.0,375.0,0.4981503472787167,0.0405396220828256,0.4981503472787167,0.0,10.0
37600.0,376.0,0.498909092133508,0.0402171101221864,0.498909092133508,0.0,10.0
37800.0,378.0,0.4988134623328937,0.0420592078728972,0.4988134623328937,0.0,10.0
37900.0,379.0,0.5012367549911286,0.0395709480213862,0.5012367549911286,0.0,10.0
38000.0,380.0,0.5028049570546959,0.0380284674430287,0.5028049570546959,0.0,10.0
38100.0,381.0,0.5052155150491677,0.0374478514577551,0.5052155150491677,0.0,10.0
38200.0,382.0,0.5051912703549188,0.037339628496632,0.5051912703549188,0.0,10.0
38600.0,386.0,0.5034277298942623,0.0395483959328471,0.5034277298942623,0.0,10.0
38900.0,389.0,0.5012387847901894,0.0427113431983649,0.5012387847901894,0.0,10.0
39000.0,390.0,0.5026498737307294,0.040806324341776,0.5026498737307294,0.0,10.0
39300.0,393.0,0.5009920787582153,0.0415402999586121,0.5009920787582153,0.0,10.0
39400.0,394.0,0.5008717768186494,0.0405472786007004,0.5008717768186494,0.0,10.0
39500.0,395.0,0.501035031251715,0.0420051071915295,0.501035031251715,0.0,10.0
39700.0,397.0,0.4984151932638736,0.0437861727890869,0.4984151932638736,0.0,10.0
39800.0,398.0,0.5008507039993575,0.0433660825761385,0.5008507039993575,0.0,10.0
39900.0,399.0,0.4998790633904215,0.0431204244295788,0.4998790633904215,0.0,10.0
40000.0,400.0,0.5010105293398823,0.0408023261640572,0.5010105293398823,0.0,10.0
40200.0,402.0,0.503010616778321,0.0396542354511676,0.503010616778321,0.0,10.0
40300.0,403.0,0.5036020065023111,0.0403111268911847,0.5036020065023111,0.0,10.0
40400.0,404.0,0.5025959707471429,0.0379921732227412,0.5025959707471429,0.0,10.0
40500.0,405.0,0.5031544298762161,0.0382369684996505,0.5031544298762161,0.0,10.0
40600.0,406.0,0.5041350602914776,0.0376947605272746,0.5041350602914776,0.0,10.0
40700.0,407.0,0.5052606489253637,0.0374007076838646,0.5052606489253637,0.0,10.0
41100.0,411.0,0.5034391015584092,0.0397927324745626,0.5034391015584092,0.0,10.0
41300.0,413.0,0.5020546279103433,0.0413944275415979,0.5020546279103433,0.0,10.0
41600.0,416.0,0.5012577251057158,0.0423790980413554,0.5012577251057158,0.0,10.0
41700.0,417.0,0.50181847563762,0.0412366823069006,0.50181847563762,0.0,10.0
41900.0,419.0,0.5012200419200417,0.0420834946346928,0.5012200419200417,0.0,10.0
42100.0,421.0,0.5007222975237917,0.0424040847534573,0.5007222975237917,0.0,10.0
42200.0,422.0,0.5008531594477005,0.0425913735222444,0.5008531594477005,0.0,10.0
42400.0,424.0,0.5036881687699325,0.0410158178496687,0.5036881687699325,0.0,10.0
42700.0,427.0,0.5021399510191793,0.0402939220852994,0.5021399510191793,0.0,10.0
42900.0,429.0,0.5000026429294043,0.0401255281224882,0.5000026429294043,0.0,10.0
43000.0,430.0,0.5018204342858389,0.039417846198482,0.5018204342858389,0.0,10.0
43100.0,431.0,0.5056729040159229,0.0371861598828846,0.5056729040159229,0.0,10.0
43300.0,433.0,0.5059106835077232,0.0367199987290531,0.5059106835077232,0.0,10.0
43800.0,438.0,0.4999864529491499,0.0403740023691564,0.4999864529491499,0.0,10.0
43900.0,439.0,0.5007030269127303,0.0396443979086055,0.5007030269127303,0.0,10.0
44000.0,440.0,0.50460692496311,0.0374737189738431,0.50460692496311,0.0,10.0
44200.0,442.0,0.5042214275435236,0.0383920080504678,0.5042214275435236,0.0,10.0
44400.0,444.0,0.5026741368350467,0.0429137062480559,0.5026741368350467,0.0,10.0
44500.0,445.0,0.5049295470696299,0.0422098466969365,0.5049295470696299,0.0,10.0
44600.0,446.0,0.5078023345995138,0.0401455156542135,0.5078023345995138,0.0,10.0
44800.0,448.0,0.5064363189974508,0.0411082477915211,0.5064363189974508,0.0,10.0
44900.0,449.0,0.5077497579861566,0.0394881711221366,0.5077497579861566,0.0,10.0
45000.0,450.0,0.5060471817001726,0.0390372955371899,0.5060471817001726,0.0,10.0
45300.0,453.0,0.5039587830259933,0.0387438271828561,0.5039587830259933,0.0,10.0
45400.0,454.0,0.5039518359413749,0.0386886707498912,0.5039518359413749,0.0,10.0
45500.0,455.0,0.5033333313721905,0.0385410976998889,0.5033333313721905,0.0,10.0
45600.0,456.0,0.5046546981318785,0.0381277557924361,0.5046546981318785,0.0,10.0
45800.0,458.0,0.5025269248678398,0.0394479542286715,0.5025269248678398,0.0,10.0
46000.0,460.0,0.5064934407226144,0.0376277063945619,0.5064934407226144,0.0,10.0
46100.0,461.0,0.5072701764291871,0.0372817919447676,0.5072701764291871,0.0,10.0
46400.0,464.0,0.5057379752990797,0.0375191541756529,0.5057379752990797,0.0,10.0
46800.0,468.0,0.5018469850215301,0.0407442335583919,0.5018469850215301,0.0,10.0
46900.0,469.0,0.5048106237361172,0.0399587660038882,0.5048106237361172,0.0,10.0
47000.0,470.0,0.5066234016320087,0.038341495241968,0.5066234016320087,0.0,10.0
47100.0,471.0,0.508352225412279,0.0383473962780704,0.508352225412279,0.0,10.0
47300.0,473.0,0.5065092801795406,0.0394085555745523,0.5065092801795406,0.0,10.0
47400.0,474.0,0.5073521926110837,0.0391583521817133,0.5073521926110837,0.0,10.0
47500.0,475.0,0.5071538725938197,0.0381189719259737,0.5071538725938197,0.0,10.0
47600.0,476.0,0.5072817455197862,0.038252300369003,0.5072817455197862,0.0,10.0
47700.0,477.0,0.5087485279402463,0.0363443465946392,0.5087485279402463,0.0,10.0
48000.0,480.0,0.508947033450806,0.0378750418547069,0.508947033450806,0.0,10.0
48300.0,483.0,0.5035790530633895,0.0412412487196405,0.5035790530633895,0.0,10.0
48500.0,485.0,0.5035227050714547,0.0418821424126362,0.5035227050714547,0.0,10.0
48800.0,488.0,0.4974948006248333,0.0444601814417131,0.4974948006248333,0.0,10.0
49000.0,490.0,0.49624230514716,0.0439016337615952,0.49624230514716,0.0,10.0
49100.0,491.0,0.4992145280491364,0.0436197072620141,0.4992145280491364,0.0,10.0
49200.0,492.0,0.498677152843802,0.0434053663507435,0.498677152843802,0.0,10.0
49400.0,494.0,0.499019809204726,0.0427674075618608,0.499019809204726,0.0,10.0
49500.0,495.0,0.5005811712502972,0.0419094457056651,0.5005811712502972,0.0,10.0
49600.0,496.0,0.5025761423964397,0.0406015707742714,0.5025761423964397,0.0,10.0
49700.0,497.0,0.5042076318272547,0.0389680855476662,0.5042076318272547,0.0,10.0
49800.0,498.0,0.5071937423768798,0.0381321852491003,0.5071937423768798,0.0,10.0
50000.0,500.0,0.5062211864950441,0.0400110008650015,0.5062211864950441,0.0,10.0
50100.0,501.0,0.5070846795301248,0.0402814687762418,0.5070846795301248,0.0,10.0
50200.0,502.0,0.5082865343355168,0.0396008242624918,0.5082865343355168,0.0,10.0
50500.0,505.0,0.5051759225527678,0.0391619280167854,0.5051759225527678,0.0,10.0
50600.0,506.0,0.5056188583918398,0.0383032173991081,0.5056188583918398,0.0,10.0
50800.0,508.0,0.5039281631168598,0.0391480368906918,0.5039281631168598,0.0,10.0
51000.0,510.0,0.5024066753488841,0.0391358627251997,0.5024066753488841,0.0,10.0
51200.0,512.0,0.5052191790614616,0.0380982672068006,0.5052191790614616,0.0,10.0
51300.0,513.0,0.5056788870107162,0.0381551494748659,0.5056788870107162,0.0,10.0
51400.0,514.0,0.5059940338140678,0.0382251426607986,0.5059940338140678,0.0,10.0
51800.0,518.0,0.5046526093949075,0.0417973819796022,0.5046526093949075,0.0,10.0
51900.0,519.0,0.502713893401682,0.0409322589482497,0.502713893401682,0.0,10.0
52200.0,522.0,0.4989427953996592,0.0437990058302553,0.4989427953996592,0.0,10.0
52300.0,523.0,0.4974160567589286,0.0436240557570921,0.4974160567589286,0.0,10.0
52400.0,524.0,0.4994571928332139,0.0431175178550572,0.4994571928332139,0.0,10.0
52500.0,525.0,0.4998423032332051,0.0430721149184388,0.4998423032332051,0.0,10.0
52700.0,527.0,0.4990726994169112,0.0482627376051789,0.4990726994169112,0.0,10.0
52800.0,528.0,0.500877747255574,0.0476071741128907,0.500877747255574,0.0,10.0
52900.0,529.0,0.5030861800720562,0.0426870747343605,0.5030861800720562,0.0,10.0
53100.0,531.0,0.5030813038744232,0.0448829315844249,0.5030813038744232,0.0,10.0
53200.0,532.0,0.5032161984776298,0.0450842506319534,0.5032161984776298,0.0,10.0
53300.0,533.0,0.5035520090780806,0.0449101234433514,0.5035520090780806,0.0,10.0
53500.0,535.0,0.5060266547141132,0.0436647239161735,0.5060266547141132,0.0,10.0
53600.0,536.0,0.5056325423358857,0.0436473779795373,0.5056325423358857,0.0,10.0
53700.0,537.0,0.5063013841640479,0.0435909644329024,0.5063013841640479,0.0,10.0
53800.0,538.0,0.5049176366782346,0.0416330282941263,0.5049176366782346,0.0,10.0
53900.0,539.0,0.5036118800429799,0.0414709329545229,0.5036118800429799,0.0,10.0
54300.0,543.0,0.5000689312365431,0.0429748292282611,0.5000689312365431,0.0,10.0
54500.0,545.0,0.4986612009441197,0.0435057235132379,0.4986612009441197,0.0,10.0
54600.0,546.0,0.4981805932583351,0.043105254850777,0.4981805932583351,0.0,10.0
54700.0,547.0,0.4990955718063193,0.041324998965783,0.4990955718063193,0.0,10.0
54800.0,548.0,0.5020055959207147,0.0393108567295608,0.5020055959207147,0.0,10.0
54900.0,549.0,0.502849860848828,0.0379368767060844,0.502849860848828,0.0,10.0
55100.0,551.0,0.5049101648428493,0.0368197461171823,0.5049101648428493,0.0,10.0
55500.0,555.0,0.5020773526028518,0.0390773991612867,0.5020773526028518,0.0,10.0
55600.0,556.0,0.5023802883458608,0.0377401534672259,0.5023802883458608,0.0,10.0
55700.0,557.0,0.5024153805814661,0.0380537186409576,0.5024153805814661,0.0,10.0
55800.0,558.0,0.5033965805194996,0.0379746651141042,0.5033965805194996,0.0,10.0
56400.0,564.0,0.4945436536125386,0.0446031543355583,0.4945436536125386,0.0,10.0
56500.0,565.0,0.4970129461360989,0.0434479477695303,0.4970129461360989,0.0,10.0
56600.0,566.0,0.4973939929958232,0.0443793338393788,0.4973939929958232,0.0,10.0
56700.0,567.0,0.4981911421660833,0.0434969431405852,0.4981911421660833,0.0,10.0
56800.0,568.0,0.4982233086061878,0.0437740391816575,0.4982233086061878,0.0,10.0
57000.0,570.0,0.4970978114296,0.0429470852917286,0.4970978114296,0.0,10.0
57100.0,571.0,0.4985304262575036,0.0416432745220458,0.4985304262575036,0.0,10.0
57500.0,575.0,0.4989928906904811,0.0422748176079459,0.4989928906904811,0.0,10.0
57600.0,576.0,0.5028307507650335,0.0394886891267418,0.5028307507650335,0.0,10.0
57700.0,577.0,0.502934446708117,0.0394941139763814,0.502934446708117,0.0,10.0
58000.0,580.0,0.4984451343983326,0.0414277959164908,0.4984451343983326,0.0,10.0
58200.0,582.0,0.4981954387597582,0.0406514419235236,0.4981954387597582,0.0,10.0
58500.0,585.0,0.4970636290252527,0.0438255400199349,0.4970636290252527,0.0,10.0
58700.0,587.0,0.4995205751776942,0.040947283865728,0.4995205751776942,0.0,10.0
58800.0,588.0,0.5010894520881359,0.0404282534222275,0.5010894520881359,0.0,10.0
58900.0,589.0,0.5020182702762183,0.0390566603829277,0.5020182702762183,0.0,10.0
59100.0,591.0,0.500488872371415,0.0408572170434452,0.500488872371415,0.0,10.0
59200.0,592.0,0.5015198717066023,0.0403905046800346,0.5015198717066023,0.0,10.0
59300.0,593.0,0.503050411210072,0.0397012501317009,0.503050411210072,0.0,10.0
59600.0,596.0,0.5043838093562526,0.0389686468702971,0.5043838093562526,0.0,10.0
59900.0,599.0,0.4988999146383543,0.0411913683987421,0.4988999146383543,0.0,10.0
60200.0,602.0,0.4940336895951399,0.0435296043972822,0.4940336895951399,0.0,10.0
60300.0,603.0,0.4951570112586496,0.0428819835954093,0.4951570112586496,0.0,10.0
60400.0,604.0,0.4954122018152734,0.0437269281967456,0.4954122018152734,0.0,10.0
60600.0,606.0,0.4948512690090315,0.043078210250436,0.4948512690090315,0.0,10.0
60800.0,608.0,0.4958111391877483,0.0432969435927854,0.4958111391877483,0.0,10.0
61000.0,610.0,0.4931941767629978,0.0434555019812635,0.4931941767629978,0.0,10.0
61100.0,611.0,0.4929782271104433,0.041813436016822,0.4929782271104433,0.0,10.0
61200.0,612.0,0.495598024741849,0.0411712926163786,0.495598024741849,0.0,10.0
61300.0,613.0,0.4983390786033044,0.0416474242929522,0.4983390786033044,0.0,10.0
61500.0,615.0,0.4973825336102884,0.0444633703857732,0.4973825336102884,0.0,10.0
61600.0,616.0,0.5006376615208217,0.0402479360751094,0.5006376615208217,0.0,10.0
61700.0,617.0,0.5015210462952636,0.0389990565762206,0.5015210462952636,0.0,10.0
61800.0,618.0,0.5030568349984975,0.0394148677014934,0.5030568349984975,0.0,10.0
61900.0,619.0,0.5029015989406762,0.0393221619387334,0.5029015989406762,0.0,10.0
62100.0,621.0,0.5009398725279811,0.0397658998197849,0.5009398725279811,0.0,10.0
62300.0,623.0,0.5022191442017742,0.0388683453381594,0.5022191442017742,0.0,10.0
62400.0,624.0,0.5024396377240211,0.0391156656646562,0.5024396377240211,0.0,10.0
62800.0,628.0,0.501799937968313,0.0398574060123021,0.501799937968313,0.0,10.0
63100.0,631.0,0.4978617975406382,0.0439780022710974,0.4978617975406382,0.0,10.0
63300.0,633.0,0.4994621376289426,0.0430339032116186,0.4994621376289426,0.0,10.0
63500.0,635.0,0.5009143406409005,0.0431509131424118,0.5009143406409005,0.0,10.0
63600.0,636.0,0.5019090946082624,0.0422087687385687,0.5019090946082624,0.0,10.0
63700.0,637.0,0.5041869573468278,0.0412875312806901,0.5041869573468278,0.0,10.0
63800.0,638.0,0.5037640887108761,0.0404338723080529,0.5037640887108761,0.0,10.0
63900.0,639.0,0.5065965877209194,0.0380959612761537,0.5065965877209194,0.0,10.0
64000.0,640.0,0.5064634698308046,0.0362736381997307,0.5064634698308046,0.0,10.0
64200.0,642.0,0.5047136939590541,0.036878378521125,0.5047136939590541,0.0,10.0
64300.0,643.0,0.5035738782803482,0.0362904601856414,0.5035738782803482,0.0,10.0
64600.0,646.0,0.5033592049227613,0.037690485364276,0.5033592049227613,0.0,10.0
64800.0,648.0,0.502105241146106,0.0383646699634433,0.502105241146106,0.0,10.0
64900.0,649.0,0.5015564655740669,0.0383379602739499,0.5015564655740669,0.0,10.0
65000.0,650.0,0.5026374361397858,0.039003627422021,0.5026374361397858,0.0,10.0
65200.0,652.0,0.5011326720111517,0.0391176604659534,0.5011326720111517,0.0,10.0
65400.0,654.0,0.5009495837991839,0.0389311656856419,0.5009495837991839,0.0,10.0
65500.0,655.0,0.5009252862680735,0.0385968697675837,0.5009252862680735,0.0,10.0
65600.0,656.0,0.5023555148424015,0.0386521319897434,0.5023555148424015,0.0,10.0
66000.0,660.0,0.5015810363057727,0.0395553549521695,0.5015810363057727,0.0,10.0
66100.0,661.0,0.502099602436526,0.0394882743801271,0.502099602436526,0.0,10.0
66200.0,662.0,0.5022518362210172,0.0392596589882685,0.5022518362210172,0.0,10.0
66300.0,663.0,0.5036446669309727,0.0383421760570229,0.5036446669309727,0.0,10.0
66600.0,666.0,0.5060537866381005,0.0379694598780881,0.5060537866381005,0.0,10.0
66900.0,669.0,0.5016844676921364,0.0409367246657504,0.5016844676921364,0.0,10.0
67000.0,670.0,0.5011112256986108,0.0409328019983948,0.5011112256986108,0.0,10.0
67200.0,672.0,0.4973416967848286,0.0417020050146841,0.4973416967848286,0.0,10.0
67300.0,673.0,0.499021635897489,0.041705259279275,0.499021635897489,0.0,10.0
67500.0,675.0,0.4998227307674894,0.0419282872242328,0.4998227307674894,0.0,10.0
67600.0,676.0,0.5012270194440981,0.0415894879436977,0.5012270194440981,0.0,10.0
67700.0,677.0,0.503669522831165,0.0406788095382188,0.503669522831165,0.0,10.0
67800.0,678.0,0.5053283682038904,0.0402519016167503,0.5053283682038904,0.0,10.0
67900.0,679.0,0.504291990188937,0.0398107035588824,0.504291990188937,0.0,10.0
68000.0,680.0,0.5058868398400147,0.0374899424687953,0.5058868398400147,0.0,10.0
68100.0,681.0,0.507349322243886,0.0373648937099006,0.507349322243886,0.0,10.0
68300.0,683.0,0.5068717733680823,0.0372542860659722,0.5068717733680823,0.0,10.0
68400.0,684.0,0.5071139500590783,0.0368979129984785,0.5071139500590783,0.0,10.0
68600.0,686.0,0.5066253791267135,0.0377647246930535,0.5066253791267135,0.0,10.0
68700.0,687.0,0.507765268939011,0.0369378056467085,0.507765268939011,0.0,10.0
68800.0,688.0,0.5086660311327398,0.0367660367172976,0.5086660311327398,0.0,10.0
69000.0,690.0,0.5083844536964609,0.0365671077820085,0.5083844536964609,0.0,10.0
69100.0,691.0,0.5109404404450846,0.0349078129860735,0.5109404404450846,0.0,10.0
69700.0,697.0,0.5064127137310013,0.0359871218299748,0.5064127137310013,0.0,10.0
69800.0,698.0,0.509771390808361,0.0347669683170626,0.509771390808361,0.0,10.0
70000.0,700.0,0.5093329092426261,0.0351463881111408,0.5093329092426261,0.0,10.0
100.0,1.0,0.2020832302370703,0.2856225369917812,0.2020832302370703,0.0,11.0
200.0,2.0,0.2298003201263027,0.2591411554261427,0.2298003201263027,0.0,11.0
300.0,3.0,0.273778055234588,0.213052289489454,0.273778055234588,0.0,11.0
400.0,4.0,0.3145159751220753,0.1783829127423026,0.3145159751220753,0.0,11.0
500.0,5.0,0.3404740410350415,0.1597438186363192,0.3404740410350415,0.0,11.0
600.0,6.0,0.3515157134192493,0.1539833330332835,0.3515157134192493,0.0,11.0
700.0,7.0,0.3675549957366016,0.1421005576390148,0.3675549957366016,0.0,11.0
800.0,8.0,0.389605355312537,0.1272806830098991,0.389605355312537,0.0,11.0
900.0,9.0,0.4020693092337963,0.1187801564919024,0.4020693092337963,0.0,11.0
1000.0,10.0,0.41501329777988,0.1120417717829715,0.41501329777988,0.0,11.0
1100.0,11.0,0.4162692521970029,0.1099922739271024,0.4162692521970029,0.0,11.0
1200.0,12.0,0.4245510182703281,0.1041574295791434,0.4245510182703281,0.0,11.0
1300.0,13.0,0.4257297255250249,0.1044463353290345,0.4257297255250249,0.0,11.0
1400.0,14.0,0.4301898717326834,0.101635233301218,0.4301898717326834,0.0,11.0
1500.0,15.0,0.4363348598924654,0.0978109023122068,0.4363348598924654,0.0,11.0
1600.0,16.0,0.4432727633307136,0.0837952577166533,0.4432727633307136,0.0,11.0
1700.0,17.0,0.4450999424095749,0.0829821767163576,0.4450999424095749,0.0,11.0
1900.0,19.0,0.4514401508750473,0.0717254703288109,0.4514401508750473,0.0,11.0
2000.0,20.0,0.4542318356901946,0.0695210771034793,0.4542318356901946,0.0,11.0
2100.0,21.0,0.4591340238912773,0.0680548264949987,0.4591340238912773,0.0,11.0
2200.0,22.0,0.4609052860963565,0.0675189523061903,0.4609052860963565,0.0,11.0
2300.0,23.0,0.4604371522864757,0.0668719271891954,0.4604371522864757,0.0,11.0
2400.0,24.0,0.4646632007629508,0.0659298285970691,0.4646632007629508,0.0,11.0
2500.0,25.0,0.466248103183969,0.0650028363838102,0.466248103183969,0.0,11.0
2600.0,26.0,0.4701218880578984,0.0613439437791827,0.4701218880578984,0.0,11.0
2700.0,27.0,0.4704960537911761,0.0601343680302605,0.4704960537911761,0.0,11.0
2800.0,28.0,0.4730626419269478,0.0589433273961387,0.4730626419269478,0.0,11.0
3100.0,31.0,0.4704354610582897,0.0611176415085141,0.4704354610582897,0.0,11.0
3200.0,32.0,0.4739545336210292,0.0588191791726788,0.4739545336210292,0.0,11.0
3400.0,34.0,0.4747302801056443,0.0596101773129446,0.4747302801056443,0.0,11.0
3500.0,35.0,0.4755933061728944,0.0586294407655333,0.4755933061728944,0.0,11.0
3600.0,36.0,0.4796357714564662,0.0572707217448491,0.4796357714564662,0.0,11.0
3800.0,38.0,0.4791298048447514,0.0574283963440477,0.4791298048447514,0.0,11.0
4000.0,40.0,0.4796007574236773,0.0574627831579452,0.4796007574236773,0.0,11.0
4100.0,41.0,0.4800111488500587,0.057394679988585,0.4800111488500587,0.0,11.0
4200.0,42.0,0.4806267180119563,0.0572845698641049,0.4806267180119563,0.0,11.0
4300.0,43.0,0.4815008473292464,0.0568559393200746,0.4815008473292464,0.0,11.0
4400.0,44.0,0.4817293833593642,0.056514298864525,0.4817293833593642,0.0,11.0
4600.0,46.0,0.4832492479423222,0.0555509287751259,0.4832492479423222,0.0,11.0
4700.0,47.0,0.4846942347908459,0.054338809078095,0.4846942347908459,0.0,11.0
4800.0,48.0,0.4851184785842826,0.0536297378965691,0.4851184785842826,0.0,11.0
4900.0,49.0,0.4866549329730102,0.0539039705234855,0.4866549329730102,0.0,11.0
5100.0,51.0,0.486760273125108,0.0549294496538695,0.486760273125108,0.0,11.0
5200.0,52.0,0.4874792283565597,0.05516835791211,0.4874792283565597,0.0,11.0
5300.0,53.0,0.4888996829025404,0.0525339872757389,0.4888996829025404,0.0,11.0
5500.0,55.0,0.4878720786092505,0.053600919270779,0.4878720786092505,0.0,11.0
5800.0,58.0,0.4865394380682636,0.0546227712238973,0.4865394380682636,0.0,11.0
5900.0,59.0,0.4865950007677049,0.0541388297960216,0.4865950007677049,0.0,11.0
6000.0,60.0,0.4883163255331939,0.0533126685999658,0.4883163255331939,0.0,11.0
6100.0,61.0,0.4900928682404701,0.0528684261217893,0.4900928682404701,0.0,11.0
6200.0,62.0,0.4910075728988837,0.0528082848499461,0.4910075728988837,0.0,11.0
6400.0,64.0,0.490425331749909,0.0528920918735844,0.490425331749909,0.0,11.0
6500.0,65.0,0.4905262443158772,0.0515090420107238,0.4905262443158772,0.0,11.0
6700.0,67.0,0.4886357386633205,0.0531808131958578,0.4886357386633205,0.0,11.0
7000.0,70.0,0.4875268502101735,0.0535368225680675,0.4875268502101735,0.0,11.0
7200.0,72.0,0.4846744651051444,0.0549422204854204,0.4846744651051444,0.0,11.0
7300.0,73.0,0.4873873559770021,0.05134754765246,0.4873873559770021,0.0,11.0
7500.0,75.0,0.4848139424153033,0.0532000742592244,0.4848139424153033,0.0,11.0
7600.0,76.0,0.4881979679678512,0.050514846196259,0.4881979679678512,0.0,11.0
7700.0,77.0,0.4898807134237087,0.0501558368395412,0.4898807134237087,0.0,11.0
7800.0,78.0,0.4907982467084298,0.0504617610652577,0.4907982467084298,0.0,11.0
7900.0,79.0,0.4905490414215643,0.0497248950627352,0.4905490414215643,0.0,11.0
8000.0,80.0,0.4906396278731817,0.0505491270475041,0.4906396278731817,0.0,11.0
8100.0,81.0,0.4912379273764756,0.0496063043119473,0.4912379273764756,0.0,11.0
8200.0,82.0,0.4913420078388164,0.0512846478254928,0.4913420078388164,0.0,11.0
8300.0,83.0,0.4911517774026019,0.0501253330890845,0.4911517774026019,0.0,11.0
8400.0,84.0,0.4931544838293627,0.0490887638924883,0.4931544838293627,0.0,11.0
8500.0,85.0,0.4938290502860432,0.0490745603279655,0.4938290502860432,0.0,11.0
8800.0,88.0,0.4907633467277839,0.0505317635784034,0.4907633467277839,0.0,11.0
8900.0,89.0,0.4921064715261273,0.0494511871247623,0.4921064715261273,0.0,11.0
9000.0,90.0,0.4927747400928433,0.0491333568696192,0.4927747400928433,0.0,11.0
9200.0,92.0,0.4913125968301174,0.0506479017839395,0.4913125968301174,0.0,11.0
9300.0,93.0,0.4899511372097738,0.0505015655350719,0.4899511372097738,0.0,11.0
9400.0,94.0,0.4930330816571136,0.049170160984471,0.4930330816571136,0.0,11.0
9500.0,95.0,0.4945819029809556,0.0481840482304611,0.4945819029809556,0.0,11.0
9600.0,96.0,0.4959417516164697,0.0474700097093772,0.4959417516164697,0.0,11.0
9700.0,97.0,0.4968451482805208,0.0444538018968528,0.4968451482805208,0.0,11.0
9900.0,99.0,0.4965258041918063,0.044126465739617,0.4965258041918063,0.0,11.0
10000.0,100.0,0.4967447085920136,0.0445489028024781,0.4967447085920136,0.0,11.0
10100.0,101.0,0.4967911181683113,0.0446498684395353,0.4967911181683113,0.0,11.0
10400.0,104.0,0.4967435875960946,0.046780645359315,0.4967435875960946,0.0,11.0
10600.0,106.0,0.4964047439717748,0.0463705649377938,0.4964047439717748,0.0,11.0
10700.0,107.0,0.4968644445756285,0.0458809575943661,0.4968644445756285,0.0,11.0
11100.0,111.0,0.4925115736863195,0.0490920629511673,0.4925115736863195,0.0,11.0
11300.0,113.0,0.4940213070157479,0.047680079341376,0.4940213070157479,0.0,11.0
11400.0,114.0,0.4969492272154301,0.0462934116792371,0.4969492272154301,0.0,11.0
11600.0,116.0,0.4971271683791743,0.0462727951573545,0.4971271683791743,0.0,11.0
11800.0,118.0,0.4968557577086674,0.0458668276713367,0.4968557577086674,0.0,11.0
11900.0,119.0,0.4988169811574445,0.0464772430679289,0.4988169811574445,0.0,11.0
12200.0,122.0,0.4965151347745193,0.0487478260784938,0.4965151347745193,0.0,11.0
12300.0,123.0,0.4974630442812856,0.0487459673572516,0.4974630442812856,0.0,11.0
12400.0,124.0,0.4986445989450806,0.047671999038505,0.4986445989450806,0.0,11.0
12500.0,125.0,0.498817232842682,0.0469533593800546,0.498817232842682,0.0,11.0
12900.0,129.0,0.4943587905490772,0.0490590272749785,0.4943587905490772,0.0,11.0
13100.0,131.0,0.495147185313032,0.0494274932596951,0.495147185313032,0.0,11.0
13200.0,132.0,0.496056346849219,0.0477684382572984,0.496056346849219,0.0,11.0
13300.0,133.0,0.4963411623034416,0.0474021481788264,0.4963411623034416,0.0,11.0
13400.0,134.0,0.4973184823463542,0.0457943371814865,0.4973184823463542,0.0,11.0
13500.0,135.0,0.4994616436374662,0.043501800886815,0.4994616436374662,0.0,11.0
13600.0,136.0,0.5005772471873265,0.0433538201800036,0.5005772471873265,0.0,11.0
13700.0,137.0,0.5021773357692515,0.0430112051998497,0.5021773357692515,0.0,11.0
14000.0,140.0,0.501105900167146,0.048276149907354,0.501105900167146,0.0,11.0
14200.0,142.0,0.4978538925333448,0.0504423038502289,0.4978538925333448,0.0,11.0
14300.0,143.0,0.4990355800391992,0.0505538601349667,0.4990355800391992,0.0,11.0
14400.0,144.0,0.5020375941588093,0.0462358658659427,0.5020375941588093,0.0,11.0
14600.0,146.0,0.5017124577318796,0.046524049069037,0.5017124577318796,0.0,11.0
14800.0,148.0,0.5039517204418239,0.0457227990553885,0.5039517204418239,0.0,11.0
14900.0,149.0,0.5041960960163256,0.0454786094982037,0.5041960960163256,0.0,11.0
15600.0,156.0,0.4993510137663045,0.0514590965611553,0.4993510137663045,0.0,11.0
15800.0,158.0,0.4985997150183245,0.0533364526094585,0.4985997150183245,0.0,11.0
16000.0,160.0,0.5012785729900607,0.0467281092163881,0.5012785729900607,0.0,11.0
16100.0,161.0,0.5022794270679226,0.0460626180771556,0.5022794270679226,0.0,11.0
16200.0,162.0,0.5036839159592207,0.0450920935258251,0.5036839159592207,0.0,11.0
16300.0,163.0,0.50372579345658,0.0454985993290533,0.50372579345658,0.0,11.0
16500.0,165.0,0.5029870311783575,0.0424206225248425,0.5029870311783575,0.0,11.0
16600.0,166.0,0.503846388523551,0.0418339262879806,0.503846388523551,0.0,11.0
16700.0,167.0,0.5042401831081119,0.0423862346891231,0.5042401831081119,0.0,11.0
17100.0,171.0,0.4982004947637667,0.0438079716353869,0.4982004947637667,0.0,11.0
17200.0,172.0,0.5004269088769682,0.0431917974950319,0.5004269088769682,0.0,11.0
17300.0,173.0,0.5011470942088384,0.0426798340893688,0.5011470942088384,0.0,11.0
17500.0,175.0,0.5029766569435377,0.0414976866302515,0.5029766569435377,0.0,11.0
17600.0,176.0,0.5026488213902651,0.0413898341100469,0.5026488213902651,0.0,11.0
17800.0,178.0,0.4975898230885464,0.0434424535612791,0.4975898230885464,0.0,11.0
18100.0,181.0,0.4984375853049914,0.0425171871268063,0.4984375853049914,0.0,11.0
18200.0,182.0,0.4992239952854639,0.0423973012962959,0.4992239952854639,0.0,11.0
18600.0,186.0,0.4932152416196299,0.0463141819391893,0.4932152416196299,0.0,11.0
18700.0,187.0,0.49506448333707,0.0455240080739763,0.49506448333707,0.0,11.0
18900.0,189.0,0.4951462816180244,0.0449229504028657,0.4951462816180244,0.0,11.0
19000.0,190.0,0.495505771966274,0.0445059355203735,0.495505771966274,0.0,11.0
19200.0,192.0,0.4960042490122395,0.0464122902726856,0.4960042490122395,0.0,11.0
19400.0,194.0,0.4946654918028617,0.0487682943621353,0.4946654918028617,0.0,11.0
19500.0,195.0,0.4964714062798557,0.0482025872112201,0.4964714062798557,0.0,11.0
19600.0,196.0,0.4966403959249013,0.0471443317712451,0.4966403959249013,0.0,11.0
19800.0,198.0,0.4966603630589544,0.0476147063913776,0.4966603630589544,0.0,11.0
19900.0,199.0,0.4965309448191259,0.0472632560599385,0.4965309448191259,0.0,11.0
20000.0,200.0,0.4960639206086559,0.0470900998259147,0.4960639206086559,0.0,11.0
20100.0,201.0,0.498447484031467,0.0456802294806261,0.498447484031467,0.0,11.0
20200.0,202.0,0.4980676959567034,0.044968627035019,0.4980676959567034,0.0,11.0
20300.0,203.0,0.4983675985063623,0.0451996580178939,0.4983675985063623,0.0,11.0
20400.0,204.0,0.4969881526359677,0.045042915594093,0.4969881526359677,0.0,11.0
20500.0,205.0,0.4970963540905357,0.0456612941741807,0.4970963540905357,0.0,11.0
20600.0,206.0,0.497726802110099,0.0427363679624615,0.497726802110099,0.0,11.0
20700.0,207.0,0.4982735155827643,0.0421394435243223,0.4982735155827643,0.0,11.0
20800.0,208.0,0.4986064198218188,0.0418783119973131,0.4986064198218188,0.0,11.0
20900.0,209.0,0.4990117778103616,0.0417138003014124,0.4990117778103616,0.0,11.0
21200.0,212.0,0.4979547080359284,0.0419595146564581,0.4979547080359284,0.0,11.0
21400.0,214.0,0.4986583686438554,0.0431098573166851,0.4986583686438554,0.0,11.0
21700.0,217.0,0.4996701365478839,0.044000145145848,0.4996701365478839,0.0,11.0
22000.0,220.0,0.4977478674353426,0.0452483705789857,0.4977478674353426,0.0,11.0
22100.0,221.0,0.4972887361422731,0.045127612374097,0.4972887361422731,0.0,11.0
22200.0,222.0,0.5015880462244608,0.0426258393804398,0.5015880462244608,0.0,11.0
22400.0,224.0,0.5027500433352504,0.0427684151697296,0.5027500433352504,0.0,11.0
22600.0,226.0,0.5021838503971774,0.0426803448649078,0.5021838503971774,0.0,11.0
22700.0,227.0,0.5047202918697528,0.0410552218352678,0.5047202918697528,0.0,11.0
22900.0,229.0,0.5057269924243599,0.0399198762406722,0.5057269924243599,0.0,11.0
23000.0,230.0,0.5056645837608964,0.0392537410600242,0.5056645837608964,0.0,11.0
23100.0,231.0,0.5061367201134428,0.0386484231957016,0.5061367201134428,0.0,11.0
23400.0,234.0,0.5037651353873741,0.0403292382453222,0.5037651353873741,0.0,11.0
23500.0,235.0,0.5054275935465183,0.0391098798979058,0.5054275935465183,0.0,11.0
23700.0,237.0,0.5055990428383004,0.0381682297515871,0.5055990428383004,0.0,11.0
23800.0,238.0,0.5058341242037239,0.038906118974431,0.5058341242037239,0.0,11.0
24000.0,240.0,0.5049364760643663,0.0396248265991685,0.5049364760643663,0.0,11.0
24200.0,242.0,0.5034158882190856,0.0394996487658466,0.5034158882190856,0.0,11.0
24600.0,246.0,0.5019252966047375,0.0406152322209158,0.5019252966047375,0.0,11.0
24700.0,247.0,0.5037074973576275,0.0396650293194851,0.5037074973576275,0.0,11.0
24800.0,248.0,0.5056187567495999,0.0392465577154667,0.5056187567495999,0.0,11.0
24900.0,249.0,0.5042854355003246,0.0386036344116414,0.5042854355003246,0.0,11.0
25000.0,250.0,0.5045897847875918,0.038885396610897,0.5045897847875918,0.0,11.0
25200.0,252.0,0.5038599920646772,0.0405113921655266,0.5038599920646772,0.0,11.0
25400.0,254.0,0.5031442866545232,0.0406353566782319,0.5031442866545232,0.0,11.0
25500.0,255.0,0.5040497043522489,0.0393799907286509,0.5040497043522489,0.0,11.0
25600.0,256.0,0.5063306689735607,0.0381113413341709,0.5063306689735607,0.0,11.0
25800.0,258.0,0.506019644186792,0.0376770026498535,0.506019644186792,0.0,11.0
26100.0,261.0,0.5063506004533612,0.0387840784745103,0.5063506004533612,0.0,11.0
26300.0,263.0,0.5064945526511018,0.03877722311186,0.5064945526511018,0.0,11.0
26400.0,264.0,0.5050356823112206,0.0386851052207423,0.5050356823112206,0.0,11.0
26500.0,265.0,0.5059123581001596,0.0379017816585721,0.5059123581001596,0.0,11.0
26600.0,266.0,0.5061846479708083,0.0383800423081785,0.5061846479708083,0.0,11.0
26900.0,269.0,0.5055130684573087,0.0387163429149582,0.5055130684573087,0.0,11.0
27100.0,271.0,0.5065765172303043,0.0386520005596055,0.5065765172303043,0.0,11.0
27300.0,273.0,0.5044099381805932,0.0384267516585259,0.5044099381805932,0.0,11.0
27700.0,277.0,0.5028641995907288,0.0390925897707001,0.5028641995907288,0.0,11.0
27800.0,278.0,0.5043662819148801,0.0383495767882,0.5043662819148801,0.0,11.0
28100.0,281.0,0.5024999769135585,0.0395731856458364,0.5024999769135585,0.0,11.0
28200.0,282.0,0.5035308917264629,0.0389721278102062,0.5035308917264629,0.0,11.0
28400.0,284.0,0.4999469996675468,0.0415788149986007,0.4999469996675468,0.0,11.0
28600.0,286.0,0.4989752228104411,0.0420095121340137,0.4989752228104411,0.0,11.0
28700.0,287.0,0.4998849535908203,0.0435562955481374,0.4998849535908203,0.0,11.0
29000.0,290.0,0.4988417435093467,0.0444324660837332,0.4988417435093467,0.0,11.0
29100.0,291.0,0.5013774189643339,0.0422395812284243,0.5013774189643339,0.0,11.0
29200.0,292.0,0.503242127786337,0.0425017662817304,0.503242127786337,0.0,11.0
29300.0,293.0,0.5041678302755891,0.0418736569137757,0.5041678302755891,0.0,11.0
29500.0,295.0,0.5036288048567436,0.0426005628240678,0.5036288048567436,0.0,11.0
29600.0,296.0,0.5034131365812899,0.0401158332337824,0.5034131365812899,0.0,11.0
29700.0,297.0,0.5051761298734427,0.0400514894784631,0.5051761298734427,0.0,11.0
29800.0,298.0,0.5057394073418453,0.0390713929959544,0.5057394073418453,0.0,11.0
30200.0,302.0,0.5029972573495672,0.0401702195336522,0.5029972573495672,0.0,11.0
30300.0,303.0,0.5033946969130494,0.0404061527691404,0.5033946969130494,0.0,11.0
30600.0,306.0,0.5010979418199002,0.0422166540413826,0.5010979418199002,0.0,11.0
30700.0,307.0,0.5020002631590508,0.0408103479739637,0.5020002631590508,0.0,11.0
30900.0,309.0,0.4998798885389288,0.0392913417012078,0.4998798885389288,0.0,11.0
31000.0,310.0,0.5003532901919248,0.0413513018801865,0.5003532901919248,0.0,11.0
31100.0,311.0,0.5021978180506669,0.0406951725128415,0.5021978180506669,0.0,11.0
31300.0,313.0,0.5031486497859953,0.0400148623534232,0.5031486497859953,0.0,11.0
31400.0,314.0,0.5046391766309741,0.0369318225116741,0.5046391766309741,0.0,11.0
31500.0,315.0,0.5059934107782935,0.0365658492298122,0.5059934107782935,0.0,11.0
31700.0,317.0,0.5064005075441578,0.0361393673900519,0.5064005075441578,0.0,11.0
31900.0,319.0,0.5059939767250962,0.0381825655998965,0.5059939767250962,0.0,11.0
32100.0,321.0,0.5048885158947881,0.0389105084721303,0.5048885158947881,0.0,11.0
32300.0,323.0,0.5052134099404207,0.0396995202407411,0.5052134099404207,0.0,11.0
32500.0,325.0,0.5041289451730148,0.040535123672105,0.5041289451730148,0.0,11.0
32600.0,326.0,0.5041541376469776,0.0405799850296981,0.5041541376469776,0.0,11.0
32800.0,328.0,0.5037299419776636,0.0402259206689401,0.5037299419776636,0.0,11.0
32900.0,329.0,0.5041688022216771,0.0397916748895571,0.5041688022216771,0.0,11.0
33000.0,330.0,0.5052106524388261,0.0387737095485063,0.5052106524388261,0.0,11.0
33200.0,332.0,0.5068011301948276,0.03799997405713,0.5068011301948276,0.0,11.0
33500.0,335.0,0.5071287658801136,0.0376019718654028,0.5071287658801136,0.0,11.0
33600.0,336.0,0.5075949002628264,0.0379979721797078,0.5075949002628264,0.0,11.0
33800.0,338.0,0.5073764338774184,0.0381240211157151,0.5073764338774184,0.0,11.0
34100.0,341.0,0.5070777220784293,0.0383018922014661,0.5070777220784293,0.0,11.0
34300.0,343.0,0.505606284394801,0.0391193164556818,0.505606284394801,0.0,11.0
34500.0,345.0,0.506189063466694,0.0390501463384762,0.506189063466694,0.0,11.0
34600.0,346.0,0.5047186090721137,0.0389339376888023,0.5047186090721137,0.0,11.0
34900.0,349.0,0.5027912497582387,0.0402047516924873,0.5027912497582387,0.0,11.0
35100.0,351.0,0.501890741768288,0.0402878093873184,0.501890741768288,0.0,11.0
35200.0,352.0,0.5025562850806466,0.0400853750611143,0.5025562850806466,0.0,11.0
35300.0,353.0,0.5029486523408524,0.0395808182326565,0.5029486523408524,0.0,11.0
35500.0,355.0,0.501773697484709,0.0405653368602323,0.501773697484709,0.0,11.0
35600.0,356.0,0.5015514813257972,0.040459833874616,0.5015514813257972,0.0,11.0
35800.0,358.0,0.5011286831860146,0.0402174018567018,0.5011286831860146,0.0,11.0
35900.0,359.0,0.5041304315614449,0.0387499198716186,0.5041304315614449,0.0,11.0
36000.0,360.0,0.5053822461596192,0.0380533940602732,0.5053822461596192,0.0,11.0
36500.0,365.0,0.5045299505585354,0.0404782103334891,0.5045299505585354,0.0,11.0
36600.0,366.0,0.505323282261738,0.0396561438938083,0.505323282261738,0.0,11.0
36700.0,367.0,0.5062064954500979,0.040265096063262,0.5062064954500979,0.0,11.0
37000.0,370.0,0.5022520895064797,0.0413335190975406,0.5022520895064797,0.0,11.0
37100.0,371.0,0.5022945631393184,0.0397489283018361,0.5022945631393184,0.0,11.0
37200.0,372.0,0.50363906663251,0.039925397632413,0.50363906663251,0.0,11.0
37300.0,373.0,0.5055306203323178,0.0386142425672854,0.5055306203323178,0.0,11.0
37400.0,374.0,0.5056565939991446,0.0385812341540147,0.5056565939991446,0.0,11.0
37500.0,375.0,0.5059134727025435,0.0386644060162719,0.5059134727025435,0.0,11.0
37800.0,378.0,0.5025513591839201,0.0419948327868428,0.5025513591839201,0.0,11.0
37900.0,379.0,0.5048435982460563,0.0396185965848929,0.5048435982460563,0.0,11.0
38000.0,380.0,0.5049312011796074,0.0385647455867165,0.5049312011796074,0.0,11.0
38200.0,382.0,0.5047377049794787,0.0395029017000411,0.5047377049794787,0.0,11.0
38300.0,383.0,0.5058896667398949,0.0388640310098647,0.5058896667398949,0.0,11.0
38500.0,385.0,0.5035777942568384,0.0387478777853653,0.5035777942568384,0.0,11.0
38600.0,386.0,0.5055606167158725,0.0383217229404712,0.5055606167158725,0.0,11.0
38700.0,387.0,0.5065013537075981,0.03764671714541,0.5065013537075981,0.0,11.0
39000.0,390.0,0.5027461876081157,0.0539826742112496,0.5027461876081157,0.0,11.0
39100.0,391.0,0.5013154422729064,0.0406401996032397,0.5013154422729064,0.0,11.0
39300.0,393.0,0.500869894898548,0.0412189264978275,0.500869894898548,0.0,11.0
39400.0,394.0,0.4997294765012272,0.0409899761046592,0.4997294765012272,0.0,11.0
39500.0,395.0,0.500267711376215,0.0407382966132481,0.500267711376215,0.0,11.0
39600.0,396.0,0.5002228597353974,0.0401094717277193,0.5002228597353974,0.0,11.0
39700.0,397.0,0.5016466996520846,0.0392150089790711,0.5016466996520846,0.0,11.0
39800.0,398.0,0.5036464301909096,0.0380317539247084,0.5036464301909096,0.0,11.0
40000.0,400.0,0.5036927244017708,0.0385267032010373,0.5036927244017708,0.0,11.0
40100.0,401.0,0.5056437619568945,0.0375814829352959,0.5056437619568945,0.0,11.0
40400.0,404.0,0.5047909673752851,0.0389259503116055,0.5047909673752851,0.0,11.0
40600.0,406.0,0.5036399054056576,0.039196422916649,0.5036399054056576,0.0,11.0
40800.0,408.0,0.5031884359172829,0.0395025226304461,0.5031884359172829,0.0,11.0
40900.0,409.0,0.5035150414002236,0.039602114292605,0.5035150414002236,0.0,11.0
41000.0,410.0,0.5057731995506494,0.0382903574712015,0.5057731995506494,0.0,11.0
41300.0,413.0,0.5033121286074629,0.0408240065815963,0.5033121286074629,0.0,11.0
41400.0,414.0,0.5040136173249025,0.0403206502531424,0.5040136173249025,0.0,11.0
41600.0,416.0,0.5030130510968618,0.0409345398194282,0.5030130510968618,0.0,11.0
41700.0,417.0,0.5040181516497283,0.0402213688057582,0.5040181516497283,0.0,11.0
41900.0,419.0,0.5046854409143187,0.0387611857928423,0.5046854409143187,0.0,11.0
42000.0,420.0,0.5066514799451461,0.0379671367859239,0.5066514799451461,0.0,11.0
42200.0,422.0,0.5056236366874296,0.0401436807084446,0.5056236366874296,0.0,11.0
42300.0,423.0,0.5059631801434364,0.0400914644312742,0.5059631801434364,0.0,11.0
42400.0,424.0,0.5052284336275001,0.0400400375689466,0.5052284336275001,0.0,11.0
42600.0,426.0,0.5023324128097136,0.0417721840140578,0.5023324128097136,0.0,11.0
42700.0,427.0,0.5043199737625426,0.0407069614036809,0.5043199737625426,0.0,11.0
42900.0,429.0,0.5051524348162801,0.0418615373467303,0.5051524348162801,0.0,11.0
43000.0,430.0,0.5066433440959347,0.0406146236415929,0.5066433440959347,0.0,11.0
43500.0,435.0,0.5057892955721881,0.041229393189465,0.5057892955721881,0.0,11.0
43700.0,437.0,0.5053275093381772,0.0425702552167039,0.5053275093381772,0.0,11.0
43800.0,438.0,0.5046393705388065,0.0420502866701446,0.5046393705388065,0.0,11.0
43900.0,439.0,0.5039952023982961,0.040593883771812,0.5039952023982961,0.0,11.0
44100.0,441.0,0.5074055864744971,0.0386250508047113,0.5074055864744971,0.0,11.0
44300.0,443.0,0.5047194419925644,0.0402108387802997,0.5047194419925644,0.0,11.0
44500.0,445.0,0.5042067719401254,0.0404034825809268,0.5042067719401254,0.0,11.0
44700.0,447.0,0.5040598790052174,0.0490058118366592,0.5040598790052174,0.0,11.0
44800.0,448.0,0.502870547247768,0.0403131461925005,0.502870547247768,0.0,11.0
44900.0,449.0,0.5032412523675002,0.039944416563834,0.5032412523675002,0.0,11.0
45000.0,450.0,0.503450811082693,0.0399743491907551,0.503450811082693,0.0,11.0
45100.0,451.0,0.5030740208135411,0.0398731023576742,0.5030740208135411,0.0,11.0
45300.0,453.0,0.5025055443239621,0.0417699079325202,0.5025055443239621,0.0,11.0
45400.0,454.0,0.5037038737108213,0.039792101334501,0.5037038737108213,0.0,11.0
45700.0,457.0,0.5016837827418489,0.0420652185240496,0.5016837827418489,0.0,11.0
45800.0,458.0,0.5039300374406568,0.0411725078803326,0.5039300374406568,0.0,11.0
45900.0,459.0,0.5057337596214084,0.040988454135815,0.5057337596214084,0.0,11.0
46200.0,462.0,0.5023864621402363,0.0421922043891113,0.5023864621402363,0.0,11.0
46400.0,464.0,0.5000993662843722,0.0427907498275212,0.5000993662843722,0.0,11.0
46500.0,465.0,0.5010513675389158,0.0419822840571722,0.5010513675389158,0.0,11.0
46600.0,466.0,0.500844830592053,0.0415370606919706,0.500844830592053,0.0,11.0
46700.0,467.0,0.4997913812401551,0.0414124556597694,0.4997913812401551,0.0,11.0
46800.0,468.0,0.5017338043408249,0.0382424470556161,0.5017338043408249,0.0,11.0
46900.0,469.0,0.504095455433375,0.0368571248448508,0.504095455433375,0.0,11.0
47000.0,470.0,0.5065144029361958,0.0349281079816104,0.5065144029361958,0.0,11.0
47300.0,473.0,0.5057026707482355,0.0357961566759823,0.5057026707482355,0.0,11.0
47500.0,475.0,0.5032867811361493,0.0375807051281531,0.5032867811361493,0.0,11.0
47700.0,477.0,0.5066904300369491,0.0370190987788927,0.5066904300369491,0.0,11.0
48000.0,480.0,0.5046958257950754,0.0383609183716721,0.5046958257950754,0.0,11.0
48100.0,481.0,0.5058862860386208,0.0357556660955865,0.5058862860386208,0.0,11.0
48300.0,483.0,0.5027544819786683,0.0384775530392047,0.5027544819786683,0.0,11.0
48600.0,486.0,0.5029494398627055,0.038713144272065,0.5029494398627055,0.0,11.0
48700.0,487.0,0.5044304320725226,0.0367896258725224,0.5044304320725226,0.0,11.0
48800.0,488.0,0.5052545461157409,0.0364947282249876,0.5052545461157409,0.0,11.0
49200.0,492.0,0.5015042226388656,0.0407869779364868,0.5015042226388656,0.0,11.0
49400.0,494.0,0.5054818877295029,0.0379927281067065,0.5054818877295029,0.0,11.0
49600.0,496.0,0.5040713390828965,0.0383655554571446,0.5040713390828965,0.0,11.0
49800.0,498.0,0.5037312639131917,0.0396832338971782,0.5037312639131917,0.0,11.0
49900.0,499.0,0.5028299364478522,0.0394060270497409,0.5028299364478522,0.0,11.0
50100.0,501.0,0.5023944403416468,0.0395958534458744,0.5023944403416468,0.0,11.0
50300.0,503.0,0.5053963423055808,0.0381091791275766,0.5053963423055808,0.0,11.0
50500.0,505.0,0.5024687586145954,0.0399973713171112,0.5024687586145954,0.0,11.0
50700.0,507.0,0.5040298008995237,0.0388857664812362,0.5040298008995237,0.0,11.0
50800.0,508.0,0.5054631808090981,0.03813646819188,0.5054631808090981,0.0,11.0
50900.0,509.0,0.5075396793328241,0.0361174530688616,0.5075396793328241,0.0,11.0
51000.0,510.0,0.5076362715549517,0.0368417603862839,0.5076362715549517,0.0,11.0
51600.0,516.0,0.5049580541433083,0.0392557547316382,0.5049580541433083,0.0,11.0
51700.0,517.0,0.5083971083824379,0.0367751059158432,0.5083971083824379,0.0,11.0
51800.0,518.0,0.5086087166252014,0.0368847164004186,0.5086087166252014,0.0,11.0
51900.0,519.0,0.5085580060191989,0.0358686626470117,0.5085580060191989,0.0,11.0
52000.0,520.0,0.5089671922534948,0.0357131124228806,0.5089671922534948,0.0,11.0
52100.0,521.0,0.5095094304965821,0.0355018173193204,0.5095094304965821,0.0,11.0
52300.0,523.0,0.5079867112653683,0.036007724241046,0.5079867112653683,0.0,11.0
52600.0,526.0,0.5083069907867236,0.037468138176818,0.5083069907867236,0.0,11.0
52800.0,528.0,0.5081665503449181,0.0377001788903381,0.5081665503449181,0.0,11.0
52900.0,529.0,0.5082996990204144,0.0388323475794778,0.5082996990204144,0.0,11.0
53000.0,530.0,0.5091822052549746,0.0401341879199162,0.5091822052549746,0.0,11.0
53100.0,531.0,0.5090890894363469,0.0395470009583331,0.5090890894363469,0.0,11.0
53200.0,532.0,0.5115097673421822,0.0371895482522318,0.5115097673421822,0.0,11.0
53400.0,534.0,0.5101445013106185,0.0369651107298439,0.5101445013106185,0.0,11.0
53500.0,535.0,0.5101197893313276,0.0360404492634624,0.5101197893313276,0.0,11.0
53800.0,538.0,0.5085672623580356,0.0372019838957782,0.5085672623580356,0.0,11.0
53900.0,539.0,0.5099435417416138,0.0365136219370016,0.5099435417416138,0.0,11.0
54000.0,540.0,0.5095330960912839,0.0362194505414854,0.5095330960912839,0.0,11.0
54100.0,541.0,0.5098581118223492,0.0342443574471025,0.5098581118223492,0.0,11.0
54400.0,544.0,0.5076022031760645,0.0349262939828258,0.5076022031760645,0.0,11.0
54600.0,546.0,0.5065478667063592,0.0364874308693919,0.5065478667063592,0.0,11.0
54800.0,548.0,0.5060589142918128,0.0371094785485048,0.5060589142918128,0.0,11.0
54900.0,549.0,0.5066753659004983,0.0366032319702292,0.5066753659004983,0.0,11.0
55100.0,551.0,0.5065638877989671,0.0376487156107293,0.5065638877989671,0.0,11.0
55400.0,554.0,0.5071378332663241,0.0376409905469105,0.5071378332663241,0.0,11.0
55500.0,555.0,0.5075917902822665,0.0385382659542807,0.5075917902822665,0.0,11.0
55600.0,556.0,0.5088524020279751,0.0376053405240697,0.5088524020279751,0.0,11.0
55700.0,557.0,0.508024037148857,0.0370171567025313,0.508024037148857,0.0,11.0
55800.0,558.0,0.5082299023719045,0.0367665020255963,0.5082299023719045,0.0,11.0
56200.0,562.0,0.5029485671107974,0.0397931756125767,0.5029485671107974,0.0,11.0
56300.0,563.0,0.504995217626237,0.0373794220640826,0.504995217626237,0.0,11.0
56600.0,566.0,0.5023946900693694,0.0416411742179211,0.5023946900693694,0.0,11.0
56700.0,567.0,0.5041222022437731,0.0403227619014602,0.5041222022437731,0.0,11.0
56800.0,568.0,0.5060177990400239,0.0392536925017959,0.5060177990400239,0.0,11.0
56900.0,569.0,0.5060505606137148,0.0389483905204625,0.5060505606137148,0.0,11.0
57200.0,572.0,0.504095084550909,0.0393535978951216,0.504095084550909,0.0,11.0
57300.0,573.0,0.5068366605224371,0.0373242005628126,0.5068366605224371,0.0,11.0
57400.0,574.0,0.5072122148547474,0.0373704994428834,0.5072122148547474,0.0,11.0
57600.0,576.0,0.5066738474112511,0.0381283302254507,0.5066738474112511,0.0,11.0
57800.0,578.0,0.5058333385043539,0.0385049305916389,0.5058333385043539,0.0,11.0
58000.0,580.0,0.5070039746929803,0.0386537124741378,0.5070039746929803,0.0,11.0
58100.0,581.0,0.5084228961324728,0.0381153963864489,0.5084228961324728,0.0,11.0
58300.0,583.0,0.5071010504110262,0.0388051054384171,0.5071010504110262,0.0,11.0
58500.0,585.0,0.5059822114800022,0.0389587766406915,0.5059822114800022,0.0,11.0
58600.0,586.0,0.5059026875237947,0.0386863807163227,0.5059026875237947,0.0,11.0
58700.0,587.0,0.5067866351926544,0.0385084655234996,0.5067866351926544,0.0,11.0
59000.0,590.0,0.5017009820045302,0.0410081674696332,0.5017009820045302,0.0,11.0
59100.0,591.0,0.5031398766667027,0.0410242197705491,0.5031398766667027,0.0,11.0
59400.0,594.0,0.5021696720488937,0.041379966328484,0.5021696720488937,0.0,11.0
59500.0,595.0,0.5051714949826225,0.0390662211172962,0.5051714949826225,0.0,11.0
59800.0,598.0,0.5055397895381296,0.0388996748796116,0.5055397895381296,0.0,11.0
60100.0,601.0,0.5028965606895992,0.0391166516483998,0.5028965606895992,0.0,11.0
60500.0,605.0,0.4964896974302484,0.0435517356461596,0.4964896974302484,0.0,11.0
60600.0,606.0,0.4963534182551218,0.0424847312474786,0.4963534182551218,0.0,11.0
60700.0,607.0,0.4971310642003707,0.042963920381338,0.4971310642003707,0.0,11.0
60900.0,609.0,0.4987065220857602,0.0425315282214279,0.4987065220857602,0.0,11.0
61100.0,611.0,0.4977394427791655,0.0439956384070939,0.4977394427791655,0.0,11.0
61200.0,612.0,0.4998076998274959,0.0432766274582026,0.4998076998274959,0.0,11.0
61500.0,615.0,0.5009716443732856,0.0434634292056442,0.5009716443732856,0.0,11.0
61700.0,617.0,0.4988736987640448,0.0434520373610032,0.4988736987640448,0.0,11.0
61900.0,619.0,0.4955581909832519,0.0454765641520491,0.4955581909832519,0.0,11.0
62100.0,621.0,0.4966110197965013,0.0437719632313318,0.4966110197965013,0.0,11.0
62300.0,623.0,0.4971584350238439,0.0424163937772313,0.4971584350238439,0.0,11.0
62500.0,625.0,0.496566714528545,0.0436057058965619,0.496566714528545,0.0,11.0
62600.0,626.0,0.4991555598050205,0.0421501144782538,0.4991555598050205,0.0,11.0
62700.0,627.0,0.5000440882241903,0.0431541641107522,0.5000440882241903,0.0,11.0
62800.0,628.0,0.5002495708314451,0.0438819330911494,0.5002495708314451,0.0,11.0
63000.0,630.0,0.4995753420422396,0.0429777289853746,0.4995753420422396,0.0,11.0
63100.0,631.0,0.4994315268371028,0.0396659516648126,0.4994315268371028,0.0,11.0
63200.0,632.0,0.501687430437033,0.0380389354799748,0.501687430437033,0.0,11.0
63300.0,633.0,0.5044865712633169,0.0384891644343606,0.5044865712633169,0.0,11.0
63400.0,634.0,0.5049564596480148,0.0380979757340375,0.5049564596480148,0.0,11.0
63600.0,636.0,0.5040516682213108,0.0387848230104649,0.5040516682213108,0.0,11.0
63800.0,638.0,0.5060568132920383,0.0372726878504664,0.5060568132920383,0.0,11.0
64000.0,640.0,0.5056211706970631,0.037663169667569,0.5056211706970631,0.0,11.0
64100.0,641.0,0.5060660958783915,0.0384663062243035,0.5060660958783915,0.0,11.0
64200.0,642.0,0.507200410731684,0.0371987481848888,0.507200410731684,0.0,11.0
64300.0,643.0,0.5069737131618401,0.0370730584770718,0.5069737131618401,0.0,11.0
64400.0,644.0,0.5074742813541363,0.0367804072646042,0.5074742813541363,0.0,11.0
64600.0,646.0,0.5052214506364574,0.0373855573795777,0.5052214506364574,0.0,11.0
64700.0,647.0,0.50742402667256,0.0360912397269116,0.50742402667256,0.0,11.0
64800.0,648.0,0.5089918846218205,0.0356173447938607,0.5089918846218205,0.0,11.0
64900.0,649.0,0.5099000627728082,0.0351257800267008,0.5099000627728082,0.0,11.0
65200.0,652.0,0.5059672584234928,0.0366737862069259,0.5059672584234928,0.0,11.0
65300.0,653.0,0.5054360220841029,0.0362253241046879,0.5054360220841029,0.0,11.0
65600.0,656.0,0.5029015656209619,0.0376402008023224,0.5029015656209619,0.0,11.0
65700.0,657.0,0.504287507521329,0.0364658671663808,0.504287507521329,0.0,11.0
65900.0,659.0,0.5054749171378907,0.0377524455681744,0.5054749171378907,0.0,11.0
66000.0,660.0,0.5062305113807462,0.0362552358718109,0.5062305113807462,0.0,11.0
66200.0,662.0,0.5038365395587454,0.0376251109552448,0.5038365395587454,0.0,11.0
66300.0,663.0,0.5060723861381495,0.0365259369320298,0.5060723861381495,0.0,11.0
66500.0,665.0,0.5061911397560075,0.0363717638272396,0.5061911397560075,0.0,11.0
66900.0,669.0,0.5013818750406468,0.0392534512588064,0.5013818750406468,0.0,11.0
67000.0,670.0,0.5058907214663435,0.0365142660513892,0.5058907214663435,0.0,11.0
67200.0,672.0,0.5030638346466006,0.0382851873540497,0.5030638346466006,0.0,11.0
67300.0,673.0,0.5034649885423111,0.0383933301810414,0.5034649885423111,0.0,11.0
67500.0,675.0,0.5012306520511469,0.0387860990479275,0.5012306520511469,0.0,11.0
67600.0,676.0,0.501914449325841,0.0398495107558619,0.501914449325841,0.0,11.0
67800.0,678.0,0.5004473946705932,0.0404152792160115,0.5004473946705932,0.0,11.0
67900.0,679.0,0.5038215260984867,0.0380350184108621,0.5038215260984867,0.0,11.0
68000.0,680.0,0.5036182469355277,0.0375998081264283,0.5036182469355277,0.0,11.0
68100.0,681.0,0.5038640464861925,0.037333944121285,0.5038640464861925,0.0,11.0
68200.0,682.0,0.5055205836738751,0.0367477419768013,0.5055205836738751,0.0,11.0
68400.0,684.0,0.5024406868038296,0.0394601016898298,0.5024406868038296,0.0,11.0
68500.0,685.0,0.5030106417195014,0.039304145002136,0.5030106417195014,0.0,11.0
68600.0,686.0,0.5042102578829817,0.0376115910924654,0.5042102578829817,0.0,11.0
68700.0,687.0,0.5064768959082946,0.0366685221082704,0.5064768959082946,0.0,11.0
68800.0,688.0,0.506666509327178,0.0385774790130616,0.506666509327178,0.0,11.0
68900.0,689.0,0.5071137509395359,0.0380360044828208,0.5071137509395359,0.0,11.0
69000.0,690.0,0.5107836422221026,0.0360748846306883,0.5107836422221026,0.0,11.0
69100.0,691.0,0.512363347626447,0.0350938775376893,0.512363347626447,0.0,11.0
69300.0,693.0,0.5105458920196623,0.0354776600941554,0.5105458920196623,0.0,11.0
69500.0,695.0,0.5089003697418957,0.0368016437291452,0.5089003697418957,0.0,11.0
69600.0,696.0,0.5090285379418951,0.0370134230190243,0.5090285379418951,0.0,11.0
69700.0,697.0,0.510068193067769,0.0361183808349082,0.510068193067769,0.0,11.0
69900.0,699.0,0.5095951182219866,0.0367217459059803,0.5095951182219866,0.0,11.0
70000.0,700.0,0.5099259833400182,0.0361225622104425,0.5099259833400182,0.0,11.0
100.0,1.0,0.2195897371861818,0.2742534243032953,0.2195897371861818,0.0,12.0
200.0,2.0,0.2243191298369344,0.271100202604624,0.2243191298369344,0.0,12.0
300.0,3.0,0.2588333981907537,0.2435149941254026,0.2588333981907537,0.0,12.0
400.0,4.0,0.3081193103203166,0.1955923122684042,0.3081193103203166,0.0,12.0
500.0,5.0,0.3289004869200932,0.1670837465777368,0.3289004869200932,0.0,12.0
600.0,6.0,0.3456232043127363,0.1606041430303686,0.3456232043127363,0.0,12.0
700.0,7.0,0.3577468727306,0.1521530549658728,0.3577468727306,0.0,12.0
800.0,8.0,0.3771052102767139,0.1251248070603042,0.3771052102767139,0.0,12.0
900.0,9.0,0.3817887862171798,0.122713271490951,0.3817887862171798,0.0,12.0
1000.0,10.0,0.3962606764654915,0.1184169080657753,0.3962606764654915,0.0,12.0
1100.0,11.0,0.4060390980071908,0.11195994446765,0.4060390980071908,0.0,12.0
1200.0,12.0,0.4113681519782302,0.1087046063923055,0.4113681519782302,0.0,12.0
1300.0,13.0,0.4167154125691256,0.1056083791411404,0.4167154125691256,0.0,12.0
1400.0,14.0,0.4198126022556194,0.1033613848819309,0.4198126022556194,0.0,12.0
1500.0,15.0,0.421035627574824,0.1033525324118088,0.421035627574824,0.0,12.0
1600.0,16.0,0.4268316209962527,0.0999136604773543,0.4268316209962527,0.0,12.0
1700.0,17.0,0.4308793528481924,0.0978282770555494,0.4308793528481924,0.0,12.0
1800.0,18.0,0.4301579118727976,0.0968577400282635,0.4301579118727976,0.0,12.0
1900.0,19.0,0.4328122944630937,0.0951255138197368,0.4328122944630937,0.0,12.0
2000.0,20.0,0.4369264067409475,0.0933562524742997,0.4369264067409475,0.0,12.0
2100.0,21.0,0.4414751105479954,0.0930337331335043,0.4414751105479954,0.0,12.0
2200.0,22.0,0.4509371457263493,0.0763687970091127,0.4509371457263493,0.0,12.0
2300.0,23.0,0.4509430190797199,0.0760104289177237,0.4509430190797199,0.0,12.0
2400.0,24.0,0.4569259010931883,0.0726162233035169,0.4569259010931883,0.0,12.0
2500.0,25.0,0.4609409295376056,0.0695320165160037,0.4609409295376056,0.0,12.0
2600.0,26.0,0.4636768367600596,0.0684523646973769,0.4636768367600596,0.0,12.0
2700.0,27.0,0.4651695237419824,0.0672436599503388,0.4651695237419824,0.0,12.0
2800.0,28.0,0.4650398845268086,0.0671969394512397,0.4650398845268086,0.0,12.0
2900.0,29.0,0.46608327598455,0.0653015194588842,0.46608327598455,0.0,12.0
3000.0,30.0,0.4681791880911716,0.0626346407246891,0.4681791880911716,0.0,12.0
3100.0,31.0,0.4683166244123321,0.0630315290673503,0.4683166244123321,0.0,12.0
3200.0,32.0,0.4687282824683214,0.0623056731035571,0.4687282824683214,0.0,12.0
3300.0,33.0,0.4706051854067269,0.0611619798016581,0.4706051854067269,0.0,12.0
3400.0,34.0,0.4726734366960618,0.0594500764243814,0.4726734366960618,0.0,12.0
3500.0,35.0,0.4719843081178507,0.0592711448922623,0.4719843081178507,0.0,12.0
3600.0,36.0,0.4730538325777194,0.0627502945603392,0.4730538325777194,0.0,12.0
3700.0,37.0,0.474235864251524,0.0620774076417253,0.474235864251524,0.0,12.0
3800.0,38.0,0.4771872845668313,0.0604913442755879,0.4771872845668313,0.0,12.0
4000.0,40.0,0.4741615019360936,0.0607256547161437,0.4741615019360936,0.0,12.0
4100.0,41.0,0.4787783116351106,0.057665818254024,0.4787783116351106,0.0,12.0
4200.0,42.0,0.4801922580492914,0.0562578624074922,0.4801922580492914,0.0,12.0
4300.0,43.0,0.4805226506601411,0.0560434076893563,0.4805226506601411,0.0,12.0
4400.0,44.0,0.4818156174361622,0.0558745226619982,0.4818156174361622,0.0,12.0
4500.0,45.0,0.4832831655795143,0.0511481694324756,0.4832831655795143,0.0,12.0
4600.0,46.0,0.4845946060716234,0.0502054749888469,0.4845946060716234,0.0,12.0
4800.0,48.0,0.4854481976282681,0.0503716367739384,0.4854481976282681,0.0,12.0
4900.0,49.0,0.4880168338114824,0.0476591743396103,0.4880168338114824,0.0,12.0
5100.0,51.0,0.4884383567582794,0.0479980995722652,0.4884383567582794,0.0,12.0
5200.0,52.0,0.490011521864454,0.0468562274666002,0.490011521864454,0.0,12.0
5300.0,53.0,0.4900564595699886,0.0479299083104894,0.4900564595699886,0.0,12.0
5500.0,55.0,0.4897927184791643,0.047309434445651,0.4897927184791643,0.0,12.0
5700.0,57.0,0.4899122164001245,0.0460621966761592,0.4899122164001245,0.0,12.0
5900.0,59.0,0.490035359517917,0.0452984764085184,0.490035359517917,0.0,12.0
6000.0,60.0,0.4901710911224278,0.0464593523414485,0.4901710911224278,0.0,12.0
6100.0,61.0,0.494230589973579,0.0445644425360522,0.494230589973579,0.0,12.0
6200.0,62.0,0.4966493932476876,0.0437526895688593,0.4966493932476876,0.0,12.0
6300.0,63.0,0.4969690789981211,0.0440157219228407,0.4969690789981211,0.0,12.0
6500.0,65.0,0.4979603253967904,0.0426055823976299,0.4979603253967904,0.0,12.0
6700.0,67.0,0.4975260732892027,0.0428519720604597,0.4975260732892027,0.0,12.0
6900.0,69.0,0.4979824519900148,0.0438834997739461,0.4979824519900148,0.0,12.0
7100.0,71.0,0.4973358024273637,0.0436762137813085,0.4973358024273637,0.0,12.0
7200.0,72.0,0.4976634663850193,0.0422065320943101,0.4976634663850193,0.0,12.0
7400.0,74.0,0.4998079860615211,0.0413217458272116,0.4998079860615211,0.0,12.0
7500.0,75.0,0.4996665403002757,0.040876435142561,0.4996665403002757,0.0,12.0
7600.0,76.0,0.500645998648805,0.0406541824074375,0.500645998648805,0.0,12.0
7800.0,78.0,0.4999516060105629,0.0406421048318839,0.4999516060105629,0.0,12.0
8000.0,80.0,0.4964958060209662,0.0428271659389215,0.4964958060209662,0.0,12.0
8100.0,81.0,0.4959140586252002,0.0419146959004446,0.4959140586252002,0.0,12.0
8200.0,82.0,0.4983340610580388,0.0404239533853998,0.4983340610580388,0.0,12.0
8300.0,83.0,0.4996329512468313,0.0402992764238189,0.4996329512468313,0.0,12.0
8400.0,84.0,0.5000273710418948,0.0406386591608488,0.5000273710418948,0.0,12.0
8500.0,85.0,0.5005280733774577,0.0401260348312622,0.5005280733774577,0.0,12.0
8600.0,86.0,0.5011473973717818,0.0403334266461779,0.5011473973717818,0.0,12.0
9000.0,90.0,0.497862415040059,0.0424191730781456,0.497862415040059,0.0,12.0
9200.0,92.0,0.49725616827174,0.0435200501930975,0.49725616827174,0.0,12.0
9400.0,94.0,0.4953558707259848,0.0432898873076995,0.4953558707259848,0.0,12.0
9500.0,95.0,0.5008373726278721,0.0404431253287081,0.5008373726278721,0.0,12.0
9600.0,96.0,0.5030865548167361,0.0395548142533761,0.5030865548167361,0.0,12.0
9900.0,99.0,0.5031063060215337,0.0399553215235521,0.5031063060215337,0.0,12.0
10300.0,103.0,0.4971436963385295,0.0429434319542186,0.4971436963385295,0.0,12.0
10500.0,105.0,0.4984754024569937,0.0430797333277206,0.4984754024569937,0.0,12.0
10600.0,106.0,0.5001361362514463,0.0421518853396509,0.5001361362514463,0.0,12.0
10700.0,107.0,0.5000941997225271,0.0420668609867984,0.5000941997225271,0.0,12.0
10800.0,108.0,0.502874869271932,0.0402597031939211,0.502874869271932,0.0,12.0
10900.0,109.0,0.5038355965066507,0.0406988608675271,0.5038355965066507,0.0,12.0
11000.0,110.0,0.5038132728698157,0.0390885450855235,0.5038132728698157,0.0,12.0
11100.0,111.0,0.5053251304673115,0.0386157832353626,0.5053251304673115,0.0,12.0
11300.0,113.0,0.5037590892947128,0.0382353368216168,0.5037590892947128,0.0,12.0
11400.0,114.0,0.5036381446104276,0.0381591771658418,0.5036381446104276,0.0,12.0
11600.0,116.0,0.503400927602048,0.0388773688798787,0.503400927602048,0.0,12.0
12100.0,121.0,0.4976737379252307,0.0443257409520061,0.4976737379252307,0.0,12.0
12300.0,123.0,0.5031083592053697,0.0389819461898895,0.5031083592053697,0.0,12.0
12500.0,125.0,0.5011556017921126,0.0399467017842773,0.5011556017921126,0.0,12.0
12600.0,126.0,0.502796967969583,0.0381142686233425,0.502796967969583,0.0,12.0
13000.0,130.0,0.5009415230039894,0.0399802114424259,0.5009415230039894,0.0,12.0
13100.0,131.0,0.5028319080283785,0.0396887288352842,0.5028319080283785,0.0,12.0
13200.0,132.0,0.5017311747393565,0.0395842672922848,0.5017311747393565,0.0,12.0
13400.0,134.0,0.5031860671481969,0.0401026253332106,0.5031860671481969,0.0,12.0
13600.0,136.0,0.5024449455010771,0.0380433028449359,0.5024449455010771,0.0,12.0
13800.0,138.0,0.5012693982243177,0.0386820588507953,0.5012693982243177,0.0,12.0
14000.0,140.0,0.4980703568777941,0.0392681274515412,0.4980703568777941,0.0,12.0
14100.0,141.0,0.4995143714064638,0.0396585053233787,0.4995143714064638,0.0,12.0
14200.0,142.0,0.500291377471009,0.0401050897634274,0.500291377471009,0.0,12.0
14300.0,143.0,0.5023612353567903,0.0397003648888361,0.5023612353567903,0.0,12.0
14500.0,145.0,0.501327049798888,0.0397773082689277,0.501327049798888,0.0,12.0
14600.0,146.0,0.5014080268926169,0.0397766513008958,0.5014080268926169,0.0,12.0
14700.0,147.0,0.5036713079121695,0.0400168677325577,0.5036713079121695,0.0,12.0
14800.0,148.0,0.5045694725620883,0.0394618371859584,0.5045694725620883,0.0,12.0
14900.0,149.0,0.5051696648297883,0.039429480080265,0.5051696648297883,0.0,12.0
15100.0,151.0,0.5039723023900686,0.0395043896083874,0.5039723023900686,0.0,12.0
15200.0,152.0,0.5035126524904756,0.0394600400028736,0.5035126524904756,0.0,12.0
15500.0,155.0,0.5018510984105526,0.0400954250143951,0.5018510984105526,0.0,12.0
15600.0,156.0,0.5010963244082457,0.0398617328844187,0.5010963244082457,0.0,12.0
16000.0,160.0,0.5015802859811217,0.0406087299035345,0.5015802859811217,0.0,12.0
16100.0,161.0,0.5018439442373883,0.0406953665902147,0.5018439442373883,0.0,12.0
16200.0,162.0,0.5024875511436074,0.039598941065927,0.5024875511436074,0.0,12.0
16600.0,166.0,0.5031968730292525,0.0399059531642712,0.5031968730292525,0.0,12.0
16700.0,167.0,0.5051749512190742,0.0383093715917175,0.5051749512190742,0.0,12.0
16800.0,168.0,0.5057729252912785,0.0371922816421586,0.5057729252912785,0.0,12.0
17100.0,171.0,0.5055364011733292,0.0373013771445885,0.5055364011733292,0.0,12.0
17400.0,174.0,0.5054413731280779,0.038053900479565,0.5054413731280779,0.0,12.0
17600.0,176.0,0.5044789091592606,0.0374576243819859,0.5044789091592606,0.0,12.0
17700.0,177.0,0.5073661916815215,0.0364219004116916,0.5073661916815215,0.0,12.0
17900.0,179.0,0.507612850815076,0.0362851765767666,0.507612850815076,0.0,12.0
18000.0,180.0,0.5077534723692033,0.0364754125369169,0.5077534723692033,0.0,12.0
18200.0,182.0,0.507742653391208,0.0369513627662049,0.507742653391208,0.0,12.0
18300.0,183.0,0.5080126484780073,0.037287836703689,0.5080126484780073,0.0,12.0
18400.0,184.0,0.5061193764852877,0.0372184002061461,0.5061193764852877,0.0,12.0
18500.0,185.0,0.5058345428412596,0.0367334780240936,0.5058345428412596,0.0,12.0
18600.0,186.0,0.5073979438981933,0.0369278316361518,0.5073979438981933,0.0,12.0
18700.0,187.0,0.5081010556397224,0.0371079828237429,0.5081010556397224,0.0,12.0
18800.0,188.0,0.5086231035051489,0.0369858370007786,0.5086231035051489,0.0,12.0
18900.0,189.0,0.5090687527689453,0.037090585879417,0.5090687527689453,0.0,12.0
19100.0,191.0,0.5103272736894668,0.0354024481160564,0.5103272736894668,0.0,12.0
19400.0,194.0,0.5089261001615957,0.0366026775690662,0.5089261001615957,0.0,12.0
19700.0,197.0,0.5074622599091777,0.0377336385365684,0.5074622599091777,0.0,12.0
19800.0,198.0,0.5064640738961116,0.0376208677241014,0.5064640738961116,0.0,12.0
19900.0,199.0,0.5066936301420686,0.0375704465734507,0.5066936301420686,0.0,12.0
20100.0,201.0,0.5055137681611996,0.0373960392273164,0.5055137681611996,0.0,12.0
20500.0,205.0,0.4996930929394121,0.0397714343853467,0.4996930929394121,0.0,12.0
20600.0,206.0,0.5019783763535918,0.0383860292908611,0.5019783763535918,0.0,12.0
20700.0,207.0,0.5024297422805662,0.0383689283323594,0.5024297422805662,0.0,12.0
20800.0,208.0,0.5019089457456215,0.0378994470172376,0.5019089457456215,0.0,12.0
20900.0,209.0,0.5059983611901562,0.0353734373649208,0.5059983611901562,0.0,12.0
21000.0,210.0,0.5051760706311698,0.0351673234901616,0.5051760706311698,0.0,12.0
21300.0,213.0,0.5001182875246856,0.0384030242003491,0.5001182875246856,0.0,12.0
21400.0,214.0,0.5000038255707576,0.0382522222431241,0.5000038255707576,0.0,12.0
21500.0,215.0,0.5026601183377036,0.038406281162765,0.5026601183377036,0.0,12.0
21700.0,217.0,0.5005732186299802,0.0395005677576718,0.5005732186299802,0.0,12.0
21900.0,219.0,0.4994396600797409,0.0392373722622331,0.4994396600797409,0.0,12.0
22000.0,220.0,0.4994016645519734,0.0383800728907648,0.4994016645519734,0.0,12.0
22100.0,221.0,0.5006087497269058,0.0372044229687898,0.5006087497269058,0.0,12.0
22300.0,223.0,0.5008412827937844,0.0386374863274718,0.5008412827937844,0.0,12.0
22400.0,224.0,0.5009593703608619,0.0377334305158323,0.5009593703608619,0.0,12.0
22600.0,226.0,0.5000256193027173,0.0381364401269202,0.5000256193027173,0.0,12.0
22800.0,228.0,0.4985477797879779,0.0382424513001676,0.4985477797879779,0.0,12.0
22900.0,229.0,0.4991464567006013,0.0388454969625059,0.4991464567006013,0.0,12.0
23200.0,232.0,0.4982750316873023,0.0400895015220419,0.4982750316873023,0.0,12.0
23300.0,233.0,0.4997112370517116,0.0386173909470068,0.4997112370517116,0.0,12.0
23400.0,234.0,0.5008132354428986,0.039157791767992,0.5008132354428986,0.0,12.0
23600.0,236.0,0.5000305014497886,0.038769993113969,0.5000305014497886,0.0,12.0
23700.0,237.0,0.5022821087638345,0.0385020071394622,0.5022821087638345,0.0,12.0
24100.0,241.0,0.4994946151184492,0.0400818198548674,0.4994946151184492,0.0,12.0
24300.0,243.0,0.4975863992377909,0.0404723625751677,0.4975863992377909,0.0,12.0
24400.0,244.0,0.4993781367353275,0.0399888819456468,0.4993781367353275,0.0,12.0
24500.0,245.0,0.5010814416465856,0.0401616130971703,0.5010814416465856,0.0,12.0
24600.0,246.0,0.5008771563593538,0.0395449928196334,0.5008771563593538,0.0,12.0
24700.0,247.0,0.5034195087394602,0.0369616469388541,0.5034195087394602,0.0,12.0
25000.0,250.0,0.5051908372094356,0.0368765618316721,0.5051908372094356,0.0,12.0
25200.0,252.0,0.5047335584302144,0.0361641436068764,0.5047335584302144,0.0,12.0
25500.0,255.0,0.4997591675087512,0.039307254895718,0.4997591675087512,0.0,12.0
25600.0,256.0,0.5007004989668618,0.0398908361710376,0.5007004989668618,0.0,12.0
25800.0,258.0,0.5008404687633532,0.0381873641161654,0.5008404687633532,0.0,12.0
26000.0,260.0,0.4991310804676668,0.0389418161608398,0.4991310804676668,0.0,12.0
26100.0,261.0,0.4988655280644832,0.0385338584857814,0.4988655280644832,0.0,12.0
26400.0,264.0,0.4990496431044816,0.0386247883079145,0.4990496431044816,0.0,12.0
26500.0,265.0,0.5010281902315318,0.0379077506403206,0.5010281902315318,0.0,12.0
26600.0,266.0,0.5029394841409726,0.0368152992963184,0.5029394841409726,0.0,12.0
26700.0,267.0,0.5043654011610549,0.0365548602639817,0.5043654011610549,0.0,12.0
27100.0,271.0,0.500605516741645,0.038857819248651,0.500605516741645,0.0,12.0
27200.0,272.0,0.5022200703504571,0.0388829947292362,0.5022200703504571,0.0,12.0
27400.0,274.0,0.5060103969660222,0.0361580343995538,0.5060103969660222,0.0,12.0
27900.0,279.0,0.5023057925904794,0.0407347870004104,0.5023057925904794,0.0,12.0
28000.0,280.0,0.5017205848449987,0.0405099556745005,0.5017205848449987,0.0,12.0
28100.0,281.0,0.5038639513858729,0.0409828179178045,0.5038639513858729,0.0,12.0
28300.0,283.0,0.5038108263795357,0.0412114471650273,0.5038108263795357,0.0,12.0
28500.0,285.0,0.5049008842578985,0.0406202219988525,0.5049008842578985,0.0,12.0
28700.0,287.0,0.500669538441107,0.0402791570870238,0.500669538441107,0.0,12.0
28800.0,288.0,0.5005644195799931,0.039395517336027,0.5005644195799931,0.0,12.0
28900.0,289.0,0.5032090668811665,0.0370787324307936,0.5032090668811665,0.0,12.0
29000.0,290.0,0.5035402370138233,0.0385070332828692,0.5035402370138233,0.0,12.0
29100.0,291.0,0.5048450222856709,0.0377550165285007,0.5048450222856709,0.0,12.0
29200.0,292.0,0.5048628135954689,0.0373744051554638,0.5048628135954689,0.0,12.0
29500.0,295.0,0.502437962743111,0.0395427173490501,0.502437962743111,0.0,12.0
29600.0,296.0,0.5031620711091871,0.0386997903289795,0.5031620711091871,0.0,12.0
29700.0,297.0,0.5053062897204205,0.038651209596993,0.5053062897204205,0.0,12.0
29800.0,298.0,0.5038134939690133,0.0382299119827045,0.5038134939690133,0.0,12.0
29900.0,299.0,0.5039897611000685,0.0377907287962687,0.5039897611000685,0.0,12.0
30100.0,301.0,0.5028350942945277,0.0399287625239272,0.5028350942945277,0.0,12.0
30200.0,302.0,0.5035537511880328,0.0387905945750323,0.5035537511880328,0.0,12.0
30300.0,303.0,0.5041719425752327,0.0382149326424784,0.5041719425752327,0.0,12.0
30500.0,305.0,0.5026702492025394,0.0394714503191254,0.5026702492025394,0.0,12.0
30700.0,307.0,0.5041652817949788,0.0390772392668766,0.5041652817949788,0.0,12.0
30900.0,309.0,0.5035419956219946,0.0391058188877084,0.5035419956219946,0.0,12.0
31300.0,313.0,0.5008709652234264,0.0428980560155438,0.5008709652234264,0.0,12.0
31400.0,314.0,0.5008129094317639,0.0423694813651167,0.5008129094317639,0.0,12.0
31500.0,315.0,0.5015540162602006,0.0418624092344132,0.5015540162602006,0.0,12.0
31600.0,316.0,0.5024820432600015,0.0416620655930817,0.5024820432600015,0.0,12.0
32200.0,322.0,0.4963147318983518,0.0445945003920589,0.4963147318983518,0.0,12.0
32300.0,323.0,0.4981689508540989,0.0446336871419529,0.4981689508540989,0.0,12.0
32400.0,324.0,0.4988359558226523,0.0427790892826633,0.4988359558226523,0.0,12.0
32600.0,326.0,0.5007745169021444,0.0413757089218943,0.5007745169021444,0.0,12.0
33000.0,330.0,0.4972366412134296,0.0448071110193998,0.4972366412134296,0.0,12.0
33300.0,333.0,0.4980165831993098,0.0441124456166696,0.4980165831993098,0.0,12.0
33400.0,334.0,0.4980803414201213,0.0429482313730265,0.4980803414201213,0.0,12.0
33500.0,335.0,0.498461266826577,0.0425415532727724,0.498461266826577,0.0,12.0
33700.0,337.0,0.4982854862138043,0.0417845037956482,0.4982854862138043,0.0,12.0
33900.0,339.0,0.5002076242664834,0.0416432438945198,0.5002076242664834,0.0,12.0
34000.0,340.0,0.501189053144546,0.0413733669208539,0.501189053144546,0.0,12.0
34100.0,341.0,0.5003835267401805,0.0407093786769439,0.5003835267401805,0.0,12.0
34200.0,342.0,0.5007254989449446,0.0397982539436331,0.5007254989449446,0.0,12.0
34300.0,343.0,0.5019465058211202,0.038655709730866,0.5019465058211202,0.0,12.0
34400.0,344.0,0.5019673295815427,0.039342552675177,0.5019673295815427,0.0,12.0
34500.0,345.0,0.504662402048573,0.0370550298234782,0.504662402048573,0.0,12.0
34600.0,346.0,0.5047759464447595,0.0366273676991852,0.5047759464447595,0.0,12.0
35000.0,350.0,0.5028589975746699,0.0387999840667219,0.5028589975746699,0.0,12.0
35300.0,353.0,0.5045410171102913,0.0384602379846053,0.5045410171102913,0.0,12.0
35400.0,354.0,0.505567353552489,0.0396438896240375,0.505567353552489,0.0,12.0
35500.0,355.0,0.5065156565156108,0.040627764584569,0.5065156565156108,0.0,12.0
35700.0,357.0,0.5045697104025934,0.0411580180466681,0.5045697104025934,0.0,12.0
35900.0,359.0,0.5050619918306967,0.0417317302703504,0.5050619918306967,0.0,12.0
36000.0,360.0,0.5083731678917954,0.0362963349632972,0.5083731678917954,0.0,12.0
36200.0,362.0,0.5060127530386213,0.0363429091331966,0.5060127530386213,0.0,12.0
36300.0,363.0,0.5061319782203065,0.036244030548904,0.5061319782203065,0.0,12.0
36800.0,368.0,0.5039640585894015,0.0393486327488402,0.5039640585894015,0.0,12.0
36900.0,369.0,0.5047641402419286,0.0388215365062303,0.5047641402419286,0.0,12.0
37300.0,373.0,0.4961990860508939,0.0426012453749923,0.4961990860508939,0.0,12.0
37500.0,375.0,0.4997118591799606,0.0418563953428208,0.4997118591799606,0.0,12.0
37600.0,376.0,0.5001950730821443,0.0423671227041856,0.5001950730821443,0.0,12.0
37700.0,377.0,0.5019577805319075,0.0402163222199853,0.5019577805319075,0.0,12.0
37800.0,378.0,0.5025745989335412,0.039927238125543,0.5025745989335412,0.0,12.0
37900.0,379.0,0.5016236615865779,0.0398651201337339,0.5016236615865779,0.0,12.0
38000.0,380.0,0.5027152956773575,0.0386708238892206,0.5027152956773575,0.0,12.0
38100.0,381.0,0.5040517880879372,0.037998071190874,0.5040517880879372,0.0,12.0
38200.0,382.0,0.5050563214441289,0.0378615061800603,0.5050563214441289,0.0,12.0
38600.0,386.0,0.5026807557304308,0.0398721963875744,0.5026807557304308,0.0,12.0
38700.0,387.0,0.5027496467075007,0.0384162912183066,0.5027496467075007,0.0,12.0
38900.0,389.0,0.5027113702573109,0.0382352096328556,0.5027113702573109,0.0,12.0
39100.0,391.0,0.5028381685269363,0.0375851382487122,0.5028381685269363,0.0,12.0
39200.0,392.0,0.5029079374514084,0.0387513537289391,0.5029079374514084,0.0,12.0
39300.0,393.0,0.5036069727945668,0.0376614194434711,0.5036069727945668,0.0,12.0
39600.0,396.0,0.5024177328850176,0.0404847354987406,0.5024177328850176,0.0,12.0
39700.0,397.0,0.5021290384964091,0.039071177435989,0.5021290384964091,0.0,12.0
39900.0,399.0,0.4980303173233532,0.0408932337578337,0.4980303173233532,0.0,12.0
40000.0,400.0,0.4994876826812457,0.0407196898994104,0.4994876826812457,0.0,12.0
40100.0,401.0,0.499211422132393,0.0404975986545813,0.499211422132393,0.0,12.0
40300.0,403.0,0.4995797986230453,0.0433081733875384,0.4995797986230453,0.0,12.0
40400.0,404.0,0.5008606377109752,0.0422157138167178,0.5008606377109752,0.0,12.0
40500.0,405.0,0.5041659069084323,0.0397661742863868,0.5041659069084323,0.0,12.0
40700.0,407.0,0.5056800683141951,0.0397724262215572,0.5056800683141951,0.0,12.0
41000.0,410.0,0.5026973748384843,0.0460250031749579,0.5026973748384843,0.0,12.0
41100.0,411.0,0.5050320767228978,0.0445160080274231,0.5050320767228978,0.0,12.0
41200.0,412.0,0.5036242641310392,0.0411351796381528,0.5036242641310392,0.0,12.0
41300.0,413.0,0.5028689257573099,0.040909774604191,0.5028689257573099,0.0,12.0
41400.0,414.0,0.5030636955368174,0.0395911026173835,0.5030636955368174,0.0,12.0
41600.0,416.0,0.502788534676103,0.0392207246431677,0.502788534676103,0.0,12.0
41700.0,417.0,0.5030410680576153,0.0394996160241862,0.5030410680576153,0.0,12.0
41800.0,418.0,0.5037715757581009,0.0394552116334688,0.5037715757581009,0.0,12.0
42000.0,420.0,0.5027533068010329,0.0411732610553663,0.5027533068010329,0.0,12.0
42200.0,422.0,0.5063511827951694,0.040518293267625,0.5063511827951694,0.0,12.0
42400.0,424.0,0.5048240765141231,0.0408354621292641,0.5048240765141231,0.0,12.0
42500.0,425.0,0.5036360615478848,0.0402652745284804,0.5036360615478848,0.0,12.0
43000.0,430.0,0.5017979600527128,0.0413853630902474,0.5017979600527128,0.0,12.0
43100.0,431.0,0.5051095426866432,0.0386036791656867,0.5051095426866432,0.0,12.0
43200.0,432.0,0.5059082402536832,0.0374008798662418,0.5059082402536832,0.0,12.0
43400.0,434.0,0.5048922705718121,0.0369819660519851,0.5048922705718121,0.0,12.0
43500.0,435.0,0.5053595715996503,0.0368771780852504,0.5053595715996503,0.0,12.0
43700.0,437.0,0.5047767258265932,0.0386204270184442,0.5047767258265932,0.0,12.0
43900.0,439.0,0.5046463129792255,0.0393171803780019,0.5046463129792255,0.0,12.0
44100.0,441.0,0.5042529185942844,0.0398812692028854,0.5042529185942844,0.0,12.0
44300.0,443.0,0.5053491416334668,0.038063256265688,0.5053491416334668,0.0,12.0
44400.0,444.0,0.5056225469301407,0.03761946083375,0.5056225469301407,0.0,12.0
44500.0,445.0,0.5066469113859818,0.0368578741099623,0.5066469113859818,0.0,12.0
44600.0,446.0,0.5077486718546571,0.035493651803211,0.5077486718546571,0.0,12.0
45000.0,450.0,0.5039885917677422,0.0385591689778195,0.5039885917677422,0.0,12.0
45100.0,451.0,0.5045474863420005,0.0388594902935707,0.5045474863420005,0.0,12.0
45200.0,452.0,0.5037612120809596,0.0383986071553743,0.5037612120809596,0.0,12.0
45300.0,453.0,0.5066375826894113,0.0363417166182437,0.5066375826894113,0.0,12.0
45700.0,457.0,0.5031070329104418,0.0388762620832997,0.5031070329104418,0.0,12.0
45900.0,459.0,0.5021151375194226,0.0391089515582774,0.5021151375194226,0.0,12.0
46300.0,463.0,0.5016893241838288,0.0398503533580057,0.5016893241838288,0.0,12.0
46500.0,465.0,0.4979046669018134,0.0426806323423875,0.4979046669018134,0.0,12.0
46600.0,466.0,0.5002220998159945,0.0416045001585668,0.5002220998159945,0.0,12.0
46700.0,467.0,0.5022238404588284,0.0414458966383239,0.5022238404588284,0.0,12.0
46900.0,469.0,0.5033070743506517,0.0401091110325238,0.5033070743506517,0.0,12.0
47000.0,470.0,0.5036032533388618,0.0401184682538015,0.5036032533388618,0.0,12.0
47100.0,471.0,0.5036941248336421,0.0404610603349515,0.5036941248336421,0.0,12.0
47200.0,472.0,0.5047259658346388,0.0399252341391691,0.5047259658346388,0.0,12.0
47500.0,475.0,0.5047733804134192,0.0397437002625593,0.5047733804134192,0.0,12.0
47900.0,479.0,0.4988603308597401,0.0446388229889225,0.4988603308597401,0.0,12.0
48000.0,480.0,0.4994742835198723,0.0451741991262081,0.4994742835198723,0.0,12.0
48100.0,481.0,0.4996466856937452,0.0448285548923562,0.4996466856937452,0.0,12.0
48200.0,482.0,0.5011110407902626,0.0427025099767242,0.5011110407902626,0.0,12.0
48400.0,484.0,0.5008036006771083,0.0431182461638857,0.5008036006771083,0.0,12.0
48500.0,485.0,0.5027687486403957,0.0418383417967531,0.5027687486403957,0.0,12.0
48600.0,486.0,0.5026754011248187,0.0412974218742333,0.5026754011248187,0.0,12.0
49100.0,491.0,0.4986103711995426,0.044266062975828,0.4986103711995426,0.0,12.0
49200.0,492.0,0.501759376471788,0.0427906204076157,0.501759376471788,0.0,12.0
49400.0,494.0,0.5040206050195182,0.0411042745915048,0.5040206050195182,0.0,12.0
49500.0,495.0,0.5048664857768537,0.0388628857985884,0.5048664857768537,0.0,12.0
49600.0,496.0,0.5060426574828437,0.0384746227194265,0.5060426574828437,0.0,12.0
49900.0,499.0,0.501967138261873,0.0402131682645891,0.501967138261873,0.0,12.0
50100.0,501.0,0.5018832847253623,0.0394008573040711,0.5018832847253623,0.0,12.0
50200.0,502.0,0.5025493881074454,0.0384758182164195,0.5025493881074454,0.0,12.0
50300.0,503.0,0.5040678132097757,0.0400325200880579,0.5040678132097757,0.0,12.0
50400.0,504.0,0.5045912988619046,0.0403990577370018,0.5045912988619046,0.0,12.0
50600.0,506.0,0.5047034412878942,0.0387626122523932,0.5047034412878942,0.0,12.0
50900.0,509.0,0.5035692564423049,0.0391884426470664,0.5035692564423049,0.0,12.0
51300.0,513.0,0.5006986806800725,0.0423560402329814,0.5006986806800725,0.0,12.0
51400.0,514.0,0.5024385246458606,0.0391264783005304,0.5024385246458606,0.0,12.0
51500.0,515.0,0.5046641941463087,0.0372359887743832,0.5046641941463087,0.0,12.0
51700.0,517.0,0.504183913206112,0.0377806433528467,0.504183913206112,0.0,12.0
52000.0,520.0,0.4993999297661732,0.0399654244918782,0.4993999297661732,0.0,12.0
52100.0,521.0,0.499232567653478,0.039891527345388,0.499232567653478,0.0,12.0
52300.0,523.0,0.499953848964332,0.0408070035131551,0.499953848964332,0.0,12.0
52400.0,524.0,0.501775117489308,0.0396839154444305,0.501775117489308,0.0,12.0
52600.0,526.0,0.4999120559548405,0.0415109779544427,0.4999120559548405,0.0,12.0
52700.0,527.0,0.5009707799523423,0.0423874954750758,0.5009707799523423,0.0,12.0
52800.0,528.0,0.5013097716827907,0.0428388501458341,0.5013097716827907,0.0,12.0
52900.0,529.0,0.5018305748178976,0.0425358656960427,0.5018305748178976,0.0,12.0
53000.0,530.0,0.5025637828538192,0.0426092489086649,0.5025637828538192,0.0,12.0
53200.0,532.0,0.5019853033963768,0.0461034056784864,0.5019853033963768,0.0,12.0
53300.0,533.0,0.5049083753527869,0.0430265176216333,0.5049083753527869,0.0,12.0
53700.0,537.0,0.4986312924347883,0.0469603037047402,0.4986312924347883,0.0,12.0
53900.0,539.0,0.5007119310806829,0.0450733149097652,0.5007119310806829,0.0,12.0
54000.0,540.0,0.5004169550543308,0.0444308590060211,0.5004169550543308,0.0,12.0
54100.0,541.0,0.5012917258712258,0.0444755558006214,0.5012917258712258,0.0,12.0
54200.0,542.0,0.5036914255417319,0.0434573991188198,0.5036914255417319,0.0,12.0
54300.0,543.0,0.503349082143807,0.0421386801448428,0.503349082143807,0.0,12.0
54400.0,544.0,0.505492937508487,0.040907949093467,0.505492937508487,0.0,12.0
54600.0,546.0,0.5060440581998664,0.0406414550478383,0.5060440581998664,0.0,12.0
54800.0,548.0,0.5057287883964844,0.0405260771023165,0.5057287883964844,0.0,12.0
54900.0,549.0,0.5043966002737754,0.0397908425612665,0.5043966002737754,0.0,12.0
55200.0,552.0,0.5051981610461088,0.0390403310533254,0.5051981610461088,0.0,12.0
55300.0,553.0,0.5056626877040232,0.0376528471736491,0.5056626877040232,0.0,12.0
55800.0,558.0,0.4996995529901826,0.0440178938350328,0.4996995529901826,0.0,12.0
56000.0,560.0,0.5008193159148954,0.0420157909845922,0.5008193159148954,0.0,12.0
56200.0,562.0,0.4988054874048096,0.0433497899439842,0.4988054874048096,0.0,12.0
56400.0,564.0,0.4988017846616321,0.0431340268005377,0.4988017846616321,0.0,12.0
56500.0,565.0,0.4999774269066865,0.0428400026819865,0.4999774269066865,0.0,12.0
56600.0,566.0,0.5014063471484443,0.0433815364479465,0.5014063471484443,0.0,12.0
56700.0,567.0,0.5021458661323017,0.0425532812025535,0.5021458661323017,0.0,12.0
56800.0,568.0,0.5018629978016648,0.0423487234173299,0.5018629978016648,0.0,12.0
57000.0,570.0,0.501473663967441,0.0433763699256191,0.501473663967441,0.0,12.0
57100.0,571.0,0.5008876413823399,0.043049302743886,0.5008876413823399,0.0,12.0
57400.0,574.0,0.497872450382292,0.0451159526969593,0.497872450382292,0.0,12.0
57500.0,575.0,0.4982830269125679,0.0444571301801764,0.4982830269125679,0.0,12.0
57800.0,578.0,0.4986237216120362,0.0435882847682225,0.4986237216120362,0.0,12.0
58000.0,580.0,0.50111828188855,0.0421730461430948,0.50111828188855,0.0,12.0
58400.0,584.0,0.4980208534864436,0.041326785326884,0.4980208534864436,0.0,12.0
58500.0,585.0,0.4983748396850311,0.0411482328870351,0.4983748396850311,0.0,12.0
58700.0,587.0,0.4995299214826389,0.0420595796033084,0.4995299214826389,0.0,12.0
58900.0,589.0,0.4995471546115482,0.0429798252313595,0.4995471546115482,0.0,12.0
59000.0,590.0,0.5001993306271313,0.0415150636214715,0.5001993306271313,0.0,12.0
59100.0,591.0,0.500372526788171,0.0413495523184131,0.500372526788171,0.0,12.0
59200.0,592.0,0.5006483204105918,0.0413377197787128,0.5006483204105918,0.0,12.0
59400.0,594.0,0.4979379944267156,0.0419672011022156,0.4979379944267156,0.0,12.0
59700.0,597.0,0.4956848625006589,0.0452930732204044,0.4956848625006589,0.0,12.0
59800.0,598.0,0.4986631104574763,0.0423629115670953,0.4986631104574763,0.0,12.0
60000.0,600.0,0.4982158361720477,0.0429924071108068,0.4982158361720477,0.0,12.0
60200.0,602.0,0.4983915995158144,0.0435169051270172,0.4983915995158144,0.0,12.0
60300.0,603.0,0.498134620159089,0.0434511190005771,0.498134620159089,0.0,12.0
60600.0,606.0,0.4979778812427557,0.0436911920512286,0.4979778812427557,0.0,12.0
60700.0,607.0,0.4984472353156147,0.0439746815274556,0.4984472353156147,0.0,12.0
60800.0,608.0,0.4987632620671982,0.0441262331050682,0.4987632620671982,0.0,12.0
60900.0,609.0,0.5001536788043458,0.0432803328966295,0.5001536788043458,0.0,12.0
61100.0,611.0,0.4998450393181476,0.0432420249875296,0.4998450393181476,0.0,12.0
61300.0,613.0,0.500129311987537,0.0424261030609212,0.500129311987537,0.0,12.0
61500.0,615.0,0.4997286578046233,0.0429651937997936,0.4997286578046233,0.0,12.0
61700.0,617.0,0.4962710856377168,0.0441213123843161,0.4962710856377168,0.0,12.0
61800.0,618.0,0.4997506135407916,0.0409313467941645,0.4997506135407916,0.0,12.0
61900.0,619.0,0.5004977806086858,0.0412200097192881,0.5004977806086858,0.0,12.0
62100.0,621.0,0.5005143786382443,0.0414488348061224,0.5005143786382443,0.0,12.0
62200.0,622.0,0.4990840097137151,0.0410522953035986,0.4990840097137151,0.0,12.0
62300.0,623.0,0.5009557365946623,0.0403195749357835,0.5009557365946623,0.0,12.0
62600.0,626.0,0.5013471450727289,0.0399827698138042,0.5013471450727289,0.0,12.0
62800.0,628.0,0.5002270995550854,0.0411775559745983,0.5002270995550854,0.0,12.0
62900.0,629.0,0.5025133381985104,0.0389226834608854,0.5025133381985104,0.0,12.0
63200.0,632.0,0.5019887339885011,0.0395847451947219,0.5019887339885011,0.0,12.0
63300.0,633.0,0.5028956168101433,0.0395469699789088,0.5028956168101433,0.0,12.0
63500.0,635.0,0.5025634801442086,0.0397697177846305,0.5025634801442086,0.0,12.0
63600.0,636.0,0.5032778064114254,0.037833498052602,0.5032778064114254,0.0,12.0
63900.0,639.0,0.4990687721946935,0.0412807353705884,0.4990687721946935,0.0,12.0
64000.0,640.0,0.5001511669371183,0.0403911958550502,0.5001511669371183,0.0,12.0
64100.0,641.0,0.5024355001447779,0.0394384822276508,0.5024355001447779,0.0,12.0
64200.0,642.0,0.507034445067854,0.037881199318055,0.507034445067854,0.0,12.0
64600.0,646.0,0.5032791252722908,0.0418087733969552,0.5032791252722908,0.0,12.0
64700.0,647.0,0.5030922568567014,0.0412888016281003,0.5030922568567014,0.0,12.0
64800.0,648.0,0.5041272468741435,0.0410731081969859,0.5041272468741435,0.0,12.0
64900.0,649.0,0.504642555769429,0.0408614294274757,0.504642555769429,0.0,12.0
65100.0,651.0,0.5046391829045977,0.041343705005774,0.5046391829045977,0.0,12.0
65300.0,653.0,0.501873643209249,0.0436837243057816,0.501873643209249,0.0,12.0
65400.0,654.0,0.5025155340150779,0.0431751785662654,0.5025155340150779,0.0,12.0
65600.0,656.0,0.5017151735844291,0.0426519649747562,0.5017151735844291,0.0,12.0
65700.0,657.0,0.5049450847776168,0.0409053664728103,0.5049450847776168,0.0,12.0
65900.0,659.0,0.5015139019004168,0.0404078190345034,0.5015139019004168,0.0,12.0
66000.0,660.0,0.5035387791243613,0.0393190220475775,0.5035387791243613,0.0,12.0
66300.0,663.0,0.5008480998619298,0.0430306015910719,0.5008480998619298,0.0,12.0
66400.0,664.0,0.5005607352361016,0.0428956412769961,0.5005607352361016,0.0,12.0
66500.0,665.0,0.5008263809411437,0.042633493488615,0.5008263809411437,0.0,12.0
66600.0,666.0,0.5023052576804814,0.041800472445007,0.5023052576804814,0.0,12.0
66700.0,667.0,0.5042260698590135,0.0409052798157707,0.5042260698590135,0.0,12.0
67300.0,673.0,0.499550407986879,0.0430918027488994,0.499550407986879,0.0,12.0
67400.0,674.0,0.5009528488193835,0.0421097633066771,0.5009528488193835,0.0,12.0
67500.0,675.0,0.5017301210789192,0.0409358572897754,0.5017301210789192,0.0,12.0
67700.0,677.0,0.4993427097887702,0.0439616448111955,0.4993427097887702,0.0,12.0
67800.0,678.0,0.5029299232374009,0.0413550387354709,0.5029299232374009,0.0,12.0
67900.0,679.0,0.5044510041814281,0.0399053661007753,0.5044510041814281,0.0,12.0
68100.0,681.0,0.5027025735542119,0.0405047259387237,0.5027025735542119,0.0,12.0
68300.0,683.0,0.5017242577049282,0.043108240116906,0.5017242577049282,0.0,12.0
68400.0,684.0,0.5020767466281988,0.0424703853247406,0.5020767466281988,0.0,12.0
68500.0,685.0,0.5046907327753328,0.0409524661282599,0.5046907327753328,0.0,12.0
68600.0,686.0,0.5068540993899424,0.0396836474300216,0.5068540993899424,0.0,12.0
68800.0,688.0,0.5082545411139123,0.0389108113682151,0.5082545411139123,0.0,12.0
68900.0,689.0,0.5065312518604618,0.0382282182347865,0.5065312518604618,0.0,12.0
69000.0,690.0,0.5079100389286701,0.0384524185553624,0.5079100389286701,0.0,12.0
69100.0,691.0,0.5074670553027066,0.0380842093407353,0.5074670553027066,0.0,12.0
69300.0,693.0,0.5074737144469859,0.0375200108163796,0.5074737144469859,0.0,12.0
69400.0,694.0,0.5098493899543971,0.0356075119582733,0.5098493899543971,0.0,12.0
69600.0,696.0,0.5083681453432968,0.035043981018297,0.5083681453432968,0.0,12.0
69700.0,697.0,0.5084485423996411,0.0353171087779747,0.5084485423996411,0.0,12.0
100.0,1.0,0.1810700903448508,0.2827650402644551,0.1810700903448508,0.0,13.0
200.0,2.0,0.1891335054060478,0.2774733604880419,0.1891335054060478,0.0,13.0
300.0,3.0,0.2070043288897269,0.2651382775563938,0.2070043288897269,0.0,13.0
400.0,4.0,0.2509006008001185,0.2273720998962125,0.2509006008001185,0.0,13.0
500.0,5.0,0.3029561422954483,0.2044749315955207,0.3029561422954483,0.0,13.0
600.0,6.0,0.3278336722416247,0.1807886668947876,0.3278336722416247,0.0,13.0
700.0,7.0,0.3511155901551344,0.1571439431992616,0.3511155901551344,0.0,13.0
800.0,8.0,0.3655629323587413,0.1508589069369807,0.3655629323587413,0.0,13.0
900.0,9.0,0.3869821370143228,0.1349296748693999,0.3869821370143228,0.0,13.0
1000.0,10.0,0.3987257808908795,0.1230646436890452,0.3987257808908795,0.0,13.0
1100.0,11.0,0.4162672962161854,0.092631530344287,0.4162672962161854,0.0,13.0
1200.0,12.0,0.4236771555354445,0.0870897801551682,0.4236771555354445,0.0,13.0
1300.0,13.0,0.4330277172392056,0.0791885567310084,0.4330277172392056,0.0,13.0
1400.0,14.0,0.4367682053704924,0.0788429179654791,0.4367682053704924,0.0,13.0
1500.0,15.0,0.4427923912671558,0.0736242610329695,0.4427923912671558,0.0,13.0
1600.0,16.0,0.4440532973310025,0.0733435397464366,0.4440532973310025,0.0,13.0
1800.0,18.0,0.4450412002363755,0.0727257337654913,0.4450412002363755,0.0,13.0
1900.0,19.0,0.4501381270571394,0.0702927054246321,0.4501381270571394,0.0,13.0
2000.0,20.0,0.4554105116402482,0.0671121607032432,0.4554105116402482,0.0,13.0
2100.0,21.0,0.4576274700374369,0.0671578741239783,0.4576274700374369,0.0,13.0
2200.0,22.0,0.4640309207847496,0.063235342347906,0.4640309207847496,0.0,13.0
2300.0,23.0,0.4673126015153934,0.0572744912011989,0.4673126015153934,0.0,13.0
2400.0,24.0,0.4691726059474936,0.0562042537723341,0.4691726059474936,0.0,13.0
2500.0,25.0,0.4732493292653857,0.0521413271033735,0.4732493292653857,0.0,13.0
2600.0,26.0,0.476941840273008,0.0511176569532314,0.476941840273008,0.0,13.0
2700.0,27.0,0.481315279120455,0.0504612133113893,0.481315279120455,0.0,13.0
2800.0,28.0,0.4815741918205454,0.0509193155067193,0.4815741918205454,0.0,13.0
2900.0,29.0,0.4838832209926846,0.0509783965482605,0.4838832209926846,0.0,13.0
3000.0,30.0,0.4858322554864197,0.0481989578062093,0.4858322554864197,0.0,13.0
3200.0,32.0,0.4874563194822999,0.0482018668231268,0.4874563194822999,0.0,13.0
3300.0,33.0,0.4891023286086484,0.0467955457428469,0.4891023286086484,0.0,13.0
3500.0,35.0,0.4878276511502035,0.0474874172714176,0.4878276511502035,0.0,13.0
3600.0,36.0,0.4909706377510236,0.0448787133307964,0.4909706377510236,0.0,13.0
4000.0,40.0,0.4852946245521545,0.0475615067655482,0.4852946245521545,0.0,13.0
4100.0,41.0,0.4879201608160295,0.046022753974018,0.4879201608160295,0.0,13.0
4200.0,42.0,0.4921273523660505,0.0435700727851274,0.4921273523660505,0.0,13.0
4300.0,43.0,0.4940809973604172,0.0431657275892993,0.4940809973604172,0.0,13.0
4400.0,44.0,0.4949384589651595,0.0430419812399729,0.4949384589651595,0.0,13.0
4600.0,46.0,0.4938530387992513,0.0430564862895798,0.4938530387992513,0.0,13.0
4700.0,47.0,0.4969904348617622,0.0405541226911448,0.4969904348617622,0.0,13.0
4800.0,48.0,0.4994407659842366,0.0403927366552994,0.4994407659842366,0.0,13.0
4900.0,49.0,0.5001969131997094,0.0406283421023361,0.5001969131997094,0.0,13.0
5000.0,50.0,0.5003248689303511,0.0409448411548101,0.5003248689303511,0.0,13.0
5200.0,52.0,0.4990789881729963,0.0420474245140921,0.4990789881729963,0.0,13.0
5300.0,53.0,0.4995970128742459,0.0419602334023907,0.4995970128742459,0.0,13.0
5400.0,54.0,0.5001702274506561,0.0411664182503961,0.5001702274506561,0.0,13.0
5600.0,56.0,0.4965779566970798,0.0428632413164019,0.4965779566970798,0.0,13.0
5800.0,58.0,0.4980267921280445,0.0423085244565359,0.4980267921280445,0.0,13.0
5900.0,59.0,0.4992590905349552,0.0409924641135654,0.4992590905349552,0.0,13.0
6000.0,60.0,0.4990167564160069,0.0405987436821407,0.4990167564160069,0.0,13.0
6200.0,62.0,0.5014897087603918,0.0402481697125873,0.5014897087603918,0.0,13.0
6400.0,64.0,0.5021774618624631,0.0393902894467848,0.5021774618624631,0.0,13.0
6500.0,65.0,0.5035449403257586,0.0385606074546016,0.5035449403257586,0.0,13.0
6600.0,66.0,0.5039351343715925,0.0399695113725951,0.5039351343715925,0.0,13.0
6800.0,68.0,0.5012098262742878,0.0403399514438456,0.5012098262742878,0.0,13.0
6900.0,69.0,0.5016819883696821,0.0401131150370357,0.5016819883696821,0.0,13.0
7000.0,70.0,0.5027263812776577,0.039537061479196,0.5027263812776577,0.0,13.0
7100.0,71.0,0.5034225844557589,0.0402828936840048,0.5034225844557589,0.0,13.0
7300.0,73.0,0.502534360881411,0.0416860317421945,0.502534360881411,0.0,13.0
7400.0,74.0,0.5026510692176153,0.0415473962126728,0.5026510692176153,0.0,13.0
7500.0,75.0,0.5026516223332851,0.0418117636347327,0.5026516223332851,0.0,13.0
7800.0,78.0,0.4997317234532051,0.0435072162732489,0.4997317234532051,0.0,13.0
7900.0,79.0,0.5013848611599745,0.0418662565992758,0.5013848611599745,0.0,13.0
8000.0,80.0,0.5020765437477215,0.0418737941624862,0.5020765437477215,0.0,13.0
8200.0,82.0,0.5010885262089709,0.0419680821854995,0.5010885262089709,0.0,13.0
8300.0,83.0,0.50198367362785,0.042011133364049,0.50198367362785,0.0,13.0
8600.0,86.0,0.501827486509036,0.0410710171006699,0.501827486509036,0.0,13.0
8800.0,88.0,0.5004704779207666,0.0498659897335575,0.5004704779207666,0.0,13.0
8900.0,89.0,0.5006181724370047,0.050078564999054,0.5006181724370047,0.0,13.0
9000.0,90.0,0.5017668279004447,0.048198446361598,0.5017668279004447,0.0,13.0
9100.0,91.0,0.502156873467102,0.0482237155612622,0.502156873467102,0.0,13.0
9300.0,93.0,0.5033362120957571,0.0433638264528435,0.5033362120957571,0.0,13.0
9400.0,94.0,0.5021739621032307,0.0430933826434401,0.5021739621032307,0.0,13.0
9500.0,95.0,0.5030241348667228,0.040933631013413,0.5030241348667228,0.0,13.0
9600.0,96.0,0.5034547469831048,0.0407102229001277,0.5034547469831048,0.0,13.0
9700.0,97.0,0.5035895049076997,0.0406466300420015,0.5035895049076997,0.0,13.0
9900.0,99.0,0.4991812332554516,0.0423352550132913,0.4991812332554516,0.0,13.0
10000.0,100.0,0.499963162408387,0.0421131544878616,0.499963162408387,0.0,13.0
10500.0,105.0,0.4992895615256687,0.0437935234286421,0.4992895615256687,0.0,13.0
10600.0,106.0,0.5012822006382344,0.0428918676424531,0.5012822006382344,0.0,13.0
10900.0,109.0,0.4973933814473423,0.0467474501482976,0.4973933814473423,0.0,13.0
11000.0,110.0,0.4973118558866316,0.0458683532840151,0.4973118558866316,0.0,13.0
11100.0,111.0,0.4993419553283595,0.0442419303858356,0.4993419553283595,0.0,13.0
11200.0,112.0,0.5004328318680277,0.0426969596136972,0.5004328318680277,0.0,13.0
11400.0,114.0,0.5005598293874634,0.0417991571470671,0.5005598293874634,0.0,13.0
11600.0,116.0,0.5006845130507105,0.0422922985644841,0.5006845130507105,0.0,13.0
11700.0,117.0,0.5013857669426406,0.0416661985437489,0.5013857669426406,0.0,13.0
11800.0,118.0,0.5023339631465513,0.0429922397720078,0.5023339631465513,0.0,13.0
11900.0,119.0,0.50327976043777,0.0413087415932914,0.50327976043777,0.0,13.0
12000.0,120.0,0.5036351402169577,0.0422831007572203,0.5036351402169577,0.0,13.0
12100.0,121.0,0.5036391011304462,0.043739297542426,0.5036391011304462,0.0,13.0
12200.0,122.0,0.5044996554887737,0.0432454964020385,0.5044996554887737,0.0,13.0
12300.0,123.0,0.5022900427518244,0.0429452677182088,0.5022900427518244,0.0,13.0
12400.0,124.0,0.5041450595834397,0.0407915690021304,0.5041450595834397,0.0,13.0
12500.0,125.0,0.5053262930405384,0.0402537349329629,0.5053262930405384,0.0,13.0
12700.0,127.0,0.5060408145552796,0.0393690773022765,0.5060408145552796,0.0,13.0
12800.0,128.0,0.5055257436700912,0.0380126523868696,0.5055257436700912,0.0,13.0
13000.0,130.0,0.5047207343978589,0.0376051177097231,0.5047207343978589,0.0,13.0
13200.0,132.0,0.5036348135647394,0.0390353542461437,0.5036348135647394,0.0,13.0
13300.0,133.0,0.5046358676201301,0.0389971713419767,0.5046358676201301,0.0,13.0
13400.0,134.0,0.5063000506584489,0.0373547282316662,0.5063000506584489,0.0,13.0
13500.0,135.0,0.5066408173171192,0.0373310411990141,0.5066408173171192,0.0,13.0
13600.0,136.0,0.506350313618095,0.0370698703167352,0.506350313618095,0.0,13.0
13700.0,137.0,0.5063641417938146,0.0377648635388349,0.5063641417938146,0.0,13.0
13800.0,138.0,0.5062267216822581,0.0367811791714907,0.5062267216822581,0.0,13.0
14000.0,140.0,0.5045183824226158,0.0359932721878047,0.5045183824226158,0.0,13.0
14300.0,143.0,0.5033348548798229,0.037411054999616,0.5033348548798229,0.0,13.0
14400.0,144.0,0.5053934583864711,0.0387197578438873,0.5053934583864711,0.0,13.0
14500.0,145.0,0.5053748227191646,0.0379446300711877,0.5053748227191646,0.0,13.0
14600.0,146.0,0.5046951363995423,0.0379056650957459,0.5046951363995423,0.0,13.0
14900.0,149.0,0.5029791344560437,0.042606706776419,0.5029791344560437,0.0,13.0
15000.0,150.0,0.5049437270622927,0.0427275459140214,0.5049437270622927,0.0,13.0
15100.0,151.0,0.5051835029767736,0.0394108412065811,0.5051835029767736,0.0,13.0
15300.0,153.0,0.504053886069724,0.0377756355928238,0.504053886069724,0.0,13.0
15400.0,154.0,0.5045181174118958,0.0376968455061229,0.5045181174118958,0.0,13.0
15700.0,157.0,0.505188457349042,0.0371085336392353,0.505188457349042,0.0,13.0
16000.0,160.0,0.501072829222201,0.0395337825585123,0.501072829222201,0.0,13.0
16100.0,161.0,0.5028878616023011,0.038502988938914,0.5028878616023011,0.0,13.0
16200.0,162.0,0.5045710756578695,0.0376039536507872,0.5045710756578695,0.0,13.0
16300.0,163.0,0.5072745592816239,0.0375726702408707,0.5072745592816239,0.0,13.0
16400.0,164.0,0.5072065004219684,0.0375344428643105,0.5072065004219684,0.0,13.0
16500.0,165.0,0.5097126811727066,0.0365228283829015,0.5097126811727066,0.0,13.0
16600.0,166.0,0.5096083589670131,0.0363999038400912,0.5096083589670131,0.0,13.0
16700.0,167.0,0.5099933298629967,0.0358617842646793,0.5099933298629967,0.0,13.0
16800.0,168.0,0.509063200949348,0.0357407605197272,0.509063200949348,0.0,13.0
17200.0,172.0,0.5069816949305266,0.037802672205691,0.5069816949305266,0.0,13.0
17400.0,174.0,0.5062898681922698,0.036913002184696,0.5062898681922698,0.0,13.0
17500.0,175.0,0.5069820829521263,0.0365868618662529,0.5069820829521263,0.0,13.0
17600.0,176.0,0.5082438374372669,0.0353200019820385,0.5082438374372669,0.0,13.0
17800.0,178.0,0.5069078578245682,0.0352298051194105,0.5069078578245682,0.0,13.0
18000.0,180.0,0.5069773279278912,0.0353676306480101,0.5069773279278912,0.0,13.0
18100.0,181.0,0.5070519758647093,0.0357489477236136,0.5070519758647093,0.0,13.0
18200.0,182.0,0.5076554156154323,0.0354476362491937,0.5076554156154323,0.0,13.0
18300.0,183.0,0.5088135290309391,0.0350836895673537,0.5088135290309391,0.0,13.0
18500.0,185.0,0.5078508108534333,0.0362337437692722,0.5078508108534333,0.0,13.0
18600.0,186.0,0.5092124482538385,0.0352071911521812,0.5092124482538385,0.0,13.0
18800.0,188.0,0.5076514564067206,0.0349582176397599,0.5076514564067206,0.0,13.0
19000.0,190.0,0.5081823152170455,0.0374375298923074,0.5081823152170455,0.0,13.0
19400.0,194.0,0.5031575198662901,0.0408490974151405,0.5031575198662901,0.0,13.0
19700.0,197.0,0.5019670654759381,0.041514997080772,0.5019670654759381,0.0,13.0
19800.0,198.0,0.4997050440557132,0.0398170042123109,0.4997050440557132,0.0,13.0
20000.0,200.0,0.4980081258974843,0.0404291141129789,0.4980081258974843,0.0,13.0
20100.0,201.0,0.501654599728648,0.0397397867134156,0.501654599728648,0.0,13.0
20200.0,202.0,0.5009699686169391,0.0396886136609654,0.5009699686169391,0.0,13.0
20400.0,204.0,0.5014662959569536,0.0396284302412439,0.5014662959569536,0.0,13.0
20600.0,206.0,0.5024092039358669,0.0395986805028652,0.5024092039358669,0.0,13.0
20700.0,207.0,0.5041417933374127,0.0380810643004098,0.5041417933374127,0.0,13.0
20800.0,208.0,0.5044053826370537,0.0372812263956179,0.5044053826370537,0.0,13.0
20900.0,209.0,0.5069758218719875,0.0366185716406559,0.5069758218719875,0.0,13.0
21100.0,211.0,0.505426523070674,0.0372145436650495,0.505426523070674,0.0,13.0
21200.0,212.0,0.5053931927156418,0.0369730494335796,0.5053931927156418,0.0,13.0
21300.0,213.0,0.5072074984871054,0.0356886231886478,0.5072074984871054,0.0,13.0
21500.0,215.0,0.5046723332578067,0.0370652204327216,0.5046723332578067,0.0,13.0
21600.0,216.0,0.5056521346123487,0.0370694973649755,0.5056521346123487,0.0,13.0
21700.0,217.0,0.5066249606504251,0.0360220304048645,0.5066249606504251,0.0,13.0
21800.0,218.0,0.5068627936823086,0.0370584174848666,0.5068627936823086,0.0,13.0
21900.0,219.0,0.5082061075352301,0.038300482060915,0.5082061075352301,0.0,13.0
22100.0,221.0,0.5068437205083459,0.0393646843175246,0.5068437205083459,0.0,13.0
22200.0,222.0,0.5057977153625688,0.0390999711408779,0.5057977153625688,0.0,13.0
22300.0,223.0,0.5063823716472009,0.0384169470661385,0.5063823716472009,0.0,13.0
22400.0,224.0,0.5050372703975028,0.0381710895680585,0.5050372703975028,0.0,13.0
22500.0,225.0,0.5054790983267069,0.0372421349991626,0.5054790983267069,0.0,13.0
22600.0,226.0,0.5050106751686606,0.036765234930573,0.5050106751686606,0.0,13.0
22700.0,227.0,0.5065496003911848,0.0360006942729358,0.5065496003911848,0.0,13.0
22800.0,228.0,0.5065710883345187,0.0361889360867371,0.5065710883345187,0.0,13.0
23000.0,230.0,0.5063802123335777,0.0361007628622967,0.5063802123335777,0.0,13.0
23100.0,231.0,0.5059278748586477,0.0359710692102092,0.5059278748586477,0.0,13.0
23400.0,234.0,0.5056164418002965,0.0365785618749377,0.5056164418002965,0.0,13.0
23500.0,235.0,0.5073755959485816,0.0353150460244389,0.5073755959485816,0.0,13.0
23700.0,237.0,0.5063561223753856,0.0355887670463598,0.5063561223753856,0.0,13.0
23800.0,238.0,0.5084005291211571,0.0348511605441562,0.5084005291211571,0.0,13.0
23900.0,239.0,0.5107303168504439,0.034671043344756,0.5107303168504439,0.0,13.0
24100.0,241.0,0.5105569709995363,0.0345462531151056,0.5105569709995363,0.0,13.0
24400.0,244.0,0.5047910878522887,0.0375445621363333,0.5047910878522887,0.0,13.0
24500.0,245.0,0.5042886934209262,0.0373924933858905,0.5042886934209262,0.0,13.0
24600.0,246.0,0.5055999690370027,0.0371406620882217,0.5055999690370027,0.0,13.0
24800.0,248.0,0.505090358191945,0.0370057746107763,0.505090358191945,0.0,13.0
24900.0,249.0,0.5059764186957174,0.0374206015367859,0.5059764186957174,0.0,13.0
25200.0,252.0,0.5054671734463189,0.0384496161414224,0.5054671734463189,0.0,13.0
25300.0,253.0,0.5059078523201266,0.0372270510809549,0.5059078523201266,0.0,13.0
25500.0,255.0,0.5037994520715683,0.0378780151066585,0.5037994520715683,0.0,13.0
25600.0,256.0,0.5046001282394968,0.0392186249578627,0.5046001282394968,0.0,13.0
25800.0,258.0,0.5031468897153395,0.0402044406831684,0.5031468897153395,0.0,13.0
25900.0,259.0,0.5023037062067475,0.0398261952134021,0.5023037062067475,0.0,13.0
26000.0,260.0,0.5049120278366033,0.0391126913679052,0.5049120278366033,0.0,13.0
26300.0,263.0,0.5038525651945837,0.0426937216642323,0.5038525651945837,0.0,13.0
26400.0,264.0,0.5052144083980451,0.0424299204642724,0.5052144083980451,0.0,13.0
26500.0,265.0,0.5055326706770084,0.0427060406506377,0.5055326706770084,0.0,13.0
26700.0,267.0,0.5036610492587016,0.041655229656307,0.5036610492587016,0.0,13.0
26900.0,269.0,0.5024121463354793,0.0414589650691475,0.5024121463354793,0.0,13.0
27100.0,271.0,0.5022929663876754,0.0407661702016807,0.5022929663876754,0.0,13.0
27200.0,272.0,0.5059885266161606,0.0395532674148029,0.5059885266161606,0.0,13.0
27300.0,273.0,0.5087853569055707,0.0364324487217289,0.5087853569055707,0.0,13.0
27500.0,275.0,0.5080197587768741,0.0374657788454803,0.5080197587768741,0.0,13.0
27600.0,276.0,0.5099722535209227,0.0356806879273944,0.5099722535209227,0.0,13.0
27700.0,277.0,0.513099107954882,0.0350842903564089,0.513099107954882,0.0,13.0
28200.0,282.0,0.5063962132472516,0.0409259653356751,0.5063962132472516,0.0,13.0
28500.0,285.0,0.5044460063730217,0.0416801395126138,0.5044460063730217,0.0,13.0
28600.0,286.0,0.5048647778650684,0.0407974678640719,0.5048647778650684,0.0,13.0
28700.0,287.0,0.5067830901672387,0.0401123084251095,0.5067830901672387,0.0,13.0
28800.0,288.0,0.5053493169849231,0.0395302290296547,0.5053493169849231,0.0,13.0
29000.0,290.0,0.5055877005331424,0.0394647161556463,0.5055877005331424,0.0,13.0
29300.0,293.0,0.503561227186028,0.0423392278934098,0.503561227186028,0.0,13.0
29400.0,294.0,0.5043932348441537,0.0389774692598703,0.5043932348441537,0.0,13.0
29600.0,296.0,0.5020761864105224,0.0403871477463524,0.5020761864105224,0.0,13.0
29700.0,297.0,0.5021586789909249,0.0407239163864157,0.5021586789909249,0.0,13.0
29800.0,298.0,0.5054487093186536,0.0398452983131551,0.5054487093186536,0.0,13.0
29900.0,299.0,0.5068411170529912,0.0387874168458701,0.5068411170529912,0.0,13.0
30000.0,300.0,0.5081501784577351,0.0372507601623474,0.5081501784577351,0.0,13.0
30300.0,303.0,0.5068044446787795,0.0381486926651414,0.5068044446787795,0.0,13.0
30700.0,307.0,0.5025852930091841,0.0418550838040152,0.5025852930091841,0.0,13.0
30800.0,308.0,0.5033639708964875,0.0415381060401355,0.5033639708964875,0.0,13.0
31000.0,310.0,0.5057678963731881,0.0403329935839676,0.5057678963731881,0.0,13.0
31300.0,313.0,0.5030681155098443,0.0422642940468795,0.5030681155098443,0.0,13.0
31500.0,315.0,0.5037476786110113,0.044187063687199,0.5037476786110113,0.0,13.0
31600.0,316.0,0.5059110540872167,0.0405750642936008,0.5059110540872167,0.0,13.0
31700.0,317.0,0.5053660838517022,0.0399989125505212,0.5053660838517022,0.0,13.0
31800.0,318.0,0.5045478052859961,0.0396811133047155,0.5045478052859961,0.0,13.0
31900.0,319.0,0.5056769599138631,0.0379858855248436,0.5056769599138631,0.0,13.0
32000.0,320.0,0.5079692056777759,0.0367883014702622,0.5079692056777759,0.0,13.0
32300.0,323.0,0.5042585360344881,0.0399876441008867,0.5042585360344881,0.0,13.0
32400.0,324.0,0.5060321311311299,0.039171138477372,0.5060321311311299,0.0,13.0
32500.0,325.0,0.506346119551205,0.0386173657346025,0.506346119551205,0.0,13.0
33000.0,330.0,0.49617089550547,0.0469450396273825,0.49617089550547,0.0,13.0
33100.0,331.0,0.4970568174056107,0.0451717008779773,0.4970568174056107,0.0,13.0
33200.0,332.0,0.4994488199511496,0.0435818933765643,0.4994488199511496,0.0,13.0
33300.0,333.0,0.5010290777202003,0.0426832669729839,0.5010290777202003,0.0,13.0
33500.0,335.0,0.5027722123456814,0.0404603304220502,0.5027722123456814,0.0,13.0
33600.0,336.0,0.503691830376979,0.040393165137349,0.503691830376979,0.0,13.0
33700.0,337.0,0.5050353136433376,0.0394130014377575,0.5050353136433376,0.0,13.0
33800.0,338.0,0.5061211479972456,0.0388972680011333,0.5061211479972456,0.0,13.0
34000.0,340.0,0.5053078174136659,0.0393764670883941,0.5053078174136659,0.0,13.0
34100.0,341.0,0.5074152038581146,0.038135473011329,0.5074152038581146,0.0,13.0
34400.0,344.0,0.5065431591078927,0.041181011122277,0.5065431591078927,0.0,13.0
34500.0,345.0,0.5057973225017061,0.0405638071328591,0.5057973225017061,0.0,13.0
34800.0,348.0,0.5075450730406245,0.0393705531953007,0.5075450730406245,0.0,13.0
35000.0,350.0,0.5055721542921876,0.0403147180080159,0.5055721542921876,0.0,13.0
35200.0,352.0,0.5057173609778655,0.0402084720361646,0.5057173609778655,0.0,13.0
35600.0,356.0,0.50274787720261,0.0410494882357702,0.50274787720261,0.0,13.0
35800.0,358.0,0.5047166346731408,0.0414364887493018,0.5047166346731408,0.0,13.0
35900.0,359.0,0.5048537822379164,0.0406435579534097,0.5048537822379164,0.0,13.0
36000.0,360.0,0.5046501640093608,0.0402079573281102,0.5046501640093608,0.0,13.0
36100.0,361.0,0.5044470929209606,0.0390405315508428,0.5044470929209606,0.0,13.0
36200.0,362.0,0.5049781953193873,0.0390261662696401,0.5049781953193873,0.0,13.0
36300.0,363.0,0.5062414669163403,0.037681572912841,0.5062414669163403,0.0,13.0
36400.0,364.0,0.508172705961649,0.0379788958545518,0.508172705961649,0.0,13.0
36800.0,368.0,0.5056322569887411,0.0393774987519332,0.5056322569887411,0.0,13.0
36900.0,369.0,0.5068177508329993,0.0391634147283786,0.5068177508329993,0.0,13.0
37000.0,370.0,0.5095590235739564,0.0385325330862096,0.5095590235739564,0.0,13.0
37300.0,373.0,0.5077470907596269,0.0390952393864426,0.5077470907596269,0.0,13.0
37700.0,377.0,0.504028511986256,0.0430664492263233,0.504028511986256,0.0,13.0
37800.0,378.0,0.5051230638048482,0.0417387745743731,0.5051230638048482,0.0,13.0
37900.0,379.0,0.5060107247591938,0.0411427984588519,0.5060107247591938,0.0,13.0
38000.0,380.0,0.5062437574000928,0.040673421332002,0.5062437574000928,0.0,13.0
38300.0,383.0,0.5050108099764641,0.0426877877407906,0.5050108099764641,0.0,13.0
38400.0,384.0,0.5058579066603104,0.0432012930970112,0.5058579066603104,0.0,13.0
38500.0,385.0,0.5043761191718453,0.042426328857493,0.5043761191718453,0.0,13.0
38600.0,386.0,0.5046290768976511,0.0416924709158949,0.5046290768976511,0.0,13.0
38800.0,388.0,0.5050304124984722,0.0409926055749644,0.5050304124984722,0.0,13.0
39200.0,392.0,0.5010485054293666,0.0425089100817286,0.5010485054293666,0.0,13.0
39500.0,395.0,0.4986848687319908,0.0427718823613587,0.4986848687319908,0.0,13.0
39600.0,396.0,0.4993273138284679,0.042324445011328,0.4993273138284679,0.0,13.0
39700.0,397.0,0.5004437865563,0.0417276089937,0.5004437865563,0.0,13.0
40000.0,400.0,0.4993852159586037,0.0426138219918217,0.4993852159586037,0.0,13.0
40200.0,402.0,0.5005465602682511,0.042101366217168,0.5005465602682511,0.0,13.0
40300.0,403.0,0.5029393571855844,0.0414685570103323,0.5029393571855844,0.0,13.0
40400.0,404.0,0.5038177697956452,0.0407148063065517,0.5038177697956452,0.0,13.0
40500.0,405.0,0.5041806116909202,0.0404726784586877,0.5041806116909202,0.0,13.0
40800.0,408.0,0.5028611123381571,0.0414831703611402,0.5028611123381571,0.0,13.0
41000.0,410.0,0.5017546359168188,0.0422347605325419,0.5017546359168188,0.0,13.0
41100.0,411.0,0.5016568721855036,0.0418411432190809,0.5016568721855036,0.0,13.0
41300.0,413.0,0.5007153463215792,0.0413945342079155,0.5007153463215792,0.0,13.0
41600.0,416.0,0.5020915332267045,0.0409017650372351,0.5020915332267045,0.0,13.0
41700.0,417.0,0.5032847824170961,0.040446272583508,0.5032847824170961,0.0,13.0
41800.0,418.0,0.5042452178518437,0.0395435977854818,0.5042452178518437,0.0,13.0
41900.0,419.0,0.5043260711089694,0.0397393362095528,0.5043260711089694,0.0,13.0
42100.0,421.0,0.5018052058676671,0.0404844007024613,0.5018052058676671,0.0,13.0
42300.0,423.0,0.5005748583211199,0.0413795654327829,0.5005748583211199,0.0,13.0
42400.0,424.0,0.5044230742925699,0.0388400982723162,0.5044230742925699,0.0,13.0
42600.0,426.0,0.5045804944553495,0.0387694941258759,0.5045804944553495,0.0,13.0
42700.0,427.0,0.5046632954064412,0.0394150676599735,0.5046632954064412,0.0,13.0
43000.0,430.0,0.5064315754803839,0.0381726078868226,0.5064315754803839,0.0,13.0
43100.0,431.0,0.5065944142959705,0.0389479608369312,0.5065944142959705,0.0,13.0
43400.0,434.0,0.5081778982731852,0.0373433051589739,0.5081778982731852,0.0,13.0
43700.0,437.0,0.5066613045583288,0.0381670905070041,0.5066613045583288,0.0,13.0
43900.0,439.0,0.5049245556395611,0.0382323445690424,0.5049245556395611,0.0,13.0
44000.0,440.0,0.5066967735660972,0.0382213382910173,0.5066967735660972,0.0,13.0
44100.0,441.0,0.5074646762270772,0.0375719640178049,0.5074646762270772,0.0,13.0
44600.0,446.0,0.503862997942155,0.0399356649567133,0.503862997942155,0.0,13.0
44700.0,447.0,0.5059899986363673,0.0390843519138387,0.5059899986363673,0.0,13.0
44900.0,449.0,0.5065396708730652,0.0392907444151017,0.5065396708730652,0.0,13.0
45000.0,450.0,0.5068312098310495,0.042697992061025,0.5068312098310495,0.0,13.0
45100.0,451.0,0.5067457496995657,0.0425241393493317,0.5067457496995657,0.0,13.0
45200.0,452.0,0.5100676371197718,0.0402706120376736,0.5100676371197718,0.0,13.0
45300.0,453.0,0.5118414099862331,0.0375748544310311,0.5118414099862331,0.0,13.0
45400.0,454.0,0.5131553158503344,0.0356811773922612,0.5131553158503344,0.0,13.0
45800.0,458.0,0.5081413560179955,0.0390851836007169,0.5081413560179955,0.0,13.0
46100.0,461.0,0.5079963502116327,0.0388914395755226,0.5079963502116327,0.0,13.0
46200.0,462.0,0.5066606051256763,0.0386094358807938,0.5066606051256763,0.0,13.0
46300.0,463.0,0.5077986122063308,0.0381602523676727,0.5077986122063308,0.0,13.0
46400.0,464.0,0.5087659294432009,0.0372834755629146,0.5087659294432009,0.0,13.0
46600.0,466.0,0.5072974919633968,0.0381822841915657,0.5072974919633968,0.0,13.0
46700.0,467.0,0.5075889791866771,0.0380276604678552,0.5075889791866771,0.0,13.0
47000.0,470.0,0.5057807585313194,0.0384571876850315,0.5057807585313194,0.0,13.0
47200.0,472.0,0.5050146125783056,0.0399230761601729,0.5050146125783056,0.0,13.0
47300.0,473.0,0.5076241847712071,0.0388782753751599,0.5076241847712071,0.0,13.0
47500.0,475.0,0.5093734408861068,0.0387077910325288,0.5093734408861068,0.0,13.0
47900.0,479.0,0.5039806305064433,0.0415048253232159,0.5039806305064433,0.0,13.0
48100.0,481.0,0.5040936365804587,0.0406928009039916,0.5040936365804587,0.0,13.0
48400.0,484.0,0.5032954523027364,0.0412349340168437,0.5032954523027364,0.0,13.0
48600.0,486.0,0.5029388952999999,0.0418291467067458,0.5029388952999999,0.0,13.0
48700.0,487.0,0.5038747782614789,0.0416389743825365,0.5038747782614789,0.0,13.0
48900.0,489.0,0.5026606136608011,0.0438571952871566,0.5026606136608011,0.0,13.0
49400.0,494.0,0.4986548143142219,0.044676871339064,0.4986548143142219,0.0,13.0
49500.0,495.0,0.5013287728596774,0.0438475513918236,0.5013287728596774,0.0,13.0
49600.0,496.0,0.5014596895078212,0.0428879301007577,0.5014596895078212,0.0,13.0
49700.0,497.0,0.5039236357153195,0.0410217567287879,0.5039236357153195,0.0,13.0
49800.0,498.0,0.5049920933498937,0.0405977374528051,0.5049920933498937,0.0,13.0
49900.0,499.0,0.5043643900817275,0.0387226473788992,0.5043643900817275,0.0,13.0
50100.0,501.0,0.5050313210294632,0.0388142421027579,0.5050313210294632,0.0,13.0
50500.0,505.0,0.5014215489980056,0.0418831471866503,0.5014215489980056,0.0,13.0
50600.0,506.0,0.5010124530660397,0.0416634235424164,0.5010124530660397,0.0,13.0
50700.0,507.0,0.5013755581332845,0.041438720772738,0.5013755581332845,0.0,13.0
51000.0,510.0,0.4994258565594003,0.0429591289731182,0.4994258565594003,0.0,13.0
51300.0,513.0,0.4980860752902945,0.0428937219719049,0.4980860752902945,0.0,13.0
51400.0,514.0,0.5020606777751632,0.0402971194872533,0.5020606777751632,0.0,13.0
51500.0,515.0,0.5023123356647293,0.0411775440586952,0.5023123356647293,0.0,13.0
51700.0,517.0,0.5019934451416007,0.0419488959589558,0.5019934451416007,0.0,13.0
51800.0,518.0,0.5032783724905804,0.0409522148256734,0.5032783724905804,0.0,13.0
52000.0,520.0,0.5048894575206608,0.0395256729327431,0.5048894575206608,0.0,13.0
52200.0,522.0,0.5032334925799606,0.0410685486551915,0.5032334925799606,0.0,13.0
52300.0,523.0,0.503031184546108,0.0405015414096256,0.503031184546108,0.0,13.0
52500.0,525.0,0.5014660570586653,0.0411462178731223,0.5014660570586653,0.0,13.0
52600.0,526.0,0.5017055233182484,0.0416327341937108,0.5017055233182484,0.0,13.0
52900.0,529.0,0.5003704676052108,0.0432621989657352,0.5003704676052108,0.0,13.0
53000.0,530.0,0.5018822925817557,0.0425684475564242,0.5018822925817557,0.0,13.0
53100.0,531.0,0.5035569285509653,0.0416368431434409,0.5035569285509653,0.0,13.0
53200.0,532.0,0.5028967677408985,0.0412372070607175,0.5028967677408985,0.0,13.0
53300.0,533.0,0.5053232186260125,0.039594610899842,0.5053232186260125,0.0,13.0
53500.0,535.0,0.5017891666462647,0.0411531602800133,0.5017891666462647,0.0,13.0
53600.0,536.0,0.5022242997969164,0.0411687443792363,0.5022242997969164,0.0,13.0
54000.0,540.0,0.497300518618073,0.0450437477891827,0.497300518618073,0.0,13.0
54100.0,541.0,0.4989736136602147,0.0453900247442432,0.4989736136602147,0.0,13.0
54200.0,542.0,0.4985274945665963,0.0451836903819375,0.4985274945665963,0.0,13.0
54300.0,543.0,0.4992152859617447,0.0455638963404311,0.4992152859617447,0.0,13.0
54500.0,545.0,0.4999754233390369,0.0459321542141491,0.4999754233390369,0.0,13.0
54900.0,549.0,0.4973021020551249,0.0465243594201495,0.4973021020551249,0.0,13.0
55000.0,550.0,0.5009627718100287,0.0432159658519185,0.5009627718100287,0.0,13.0
55100.0,551.0,0.5015480671909897,0.0432574811855945,0.5015480671909897,0.0,13.0
55300.0,553.0,0.4991585239904298,0.0445128040690976,0.4991585239904298,0.0,13.0
55400.0,554.0,0.5009280073954834,0.0432484354003903,0.5009280073954834,0.0,13.0
55600.0,556.0,0.5009808701648175,0.0439132488573834,0.5009808701648175,0.0,13.0
55800.0,558.0,0.4993839632204899,0.0469307124843471,0.4993839632204899,0.0,13.0
55900.0,559.0,0.499226099086996,0.0439693746598762,0.499226099086996,0.0,13.0
56000.0,560.0,0.5000629296995973,0.0435820402151469,0.5000629296995973,0.0,13.0
56200.0,562.0,0.5018379911885255,0.0421305236835912,0.5018379911885255,0.0,13.0
56300.0,563.0,0.5024902211302171,0.0412773307056574,0.5024902211302171,0.0,13.0
56400.0,564.0,0.5024987124570165,0.0401625756104329,0.5024987124570165,0.0,13.0
56500.0,565.0,0.5016062499479054,0.040091290006356,0.5016062499479054,0.0,13.0
56600.0,566.0,0.5024085448755636,0.0391007371076191,0.5024085448755636,0.0,13.0
56800.0,568.0,0.4993122854892879,0.040443041903247,0.4993122854892879,0.0,13.0
57000.0,570.0,0.4998570042103135,0.0419509594663479,0.4998570042103135,0.0,13.0
57100.0,571.0,0.499971129251161,0.0425837452707063,0.499971129251161,0.0,13.0
57200.0,572.0,0.5032443787609655,0.0418163864782093,0.5032443787609655,0.0,13.0
57500.0,575.0,0.5027618037230805,0.0431698088872165,0.5027618037230805,0.0,13.0
57600.0,576.0,0.5046564140002152,0.0416768005658868,0.5046564140002152,0.0,13.0
57700.0,577.0,0.5062016721331273,0.0398249910156061,0.5062016721331273,0.0,13.0
57800.0,578.0,0.5080204127649602,0.038472802506309,0.5080204127649602,0.0,13.0
57900.0,579.0,0.5076891113293425,0.0382705642722033,0.5076891113293425,0.0,13.0
58400.0,584.0,0.5070370997491436,0.0406161634976009,0.5070370997491436,0.0,13.0
58800.0,588.0,0.5041736647179312,0.0423895726319659,0.5041736647179312,0.0,13.0
58900.0,589.0,0.5051807077762741,0.0411878228676578,0.5051807077762741,0.0,13.0
59100.0,591.0,0.504297832001136,0.0427283848622899,0.504297832001136,0.0,13.0
59300.0,593.0,0.5043578065796464,0.0428715061755562,0.5043578065796464,0.0,13.0
59500.0,595.0,0.5038627471240097,0.0439434637417361,0.5038627471240097,0.0,13.0
59600.0,596.0,0.5056019126234526,0.0415824020178174,0.5056019126234526,0.0,13.0
59700.0,597.0,0.5049214922493843,0.039662865306131,0.5049214922493843,0.0,13.0
59900.0,599.0,0.5055265776060348,0.0401011213893285,0.5055265776060348,0.0,13.0
60000.0,600.0,0.5061092856793717,0.0407302970554026,0.5061092856793717,0.0,13.0
60100.0,601.0,0.5085655476095419,0.0380740520785391,0.5085655476095419,0.0,13.0
60300.0,603.0,0.5078978882834033,0.0373858927288107,0.5078978882834033,0.0,13.0
60400.0,604.0,0.5081919217097316,0.0382036932483513,0.5081919217097316,0.0,13.0
60500.0,605.0,0.5079024357169409,0.038043212053218,0.5079024357169409,0.0,13.0
61000.0,610.0,0.502058699431854,0.0420187383625295,0.502058699431854,0.0,13.0
61100.0,611.0,0.5021652200063466,0.0421587603175154,0.5021652200063466,0.0,13.0
61200.0,612.0,0.5027128684960798,0.0418061308432591,0.5027128684960798,0.0,13.0
61300.0,613.0,0.503334988860724,0.0418800479773011,0.503334988860724,0.0,13.0
61400.0,614.0,0.505176558975516,0.0388859378317998,0.505176558975516,0.0,13.0
61600.0,616.0,0.5028541888883543,0.0409888779677895,0.5028541888883543,0.0,13.0
61800.0,618.0,0.5028771228896669,0.0411225551289744,0.5028771228896669,0.0,13.0
61900.0,619.0,0.5039888778843936,0.0393430017810879,0.5039888778843936,0.0,13.0
62100.0,621.0,0.5066899304269271,0.0388422533141494,0.5066899304269271,0.0,13.0
62300.0,623.0,0.5038896090362704,0.0394983349442048,0.5038896090362704,0.0,13.0
62400.0,624.0,0.5039700857136739,0.0403539397173778,0.5039700857136739,0.0,13.0
62500.0,625.0,0.5047885508108646,0.0404135075828979,0.5047885508108646,0.0,13.0
62600.0,626.0,0.5052313376469949,0.0393440884848382,0.5052313376469949,0.0,13.0
62700.0,627.0,0.5068649505113358,0.0378534395172621,0.5068649505113358,0.0,13.0
62800.0,628.0,0.5073203065267317,0.0377840178525226,0.5073203065267317,0.0,13.0
62900.0,629.0,0.5069560494629859,0.0376429063648624,0.5069560494629859,0.0,13.0
63100.0,631.0,0.509220779429666,0.0365315137892311,0.509220779429666,0.0,13.0
63300.0,633.0,0.5098146911128438,0.0365083053679436,0.5098146911128438,0.0,13.0
63500.0,635.0,0.5094246766167844,0.0368302121391543,0.5094246766167844,0.0,13.0
63900.0,639.0,0.5078534188252954,0.0368130511842277,0.5078534188252954,0.0,13.0
64000.0,640.0,0.5085933577400533,0.0374294426369898,0.5085933577400533,0.0,13.0
64300.0,643.0,0.5093223853956472,0.0374260073545069,0.5093223853956472,0.0,13.0
64500.0,645.0,0.5090086606339677,0.0372699256041635,0.5090086606339677,0.0,13.0
64700.0,647.0,0.5088825051534155,0.0372961522159384,0.5088825051534155,0.0,13.0
64800.0,648.0,0.5083878423318043,0.0366735157497095,0.5083878423318043,0.0,13.0
64900.0,649.0,0.5091652959956311,0.0368944813199909,0.5091652959956311,0.0,13.0
65300.0,653.0,0.5059026567161069,0.0378726991207816,0.5059026567161069,0.0,13.0
65400.0,654.0,0.5061777887797143,0.0375463415680848,0.5061777887797143,0.0,13.0
65700.0,657.0,0.5052380630822084,0.0368754182111462,0.5052380630822084,0.0,13.0
65800.0,658.0,0.5058155622645767,0.0372827370338078,0.5058155622645767,0.0,13.0
65900.0,659.0,0.506015280313493,0.0376638237118303,0.506015280313493,0.0,13.0
66200.0,662.0,0.5041552456302225,0.0390025113934135,0.5041552456302225,0.0,13.0
66500.0,665.0,0.4986180399984919,0.0402090835677691,0.4986180399984919,0.0,13.0
66600.0,666.0,0.4997531729491205,0.0410754781945605,0.4997531729491205,0.0,13.0
66700.0,667.0,0.5015449971717609,0.0412535177476662,0.5015449971717609,0.0,13.0
66800.0,668.0,0.5046535656711862,0.0403518201072328,0.5046535656711862,0.0,13.0
67100.0,671.0,0.5060100730746216,0.0407031657202464,0.5060100730746216,0.0,13.0
67200.0,672.0,0.5043623183220047,0.0404079387513043,0.5043623183220047,0.0,13.0
67300.0,673.0,0.5045597139403584,0.0415928229122061,0.5045597139403584,0.0,13.0
67600.0,676.0,0.5006388169129532,0.0448381177816354,0.5006388169129532,0.0,13.0
67800.0,678.0,0.5005905142682611,0.0431550208901399,0.5005905142682611,0.0,13.0
67900.0,679.0,0.5028590829392446,0.0407974893076963,0.5028590829392446,0.0,13.0
68000.0,680.0,0.5036440989653641,0.0403758223409359,0.5036440989653641,0.0,13.0
68100.0,681.0,0.5039519434769596,0.0405288670377407,0.5039519434769596,0.0,13.0
68400.0,684.0,0.5018836698196756,0.0405326483250692,0.5018836698196756,0.0,13.0
68500.0,685.0,0.5020989904518366,0.0403848062991519,0.5020989904518366,0.0,13.0
68600.0,686.0,0.5045329923676488,0.0397717892434087,0.5045329923676488,0.0,13.0
68700.0,687.0,0.5039564012871574,0.0394522410381617,0.5039564012871574,0.0,13.0
68800.0,688.0,0.5049555593944915,0.0391819889808979,0.5049555593944915,0.0,13.0
68900.0,689.0,0.5037023344577476,0.0380626363118347,0.5037023344577476,0.0,13.0
69000.0,690.0,0.5063337122070822,0.0368163541821429,0.5063337122070822,0.0,13.0
69300.0,693.0,0.5038441531291638,0.0397070641439352,0.5038441531291638,0.0,13.0
69400.0,694.0,0.5042379902113501,0.039403016194014,0.5042379902113501,0.0,13.0
69600.0,696.0,0.5041025386024168,0.04042529346183,0.5041025386024168,0.0,13.0
69700.0,697.0,0.5054403691459195,0.0386891554916334,0.5054403691459195,0.0,13.0
69800.0,698.0,0.5040428117513306,0.0386007298579676,0.5040428117513306,0.0,13.0
70000.0,700.0,0.5029605026038303,0.0411162443923376,0.5029605026038303,0.0,13.0
100.0,1.0,0.2097173136930794,0.2618025221470874,0.2097173136930794,0.0,14.0
200.0,2.0,0.240404884746785,0.2413542079931578,0.240404884746785,0.0,14.0
300.0,3.0,0.2781909133846434,0.204032738829898,0.2781909133846434,0.0,14.0
400.0,4.0,0.3072456990316358,0.1769560303845253,0.3072456990316358,0.0,14.0
500.0,5.0,0.339926428539402,0.154400467961282,0.339926428539402,0.0,14.0
600.0,6.0,0.3498613281894224,0.1481493945311174,0.3498613281894224,0.0,14.0
700.0,7.0,0.3638951559217026,0.1404150770436596,0.3638951559217026,0.0,14.0
800.0,8.0,0.3724910550486768,0.1370922017443792,0.3724910550486768,0.0,14.0
900.0,9.0,0.384403153977177,0.1302940851400857,0.384403153977177,0.0,14.0
1000.0,10.0,0.3940983365563632,0.1174285276714204,0.3940983365563632,0.0,14.0
1100.0,11.0,0.4072496772310569,0.1085621168488028,0.4072496772310569,0.0,14.0
1200.0,12.0,0.4119881845137437,0.1054158558649028,0.4119881845137437,0.0,14.0
1300.0,13.0,0.4158820415786242,0.0988202731133408,0.4158820415786242,0.0,14.0
1400.0,14.0,0.4180050778400266,0.0978424511259969,0.4180050778400266,0.0,14.0
1500.0,15.0,0.4238468598148577,0.0952145327265612,0.4238468598148577,0.0,14.0
1600.0,16.0,0.4323735584874358,0.0913068255362497,0.4323735584874358,0.0,14.0
1700.0,17.0,0.4355595227414504,0.0885499336984038,0.4355595227414504,0.0,14.0
1800.0,18.0,0.4416138430087269,0.0876982297510593,0.4416138430087269,0.0,14.0
1900.0,19.0,0.4473483969790108,0.0847492633177121,0.4473483969790108,0.0,14.0
2000.0,20.0,0.454690919604077,0.0735047012991227,0.454690919604077,0.0,14.0
2100.0,21.0,0.4563717638891807,0.0670926613600956,0.4563717638891807,0.0,14.0
2200.0,22.0,0.4577942292120126,0.0663599651734783,0.4577942292120126,0.0,14.0
2300.0,23.0,0.4597051676947826,0.065918435650652,0.4597051676947826,0.0,14.0
2400.0,24.0,0.4621133777198928,0.0626657393444425,0.4621133777198928,0.0,14.0
2500.0,25.0,0.4639809182107959,0.0621856130141034,0.4639809182107959,0.0,14.0
2600.0,26.0,0.4642638943773208,0.0612760586881318,0.4642638943773208,0.0,14.0
2700.0,27.0,0.4677518818114434,0.05974391736972,0.4677518818114434,0.0,14.0
2800.0,28.0,0.4692632087925663,0.0590750297507635,0.4692632087925663,0.0,14.0
2900.0,29.0,0.4694275496441593,0.0584868307497182,0.4694275496441593,0.0,14.0
3000.0,30.0,0.4732173393377125,0.0560058603964156,0.4732173393377125,0.0,14.0
3100.0,31.0,0.4735758707779151,0.05559385691371,0.4735758707779151,0.0,14.0
3200.0,32.0,0.4778742889893606,0.0527486184533684,0.4778742889893606,0.0,14.0
3300.0,33.0,0.4775562144335635,0.0525068825010107,0.4775562144335635,0.0,14.0
3400.0,34.0,0.4786984055491887,0.0524283142626916,0.4786984055491887,0.0,14.0
3500.0,35.0,0.4788011515298086,0.0526162822378448,0.4788011515298086,0.0,14.0
3600.0,36.0,0.4808228595224688,0.051728523814364,0.4808228595224688,0.0,14.0
3700.0,37.0,0.4815934672088424,0.0514365065728656,0.4815934672088424,0.0,14.0
3800.0,38.0,0.481974604939434,0.0520836228477974,0.481974604939434,0.0,14.0
4000.0,40.0,0.4836486822563778,0.0530847583365599,0.4836486822563778,0.0,14.0
4100.0,41.0,0.4856231679719769,0.0522793926401703,0.4856231679719769,0.0,14.0
4300.0,43.0,0.4890572443630568,0.0491348867960547,0.4890572443630568,0.0,14.0
4600.0,46.0,0.4860050981396774,0.0493985451608292,0.4860050981396774,0.0,14.0
4700.0,47.0,0.4859507698265871,0.0489300337883006,0.4859507698265871,0.0,14.0
4900.0,49.0,0.4858857568050969,0.0489054865371121,0.4858857568050969,0.0,14.0
5100.0,51.0,0.4852190802728086,0.0500901172294996,0.4852190802728086,0.0,14.0
5300.0,53.0,0.4855541731978338,0.05099239106231,0.4855541731978338,0.0,14.0
5400.0,54.0,0.4843219804750868,0.0507106233966237,0.4843219804750868,0.0,14.0
5600.0,56.0,0.4857257224435358,0.0506880227330575,0.4857257224435358,0.0,14.0
5700.0,57.0,0.4872668078769208,0.0487922294326712,0.4872668078769208,0.0,14.0
5800.0,58.0,0.4891407233171364,0.0470635423553521,0.4891407233171364,0.0,14.0
5900.0,59.0,0.4904667044802511,0.0468968386759265,0.4904667044802511,0.0,14.0
6000.0,60.0,0.4922301255367229,0.0461530964624108,0.4922301255367229,0.0,14.0
6100.0,61.0,0.4924486001788959,0.046558129420549,0.4924486001788959,0.0,14.0
6200.0,62.0,0.4933946645432147,0.0464312771724738,0.4933946645432147,0.0,14.0
6300.0,63.0,0.4943861613522422,0.0459526985940126,0.4943861613522422,0.0,14.0
6400.0,64.0,0.4938898891246374,0.0455708090537861,0.4938898891246374,0.0,14.0
6500.0,65.0,0.493596267366318,0.0453517421323154,0.493596267366318,0.0,14.0
6600.0,66.0,0.4945908899021008,0.0438372751521603,0.4945908899021008,0.0,14.0
6700.0,67.0,0.4951720694916133,0.0432095870409251,0.4951720694916133,0.0,14.0
6900.0,69.0,0.4946465535440034,0.043733019227653,0.4946465535440034,0.0,14.0
7100.0,71.0,0.4939178078797936,0.0436488518283507,0.4939178078797936,0.0,14.0
7400.0,74.0,0.4892713479849588,0.0460312627335115,0.4892713479849588,0.0,14.0
7600.0,76.0,0.4891339900193643,0.0471559760618192,0.4891339900193643,0.0,14.0
7700.0,77.0,0.4911277545529711,0.04486685136957,0.4911277545529711,0.0,14.0
7800.0,78.0,0.4926968649649993,0.0447811731413532,0.4926968649649993,0.0,14.0
7900.0,79.0,0.4945957187287726,0.0435876268129469,0.4945957187287726,0.0,14.0
8000.0,80.0,0.4951420059296705,0.0434234156441551,0.4951420059296705,0.0,14.0
8200.0,82.0,0.4973562657269371,0.0434696572994848,0.4973562657269371,0.0,14.0
8300.0,83.0,0.4988209401451756,0.0423848645268005,0.4988209401451756,0.0,14.0
8400.0,84.0,0.5009424271456969,0.0414256539190183,0.5009424271456969,0.0,14.0
8500.0,85.0,0.5014171182641394,0.0416490878753782,0.5014171182641394,0.0,14.0
8600.0,86.0,0.5015347339131182,0.0416368455900201,0.5015347339131182,0.0,14.0
8800.0,88.0,0.5011502930495407,0.0405449747318824,0.5011502930495407,0.0,14.0
8900.0,89.0,0.5006026086877589,0.0404937204143014,0.5006026086877589,0.0,14.0
9200.0,92.0,0.4999238170129147,0.040114333064014,0.4999238170129147,0.0,14.0
9300.0,93.0,0.5029352250521599,0.0378925458119366,0.5029352250521599,0.0,14.0
9400.0,94.0,0.5039784220640937,0.0384187994138008,0.5039784220640937,0.0,14.0
9500.0,95.0,0.5058810082747236,0.036992597012441,0.5058810082747236,0.0,14.0
9800.0,98.0,0.5040960196406932,0.0384901933977374,0.5040960196406932,0.0,14.0
10000.0,100.0,0.5032749111110034,0.038847355231561,0.5032749111110034,0.0,14.0
10100.0,101.0,0.5032080625155645,0.0376898033895043,0.5032080625155645,0.0,14.0
10300.0,103.0,0.5029867914775895,0.0378293229210033,0.5029867914775895,0.0,14.0
10400.0,104.0,0.5038141635102896,0.038173682741328,0.5038141635102896,0.0,14.0
10700.0,107.0,0.5012984822327419,0.0398744933116304,0.5012984822327419,0.0,14.0
10800.0,108.0,0.5047165766562216,0.0376861342720764,0.5047165766562216,0.0,14.0
10900.0,109.0,0.5039980583001947,0.0376168633925819,0.5039980583001947,0.0,14.0
11200.0,112.0,0.5024449687341401,0.0375346919598276,0.5024449687341401,0.0,14.0
11300.0,113.0,0.5042275546343351,0.0367887536527475,0.5042275546343351,0.0,14.0
11400.0,114.0,0.5056470804258455,0.0357947343558263,0.5056470804258455,0.0,14.0
11500.0,115.0,0.504956410100408,0.0355738665707986,0.504956410100408,0.0,14.0
11700.0,117.0,0.5039866392188573,0.0355242618438039,0.5039866392188573,0.0,14.0
11800.0,118.0,0.5070204650909009,0.0343523543823199,0.5070204650909009,0.0,14.0
12200.0,122.0,0.5035575405579039,0.0358891871319888,0.5035575405579039,0.0,14.0
12300.0,123.0,0.5025936999801067,0.0357645025505842,0.5025936999801067,0.0,14.0
12400.0,124.0,0.5037015211901711,0.0350546669867014,0.5037015211901711,0.0,14.0
12600.0,126.0,0.5041080756726618,0.03589243598594,0.5041080756726618,0.0,14.0
12800.0,128.0,0.5041794009625262,0.0369844275933627,0.5041794009625262,0.0,14.0
13000.0,130.0,0.5057849720116524,0.036465133933784,0.5057849720116524,0.0,14.0
13200.0,132.0,0.504705375754713,0.0371160157284798,0.504705375754713,0.0,14.0
13300.0,133.0,0.5051585145394596,0.0378337566341538,0.5051585145394596,0.0,14.0
13500.0,135.0,0.5031663171082074,0.0391490966989639,0.5031663171082074,0.0,14.0
13600.0,136.0,0.5050237616232619,0.0380336181406263,0.5050237616232619,0.0,14.0
14100.0,141.0,0.5003273772566357,0.0396686993383347,0.5003273772566357,0.0,14.0
14200.0,142.0,0.5022699261472244,0.0390336859255891,0.5022699261472244,0.0,14.0
14300.0,143.0,0.502409049008459,0.0394619505311388,0.502409049008459,0.0,14.0
14400.0,144.0,0.5023846229146535,0.0386375250569484,0.5023846229146535,0.0,14.0
14500.0,145.0,0.5047165943138525,0.0368148159220942,0.5047165943138525,0.0,14.0
14800.0,148.0,0.5016716460053305,0.0393596418205444,0.5016716460053305,0.0,14.0
14900.0,149.0,0.5022683834219943,0.0389700242051646,0.5022683834219943,0.0,14.0
15000.0,150.0,0.5025816986509125,0.0387766448484591,0.5025816986509125,0.0,14.0
15100.0,151.0,0.503003397040596,0.0387837335845395,0.503003397040596,0.0,14.0
15200.0,152.0,0.503763304883091,0.0377354132949143,0.503763304883091,0.0,14.0
15400.0,154.0,0.5034193240027879,0.037248035285733,0.5034193240027879,0.0,14.0
15500.0,155.0,0.5060755562708927,0.03614086547319,0.5060755562708927,0.0,14.0
15700.0,157.0,0.5058986147015682,0.0365033801847758,0.5058986147015682,0.0,14.0
15800.0,158.0,0.5075919415315474,0.0366986730370995,0.5075919415315474,0.0,14.0
16200.0,162.0,0.5052705807706369,0.0360091026752393,0.5052705807706369,0.0,14.0
16500.0,165.0,0.5017776502394172,0.0386314384812664,0.5017776502394172,0.0,14.0
16600.0,166.0,0.5028425255461381,0.0384642931298641,0.5028425255461381,0.0,14.0
16800.0,168.0,0.5053950012468394,0.0368903045707307,0.5053950012468394,0.0,14.0
17000.0,170.0,0.5036234644147798,0.0381688591565885,0.5036234644147798,0.0,14.0
17400.0,174.0,0.4982695625583717,0.0405141073901952,0.4982695625583717,0.0,14.0
17500.0,175.0,0.4994206474827025,0.0393246053759211,0.4994206474827025,0.0,14.0
17700.0,177.0,0.4948433615872974,0.0406267632426802,0.4948433615872974,0.0,14.0
17800.0,178.0,0.4965208900625478,0.0401930418028566,0.4965208900625478,0.0,14.0
17900.0,179.0,0.4966396535558953,0.0419235136739563,0.4966396535558953,0.0,14.0
18100.0,181.0,0.4980089612285172,0.0433062790743548,0.4980089612285172,0.0,14.0
18200.0,182.0,0.4998393134083455,0.0417801729185509,0.4998393134083455,0.0,14.0
18300.0,183.0,0.4992650720151498,0.0416192612076478,0.4992650720151498,0.0,14.0
18400.0,184.0,0.5008033821399865,0.0415413094468499,0.5008033821399865,0.0,14.0
18500.0,185.0,0.5033124784009347,0.0399823010905227,0.5033124784009347,0.0,14.0
18600.0,186.0,0.5059569634234748,0.0389360966112875,0.5059569634234748,0.0,14.0
19000.0,190.0,0.5015851459980187,0.0410521923260735,0.5015851459980187,0.0,14.0
19200.0,192.0,0.4991850854484095,0.0420508399830489,0.4991850854484095,0.0,14.0
19300.0,193.0,0.5001300721827333,0.0417940617950003,0.5001300721827333,0.0,14.0
19400.0,194.0,0.5007256378212668,0.04172079475999,0.5007256378212668,0.0,14.0
19500.0,195.0,0.5011804602946779,0.0414974206276219,0.5011804602946779,0.0,14.0
19900.0,199.0,0.5004463445218968,0.0436055449726166,0.5004463445218968,0.0,14.0
20100.0,201.0,0.499336928998849,0.0424119168560202,0.499336928998849,0.0,14.0
20200.0,202.0,0.5007912783573264,0.0415570381734514,0.5007912783573264,0.0,14.0
20300.0,203.0,0.5020588181062018,0.040745105524894,0.5020588181062018,0.0,14.0
20500.0,205.0,0.501435070508708,0.0387277177450231,0.501435070508708,0.0,14.0
20700.0,207.0,0.500211140260165,0.039705393570483,0.500211140260165,0.0,14.0
20800.0,208.0,0.502291305616779,0.0383429461945188,0.502291305616779,0.0,14.0
21000.0,210.0,0.503513077550527,0.0374430264690643,0.503513077550527,0.0,14.0
21300.0,213.0,0.50346850080888,0.0379171347471871,0.50346850080888,0.0,14.0
21500.0,215.0,0.5034154032346685,0.0387254531867936,0.5034154032346685,0.0,14.0
21700.0,217.0,0.5016026724659265,0.0394039646598708,0.5016026724659265,0.0,14.0
21800.0,218.0,0.5022763313902892,0.0395041633109441,0.5022763313902892,0.0,14.0
22100.0,221.0,0.5022419030540155,0.0388553212676729,0.5022419030540155,0.0,14.0
22200.0,222.0,0.5023238082235709,0.0385696168318896,0.5023238082235709,0.0,14.0
22300.0,223.0,0.5030748513485274,0.0382514601126044,0.5030748513485274,0.0,14.0
22400.0,224.0,0.5028508136997597,0.037546962660965,0.5028508136997597,0.0,14.0
22500.0,225.0,0.5029775017332916,0.0380852282147404,0.5029775017332916,0.0,14.0
22700.0,227.0,0.5024493477503087,0.0378802175738367,0.5024493477503087,0.0,14.0
23000.0,230.0,0.498623225402749,0.0416444720487677,0.498623225402749,0.0,14.0
23100.0,231.0,0.4992369604911066,0.0418845088217939,0.4992369604911066,0.0,14.0
23200.0,232.0,0.500456374118096,0.0413948996176504,0.500456374118096,0.0,14.0
23300.0,233.0,0.502784347486114,0.040553167586707,0.502784347486114,0.0,14.0
23400.0,234.0,0.5027363556524048,0.0400190422935277,0.5027363556524048,0.0,14.0
23500.0,235.0,0.5020264781857482,0.03970516980129,0.5020264781857482,0.0,14.0
23800.0,238.0,0.5037781572198082,0.0396992796546135,0.5037781572198082,0.0,14.0
24000.0,240.0,0.5036532998618327,0.0419829561474803,0.5036532998618327,0.0,14.0
24100.0,241.0,0.5041702750334995,0.0419426235628631,0.5041702750334995,0.0,14.0
24200.0,242.0,0.5071192770675705,0.0400722230919582,0.5071192770675705,0.0,14.0
24600.0,246.0,0.5042701735378605,0.0414479249687179,0.5042701735378605,0.0,14.0
25000.0,250.0,0.5004783289201727,0.0431586054809863,0.5004783289201727,0.0,14.0
25100.0,251.0,0.5001874330881952,0.0430303492531781,0.5001874330881952,0.0,14.0
25300.0,253.0,0.5004057033170191,0.0422240870207914,0.5004057033170191,0.0,14.0
25500.0,255.0,0.4985473054912283,0.0427564360274172,0.4985473054912283,0.0,14.0
25600.0,256.0,0.4991840440741545,0.0424571357263314,0.4991840440741545,0.0,14.0
25800.0,258.0,0.498631355830178,0.0431947345331554,0.498631355830178,0.0,14.0
25900.0,259.0,0.5018846438808128,0.0408981206408391,0.5018846438808128,0.0,14.0
26000.0,260.0,0.5013909922287693,0.0407482689222517,0.5013909922287693,0.0,14.0
26300.0,263.0,0.5004024649109762,0.0414089078321169,0.5004024649109762,0.0,14.0
26400.0,264.0,0.5006464058727087,0.041495785701713,0.5006464058727087,0.0,14.0
26600.0,266.0,0.5000636156029622,0.0417232240257237,0.5000636156029622,0.0,14.0
26700.0,267.0,0.499443565482893,0.0414533339468252,0.499443565482893,0.0,14.0
26900.0,269.0,0.4980052747658999,0.0421849223187067,0.4980052747658999,0.0,14.0
27000.0,270.0,0.5014432383574942,0.0394270563578433,0.5014432383574942,0.0,14.0
27200.0,272.0,0.5012657729472301,0.0403323658058684,0.5012657729472301,0.0,14.0
27400.0,274.0,0.5009167028210368,0.0396150930005513,0.5009167028210368,0.0,14.0
27500.0,275.0,0.5014616000843747,0.0394578970550402,0.5014616000843747,0.0,14.0
27600.0,276.0,0.5019706275849186,0.0394440953431162,0.5019706275849186,0.0,14.0
27900.0,279.0,0.4999231227167637,0.0394089491949438,0.4999231227167637,0.0,14.0
28200.0,282.0,0.501995839340608,0.0388265273953072,0.501995839340608,0.0,14.0
28300.0,283.0,0.5039225096998844,0.0384534969734225,0.5039225096998844,0.0,14.0
28500.0,285.0,0.5003230263947418,0.0398564010985972,0.5003230263947418,0.0,14.0
28600.0,286.0,0.5010624636907288,0.0399348221754314,0.5010624636907288,0.0,14.0
28800.0,288.0,0.5002148717415397,0.0413809481926991,0.5002148717415397,0.0,14.0
28900.0,289.0,0.5017848149405104,0.0397409221673908,0.5017848149405104,0.0,14.0
29100.0,291.0,0.5003492005263075,0.0409376265833326,0.5003492005263075,0.0,14.0
29300.0,293.0,0.4986194970697769,0.0426032660413531,0.4986194970697769,0.0,14.0
29400.0,294.0,0.4974348312679219,0.0424473217290288,0.4974348312679219,0.0,14.0
29600.0,296.0,0.49784737414197,0.0417938727531374,0.49784737414197,0.0,14.0
29700.0,297.0,0.5041507362778511,0.0384965435009779,0.5041507362778511,0.0,14.0
29800.0,298.0,0.5038014303703108,0.0383741391665878,0.5038014303703108,0.0,14.0
29900.0,299.0,0.5053261234599306,0.0378093861838696,0.5053261234599306,0.0,14.0
30000.0,300.0,0.5040276377310478,0.0377415333761535,0.5040276377310478,0.0,14.0
30400.0,304.0,0.5010801771021199,0.0387679342029877,0.5010801771021199,0.0,14.0
30600.0,306.0,0.5009380375837703,0.0404589384072744,0.5009380375837703,0.0,14.0
30700.0,307.0,0.5009326029792668,0.0404422446184134,0.5009326029792668,0.0,14.0
30800.0,308.0,0.5003169376289955,0.0396117693346784,0.5003169376289955,0.0,14.0
31000.0,310.0,0.5004629193148229,0.0388711991944111,0.5004629193148229,0.0,14.0
31200.0,312.0,0.4977174582885711,0.041670531605957,0.4977174582885711,0.0,14.0
31300.0,313.0,0.5002803570061815,0.0414943488675268,0.5002803570061815,0.0,14.0
31500.0,315.0,0.5005161565629929,0.041458853526434,0.5005161565629929,0.0,14.0
31700.0,317.0,0.5041789953523024,0.0370825974821778,0.5041789953523024,0.0,14.0
31900.0,319.0,0.4997433352309338,0.0396098110506093,0.4997433352309338,0.0,14.0
32000.0,320.0,0.5039062330314816,0.0377358990297308,0.5039062330314816,0.0,14.0
32100.0,321.0,0.5041251282756679,0.0377029753872299,0.5041251282756679,0.0,14.0
32400.0,324.0,0.5033429983279016,0.0385918585194493,0.5033429983279016,0.0,14.0
32500.0,325.0,0.5041154962348939,0.0384943892256881,0.5041154962348939,0.0,14.0
32600.0,326.0,0.5053139754411214,0.0377698931946906,0.5053139754411214,0.0,14.0
32700.0,327.0,0.5069704080004162,0.036414223387899,0.5069704080004162,0.0,14.0
32900.0,329.0,0.5039093881270142,0.0382875850330334,0.5039093881270142,0.0,14.0
33100.0,331.0,0.5026996516713429,0.038552710113886,0.5026996516713429,0.0,14.0
33300.0,333.0,0.5029235080815181,0.038526297329743,0.5029235080815181,0.0,14.0
33400.0,334.0,0.503455196325826,0.0381584792473373,0.503455196325826,0.0,14.0
33500.0,335.0,0.504154171195679,0.0386043637784155,0.504154171195679,0.0,14.0
33600.0,336.0,0.5039133246946915,0.0383965740762646,0.5039133246946915,0.0,14.0
33700.0,337.0,0.5045062339327483,0.0380786067880233,0.5045062339327483,0.0,14.0
33800.0,338.0,0.5054591740304242,0.0376715206095242,0.5054591740304242,0.0,14.0
33900.0,339.0,0.5043691319699654,0.0373958020766354,0.5043691319699654,0.0,14.0
34000.0,340.0,0.5040657120329103,0.0373619324319895,0.5040657120329103,0.0,14.0
34200.0,342.0,0.5018742471435362,0.039682027858925,0.5018742471435362,0.0,14.0
34300.0,343.0,0.5009179729318726,0.0393292231398483,0.5009179729318726,0.0,14.0
34400.0,344.0,0.5014570227059154,0.0381978117249235,0.5014570227059154,0.0,14.0
34600.0,346.0,0.504063569472038,0.0376265436238998,0.504063569472038,0.0,14.0
34700.0,347.0,0.5036501008871829,0.03759305020148,0.5036501008871829,0.0,14.0
34800.0,348.0,0.5036256749682356,0.0372655018321656,0.5036256749682356,0.0,14.0
34900.0,349.0,0.5046753278824623,0.0369843165440754,0.5046753278824623,0.0,14.0
35100.0,351.0,0.5045890649636254,0.0380874119346655,0.5045890649636254,0.0,14.0
35200.0,352.0,0.5040227937897023,0.0374759823564606,0.5040227937897023,0.0,14.0
35500.0,355.0,0.4990034959765558,0.0435012378714774,0.4990034959765558,0.0,14.0
35600.0,356.0,0.5036661129298025,0.0380560712767505,0.5036661129298025,0.0,14.0
35700.0,357.0,0.5044962127265212,0.0379782944829889,0.5044962127265212,0.0,14.0
36000.0,360.0,0.5021143318690565,0.0396823102541542,0.5021143318690565,0.0,14.0
36300.0,363.0,0.4991249614750099,0.0486027333027158,0.4991249614750099,0.0,14.0
36400.0,364.0,0.4978063614628844,0.0448949930712008,0.4978063614628844,0.0,14.0
36500.0,365.0,0.4991293292907576,0.0430172362162191,0.4991293292907576,0.0,14.0
36600.0,366.0,0.5012612851443695,0.0420275961529632,0.5012612851443695,0.0,14.0
36700.0,367.0,0.5031347866251978,0.039340404415135,0.5031347866251978,0.0,14.0
36800.0,368.0,0.5035568769008999,0.0393701358403763,0.5035568769008999,0.0,14.0
37100.0,371.0,0.5027274916954387,0.0398529942309256,0.5027274916954387,0.0,14.0
37200.0,372.0,0.503410880225729,0.0388046903916996,0.503410880225729,0.0,14.0
37300.0,373.0,0.5054486574764694,0.0371197248828181,0.5054486574764694,0.0,14.0
37400.0,374.0,0.5061562350384999,0.036558959150955,0.5061562350384999,0.0,14.0
37800.0,378.0,0.5035163001356376,0.038729306752517,0.5035163001356376,0.0,14.0
38000.0,380.0,0.5035446245549677,0.0380253586492223,0.5035446245549677,0.0,14.0
38100.0,381.0,0.5040066896975811,0.0375854023280211,0.5040066896975811,0.0,14.0
38300.0,383.0,0.5036664075339633,0.0386174173529748,0.5036664075339633,0.0,14.0
38500.0,385.0,0.5011779113578186,0.0413790660682107,0.5011779113578186,0.0,14.0
38700.0,387.0,0.4987942321524089,0.0419300257953627,0.4987942321524089,0.0,14.0
38900.0,389.0,0.4975913751611577,0.042725345660692,0.4975913751611577,0.0,14.0
39000.0,390.0,0.4996922385544455,0.0410864139044732,0.4996922385544455,0.0,14.0
39100.0,391.0,0.5009348024096707,0.0420343087724086,0.5009348024096707,0.0,14.0
39200.0,392.0,0.50114115772369,0.0414541905851185,0.50114115772369,0.0,14.0
39400.0,394.0,0.4968892962248221,0.0421517375314217,0.4968892962248221,0.0,14.0
39500.0,395.0,0.5008438349561073,0.0408386004176115,0.5008438349561073,0.0,14.0
39600.0,396.0,0.500851685947949,0.0419552246774937,0.500851685947949,0.0,14.0
39700.0,397.0,0.5019119553106256,0.0410316605440975,0.5019119553106256,0.0,14.0
39900.0,399.0,0.5013626209814444,0.0414432094784248,0.5013626209814444,0.0,14.0
40100.0,401.0,0.5003000282742882,0.0427136403519111,0.5003000282742882,0.0,14.0
40200.0,402.0,0.5029711560009279,0.0380092361308858,0.5029711560009279,0.0,14.0
40500.0,405.0,0.5034183486273819,0.0387112769478829,0.5034183486273819,0.0,14.0
40600.0,406.0,0.5034523077942117,0.0381157533792146,0.5034523077942117,0.0,14.0
40700.0,407.0,0.5051806490541543,0.036545503983208,0.5051806490541543,0.0,14.0
40800.0,408.0,0.5056941907122353,0.0365720166328673,0.5056941907122353,0.0,14.0
40900.0,409.0,0.5061274305193234,0.0364304447546011,0.5061274305193234,0.0,14.0
41100.0,411.0,0.5057323172756699,0.0375353360150904,0.5057323172756699,0.0,14.0
41200.0,412.0,0.5058593047295984,0.0386909515408984,0.5058593047295984,0.0,14.0
41400.0,414.0,0.5075217957679105,0.0368887319506627,0.5075217957679105,0.0,14.0
42000.0,420.0,0.5000041555422527,0.0409245609150855,0.5000041555422527,0.0,14.0
42100.0,421.0,0.501226326809992,0.0405483755874466,0.501226326809992,0.0,14.0
42200.0,422.0,0.5030498693385475,0.0397617634006225,0.5030498693385475,0.0,14.0
42500.0,425.0,0.5020949327857439,0.0400650986006215,0.5020949327857439,0.0,14.0
42900.0,429.0,0.4996556009230781,0.0420553771874535,0.4996556009230781,0.0,14.0
43000.0,430.0,0.5023129098449549,0.0399203847007938,0.5023129098449549,0.0,14.0
43100.0,431.0,0.5029353077423566,0.0399067573926653,0.5029353077423566,0.0,14.0
43200.0,432.0,0.5037000563009588,0.0391481101943093,0.5037000563009588,0.0,14.0
43400.0,434.0,0.5029879052126637,0.03964357616429,0.5029879052126637,0.0,14.0
43600.0,436.0,0.5007306308346104,0.0412336018448944,0.5007306308346104,0.0,14.0
43700.0,437.0,0.5025721826945144,0.039999460217795,0.5025721826945144,0.0,14.0
43900.0,439.0,0.5038327978542605,0.0384736395463994,0.5038327978542605,0.0,14.0
44000.0,440.0,0.5059312848935105,0.0373591349390608,0.5059312848935105,0.0,14.0
44200.0,442.0,0.5060948610443591,0.0372820032127863,0.5060948610443591,0.0,14.0
44300.0,443.0,0.5083364733814792,0.0355110929806653,0.5083364733814792,0.0,14.0
44400.0,444.0,0.5118426274720012,0.033832626293139,0.5118426274720012,0.0,14.0
44600.0,446.0,0.5104915805317606,0.0342901133855078,0.5104915805317606,0.0,14.0
44700.0,447.0,0.5113317564859599,0.0357613497715816,0.5113317564859599,0.0,14.0
45000.0,450.0,0.5063008525217938,0.03754262185065,0.5063008525217938,0.0,14.0
45200.0,452.0,0.508549638870734,0.035800456507521,0.508549638870734,0.0,14.0
45300.0,453.0,0.50969797413471,0.0354657159462219,0.50969797413471,0.0,14.0
45400.0,454.0,0.5103753481143606,0.0354016820960141,0.5103753481143606,0.0,14.0
45600.0,456.0,0.510339674222001,0.034615063368515,0.510339674222001,0.0,14.0
45900.0,459.0,0.5088995717596252,0.0356219156857497,0.5088995717596252,0.0,14.0
46100.0,461.0,0.5075384258791036,0.0355236619851364,0.5075384258791036,0.0,14.0
46200.0,462.0,0.5084142071594088,0.0342117601611791,0.5084142071594088,0.0,14.0
46400.0,464.0,0.5074401988818817,0.0347572315301775,0.5074401988818817,0.0,14.0
46500.0,465.0,0.5097173557680676,0.0340495198409544,0.5097173557680676,0.0,14.0
46600.0,466.0,0.5098376403502126,0.0347853310189139,0.5098376403502126,0.0,14.0
46800.0,468.0,0.5093594944267091,0.0366455211005524,0.5093594944267091,0.0,14.0
46900.0,469.0,0.5104219975300853,0.0356033204495069,0.5104219975300853,0.0,14.0
47300.0,473.0,0.5063515121868623,0.0358356601217546,0.5063515121868623,0.0,14.0
47500.0,475.0,0.5085018901787776,0.0346108284782993,0.5085018901787776,0.0,14.0
47600.0,476.0,0.5085602759480569,0.0354601728012944,0.5085602759480569,0.0,14.0
47800.0,478.0,0.5062682970395096,0.0381046512674326,0.5062682970395096,0.0,14.0
47900.0,479.0,0.5054949709955259,0.0371569132870144,0.5054949709955259,0.0,14.0
48000.0,480.0,0.5083598198018191,0.0358794251623137,0.5083598198018191,0.0,14.0
48200.0,482.0,0.5067299043501261,0.0360678783886012,0.5067299043501261,0.0,14.0
48300.0,483.0,0.5077915419525925,0.0353657977911089,0.5077915419525925,0.0,14.0
48400.0,484.0,0.5092711740073812,0.0341538806518077,0.5092711740073812,0.0,14.0
48500.0,485.0,0.5094236878646895,0.0340814722770641,0.5094236878646895,0.0,14.0
48600.0,486.0,0.5111021769888926,0.0337877623489644,0.5111021769888926,0.0,14.0
48700.0,487.0,0.5104427421173483,0.0335062816743763,0.5104427421173483,0.0,14.0
49100.0,491.0,0.5064547877668536,0.0369012138481151,0.5064547877668536,0.0,14.0
49200.0,492.0,0.5063241309780191,0.036896550278156,0.5063241309780191,0.0,14.0
49300.0,493.0,0.5060908667237721,0.036645182097241,0.5060908667237721,0.0,14.0
49400.0,494.0,0.5073672045181555,0.036099776896822,0.5073672045181555,0.0,14.0
49500.0,495.0,0.5088253678624298,0.0345191882284091,0.5088253678624298,0.0,14.0
49900.0,499.0,0.5050781554636071,0.0374501491885611,0.5050781554636071,0.0,14.0
50000.0,500.0,0.5047084288422724,0.037215187153232,0.5047084288422724,0.0,14.0
50100.0,501.0,0.5057971719209292,0.0367030799296421,0.5057971719209292,0.0,14.0
50400.0,504.0,0.5062831997236549,0.0355166256850305,0.5062831997236549,0.0,14.0
50600.0,506.0,0.5053722754225445,0.0354969969191117,0.5053722754225445,0.0,14.0
50800.0,508.0,0.5056684775019035,0.03532570281497,0.5056684775019035,0.0,14.0
51000.0,510.0,0.5068469110273967,0.0353557742285823,0.5068469110273967,0.0,14.0
51200.0,512.0,0.504462557997642,0.0373355801919434,0.504462557997642,0.0,14.0
51300.0,513.0,0.5060010759067834,0.0362238256499262,0.5060010759067834,0.0,14.0
51400.0,514.0,0.5072886680460307,0.0353317215302308,0.5072886680460307,0.0,14.0
51900.0,519.0,0.5010255954601281,0.0403643495372667,0.5010255954601281,0.0,14.0
52000.0,520.0,0.5014554263185065,0.0409665891966908,0.5014554263185065,0.0,14.0
52100.0,521.0,0.5015799270864608,0.0405066909225739,0.5015799270864608,0.0,14.0
52200.0,522.0,0.5052917534537842,0.0384871134637926,0.5052917534537842,0.0,14.0
52300.0,523.0,0.5062051476536347,0.0377130785324343,0.5062051476536347,0.0,14.0
52500.0,525.0,0.504639524382503,0.0391505041925228,0.504639524382503,0.0,14.0
52600.0,526.0,0.503921009702038,0.0390314658975518,0.503921009702038,0.0,14.0
52700.0,527.0,0.5042632088821554,0.0393126732951468,0.5042632088821554,0.0,14.0
52800.0,528.0,0.5054534354636527,0.0393035564775087,0.5054534354636527,0.0,14.0
52900.0,529.0,0.505461184726302,0.0390805444709098,0.505461184726302,0.0,14.0
53000.0,530.0,0.5055638779720992,0.0395011492783617,0.5055638779720992,0.0,14.0
53100.0,531.0,0.5072535256374847,0.0376881278173735,0.5072535256374847,0.0,14.0
53400.0,534.0,0.5055232993114811,0.0397513823894684,0.5055232993114811,0.0,14.0
53500.0,535.0,0.504623979196434,0.038615820521943,0.504623979196434,0.0,14.0
53600.0,536.0,0.5064621486515621,0.0371837306503216,0.5064621486515621,0.0,14.0
54000.0,540.0,0.5040570373312468,0.0400390063536756,0.5040570373312468,0.0,14.0
54100.0,541.0,0.5050282016380127,0.0392753079471453,0.5050282016380127,0.0,14.0
54300.0,543.0,0.5054798563287514,0.0390520718101682,0.5054798563287514,0.0,14.0
54500.0,545.0,0.5030408516594624,0.0402819085288893,0.5030408516594624,0.0,14.0
54600.0,546.0,0.5045444746721756,0.0395934096690532,0.5045444746721756,0.0,14.0
54700.0,547.0,0.5024623525666635,0.0393130870115837,0.5024623525666635,0.0,14.0
54900.0,549.0,0.5048315895573324,0.0384628610476727,0.5048315895573324,0.0,14.0
55000.0,550.0,0.5053502978228525,0.037791722116686,0.5053502978228525,0.0,14.0
55400.0,554.0,0.4976118642989574,0.0409032969493222,0.4976118642989574,0.0,14.0
55500.0,555.0,0.4997284917086427,0.0392554670242691,0.4997284917086427,0.0,14.0
55600.0,556.0,0.5001496338693728,0.0395494874463446,0.5001496338693728,0.0,14.0
55700.0,557.0,0.5023832628933145,0.038024340478377,0.5023832628933145,0.0,14.0
55900.0,559.0,0.5035029035219875,0.0384046428714722,0.5035029035219875,0.0,14.0
56000.0,560.0,0.5043290359984032,0.0381254342192794,0.5043290359984032,0.0,14.0
56400.0,564.0,0.4981848651783877,0.0409797943689636,0.4981848651783877,0.0,14.0
56500.0,565.0,0.4993274609300526,0.0405292967391114,0.4993274609300526,0.0,14.0
56700.0,567.0,0.5033988973739644,0.0371005846258738,0.5033988973739644,0.0,14.0
57000.0,570.0,0.5039082164508614,0.0374541782130906,0.5039082164508614,0.0,14.0
57100.0,571.0,0.5047065776181276,0.0371894888936536,0.5047065776181276,0.0,14.0
57200.0,572.0,0.5037301914758593,0.037005926886755,0.5037301914758593,0.0,14.0
57300.0,573.0,0.5042726658590673,0.0371865768842593,0.5042726658590673,0.0,14.0
57400.0,574.0,0.5056948162476118,0.0374527006292071,0.5056948162476118,0.0,14.0
57600.0,576.0,0.5049013019286573,0.0381597321273067,0.5049013019286573,0.0,14.0
57800.0,578.0,0.5053857853150714,0.039212126855281,0.5053857853150714,0.0,14.0
57900.0,579.0,0.5068336966217151,0.0403146436308521,0.5068336966217151,0.0,14.0
58000.0,580.0,0.5067781715780189,0.0401950101792172,0.5067781715780189,0.0,14.0
58100.0,581.0,0.5091240417290754,0.0380126360240372,0.5091240417290754,0.0,14.0
58200.0,582.0,0.5076398704531159,0.0379737351508789,0.5076398704531159,0.0,14.0
58400.0,584.0,0.5057907507320439,0.0378587183250191,0.5057907507320439,0.0,14.0
58600.0,586.0,0.5054121920880758,0.0392728873617366,0.5054121920880758,0.0,14.0
58800.0,588.0,0.5055390012865593,0.0392261251747324,0.5055390012865593,0.0,14.0
59100.0,591.0,0.504967244187022,0.0402312619763883,0.504967244187022,0.0,14.0
59300.0,593.0,0.50375135450791,0.0402117903485274,0.50375135450791,0.0,14.0
59400.0,594.0,0.5062090529495705,0.0392327518496819,0.5062090529495705,0.0,14.0
59600.0,596.0,0.5063776188354784,0.0397756904726942,0.5063776188354784,0.0,14.0
59700.0,597.0,0.5082955082033129,0.038609472087541,0.5082955082033129,0.0,14.0
59900.0,599.0,0.5051936937705422,0.0396377699875938,0.5051936937705422,0.0,14.0
60100.0,601.0,0.5068105498186594,0.037719262943898,0.5068105498186594,0.0,14.0
60500.0,605.0,0.500119250931005,0.0450136765356395,0.500119250931005,0.0,14.0
60600.0,606.0,0.5040873184980006,0.0405938208048062,0.5040873184980006,0.0,14.0
60800.0,608.0,0.5040510025331918,0.0398718915180946,0.5040510025331918,0.0,14.0
60900.0,609.0,0.5035281096009151,0.0393509477987609,0.5035281096009151,0.0,14.0
61000.0,610.0,0.5043279340458013,0.0378193154981518,0.5043279340458013,0.0,14.0
61100.0,611.0,0.5044750025905053,0.0376859938734971,0.5044750025905053,0.0,14.0
61300.0,613.0,0.5036326277371527,0.0390505308517282,0.5036326277371527,0.0,14.0
61500.0,615.0,0.5036206131278175,0.049569316854207,0.5036206131278175,0.0,14.0
61700.0,617.0,0.5012065087352012,0.050553879065365,0.5012065087352012,0.0,14.0
62000.0,620.0,0.4988757214888102,0.0466718854501007,0.4988757214888102,0.0,14.0
62100.0,621.0,0.5005639220100151,0.0443049996079719,0.5005639220100151,0.0,14.0
62200.0,622.0,0.5019831228357663,0.0433242382662884,0.5019831228357663,0.0,14.0
62500.0,625.0,0.4975533940981353,0.0454340975468784,0.4975533940981353,0.0,14.0
62600.0,626.0,0.4979758549752443,0.045185666419846,0.4979758549752443,0.0,14.0
62700.0,627.0,0.4996868209036387,0.0448512500096219,0.4996868209036387,0.0,14.0
62800.0,628.0,0.5000768201487721,0.0443197494150175,0.5000768201487721,0.0,14.0
62900.0,629.0,0.5025183633189338,0.0430532535833148,0.5025183633189338,0.0,14.0
63000.0,630.0,0.5008042902317157,0.0421035074623453,0.5008042902317157,0.0,14.0
63100.0,631.0,0.5010148660773545,0.0433241653933416,0.5010148660773545,0.0,14.0
63200.0,632.0,0.5039605523665301,0.0417726820803563,0.5039605523665301,0.0,14.0
63400.0,634.0,0.503349964026265,0.0433445432485977,0.503349964026265,0.0,14.0
63500.0,635.0,0.5026832570933821,0.0428422988908123,0.5026832570933821,0.0,14.0
63600.0,636.0,0.5032041872019434,0.0427142553686919,0.5032041872019434,0.0,14.0
63700.0,637.0,0.5017177092943901,0.0423885633799016,0.5017177092943901,0.0,14.0
64000.0,640.0,0.4991545770945162,0.0454743141985937,0.4991545770945162,0.0,14.0
64100.0,641.0,0.5009814348570337,0.0427049636860423,0.5009814348570337,0.0,14.0
64400.0,644.0,0.497969902191385,0.0429088334685236,0.497969902191385,0.0,14.0
64500.0,645.0,0.5024597474183277,0.0406415121334269,0.5024597474183277,0.0,14.0
64600.0,646.0,0.5032793607328302,0.040814850809193,0.5032793607328302,0.0,14.0
64700.0,647.0,0.5033775112665608,0.0401681339835853,0.5033775112665608,0.0,14.0
65000.0,650.0,0.5016631895270105,0.0407614149876873,0.5016631895270105,0.0,14.0
65200.0,652.0,0.4999315626884309,0.0426277613597183,0.4999315626884309,0.0,14.0
65300.0,653.0,0.5017216642415882,0.0414042952470237,0.5017216642415882,0.0,14.0
65500.0,655.0,0.5024441469492701,0.0390782148282069,0.5024441469492701,0.0,14.0
65600.0,656.0,0.5037268162821457,0.0382613630561606,0.5037268162821457,0.0,14.0
65800.0,658.0,0.5029982775405103,0.0394212940948237,0.5029982775405103,0.0,14.0
65900.0,659.0,0.5044528135806148,0.0383305000660696,0.5044528135806148,0.0,14.0
66100.0,661.0,0.5056735429469633,0.0372840612171213,0.5056735429469633,0.0,14.0
66200.0,662.0,0.5055938423327707,0.0369568856112687,0.5055938423327707,0.0,14.0
66400.0,664.0,0.503314777022969,0.039022456221063,0.503314777022969,0.0,14.0
66600.0,666.0,0.5011140852659643,0.040018875202826,0.5011140852659643,0.0,14.0
66800.0,668.0,0.4994655239036869,0.0405563662071946,0.4994655239036869,0.0,14.0
67000.0,670.0,0.5005237235411173,0.0400262189733286,0.5005237235411173,0.0,14.0
67100.0,671.0,0.5010613038740519,0.0398905528668604,0.5010613038740519,0.0,14.0
67300.0,673.0,0.49969915339067,0.0403963434372954,0.49969915339067,0.0,14.0
67500.0,675.0,0.5002482921476982,0.0394175174559232,0.5002482921476982,0.0,14.0
67600.0,676.0,0.5026779943906953,0.0384148769564006,0.5026779943906953,0.0,14.0
67700.0,677.0,0.5046445632246392,0.0376540913033334,0.5046445632246392,0.0,14.0
67800.0,678.0,0.5048718111460084,0.0380011721015851,0.5048718111460084,0.0,14.0
68100.0,681.0,0.5006057098049157,0.0422154586823274,0.5006057098049157,0.0,14.0
68300.0,683.0,0.4989448288057799,0.042699552874739,0.4989448288057799,0.0,14.0
68500.0,685.0,0.4983627158544664,0.0442606316909206,0.4983627158544664,0.0,14.0
68600.0,686.0,0.5007042739107503,0.0411626757581018,0.5007042739107503,0.0,14.0
68700.0,687.0,0.5029820943659411,0.0407015886651422,0.5029820943659411,0.0,14.0
68800.0,688.0,0.5041227935387509,0.0404634533497956,0.5041227935387509,0.0,14.0
69000.0,690.0,0.5007820056055574,0.0421574734565815,0.5007820056055574,0.0,14.0
69100.0,691.0,0.5008788759808003,0.0416143983973354,0.5008788759808003,0.0,14.0
69200.0,692.0,0.5023206518758451,0.0421218017995301,0.5023206518758451,0.0,14.0
69300.0,693.0,0.5007730321618219,0.0420756466964922,0.5007730321618219,0.0,14.0
69400.0,694.0,0.5021228957996035,0.0441098639838934,0.5021228957996035,0.0,14.0
69500.0,695.0,0.5018188375829887,0.04363691183218,0.5018188375829887,0.0,14.0
69600.0,696.0,0.5025662246126339,0.0427804227320332,0.5025662246126339,0.0,14.0
69700.0,697.0,0.5034126130468017,0.0419931276146636,0.5034126130468017,0.0,14.0
69900.0,699.0,0.4993859302740503,0.0446638103041018,0.4993859302740503,0.0,14.0
100.0,1.0,0.1739001201030771,0.2941916032365802,0.1739001201030771,0.0,15.0
200.0,2.0,0.1848970980817701,0.2836472218269337,0.1848970980817701,0.0,15.0
300.0,3.0,0.2179355404277996,0.2620523999838129,0.2179355404277996,0.0,15.0
400.0,4.0,0.275448725434556,0.2251609204531479,0.275448725434556,0.0,15.0
500.0,5.0,0.3036439854449821,0.195423479600382,0.3036439854449821,0.0,15.0
600.0,6.0,0.321164826652111,0.1702360864844913,0.321164826652111,0.0,15.0
700.0,7.0,0.3445715153269155,0.1582099298225316,0.3445715153269155,0.0,15.0
800.0,8.0,0.3732583384013453,0.1350426228661524,0.3732583384013453,0.0,15.0
900.0,9.0,0.3805206443385924,0.1293969851525583,0.3805206443385924,0.0,15.0
1000.0,10.0,0.3957617170919827,0.1172956117736712,0.3957617170919827,0.0,15.0
1100.0,11.0,0.4072549298869626,0.1120397317986049,0.4072549298869626,0.0,15.0
1200.0,12.0,0.4112340209530559,0.1097198316267653,0.4112340209530559,0.0,15.0
1300.0,13.0,0.4172536304955441,0.1059475706810883,0.4172536304955441,0.0,15.0
1400.0,14.0,0.421190167032682,0.0975763433919437,0.421190167032682,0.0,15.0
1500.0,15.0,0.4252555992067058,0.0957102509768796,0.4252555992067058,0.0,15.0
1600.0,16.0,0.4328204317088194,0.091080417376854,0.4328204317088194,0.0,15.0
1700.0,17.0,0.4396166210710884,0.0819019940594379,0.4396166210710884,0.0,15.0
1800.0,18.0,0.4420969169789364,0.0805146924132869,0.4420969169789364,0.0,15.0
1900.0,19.0,0.4442754082191469,0.0765259617475071,0.4442754082191469,0.0,15.0
2000.0,20.0,0.4484565646019423,0.0744207288585377,0.4484565646019423,0.0,15.0
2100.0,21.0,0.4516392677600561,0.0738098818805222,0.4516392677600561,0.0,15.0
2200.0,22.0,0.4578331113265799,0.0714722613945435,0.4578331113265799,0.0,15.0
2300.0,23.0,0.4610767300223257,0.0695422841453248,0.4610767300223257,0.0,15.0
2400.0,24.0,0.4592232081915324,0.0685801083928785,0.4592232081915324,0.0,15.0
2500.0,25.0,0.4598906209021149,0.0697585611544912,0.4598906209021149,0.0,15.0
2600.0,26.0,0.4618123218742737,0.0681962127633333,0.4618123218742737,0.0,15.0
2700.0,27.0,0.4635572016109798,0.0673344710011512,0.4635572016109798,0.0,15.0
2800.0,28.0,0.4645582556400592,0.0659038850213939,0.4645582556400592,0.0,15.0
2900.0,29.0,0.466888663938887,0.0625914500380031,0.466888663938887,0.0,15.0
3000.0,30.0,0.4685310500086184,0.0606199792402105,0.4685310500086184,0.0,15.0
3100.0,31.0,0.4684185127555401,0.0605923924841533,0.4684185127555401,0.0,15.0
3300.0,33.0,0.469259094749802,0.0605401208919975,0.469259094749802,0.0,15.0
3400.0,34.0,0.4738692908660106,0.0591668366550859,0.4738692908660106,0.0,15.0
3500.0,35.0,0.4743126947681647,0.0589751429134339,0.4743126947681647,0.0,15.0
3600.0,36.0,0.4758526371936857,0.0578809178825004,0.4758526371936857,0.0,15.0
3700.0,37.0,0.4786419282693639,0.0563321634588553,0.4786419282693639,0.0,15.0
3800.0,38.0,0.4797541884709383,0.0556932244368093,0.4797541884709383,0.0,15.0
3900.0,39.0,0.4798574642660808,0.054807572805422,0.4798574642660808,0.0,15.0
4000.0,40.0,0.4791377541809972,0.0530275757012787,0.4791377541809972,0.0,15.0
4100.0,41.0,0.4814265570319269,0.0524129402065917,0.4814265570319269,0.0,15.0
4200.0,42.0,0.4831045453457954,0.0503654939441684,0.4831045453457954,0.0,15.0
4500.0,45.0,0.4811006458826127,0.051182325462116,0.4811006458826127,0.0,15.0
4600.0,46.0,0.4841952605528283,0.049584010665719,0.4841952605528283,0.0,15.0
5100.0,51.0,0.4813601602311897,0.0518284523409153,0.4813601602311897,0.0,15.0
5200.0,52.0,0.4816353043479213,0.0522366855448017,0.4816353043479213,0.0,15.0
5400.0,54.0,0.484036946246124,0.0504634519603097,0.484036946246124,0.0,15.0
5600.0,56.0,0.4840463566700146,0.051233968828282,0.4840463566700146,0.0,15.0
5700.0,57.0,0.4830815300006199,0.0508352890265923,0.4830815300006199,0.0,15.0
5800.0,58.0,0.4835112929302753,0.0504142559605126,0.4835112929302753,0.0,15.0
5900.0,59.0,0.4848468425037796,0.0490871634635665,0.4848468425037796,0.0,15.0
6000.0,60.0,0.4856630725842717,0.0488278803257982,0.4856630725842717,0.0,15.0
6100.0,61.0,0.4870178439126005,0.0488984801150628,0.4870178439126005,0.0,15.0
6300.0,63.0,0.48706004447802,0.054093977638739,0.48706004447802,0.0,15.0
6400.0,64.0,0.4877172419502162,0.0539183040811662,0.4877172419502162,0.0,15.0
6500.0,65.0,0.4900657144076963,0.0488961257488572,0.4900657144076963,0.0,15.0
6700.0,67.0,0.4918429665618451,0.0470243879213208,0.4918429665618451,0.0,15.0
6900.0,69.0,0.4895356706662008,0.0486056892563128,0.4895356706662008,0.0,15.0
7100.0,71.0,0.4901220999877058,0.0479753951306454,0.4901220999877058,0.0,15.0
7200.0,72.0,0.4904951146286666,0.0481149924989389,0.4904951146286666,0.0,15.0
7400.0,74.0,0.4892435658839474,0.0478986947844429,0.4892435658839474,0.0,15.0
7500.0,75.0,0.4945195052855455,0.0465733381753677,0.4945195052855455,0.0,15.0
7700.0,77.0,0.495200839120977,0.0466010267507826,0.495200839120977,0.0,15.0
7800.0,78.0,0.4962283961185247,0.0458753709100469,0.4962283961185247,0.0,15.0
7900.0,79.0,0.4991433852054188,0.043948770667995,0.4991433852054188,0.0,15.0
8000.0,80.0,0.5015323246252801,0.045079652570203,0.5015323246252801,0.0,15.0
8200.0,82.0,0.5004520260676727,0.0410555057599913,0.5004520260676727,0.0,15.0
8400.0,84.0,0.4969176439975452,0.0430972832017586,0.4969176439975452,0.0,15.0
8600.0,86.0,0.4964305459755181,0.0423030627513867,0.4964305459755181,0.0,15.0
8700.0,87.0,0.4990246474521602,0.0414260253158527,0.4990246474521602,0.0,15.0
8800.0,88.0,0.5001208746046522,0.0411568792754379,0.5001208746046522,0.0,15.0
8900.0,89.0,0.5008946700051972,0.0402579496542069,0.5008946700051972,0.0,15.0
9000.0,90.0,0.5034263620394904,0.0393603580351262,0.5034263620394904,0.0,15.0
9100.0,91.0,0.5028545550069534,0.0386787820521741,0.5028545550069534,0.0,15.0
9500.0,95.0,0.4980171503676303,0.0418244916255639,0.4980171503676303,0.0,15.0
9600.0,96.0,0.4997481599519799,0.0406158891882949,0.4997481599519799,0.0,15.0
9900.0,99.0,0.4990098087078451,0.0427638650471547,0.4990098087078451,0.0,15.0
10100.0,101.0,0.4944596374535576,0.04526506344573,0.4944596374535576,0.0,15.0
10200.0,102.0,0.4991472685940177,0.0429873281331556,0.4991472685940177,0.0,15.0
10300.0,103.0,0.499959965700589,0.0423926309930896,0.499959965700589,0.0,15.0
10400.0,104.0,0.5008514242182505,0.0413288261906239,0.5008514242182505,0.0,15.0
10600.0,106.0,0.502647535609719,0.0403085108958063,0.502647535609719,0.0,15.0
10900.0,109.0,0.499777650079944,0.0423339798057639,0.499777650079944,0.0,15.0
11000.0,110.0,0.4996394208958973,0.041712835289856,0.4996394208958973,0.0,15.0
11200.0,112.0,0.5002721732190861,0.0418574272635982,0.5002721732190861,0.0,15.0
11300.0,113.0,0.5010585707371318,0.0412608592870811,0.5010585707371318,0.0,15.0
11500.0,115.0,0.4995282835384317,0.0420944191461805,0.4995282835384317,0.0,15.0
11600.0,116.0,0.4998553191355062,0.0421152075889482,0.4998553191355062,0.0,15.0
11700.0,117.0,0.5015122366329828,0.0410300032562673,0.5015122366329828,0.0,15.0
12100.0,121.0,0.5001790849812972,0.0412601962632012,0.5001790849812972,0.0,15.0
12200.0,122.0,0.5014718346299902,0.0405211443337017,0.5014718346299902,0.0,15.0
12300.0,123.0,0.5036170803813079,0.0393473835650238,0.5036170803813079,0.0,15.0
12500.0,125.0,0.5031090474451683,0.0392575855919978,0.5031090474451683,0.0,15.0
12700.0,127.0,0.501726292773713,0.0395538268534552,0.501726292773713,0.0,15.0
12800.0,128.0,0.5025214384786477,0.0388432324689559,0.5025214384786477,0.0,15.0
13000.0,130.0,0.505496369313713,0.0372622111078184,0.505496369313713,0.0,15.0
13100.0,131.0,0.5050401146918361,0.0367484527998838,0.5050401146918361,0.0,15.0
13300.0,133.0,0.5046638395889985,0.0382884975897882,0.5046638395889985,0.0,15.0
13500.0,135.0,0.5037570727437051,0.0385731533226617,0.5037570727437051,0.0,15.0
13700.0,137.0,0.500926613644948,0.0392732364130927,0.500926613644948,0.0,15.0
13800.0,138.0,0.5005153348935796,0.0392505890858494,0.5005153348935796,0.0,15.0
13900.0,139.0,0.4998421032882221,0.039081590329763,0.4998421032882221,0.0,15.0
14100.0,141.0,0.5010521821429841,0.0385332614568267,0.5010521821429841,0.0,15.0
14200.0,142.0,0.5019859293001565,0.0374489857143314,0.5019859293001565,0.0,15.0
14300.0,143.0,0.5020344736445647,0.0373311057089613,0.5020344736445647,0.0,15.0
14400.0,144.0,0.5031419170937822,0.036965374373364,0.5031419170937822,0.0,15.0
14600.0,146.0,0.5042163595928781,0.0376083932423329,0.5042163595928781,0.0,15.0
14800.0,148.0,0.5047943890734585,0.0369342075566266,0.5047943890734585,0.0,15.0
15100.0,151.0,0.5037525922880625,0.0378275627741414,0.5037525922880625,0.0,15.0
15400.0,154.0,0.5026604369193054,0.0389210067625103,0.5026604369193054,0.0,15.0
15500.0,155.0,0.5036988521818252,0.0389771597693757,0.5036988521818252,0.0,15.0
16000.0,160.0,0.4996411002518144,0.0429876471858171,0.4996411002518144,0.0,15.0
16100.0,161.0,0.498602458441666,0.0427716020227008,0.498602458441666,0.0,15.0
16200.0,162.0,0.4989318411495786,0.0428054963367074,0.4989318411495786,0.0,15.0
16300.0,163.0,0.4996295813978573,0.0444812997410036,0.4996295813978573,0.0,15.0
16600.0,166.0,0.4987492819856029,0.0447564356653717,0.4987492819856029,0.0,15.0
16700.0,167.0,0.4981916228049121,0.0444260536989491,0.4981916228049121,0.0,15.0
16800.0,168.0,0.501834327942499,0.0423618403731971,0.501834327942499,0.0,15.0
16900.0,169.0,0.5022176225280103,0.0420482777168503,0.5022176225280103,0.0,15.0
17000.0,170.0,0.503692600988572,0.0393812519036594,0.503692600988572,0.0,15.0
17200.0,172.0,0.5005947541332026,0.0400605242508404,0.5005947541332026,0.0,15.0
17400.0,174.0,0.4997661648222404,0.041840023552714,0.4997661648222404,0.0,15.0
17800.0,178.0,0.4977357449792005,0.0417763752671355,0.4977357449792005,0.0,15.0
18000.0,180.0,0.4986937280256616,0.0417508843463426,0.4986937280256616,0.0,15.0
18100.0,181.0,0.5045651977057439,0.038244465121126,0.5045651977057439,0.0,15.0
18300.0,183.0,0.5030795104949057,0.0392074609669185,0.5030795104949057,0.0,15.0
18400.0,184.0,0.5028304678049242,0.0386212825044371,0.5028304678049242,0.0,15.0
18800.0,188.0,0.4998064799479706,0.0398868009606262,0.4998064799479706,0.0,15.0
18900.0,189.0,0.5013559672176009,0.0393511087568234,0.5013559672176009,0.0,15.0
19100.0,191.0,0.5016015858393967,0.0401205205086838,0.5016015858393967,0.0,15.0
19200.0,192.0,0.502118777301394,0.0400468742879351,0.502118777301394,0.0,15.0
19500.0,195.0,0.5014009004959165,0.0426590828611504,0.5014009004959165,0.0,15.0
19700.0,197.0,0.5000969153569035,0.0426221528616405,0.5000969153569035,0.0,15.0
19800.0,198.0,0.501425569334354,0.0424504990268565,0.501425569334354,0.0,15.0
20000.0,200.0,0.5005147745261892,0.0430884143551405,0.5005147745261892,0.0,15.0
20100.0,201.0,0.5017502926080817,0.04296855047796,0.5017502926080817,0.0,15.0
20200.0,202.0,0.5017833917601671,0.0421756479078456,0.5017833917601671,0.0,15.0
20300.0,203.0,0.5036478938126839,0.0406618787159822,0.5036478938126839,0.0,15.0
20400.0,204.0,0.5049775861003652,0.0395623115261211,0.5049775861003652,0.0,15.0
20500.0,205.0,0.5046959746210693,0.0392642408737377,0.5046959746210693,0.0,15.0
20700.0,207.0,0.5036391531459453,0.0392903126228734,0.5036391531459453,0.0,15.0
20900.0,209.0,0.5043148172585485,0.0394097269078896,0.5043148172585485,0.0,15.0
21000.0,210.0,0.5051565688682581,0.0384193108051412,0.5051565688682581,0.0,15.0
21100.0,211.0,0.5055686502297944,0.0389974292887675,0.5055686502297944,0.0,15.0
21200.0,212.0,0.5068706245774479,0.0380769191648723,0.5068706245774479,0.0,15.0
21500.0,215.0,0.5068586091083501,0.037791670680108,0.5068586091083501,0.0,15.0
21600.0,216.0,0.5080034150206082,0.0375581468396785,0.5080034150206082,0.0,15.0
21700.0,217.0,0.5089310873978768,0.0375315526939487,0.5089310873978768,0.0,15.0
21800.0,218.0,0.5087348980407068,0.0374806452804085,0.5087348980407068,0.0,15.0
21900.0,219.0,0.5089751439664277,0.0372404228883617,0.5089751439664277,0.0,15.0
22300.0,223.0,0.5043474640181255,0.0389566380774589,0.5043474640181255,0.0,15.0
22400.0,224.0,0.5049706484013833,0.0388846319269075,0.5049706484013833,0.0,15.0
22500.0,225.0,0.5050793413645138,0.0394909276311175,0.5050793413645138,0.0,15.0
22700.0,227.0,0.5052903615851763,0.0411839490320123,0.5052903615851763,0.0,15.0
22900.0,229.0,0.5023422092323336,0.0415184612209084,0.5023422092323336,0.0,15.0
23000.0,230.0,0.5055667620814284,0.0397388231727726,0.5055667620814284,0.0,15.0
23200.0,232.0,0.5053784023545632,0.0398603783644143,0.5053784023545632,0.0,15.0
23400.0,234.0,0.5053469527922706,0.040018056849994,0.5053469527922706,0.0,15.0
23800.0,238.0,0.4953250044027125,0.045454301832012,0.4953250044027125,0.0,15.0
24000.0,240.0,0.4960147024444871,0.0448845101298102,0.4960147024444871,0.0,15.0
24100.0,241.0,0.4969884311807021,0.0437813746362817,0.4969884311807021,0.0,15.0
24200.0,242.0,0.4994460519677358,0.042527903090682,0.4994460519677358,0.0,15.0
24300.0,243.0,0.4997443295619976,0.0426443114124028,0.4997443295619976,0.0,15.0
24400.0,244.0,0.4989957052515765,0.0424342459315717,0.4989957052515765,0.0,15.0
24500.0,245.0,0.5029914599626348,0.0399103338092961,0.5029914599626348,0.0,15.0
24600.0,246.0,0.5032475591854859,0.0401563742397615,0.5032475591854859,0.0,15.0
24800.0,248.0,0.5022553205712955,0.0403210684602409,0.5022553205712955,0.0,15.0
25000.0,250.0,0.5018796625949512,0.0407076451117823,0.5018796625949512,0.0,15.0
25100.0,251.0,0.5030842115268347,0.0386580328259258,0.5030842115268347,0.0,15.0
25500.0,255.0,0.5000740420906484,0.0409802938330457,0.5000740420906484,0.0,15.0
25600.0,256.0,0.5007955952303894,0.0410285500103788,0.5007955952303894,0.0,15.0
25700.0,257.0,0.5006955347805363,0.0401206558496481,0.5006955347805363,0.0,15.0
25800.0,258.0,0.5034665762332522,0.0383805982239622,0.5034665762332522,0.0,15.0
25900.0,259.0,0.5065229562402612,0.0372240775681423,0.5065229562402612,0.0,15.0
26000.0,260.0,0.5072597046949943,0.0365649233390404,0.5072597046949943,0.0,15.0
26300.0,263.0,0.5052898791758319,0.0385172274916327,0.5052898791758319,0.0,15.0
26400.0,264.0,0.5040682289443075,0.0382891709486466,0.5040682289443075,0.0,15.0
26500.0,265.0,0.5063721513082823,0.038069768660069,0.5063721513082823,0.0,15.0
26600.0,266.0,0.5064658072919536,0.0383931299867024,0.5064658072919536,0.0,15.0
26800.0,268.0,0.506966101510087,0.0370205300907564,0.506966101510087,0.0,15.0
26900.0,269.0,0.5069973321877627,0.0367101075040569,0.5069973321877627,0.0,15.0
27300.0,273.0,0.5044604165608573,0.0392688921995856,0.5044604165608573,0.0,15.0
27600.0,276.0,0.5042461919124018,0.0404278891718453,0.5042461919124018,0.0,15.0
27800.0,278.0,0.5024844397769529,0.0400596899801873,0.5024844397769529,0.0,15.0
28000.0,280.0,0.5010748495008398,0.0415199736978292,0.5010748495008398,0.0,15.0
28200.0,282.0,0.499293762394066,0.0421797394536755,0.499293762394066,0.0,15.0
28400.0,284.0,0.4997204024057557,0.0425067695162685,0.4997204024057557,0.0,15.0
28500.0,285.0,0.502033811935671,0.0394208959811902,0.502033811935671,0.0,15.0
28600.0,286.0,0.5028004586641217,0.0380094309744253,0.5028004586641217,0.0,15.0
28900.0,289.0,0.5024137680195873,0.0399087464670478,0.5024137680195873,0.0,15.0
29000.0,290.0,0.5023852232796866,0.0390740909796955,0.5023852232796866,0.0,15.0
29200.0,292.0,0.4996971457139947,0.0408293604732275,0.4996971457139947,0.0,15.0
29300.0,293.0,0.5036456908742507,0.0380680085086421,0.5036456908742507,0.0,15.0
29400.0,294.0,0.5038670260544527,0.0385275654638033,0.5038670260544527,0.0,15.0
29500.0,295.0,0.5052194726159492,0.0379446195796187,0.5052194726159492,0.0,15.0
29600.0,296.0,0.5074038699445672,0.0377203801702897,0.5074038699445672,0.0,15.0
30100.0,301.0,0.5032713660770393,0.0416221017029674,0.5032713660770393,0.0,15.0
30200.0,302.0,0.5047878869855844,0.0414868499543204,0.5047878869855844,0.0,15.0
30400.0,304.0,0.505186403017955,0.0399735025376316,0.505186403017955,0.0,15.0
30500.0,305.0,0.5051530588529791,0.0397860265672167,0.5051530588529791,0.0,15.0
30700.0,307.0,0.5042274829307882,0.0416595333478247,0.5042274829307882,0.0,15.0
30800.0,308.0,0.5053386437235835,0.0410950000037222,0.5053386437235835,0.0,15.0
30900.0,309.0,0.5083535511520447,0.0492921032784415,0.5083535511520447,0.0,15.0
31100.0,311.0,0.5108654538881563,0.0477187331673993,0.5108654538881563,0.0,15.0
31300.0,313.0,0.5099602217846817,0.0479251854470378,0.5099602217846817,0.0,15.0
31400.0,314.0,0.5086273647467485,0.0382071221907059,0.5086273647467485,0.0,15.0
31600.0,316.0,0.5078567095115042,0.0379367823472256,0.5078567095115042,0.0,15.0
31800.0,318.0,0.5053028370688201,0.0383905370487691,0.5053028370688201,0.0,15.0
32000.0,320.0,0.5043923074132708,0.0393177830277328,0.5043923074132708,0.0,15.0
32100.0,321.0,0.5051573936002752,0.0398643302386841,0.5051573936002752,0.0,15.0
32200.0,322.0,0.506790771634724,0.038594941463068,0.506790771634724,0.0,15.0
32500.0,325.0,0.5051458413698691,0.0391520727177732,0.5051458413698691,0.0,15.0
32600.0,326.0,0.5069819897446104,0.0373687550239206,0.5069819897446104,0.0,15.0
32700.0,327.0,0.5082593924306495,0.035732640164942,0.5082593924306495,0.0,15.0
33100.0,331.0,0.5062718718323392,0.037038040160203,0.5062718718323392,0.0,15.0
33600.0,336.0,0.502629655206517,0.0431518937812221,0.502629655206517,0.0,15.0
33700.0,337.0,0.5031598381009301,0.0427729539122697,0.5031598381009301,0.0,15.0
33800.0,338.0,0.5043172249968801,0.0511985222354432,0.5043172249968801,0.0,15.0
34100.0,341.0,0.5051448143606416,0.0505999457732195,0.5051448143606416,0.0,15.0
34200.0,342.0,0.5067127831802979,0.0497651684893881,0.5067127831802979,0.0,15.0
34400.0,344.0,0.5025532688812641,0.0511725381378454,0.5025532688812641,0.0,15.0
34500.0,345.0,0.5045543671251509,0.0410990400853541,0.5045543671251509,0.0,15.0
34700.0,347.0,0.5037852965467737,0.0407691240672489,0.5037852965467737,0.0,15.0
35000.0,350.0,0.5033281441258263,0.0428283443541853,0.5033281441258263,0.0,15.0
35100.0,351.0,0.5030341506601782,0.0424081387925974,0.5030341506601782,0.0,15.0
35200.0,352.0,0.5047506687633423,0.042010939615101,0.5047506687633423,0.0,15.0
35300.0,353.0,0.5074984811961784,0.039882913191339,0.5074984811961784,0.0,15.0
35500.0,355.0,0.5070748620889445,0.0394794687795491,0.5070748620889445,0.0,15.0
35600.0,356.0,0.5072396387957263,0.0428734961443922,0.5072396387957263,0.0,15.0
35800.0,358.0,0.5061862841675265,0.0436442555449319,0.5061862841675265,0.0,15.0
35900.0,359.0,0.5039007976198948,0.0428876337644674,0.5039007976198948,0.0,15.0
36000.0,360.0,0.5076353639020482,0.0376976554743446,0.5076353639020482,0.0,15.0
36100.0,361.0,0.5088378495954822,0.0372884652089913,0.5088378495954822,0.0,15.0
36300.0,363.0,0.5077465084598578,0.0374033759303323,0.5077465084598578,0.0,15.0
36400.0,364.0,0.5070387538170713,0.0372562694701627,0.5070387538170713,0.0,15.0
36500.0,365.0,0.5088323271544258,0.036382242574238,0.5088323271544258,0.0,15.0
36600.0,366.0,0.5106525328825801,0.0369243877118024,0.5106525328825801,0.0,15.0
36800.0,368.0,0.5103046334853848,0.0366330691689288,0.5103046334853848,0.0,15.0
37000.0,370.0,0.5084481659153322,0.0369112006108258,0.5084481659153322,0.0,15.0
37100.0,371.0,0.5093513395982893,0.0365595447913235,0.5093513395982893,0.0,15.0
37200.0,372.0,0.5094463940714948,0.0364647067001965,0.5094463940714948,0.0,15.0
37500.0,375.0,0.504809187768469,0.038764939964378,0.504809187768469,0.0,15.0
37600.0,376.0,0.5056716082433499,0.0391584499190911,0.5056716082433499,0.0,15.0
37700.0,377.0,0.5049434901735407,0.0390934261893931,0.5049434901735407,0.0,15.0
37800.0,378.0,0.5060174212062679,0.039427514349947,0.5060174212062679,0.0,15.0
37900.0,379.0,0.5076309003660662,0.0356564453124533,0.5076309003660662,0.0,15.0
38000.0,380.0,0.5084773816745033,0.0362229606370476,0.5084773816745033,0.0,15.0
38100.0,381.0,0.5085346331238175,0.035554297535257,0.5085346331238175,0.0,15.0
38300.0,383.0,0.5074875408147603,0.0354486404239225,0.5074875408147603,0.0,15.0
38400.0,384.0,0.5080289650227189,0.0351344174551659,0.5080289650227189,0.0,15.0
38700.0,387.0,0.5090623740525363,0.0354863144471186,0.5090623740525363,0.0,15.0
38900.0,389.0,0.5084533901986666,0.0356212738294796,0.5084533901986666,0.0,15.0
39100.0,391.0,0.5077762896626131,0.0373791565940682,0.5077762896626131,0.0,15.0
39500.0,395.0,0.5055640486052124,0.0392337743671311,0.5055640486052124,0.0,15.0
39600.0,396.0,0.5058355558092953,0.0393586171228182,0.5058355558092953,0.0,15.0
39700.0,397.0,0.5064021540643536,0.0386101545227742,0.5064021540643536,0.0,15.0
39800.0,398.0,0.5074992979219259,0.0378195213539701,0.5074992979219259,0.0,15.0
40000.0,400.0,0.5078077254566309,0.0376376402202166,0.5078077254566309,0.0,15.0
40200.0,402.0,0.5075709904929132,0.0369450786225621,0.5075709904929132,0.0,15.0
40400.0,404.0,0.5081664109309059,0.0364677980656439,0.5081664109309059,0.0,15.0
40700.0,407.0,0.5050750240200098,0.0376486094504908,0.5050750240200098,0.0,15.0
40800.0,408.0,0.5062344188857371,0.0366415753177353,0.5062344188857371,0.0,15.0
41000.0,410.0,0.5059676963218281,0.0364140212093785,0.5059676963218281,0.0,15.0
41400.0,414.0,0.5013685776431301,0.0395894005523375,0.5013685776431301,0.0,15.0
41600.0,416.0,0.5040621048711399,0.0383811129036746,0.5040621048711399,0.0,15.0
41700.0,417.0,0.5048988967401066,0.0384904848954582,0.5048988967401066,0.0,15.0
42000.0,420.0,0.5043753424135646,0.0372624187163519,0.5043753424135646,0.0,15.0
42200.0,422.0,0.5051835529629715,0.0383548036392306,0.5051835529629715,0.0,15.0
42700.0,427.0,0.503215734459857,0.0404401979950564,0.503215734459857,0.0,15.0
42800.0,428.0,0.5042044348188404,0.0393022100558071,0.5042044348188404,0.0,15.0
42900.0,429.0,0.5039926257631488,0.0384807346311927,0.5039926257631488,0.0,15.0
43000.0,430.0,0.5073944437443947,0.0372785926169323,0.5073944437443947,0.0,15.0
43100.0,431.0,0.5084105279035227,0.0375216276752265,0.5084105279035227,0.0,15.0
43300.0,433.0,0.506460122575086,0.0379397725643409,0.506460122575086,0.0,15.0
43500.0,435.0,0.5060417558164424,0.0363980661081344,0.5060417558164424,0.0,15.0
43800.0,438.0,0.5022597494592995,0.0393214189083988,0.5022597494592995,0.0,15.0
44100.0,441.0,0.4999350298473593,0.0404436792540718,0.4999350298473593,0.0,15.0
44200.0,442.0,0.500605455253523,0.0403974996730333,0.500605455253523,0.0,15.0
44400.0,444.0,0.5019686502161252,0.0388658518562542,0.5019686502161252,0.0,15.0
44500.0,445.0,0.5008497876091446,0.0386341352037457,0.5008497876091446,0.0,15.0
44600.0,446.0,0.5015800703739918,0.0388439268245573,0.5015800703739918,0.0,15.0
45000.0,450.0,0.4989905288868386,0.040180866878466,0.4989905288868386,0.0,15.0
45100.0,451.0,0.5017448154739902,0.0386998144294218,0.5017448154739902,0.0,15.0
45200.0,452.0,0.5030263453849905,0.0380309428067439,0.5030263453849905,0.0,15.0
45300.0,453.0,0.5044627427109297,0.0375064780602278,0.5044627427109297,0.0,15.0
45500.0,455.0,0.5035106492052327,0.0376262702929247,0.5035106492052327,0.0,15.0
45600.0,456.0,0.5054948498323683,0.036148237823864,0.5054948498323683,0.0,15.0
45800.0,458.0,0.5040468068886558,0.0363450286363834,0.5040468068886558,0.0,15.0
45900.0,459.0,0.5044140716677735,0.0373047145933692,0.5044140716677735,0.0,15.0
46100.0,461.0,0.5041261565228158,0.0383968631560187,0.5041261565228158,0.0,15.0
46300.0,463.0,0.5031766919245851,0.0386340330687324,0.5031766919245851,0.0,15.0
46500.0,465.0,0.5028703408403901,0.0399725544224969,0.5028703408403901,0.0,15.0
46600.0,466.0,0.5057969471085091,0.0375116554502946,0.5057969471085091,0.0,15.0
46700.0,467.0,0.5065425733319662,0.0365190276858288,0.5065425733319662,0.0,15.0
47000.0,470.0,0.5045400805565448,0.0369105903355024,0.5045400805565448,0.0,15.0
47100.0,471.0,0.5050738641399661,0.0371131487550538,0.5050738641399661,0.0,15.0
47200.0,472.0,0.5047061786353333,0.0366513126438698,0.5047061786353333,0.0,15.0
47400.0,474.0,0.5048192027031292,0.038709079900476,0.5048192027031292,0.0,15.0
47500.0,475.0,0.5043793628250074,0.0368927527642648,0.5043793628250074,0.0,15.0
47600.0,476.0,0.5040657406530572,0.0368379943360666,0.5040657406530572,0.0,15.0
47800.0,478.0,0.5049814468568636,0.0380618257028218,0.5049814468568636,0.0,15.0
48000.0,480.0,0.5041540395084332,0.0385817727848435,0.5041540395084332,0.0,15.0
48300.0,483.0,0.5038454764060447,0.0403507525677709,0.5038454764060447,0.0,15.0
48400.0,484.0,0.50508803234528,0.0398889955448367,0.50508803234528,0.0,15.0
48600.0,486.0,0.5063845802654138,0.0394192637920976,0.5063845802654138,0.0,15.0
48800.0,488.0,0.5069437068520174,0.0397124186335623,0.5069437068520174,0.0,15.0
48900.0,489.0,0.5070093017157641,0.0394082719709356,0.5070093017157641,0.0,15.0
49200.0,492.0,0.5056361258685904,0.0412629162182083,0.5056361258685904,0.0,15.0
49300.0,493.0,0.5060824247406132,0.0410509037306009,0.5060824247406132,0.0,15.0
49500.0,495.0,0.506993795386315,0.041236918585923,0.506993795386315,0.0,15.0
49600.0,496.0,0.5079318791558889,0.0393363852047535,0.5079318791558889,0.0,15.0
49700.0,497.0,0.5067013862893502,0.0391729189258577,0.5067013862893502,0.0,15.0
49800.0,498.0,0.5064854108487064,0.0383978479918411,0.5064854108487064,0.0,15.0
49900.0,499.0,0.5073594778485899,0.0371945652414053,0.5073594778485899,0.0,15.0
50100.0,501.0,0.5061214087073905,0.0391500904519904,0.5061214087073905,0.0,15.0
50400.0,504.0,0.5053138125347574,0.0388232404339413,0.5053138125347574,0.0,15.0
50600.0,506.0,0.5043933712238067,0.0384223693543539,0.5043933712238067,0.0,15.0
50700.0,507.0,0.5072281002076374,0.0370753997665467,0.5072281002076374,0.0,15.0
50900.0,509.0,0.5054903788985524,0.0375129076415844,0.5054903788985524,0.0,15.0
51100.0,511.0,0.503164767786115,0.0376727669445507,0.503164767786115,0.0,15.0
51400.0,514.0,0.5017687430121497,0.0396157315982686,0.5017687430121497,0.0,15.0
51600.0,516.0,0.5004505785935115,0.0404907830213903,0.5004505785935115,0.0,15.0
51700.0,517.0,0.5013814120451087,0.0400654777065375,0.5013814120451087,0.0,15.0
51800.0,518.0,0.5034146133150211,0.0385312967305908,0.5034146133150211,0.0,15.0
52000.0,520.0,0.5043449397578985,0.0387453169161296,0.5043449397578985,0.0,15.0
52200.0,522.0,0.5036582750527794,0.0392470637671912,0.5036582750527794,0.0,15.0
52500.0,525.0,0.5023625571862365,0.0401173934123373,0.5023625571862365,0.0,15.0
52700.0,527.0,0.5019462988849979,0.0397421473530914,0.5019462988849979,0.0,15.0
52900.0,529.0,0.5015366922261032,0.0400087172387403,0.5015366922261032,0.0,15.0
53000.0,530.0,0.5027969764566038,0.0385528932073176,0.5027969764566038,0.0,15.0
53200.0,532.0,0.5022201451479782,0.0395419422479493,0.5022201451479782,0.0,15.0
53300.0,533.0,0.5003571057960625,0.0390354504473878,0.5003571057960625,0.0,15.0
53600.0,536.0,0.4998142057594868,0.038255306936489,0.4998142057594868,0.0,15.0
53800.0,538.0,0.5014624598654892,0.0379065553914613,0.5014624598654892,0.0,15.0
53900.0,539.0,0.5022319060423394,0.0383633081505407,0.5022319060423394,0.0,15.0
54000.0,540.0,0.5023008831655775,0.0385027268452231,0.5023008831655775,0.0,15.0
54100.0,541.0,0.5036345618498903,0.0379032099142276,0.5036345618498903,0.0,15.0
54300.0,543.0,0.5030056408069817,0.0380490644626979,0.5030056408069817,0.0,15.0
54400.0,544.0,0.5033863675846656,0.0376572877538329,0.5033863675846656,0.0,15.0
54500.0,545.0,0.5038243766997152,0.0375474633754702,0.5038243766997152,0.0,15.0
54600.0,546.0,0.5044561197402121,0.0373885896614594,0.5044561197402121,0.0,15.0
54700.0,547.0,0.5047039985258392,0.0372408813164295,0.5047039985258392,0.0,15.0
55100.0,551.0,0.5002184306532953,0.0391690485531211,0.5002184306532953,0.0,15.0
55200.0,552.0,0.5034807736225675,0.035904028285456,0.5034807736225675,0.0,15.0
55300.0,553.0,0.5044463733930199,0.0361956452350267,0.5044463733930199,0.0,15.0
55600.0,556.0,0.5016881908691542,0.0395896848676464,0.5016881908691542,0.0,15.0
55700.0,557.0,0.5045464697436925,0.0385045304880541,0.5045464697436925,0.0,15.0
55900.0,559.0,0.503464143586404,0.0386205389005646,0.503464143586404,0.0,15.0
56000.0,560.0,0.502670036869766,0.03838472653884,0.502670036869766,0.0,15.0
56200.0,562.0,0.5021319816354944,0.0379579330415266,0.5021319816354944,0.0,15.0
56300.0,563.0,0.5026433569958612,0.0374941825412103,0.5026433569958612,0.0,15.0
56400.0,564.0,0.5040597987592371,0.0370848226408941,0.5040597987592371,0.0,15.0
56500.0,565.0,0.5051584619320634,0.0368790085974371,0.5051584619320634,0.0,15.0
56600.0,566.0,0.5054297398573251,0.0368925417915102,0.5054297398573251,0.0,15.0
56700.0,567.0,0.5036502870525605,0.0368632376722698,0.5036502870525605,0.0,15.0
56800.0,568.0,0.5047560818948371,0.0361983648601865,0.5047560818948371,0.0,15.0
56900.0,569.0,0.5066472581869184,0.0354643409982021,0.5066472581869184,0.0,15.0
57100.0,571.0,0.5074621092564136,0.0349289334210993,0.5074621092564136,0.0,15.0
57600.0,576.0,0.5074084198840857,0.0365601537931566,0.5074084198840857,0.0,15.0
57700.0,577.0,0.5092441476241922,0.0361797045564924,0.5092441476241922,0.0,15.0
58000.0,580.0,0.5093127292902854,0.0381753262919474,0.5093127292902854,0.0,15.0
58100.0,581.0,0.5090009832962239,0.0381575136793764,0.5090009832962239,0.0,15.0
58300.0,583.0,0.5085092353213116,0.038075555391698,0.5085092353213116,0.0,15.0
58400.0,584.0,0.5080148788529194,0.0379458766343678,0.5080148788529194,0.0,15.0
58500.0,585.0,0.5094595007421664,0.0372581215531372,0.5094595007421664,0.0,15.0
58600.0,586.0,0.5111593509892798,0.0357397185625057,0.5111593509892798,0.0,15.0
58700.0,587.0,0.5110582515546324,0.0351735692250308,0.5110582515546324,0.0,15.0
58900.0,589.0,0.5096442352632522,0.0360533932930263,0.5096442352632522,0.0,15.0
59000.0,590.0,0.5105008344860795,0.0347038545496601,0.5105008344860795,0.0,15.0
59100.0,591.0,0.5117425898514301,0.0346889954755368,0.5117425898514301,0.0,15.0
59200.0,592.0,0.5120301204672187,0.0346114183906731,0.5120301204672187,0.0,15.0
59300.0,593.0,0.513202646724445,0.0341214771634782,0.513202646724445,0.0,15.0
59500.0,595.0,0.5122931847362457,0.0348009625374124,0.5122931847362457,0.0,15.0
59700.0,597.0,0.5101282833222083,0.0362033515381405,0.5101282833222083,0.0,15.0
59900.0,599.0,0.5070645682245867,0.0377778434316492,0.5070645682245867,0.0,15.0
60000.0,600.0,0.5082839837123421,0.0368469469592718,0.5082839837123421,0.0,15.0
60200.0,602.0,0.506350516270869,0.0398662879525189,0.506350516270869,0.0,15.0
60500.0,605.0,0.5074833138078269,0.0388494544760181,0.5074833138078269,0.0,15.0
60600.0,606.0,0.5094218732687904,0.0376090888944216,0.5094218732687904,0.0,15.0
60900.0,609.0,0.5082772254546148,0.0387719577760882,0.5082772254546148,0.0,15.0
61000.0,610.0,0.5095206314232635,0.0384440486380349,0.5095206314232635,0.0,15.0
61300.0,613.0,0.507245199369547,0.0370688981691361,0.507245199369547,0.0,15.0
61400.0,614.0,0.5085823096748361,0.037107277867948,0.5085823096748361,0.0,15.0
61500.0,615.0,0.508263681331206,0.0371035573479435,0.508263681331206,0.0,15.0
61700.0,617.0,0.5053962511320043,0.0381825100710476,0.5053962511320043,0.0,15.0
61800.0,618.0,0.5067232152029985,0.0380912772613636,0.5067232152029985,0.0,15.0
61900.0,619.0,0.5084692734965253,0.0376085355526593,0.5084692734965253,0.0,15.0
62300.0,623.0,0.5027737664459515,0.0429926121051897,0.5027737664459515,0.0,15.0
62400.0,624.0,0.5035097058940998,0.042665954581025,0.5035097058940998,0.0,15.0
62500.0,625.0,0.5040840858972234,0.0424192688076175,0.5040840858972234,0.0,15.0
62600.0,626.0,0.505575356173079,0.0410358264635733,0.505575356173079,0.0,15.0
62700.0,627.0,0.5080419848415395,0.0398910967613084,0.5080419848415395,0.0,15.0
62800.0,628.0,0.5092891884195365,0.0388451714015642,0.5092891884195365,0.0,15.0
63100.0,631.0,0.5057510471944293,0.0397232160712884,0.5057510471944293,0.0,15.0
63400.0,634.0,0.5053816841035923,0.0382641597877611,0.5053816841035923,0.0,15.0
63600.0,636.0,0.5052933503659405,0.0387768386370672,0.5052933503659405,0.0,15.0
63700.0,637.0,0.505300136837812,0.039293035067133,0.505300136837812,0.0,15.0
63800.0,638.0,0.5062017605451127,0.039094107177573,0.5062017605451127,0.0,15.0
63900.0,639.0,0.5079356673252513,0.0377510663650759,0.5079356673252513,0.0,15.0
64200.0,642.0,0.5053315432910043,0.0383938189431804,0.5053315432910043,0.0,15.0
64400.0,644.0,0.5056379927473971,0.0382307737719988,0.5056379927473971,0.0,15.0
64800.0,648.0,0.5023618913279675,0.0401491683701556,0.5023618913279675,0.0,15.0
64900.0,649.0,0.503392728794544,0.0398995521810923,0.503392728794544,0.0,15.0
65000.0,650.0,0.5038436632014109,0.0396867019210656,0.5038436632014109,0.0,15.0
65200.0,652.0,0.5042348536484458,0.0401007766343683,0.5042348536484458,0.0,15.0
65300.0,653.0,0.5068541958286776,0.0382529315454442,0.5068541958286776,0.0,15.0
65400.0,654.0,0.5079723939227019,0.0377515853274438,0.5079723939227019,0.0,15.0
65600.0,656.0,0.5038285782022409,0.0401139817189275,0.5038285782022409,0.0,15.0
65700.0,657.0,0.5054478938394137,0.0396595309730741,0.5054478938394137,0.0,15.0
65800.0,658.0,0.5058761684598477,0.0408325566798538,0.5058761684598477,0.0,15.0
66000.0,660.0,0.5040260361398035,0.0418339533565984,0.5040260361398035,0.0,15.0
66100.0,661.0,0.5039741748254079,0.0393994137978427,0.5039741748254079,0.0,15.0
66200.0,662.0,0.5041435992624371,0.039009456465278,0.5041435992624371,0.0,15.0
66300.0,663.0,0.5049753863384397,0.037495412109413,0.5049753863384397,0.0,15.0
66400.0,664.0,0.5047814690232647,0.037252571705009,0.5047814690232647,0.0,15.0
66800.0,668.0,0.50266992807973,0.0402221533696822,0.50266992807973,0.0,15.0
66900.0,669.0,0.5030157691877307,0.0381694212266788,0.5030157691877307,0.0,15.0
67000.0,670.0,0.5050652763887535,0.0363431932871962,0.5050652763887535,0.0,15.0
67400.0,674.0,0.5007876939158652,0.0396212333696021,0.5007876939158652,0.0,15.0
67600.0,676.0,0.5007359233451075,0.0388269634776275,0.5007359233451075,0.0,15.0
67700.0,677.0,0.5014976171671999,0.0395489678695675,0.5014976171671999,0.0,15.0
67800.0,678.0,0.5021206770681743,0.0379730140006454,0.5021206770681743,0.0,15.0
68000.0,680.0,0.4997643155114395,0.0391506159757084,0.4997643155114395,0.0,15.0
68100.0,681.0,0.5023359937282048,0.0389016962186421,0.5023359937282048,0.0,15.0
68200.0,682.0,0.502622064265048,0.036755937066182,0.502622064265048,0.0,15.0
68400.0,684.0,0.5007998186028508,0.0396060131727689,0.5007998186028508,0.0,15.0
68500.0,685.0,0.500420291405997,0.0386314431938457,0.500420291405997,0.0,15.0
68600.0,686.0,0.5014299883532761,0.0389519759379156,0.5014299883532761,0.0,15.0
69000.0,690.0,0.4985604306733072,0.0415010366583804,0.4985604306733072,0.0,15.0
69100.0,691.0,0.4978219587929909,0.0414875955716645,0.4978219587929909,0.0,15.0
69200.0,692.0,0.5001542699550813,0.0396520302476972,0.5001542699550813,0.0,15.0
69300.0,693.0,0.5015242364845468,0.0399655546572363,0.5015242364845468,0.0,15.0
69400.0,694.0,0.5027464643040904,0.0391946514190589,0.5027464643040904,0.0,15.0
69600.0,696.0,0.5029281466344262,0.0388403889258779,0.5029281466344262,0.0,15.0
69700.0,697.0,0.5046998849240611,0.0384875576294026,0.5046998849240611,0.0,15.0
69800.0,698.0,0.5055355842988611,0.0385401284467122,0.5055355842988611,0.0,15.0
69900.0,699.0,0.5059030758166148,0.0388865413216108,0.5059030758166148,0.0,15.0
70000.0,700.0,0.5079486682016469,0.0376385214396263,0.5079486682016469,0.0,15.0
